Initializing the distributed action 'mapper'... (takes a while with big action spaces)
Eval at step 500, survival=0.876%, return=[-1.1636956176565338, 7.389344573020935, -5.994047351802389, -2.904761904761905]
SPS=127
Eval at step 1000, survival=0.546%, return=[-1.100401012847821, 3.4866627752780914, -5.74780633362631, -2.126984126984127]
SPS=190
Eval at step 1500, survival=1.769%, return=[-1.3224542538324993, 17.082478324572246, -8.25526442922031, -5.492063492063493]
SPS=176
Eval at step 2000, survival=0.694%, return=[-1.1245940369553864, 4.958724290132523, -5.0, -2.333333333333333]
SPS=170
Eval at step 2500, survival=4.134%, return=[-1.6647454371365409, 42.37167180577914, -8.339842728649577, -14.809523809523801]
SPS=161
Eval at step 3000, survival=4.167%, return=[-1.6649465391722817, 43.68307802081108, -7.7506368442846, -13.206349206349193]
SPS=160
Eval at step 3500, survival=0.397%, return=[-1.0787758883088827, 2.197609841823578, -6.511874213028932, -1.4285714285714286]
SPS=173
Eval at step 4000, survival=0.397%, return=[-1.0787758883088827, 2.197609841823578, -6.511874213028932, -1.4285714285714286]
SPS=183
Eval at step 4500, survival=0.397%, return=[-1.0787758883088827, 2.197609841823578, -6.511874213028932, -1.4285714285714286]
SPS=183
Eval at step 5000, survival=1.091%, return=[-1.2238458204083145, 9.318258851766586, -7.135960535524646, -2.142857142857143]
SPS=183
Eval at step 5500, survival=4.464%, return=[-1.8502198155038059, 44.369197726249695, -8.179789291170891, -6.666666666666663]
SPS=180
Eval at step 6000, survival=5.142%, return=[-2.0591169573987522, 50.34128211438656, -18.97699341076077, -4.682539682539684]
SPS=176
Eval at step 6500, survival=4.960%, return=[-2.019876312619696, 48.92538337906202, -15.204422273818636, -4.380952380952381]
SPS=174
Eval at step 7000, survival=18.469%, return=[-3.089347649288053, 200.86739433805147, -701.6086460528217, -80.428571428572]
SPS=167
Eval at step 7500, survival=4.332%, return=[-1.855871732191493, 45.600084344546, -8.137409963092068, -9.301587301587295]
SPS=164
Eval at step 8000, survival=24.157%, return=[-4.348688339077246, 326.4942844112714, -22.905718510907416, -74.06349206349215]
SPS=158
Eval at step 8500, survival=5.605%, return=[-2.2682740744979433, 53.01515108346939, -24.677183121433092, -5.444444444444444]
SPS=155
Eval at step 9000, survival=31.283%, return=[-3.848851919096584, 350.18234699964523, -1355.903604940686, -162.15873015872884]
SPS=150
Eval at step 9500, survival=43.849%, return=[-4.7737029306396535, 498.0160114020109, -1983.745456057174, -241.5238095238075]
SPS=146
Eval at step 10000, survival=0.496%, return=[-1.1213936293497682, 3.263767659664154, -5.125649515539408, -1.7142857142857142]
SPS=150
Eval at step 10500, survival=0.248%, return=[-1.070141083560884, 1.312684178352356, -5.572649762034416, -1.7619047619047619]
SPS=151
Eval at step 11000, survival=5.010%, return=[-2.058339711278677, 50.1274736225605, -6.768098728498444, -7.476190476190474]
SPS=150
Eval at step 11500, survival=5.010%, return=[-2.0596809275448322, 50.05197295546532, -6.768098728498444, -7.380952380952377]
SPS=150
Eval at step 12000, survival=4.845%, return=[-2.0143371652811766, 48.501020669937134, -7.222049185850968, -6.492063492063486]
SPS=150
Eval at step 12500, survival=5.010%, return=[-2.084990667179227, 48.87423488497734, -7.946086822776124, -5.3809523809523805]
SPS=149
Eval at step 13000, survival=5.010%, return=[-2.0866258395835757, 48.78862223029137, -7.946086822776124, -5.285714285714286]
SPS=148
Eval at step 13500, survival=5.010%, return=[-2.007754435762763, 53.69042959809303, -7.938626348040998, -8.333333333333323]
SPS=148
Eval at step 14000, survival=5.010%, return=[-2.007754435762763, 53.69042959809303, -7.938626348040998, -8.333333333333323]
SPS=148
Eval at step 14500, survival=0.248%, return=[-1.070141083560884, 1.312684178352356, -5.572649762034416, -1.7619047619047619]
SPS=148
Eval at step 15000, survival=0.248%, return=[-1.070141083560884, 1.312684178352356, -5.572649762034416, -1.7619047619047619]
SPS=148
Eval at step 15500, survival=0.248%, return=[-1.0625924970954657, 0.9946908354759216, -5.27103029191494, -1.3809523809523807]
SPS=148
Eval at step 16000, survival=0.248%, return=[-1.0625924970954657, 0.9946908354759216, -5.27103029191494, -1.3809523809523807]
SPS=148
Eval at step 16500, survival=0.149%, return=[-1.035970376804471, 0.16875547170639038, -5.320466347038746, -1.2857142857142856]
SPS=149
Eval at step 17000, survival=0.149%, return=[-1.035970376804471, 0.16875547170639038, -5.320466347038746, -1.2857142857142856]
SPS=151
Eval at step 17500, survival=0.198%, return=[-1.049962836317718, 0.5566070675849915, -5.295665357261896, -1.2857142857142856]
SPS=153
Eval at step 18000, survival=0.198%, return=[-1.0527869882062078, 0.6101600527763367, -5.421500774100423, -1.3333333333333333]
SPS=154
Eval at step 18500, survival=0.298%, return=[-1.0787636702880263, 1.4472399652004242, -5.38462714292109, -1.5714285714285714]
SPS=155
Eval at step 19000, survival=0.397%, return=[-1.102248627692461, 2.3263080716133118, -5.311575951054692, -1.8095238095238093]
SPS=155
Eval at step 19500, survival=0.595%, return=[-1.1456558583304286, 4.188843339681625, -5.204220321029425, -2.2857142857142856]
SPS=155
Eval at step 20000, survival=0.744%, return=[-1.1760302428156137, 5.648349851369858, -5.16898587346077, -2.6666666666666665]
SPS=154
Eval at step 20500, survival=0.645%, return=[-1.1565407095476985, 4.653213232755661, -5.204219436272979, -2.428571428571429]
SPS=154
Eval at step 21000, survival=0.149%, return=[-1.035970376804471, 0.16875547170639038, -5.320466347038746, -1.2857142857142856]
SPS=153
Eval at step 21500, survival=0.149%, return=[-1.035970376804471, 0.16875547170639038, -5.320466347038746, -1.2857142857142856]
SPS=153
Eval at step 22000, survival=0.149%, return=[-1.035970376804471, 0.16875547170639038, -5.320466347038746, -1.2857142857142856]
SPS=153
Eval at step 22500, survival=0.149%, return=[-1.035970376804471, 0.16875547170639038, -5.320466347038746, -1.2857142857142856]
SPS=154
Eval at step 23000, survival=0.149%, return=[-1.035970376804471, 0.16875547170639038, -5.320466347038746, -1.2857142857142856]
SPS=154
Eval at step 23500, survival=0.149%, return=[-1.035970376804471, 0.16875547170639038, -5.320466347038746, -1.2857142857142856]
SPS=154
Eval at step 24000, survival=0.149%, return=[-1.035970376804471, 0.16875547170639038, -5.320466347038746, -1.2857142857142856]
SPS=154
Eval at step 24500, survival=0.149%, return=[-1.035970376804471, 0.16875547170639038, -5.320466347038746, -1.2857142857142856]
SPS=153
Eval at step 25000, survival=0.149%, return=[-1.035970376804471, 0.16875547170639038, -5.320466347038746, -1.2857142857142856]
SPS=153
Eval at step 25500, survival=0.149%, return=[-1.035970376804471, 0.16875547170639038, -5.320466347038746, -1.2857142857142856]
SPS=154
Eval at step 26000, survival=0.347%, return=[-1.0989324450492859, 1.5775302350521088, -5.704845674335957, -1.4761904761904763]
SPS=156
Eval at step 26500, survival=11.227%, return=[-3.7152643690351397, 107.38684781392415, -27.538606126399827, -43.26984126984134]
SPS=157
Eval at step 27000, survival=1.240%, return=[-1.3285818761214614, 9.904008120298386, -6.121057516720612, -2.809523809523809]
SPS=157
Eval at step 27500, survival=62.467%, return=[-6.7014317632371485, 821.7285508364439, -29.87589948180054, -242.92063492063718]
SPS=151
Eval at step 28000, survival=100.000%, return=[-13.22544029611648, 1219.963128661116, -261.4530216836526, -423.1269841269789]
SPS=144
Eval at step 28500, survival=100.000%, return=[-13.437808947133211, 1218.9239434798558, -303.1441407216092, -477.55555555555657]
SPS=139
Eval at step 29000, survival=33.631%, return=[-5.536791981522886, 404.6624538898468, -132.4376012136539, -149.95238095237912]
SPS=138
Eval at step 29500, survival=0.446%, return=[-1.128214629366994, 2.3451001942157745, -5.887127052992582, -1.5714285714285714]
SPS=140
Eval at step 30000, survival=0.149%, return=[-1.035970376804471, 0.16875547170639038, -5.320466347038746, -1.2857142857142856]
SPS=141
Eval at step 30500, survival=0.149%, return=[-1.035970376804471, 0.16875547170639038, -5.320466347038746, -1.2857142857142856]
SPS=142
Eval at step 31000, survival=0.149%, return=[-1.035970376804471, 0.16875547170639038, -5.320466347038746, -1.2857142857142856]
SPS=142
Eval at step 31500, survival=0.149%, return=[-1.035970376804471, 0.16875547170639038, -5.320466347038746, -1.2857142857142856]
SPS=142
Eval at step 32000, survival=1.141%, return=[-1.3032447891309857, 11.392253130674362, -6.193412655848078, -3.571428571428571]
SPS=142
Eval at step 32500, survival=0.149%, return=[-1.035970376804471, 0.16875547170639038, -5.320466347038746, -1.2857142857142856]
SPS=142
Eval at step 33000, survival=0.546%, return=[-1.1599314119666815, 5.044613063335419, -6.0892668180167675, -2.428571428571429]
SPS=142
Eval at step 33500, survival=48.214%, return=[-4.615855608077254, 670.4731185932955, -11.223619277152466, -187.26984126984428]
SPS=139
Eval at step 34000, survival=42.278%, return=[-7.686643130650434, 496.6222278177738, -18.921250997373136, -131.61904761904762]
SPS=138
Eval at step 34500, survival=0.198%, return=[-1.0581162441521883, 0.8450869917869568, -5.624213516712189, -1.5714285714285714]
SPS=138
Eval at step 35000, survival=0.198%, return=[-1.0581162441521883, 0.8450869917869568, -5.624213516712189, -1.5714285714285714]
SPS=138
Eval at step 35500, survival=35.962%, return=[-4.454284154470467, 495.8596041401227, -38.51015241506199, -89.88888888888965]
SPS=137
Eval at step 36000, survival=0.149%, return=[-1.0121762491762638, 0.11400049924850464, -5.0, -1.3333333333333333]
SPS=137
Eval at step 36500, survival=0.248%, return=[-1.0236958796158433, 1.2514118552207947, -5.0, -1.6666666666666667]
SPS=138
Eval at step 37000, survival=0.446%, return=[-1.044461665675044, 3.612177789211273, -5.0, -2.3333333333333335]
SPS=139
Eval at step 37500, survival=4.167%, return=[-1.2153566659835633, 59.933430194854736, -5.0, -9.619047619047606]
SPS=140
Eval at step 38000, survival=16.088%, return=[-2.020531248456488, 246.35796297589937, -5.473870150744915, -123.79365079365043]
SPS=139
Eval at step 38500, survival=4.117%, return=[-1.3701725733699277, 56.49844554066658, -12.430925965309143, -16.04761904761903]
SPS=139
Eval at step 39000, survival=16.088%, return=[-2.020531248456488, 246.35796297589937, -5.473870150744915, -123.79365079365043]
SPS=139
Eval at step 39500, survival=16.055%, return=[-2.0198759419921166, 245.8223027487596, -5.473870150744915, -123.53968253968218]
SPS=138
Eval at step 40000, survival=16.022%, return=[-2.019220635527745, 245.2866425216198, -5.473870150744915, -123.28571428571392]
SPS=138
Eval at step 40500, survival=16.022%, return=[-2.019220635527745, 245.2866425216198, -5.473870150744915, -123.28571428571392]
SPS=138
Eval at step 41000, survival=34.193%, return=[-3.791326644064005, 494.3037422100703, -9.792189057916403, -99.33333333333296]
SPS=136
Eval at step 41500, survival=90.443%, return=[-10.006040720521318, 1116.2028431793053, -3.0685099866241217, -244.28571428572067]
SPS=133
Eval at step 42000, survival=70.403%, return=[-9.987891113385558, 803.4060858041048, -9.444713111345967, -204.39682539683017]
SPS=132
Eval at step 42500, survival=23.148%, return=[-2.6712827787462934, 314.4808305253585, -9.668395190189282, -50.20634920634925]
SPS=132
Eval at step 43000, survival=4.762%, return=[-1.2884448953166914, 66.3881710767746, -5.0, -10.85714285714284]
SPS=132
Eval at step 43500, survival=4.464%, return=[-1.2665288378775585, 63.61974608898163, -5.0, -16.857142857142833]
SPS=132
Eval at step 44000, survival=4.464%, return=[-1.2537691379839089, 63.01078861951828, -5.0, -9.904761904761891]
SPS=132
Eval at step 44500, survival=4.812%, return=[-1.29490458368673, 66.96580958366394, -5.0, -10.428571428571413]
SPS=132
Eval at step 45000, survival=5.026%, return=[-1.3226228290489719, 69.33673866589864, -5.0, -10.698412698412682]
SPS=132
Eval at step 45500, survival=5.159%, return=[-1.3415966292086523, 70.6985780398051, -5.0, -10.952380952380935]
SPS=132
Eval at step 46000, survival=35.913%, return=[-3.863162162616694, 474.5911588668823, -5.0, -72.66666666666684]
SPS=131
Eval at step 46500, survival=89.071%, return=[-9.940487058057139, 1099.860716710488, -1.6666666666666667, -202.666666666673]
SPS=128
Eval at step 47000, survival=70.238%, return=[-9.99561400138191, 799.5953460335732, -5.0, -181.8095238095273]
SPS=128
Eval at step 47500, survival=70.966%, return=[-10.046073520284457, 809.7720672488213, -5.077089706125359, -183.38095238095596]
SPS=126
Eval at step 48000, survival=10.317%, return=[-2.011084884540954, 125.8512772321701, -5.0, -34.04761904761895]
SPS=126
Eval at step 48500, survival=10.169%, return=[-1.9969924703473225, 124.02434554696083, -5.0, -33.90476190476181]
SPS=126
Eval at step 49000, survival=4.762%, return=[-1.3168127009024222, 65.0291544397672, -5.62812241492793, -11.476190476190466]
SPS=126
Eval at step 49500, survival=9.871%, return=[-1.9788618365419097, 120.19677922129631, -5.0, -29.761904761904677]
SPS=126
Eval at step 50000, survival=35.813%, return=[-3.791841805582711, 494.3229044129451, -25.13128696475178, -218.33333333333246]
SPS=125
Eval at step 50500, survival=21.743%, return=[-2.6669702660292387, 291.55592143535614, -5.070458413101733, -110.52380952380936]
SPS=125
Eval at step 51000, survival=16.766%, return=[-2.464870750942888, 213.59124366442362, -5.070458413101733, -72.38095238095245]
SPS=125
Eval at step 51500, survival=17.708%, return=[-2.5682762770253853, 224.38833143313727, -5.177822350524366, -78.87301587301592]
SPS=125
Eval at step 52000, survival=100.000%, return=[-9.887906895562386, 1262.1264039675395, 0.0, -401.63492063492754]
SPS=123
Eval at step 52500, survival=82.937%, return=[-10.36643694380958, 981.6228506366411, -3.3333333333333335, -255.87301587302065]
SPS=122
Eval at step 53000, survival=100.000%, return=[-9.81596579394924, 1264.8142220874627, -3.240749455677966, -343.68253968254453]
SPS=120
Eval at step 53500, survival=38.790%, return=[-4.7629955742741, 488.9091147482395, -7.955584651790559, -90.85714285714351]
SPS=119
Eval at step 54000, survival=71.677%, return=[-8.449000945887141, 886.319813956817, -9.25131430500187, -285.79365079365544]
SPS=118
Eval at step 54500, survival=78.290%, return=[-7.697307589279565, 1050.1686429679394, -19.90219309052918, -328.31746031747053]
SPS=117
Eval at step 55000, survival=71.561%, return=[-7.835875874647172, 893.7352110644182, -8.41625629545888, -334.587301587308]
SPS=117
Eval at step 55500, survival=62.186%, return=[-7.233024941931944, 776.1564281582832, -6.576497048566428, -281.73015873016345]
SPS=116
Eval at step 56000, survival=32.292%, return=[-3.165793707846509, 453.9000434577465, -5.080533624859527, -101.04761904761915]
SPS=115
Eval at step 56500, survival=44.296%, return=[-5.035864151024725, 624.9447413980961, -21.722345405141823, -206.90476190476429]
SPS=115
Eval at step 57000, survival=0.595%, return=[-1.0654633855447173, 5.241671681404114, -5.1989340875297785, -2.1904761904761902]
SPS=115
Eval at step 57500, survival=0.595%, return=[-1.0654633855447173, 5.241671681404114, -5.1989340875297785, -2.1904761904761902]
SPS=116
Eval at step 58000, survival=100.000%, return=[-10.208654342064014, 1270.476272324721, 0.0, -265.5238095238173]
SPS=114
Eval at step 58500, survival=70.933%, return=[-7.309459922650906, 909.8859252035618, -3.847773578406001, -208.41269841270514]
SPS=114
Eval at step 59000, survival=100.000%, return=[-7.1121241322349915, 1395.1220363328855, -10.918882819387363, -539.6190476190499]
SPS=113
Eval at step 59500, survival=0.694%, return=[-1.07952347304672, 6.266740292310715, -6.071520711993799, -2.428571428571429]
SPS=113
Eval at step 60000, survival=0.694%, return=[-1.07952347304672, 6.266740292310715, -6.071520711993799, -2.428571428571429]
SPS=113
Eval at step 60500, survival=0.645%, return=[-1.0753056737594306, 5.638474553823471, -6.071520711993799, -2.3333333333333335]
SPS=113
Eval at step 61000, survival=0.595%, return=[-1.0708827683702111, 5.019428461790085, -6.071520711993799, -2.238095238095238]
SPS=114
Eval at step 61500, survival=0.595%, return=[-1.0708827683702111, 5.019428461790085, -6.071520711993799, -2.238095238095238]
SPS=114
Eval at step 62000, survival=0.595%, return=[-1.0659720071125776, 5.455902725458145, -5.3579541482031345, -2.142857142857143]
SPS=114
Eval at step 62500, survival=0.595%, return=[-1.0659720071125776, 5.455902725458145, -5.3579541482031345, -2.142857142857143]
SPS=114
Eval at step 63000, survival=44.841%, return=[-5.256654320236218, 608.1491240436832, -26.450626178811945, -231.65079365079535]
SPS=114
Eval at step 63500, survival=0.595%, return=[-1.0659720071125776, 5.455902725458145, -5.3579541482031345, -2.142857142857143]
SPS=114
Eval at step 64000, survival=54.299%, return=[-6.251656886568526, 750.7748409112295, -11.159107865823898, -281.9523809523837]
SPS=114
Eval at step 64500, survival=12.798%, return=[-2.363496157360108, 162.30486929416656, -7.5144188045912115, -58.412698412698376]
SPS=114
Eval at step 65000, survival=51.554%, return=[-5.805693879801159, 654.8264658749104, -10.526019741713148, -235.30158730159016]
SPS=114
Eval at step 65500, survival=12.798%, return=[-1.8857973114936613, 165.79947647452354, -5.0, -62.809523809523824]
SPS=114
Eval at step 66000, survival=0.595%, return=[-1.0875471223844215, 4.93331304192543, -5.0, -2.7619047619047614]
SPS=114
Eval at step 66500, survival=12.798%, return=[-2.258457193034701, 152.913857370615, -5.0, -44.23809523809518]
SPS=114
Eval at step 67000, survival=6.944%, return=[-1.8397706455434673, 87.34233662486076, -15.366955600475194, -24.761904761904713]
SPS=114
Eval at step 67500, survival=65.476%, return=[-9.177037744976891, 801.2247162759304, -95.39137482725589, -250.39682539682903]
SPS=114
Eval at step 68000, survival=0.694%, return=[-1.0746127117890865, 6.703214555978775, -5.3579541482031345, -2.3333333333333335]
SPS=114
Eval at step 68500, survival=12.798%, return=[-2.273197606089525, 163.03519225120544, -8.833511585835367, -60.47619047619049]
SPS=114
Eval at step 69000, survival=1.042%, return=[-1.108748388942331, 10.666246145963669, -6.071520711993799, -3.0952380952380962]
SPS=114
Eval at step 69500, survival=1.091%, return=[-1.1127145504578948, 11.303141802549362, -6.071520711993799, -3.1904761904761916]
SPS=115
Eval at step 70000, survival=12.946%, return=[-1.9297295938013121, 165.67541632056236, -6.645913611864671, -60.904761904761926]
SPS=115
Eval at step 70500, survival=5.655%, return=[-1.563344851252623, 71.73253161460161, -12.139778736745939, -19.714285714285687]
SPS=115
Eval at step 71000, survival=5.605%, return=[-1.5924788565413717, 68.66869793335597, -10.694225225694632, -20.873015873015838]
SPS=115
Eval at step 71500, survival=40.146%, return=[-3.3007466573326383, 613.0514846245447, -8.545481655746698, -314.5079365079426]
SPS=115
Eval at step 72000, survival=45.453%, return=[-5.481767482192178, 590.1754960169395, -26.94272026186809, -119.23809523809662]
SPS=115
Eval at step 72500, survival=100.000%, return=[-5.916949643113185, 1589.5964019695919, -1.2509695847984403, -858.8412698412882]
SPS=114
Eval at step 73000, survival=100.000%, return=[-5.547344574675662, 1595.2074793775876, -26.34348443088432, -888.6349206349396]
SPS=113
Eval at step 73500, survival=47.586%, return=[-3.380426619599651, 747.0939193895707, -43.297576516245805, -423.34920634921247]
SPS=112
Eval at step 74000, survival=5.308%, return=[-1.4253314272500575, 71.66843274235725, -7.384327535983175, -20.190476190476158]
SPS=112
Eval at step 74500, survival=6.895%, return=[-1.8377855425933376, 82.13046934455633, -19.67537538799661, -32.80952380952374]
SPS=113
Eval at step 75000, survival=6.895%, return=[-1.7730764339503367, 87.71099676936865, -8.37296902853268, -20.047619047619023]
SPS=113
Eval at step 75500, survival=24.206%, return=[-3.144057513884036, 336.544770270586, -6.456904626793403, -63.952380952381226]
SPS=113
Eval at step 76000, survival=5.407%, return=[-1.6402413775213063, 66.84900137782097, -5.875422214157879, -17.714285714285708]
SPS=113
Eval at step 76500, survival=5.407%, return=[-1.5667796367779374, 67.33312675356865, -6.103569974657148, -19.47619047619046]
SPS=113
Eval at step 77000, survival=34.144%, return=[-3.319217614868345, 505.71962105482817, -6.9164745121573405, -233.41269841269866]
SPS=113
Eval at step 77500, survival=37.335%, return=[-3.3319039384659845, 565.8428152898947, -25.933448535894666, -264.7142857142867]
SPS=113
Eval at step 78000, survival=32.407%, return=[-3.259190822611951, 485.8080642670393, -57.51690220572831, -228.9206349206352]
SPS=113
Eval at step 78500, survival=5.655%, return=[-1.5626534371403977, 72.93440606445074, -17.138653728179634, -18.333333333333304]
SPS=113
Eval at step 79000, survival=5.704%, return=[-1.6118823293363675, 71.24579858779907, -18.161026341840625, -21.28571428571425]
SPS=113
Eval at step 79500, survival=5.704%, return=[-1.5544090047478676, 72.4815138950944, -20.341909474518616, -21.952380952380917]
SPS=113
Eval at step 80000, survival=5.903%, return=[-1.7712609013833571, 69.99154343828559, -35.618774551548995, -22.809523809523764]
SPS=114
Eval at step 80500, survival=39.550%, return=[-5.747167504373162, 513.3117152464887, -48.397106586392816, -177.06349206349356]
SPS=113
Eval at step 81000, survival=25.893%, return=[-2.7354936316842213, 390.0266560787956, -20.752927258569496, -215.7936507936511]
SPS=113
Eval at step 81500, survival=34.325%, return=[-3.2204286114817173, 524.4335561692715, -8.101805418652171, -246.8888888888874]
SPS=113
Eval at step 82000, survival=34.077%, return=[-3.2129529101075605, 519.569580078125, -8.178430189145729, -244.9365079365065]
SPS=113
Eval at step 82500, survival=36.756%, return=[-3.36705741098073, 554.2136313319206, -7.426123015466146, -272.1587301587296]
SPS=112
Eval at step 83000, survival=10.516%, return=[-1.8630946248304099, 132.35440814495087, -5.405762195587158, -45.19047619047617]
SPS=112
Eval at step 83500, survival=5.853%, return=[-1.6315316755208187, 73.39943365752697, -25.91297459381167, -20.2380952380952]
SPS=113
Eval at step 84000, survival=5.407%, return=[-1.4589750465238467, 72.11793974041939, -5.501492565381341, -24.047619047618994]
SPS=113
Eval at step 84500, survival=5.407%, return=[-1.5765956154209562, 73.69824334979057, -5.5110803298885, -16.619047619047613]
SPS=113
Eval at step 85000, survival=5.357%, return=[-1.5672247754991986, 73.23742043972015, -5.536166750825942, -16.333333333333325]
SPS=114
Eval at step 85500, survival=5.407%, return=[-1.5334071617107838, 68.52834597229958, -5.575754112214781, -22.809523809523768]
SPS=114
Eval at step 86000, survival=52.530%, return=[-6.442479381793722, 710.9893961449465, -13.755227028450463, -299.47619047619264]
SPS=114
Eval at step 86500, survival=24.603%, return=[-2.5781626034877263, 363.32027289271355, -6.207145724911243, -176.4761904761905]
SPS=114
Eval at step 87000, survival=5.804%, return=[-1.575561149045825, 73.1920596063137, -7.392783326213248, -26.66666666666661]
SPS=114
Eval at step 87500, survival=5.804%, return=[-1.6801497584674507, 74.79094979166985, -7.76825467182789, -18.42857142857142]
SPS=114
Eval at step 88000, survival=48.297%, return=[-4.36415789082336, 730.5542905069888, -12.162288825493306, -356.26984126984365]
SPS=114
Eval at step 88500, survival=23.495%, return=[-2.655174018077863, 338.8769053717454, -5.318914092495106, -163.3333333333336]
SPS=114
Eval at step 89000, survival=20.569%, return=[-2.841020247200504, 282.9725889464219, -7.584222423902247, -131.6190476190476]
SPS=114
Eval at step 89500, survival=10.119%, return=[-2.431248081382364, 115.4350657761097, -5.87780528847361, -42.333333333333286]
SPS=114
Eval at step 90000, survival=7.540%, return=[-1.8117628016043454, 96.92149215936661, -8.332856259658001, -31.61904761904754]
SPS=114
Eval at step 90500, survival=36.409%, return=[-4.41582695429679, 497.6861662864685, -16.86091530136764, -227.76190476190428]
SPS=114
Eval at step 91000, survival=16.584%, return=[-2.785130594352571, 214.66661162674427, -21.778780797030777, -91.99999999999999]
SPS=114
Eval at step 91500, survival=6.349%, return=[-2.000572685385123, 71.61034134030342, -21.45505364285782, -18.619047619047596]
SPS=114
Eval at step 92000, survival=5.456%, return=[-1.7060484528483357, 65.42500329390168, -21.185160006862134, -16.285714285714263]
SPS=114
Eval at step 92500, survival=5.456%, return=[-1.6291507703135721, 69.38133738934994, -15.52387397736311, -16.666666666666643]
SPS=114
Eval at step 93000, survival=5.407%, return=[-1.5858002052894637, 70.81812490522861, -11.811302431548635, -16.777777777777754]
SPS=115
Eval at step 93500, survival=5.506%, return=[-1.6956516450057582, 70.41578967372577, -10.331260696208725, -16.666666666666643]
SPS=115
Eval at step 94000, survival=39.897%, return=[-6.154055877598391, 488.31681101520854, -23.199180065033335, -161.57142857142972]
SPS=115
Eval at step 94500, survival=27.530%, return=[-3.4008316587520917, 384.2040744001667, -12.144118989041695, -173.92063492063448]
SPS=114
Eval at step 95000, survival=44.511%, return=[-7.528087916910105, 520.8322205618024, -47.58773748074115, -128.58730158730216]
SPS=114
Eval at step 95500, survival=22.255%, return=[-4.187961252532356, 248.85428625841936, -198.21078395970594, -87.33333333333367]
SPS=114
Eval at step 96000, survival=16.022%, return=[-3.280519072606694, 175.71979291240373, -288.3618495281553, -60.01587301587307]
SPS=114
Eval at step 96500, survival=34.408%, return=[-5.14719497472106, 389.39689586063224, -789.995565032732, -126.42857142857208]
SPS=114
Eval at step 97000, survival=34.606%, return=[-4.240449291814002, 389.5260319088896, -777.9799084182984, -187.44444444444514]
SPS=114
Eval at step 97500, survival=36.095%, return=[-4.385835208163674, 400.60405981664854, -831.1247407961249, -199.7460317460326]
SPS=113
Eval at step 98000, survival=36.260%, return=[-4.368506344471825, 402.6233518285056, -844.5584525175703, -200.52380952381034]
SPS=113
Eval at step 98500, survival=31.366%, return=[-4.447753097483655, 331.0780522041023, -764.5871811266989, -170.46031746031773]
SPS=113
Eval at step 99000, survival=16.683%, return=[-2.814405750231041, 193.91371694641808, -324.20914459527313, -78.55555555555578]
SPS=113
Eval at step 99500, survival=6.300%, return=[-1.798670282936655, 76.59516201913357, -36.83601862867363, -21.66666666666664]
SPS=114
Eval at step 100000, survival=6.349%, return=[-1.8847343059023842, 69.38106011599302, -45.21937572164461, -18.238095238095212]
SPS=114
Eval at step 100500, survival=6.349%, return=[-1.8919036627048627, 69.2801416888833, -41.31203335011378, -18.09523809523807]
SPS=114
Eval at step 101000, survival=33.796%, return=[-4.177720135970351, 399.4461823552847, -736.5571481206765, -157.22222222222277]
SPS=114
Eval at step 101500, survival=36.607%, return=[-5.982786852429854, 439.90576087435085, -19.20832592373093, -153.4444444444458]
SPS=113
Eval at step 102000, survival=36.607%, return=[-6.056242921001588, 436.4545244574547, -19.04108118964359, -151.2063492063509]
SPS=113
Eval at step 102500, survival=36.442%, return=[-6.0383882728444105, 437.00170461336774, -27.8666727799767, -148.50793650793824]
SPS=113
Eval at step 103000, survival=33.581%, return=[-3.611854046728695, 429.5083018839359, -730.327980021672, -155.80952380952462]
SPS=113
Eval at step 103500, survival=33.383%, return=[-3.746772993899261, 417.7132009466489, -726.629217784442, -155.23809523809604]
SPS=113
Eval at step 104000, survival=9.673%, return=[-2.025068922181769, 111.27162818113963, -217.42919690092094, -33.873015873015966]
SPS=113
Eval at step 104500, survival=36.888%, return=[-6.0623455152769266, 435.9621911247571, -224.30271423169566, -94.82539682539709]
SPS=113
Eval at step 105000, survival=16.485%, return=[-2.3410263960055695, 190.31580673903227, -557.0082070558177, -66.79365079365111]
SPS=113
Eval at step 105500, survival=35.863%, return=[-5.60188052529702, 441.90690716107684, -35.40320025058463, -85.20634920634927]
SPS=113
Eval at step 106000, survival=10.119%, return=[-2.0582750542089343, 116.18993713706732, -233.10665323166177, -48.952380952381]
SPS=113
Eval at step 106500, survival=41.964%, return=[-6.68344791814646, 508.13120056688786, -52.511243812186876, -99.93650793650812]
SPS=113
Eval at step 107000, survival=63.294%, return=[-8.507689548258591, 793.8038828422626, -433.8620883210145, -191.46031746031977]
SPS=113
Eval at step 107500, survival=33.681%, return=[-5.335831429081736, 406.95034354925156, -17.64586337871151, -87.38095238095259]
SPS=112
Eval at step 108000, survival=9.871%, return=[-2.067488770117052, 108.79014252871275, -221.6346639400581, -54.095238095238166]
SPS=112
Eval at step 108500, survival=9.871%, return=[-2.060894564841874, 109.2385503873229, -221.4663524570642, -54.42857142857152]
SPS=113
Eval at step 109000, survival=9.821%, return=[-2.0658885994926095, 108.02550303190947, -219.1324597602943, -53.95238095238103]
SPS=113
Eval at step 109500, survival=10.036%, return=[-2.0773167305160314, 110.48232940087716, -229.96579309362764, -55.396825396825484]
SPS=113
Eval at step 110000, survival=10.119%, return=[-2.073907101410441, 112.07373728603125, -233.9663524570642, -56.095238095238194]
SPS=113
Eval at step 110500, survival=46.974%, return=[-7.217250080342637, 580.6858518061539, -63.82550963545024, -117.3174603174612]
SPS=113
Eval at step 111000, survival=48.214%, return=[-7.4507957932752715, 597.4650392867625, -105.08587130030112, -119.84126984127049]
SPS=112
Eval at step 111500, survival=40.476%, return=[-6.312211900377103, 496.8984633932511, -45.44647901202552, -98.34920634920643]
SPS=112
Eval at step 112000, survival=37.153%, return=[-5.592537113785511, 469.6655531525612, -23.055029343813658, -91.38095238095225]
SPS=112
Eval at step 112500, survival=43.452%, return=[-7.1190447139573125, 509.0722030252218, -331.3709410749531, -117.79365079365057]
SPS=112
Eval at step 113000, survival=48.214%, return=[-7.507687432235495, 577.288026397427, -479.27533352306153, -137.4603174603177]
SPS=112
Eval at step 113500, survival=57.688%, return=[-9.039451782601342, 756.2615608771642, -81.32445775302283, -157.12698412698592]
SPS=112
Eval at step 114000, survival=35.863%, return=[-3.960393969920309, 442.6555672772229, -811.9101850206304, -177.20634920635027]
SPS=112
Eval at step 114500, survival=36.458%, return=[-4.090733583492693, 440.9738931277146, -840.4683868140759, -183.7460317460327]
SPS=112
Eval at step 115000, survival=12.946%, return=[-2.483702327706851, 147.90870189666748, -214.64788992219837, -46.42857142857144]
SPS=112
Eval at step 115500, survival=12.880%, return=[-2.7026001028522537, 137.97763074934483, -213.81522790945988, -40.77777777777774]
SPS=112
Eval at step 116000, survival=7.540%, return=[-1.8877092585898936, 90.05532689392567, -71.14051778567955, -25.999999999999947]
SPS=112
Eval at step 116500, survival=7.440%, return=[-1.9185151634349797, 88.49510398507118, -67.16280604790275, -24.714285714285666]
SPS=112
Eval at step 117000, survival=7.639%, return=[-1.9845328538212925, 89.25980569422245, -73.92267362796701, -24.904761904761855]
SPS=112
Eval at step 117500, survival=8.681%, return=[-2.183258258155547, 98.85823781788349, -99.76877491804771, -27.857142857142794]
SPS=112
Eval at step 118000, survival=9.226%, return=[-2.2532601293059997, 104.12149775028229, -119.59844680808601, -29.95238095238089]
SPS=112
Eval at step 118500, survival=29.993%, return=[-4.689517971108823, 379.4773622055848, -111.1182344708747, -79.41269841269876]
SPS=112
Eval at step 119000, survival=16.055%, return=[-2.221858578249036, 189.08520171542963, -541.4373312242484, -67.50793650793682]
SPS=112
Eval at step 119500, survival=59.259%, return=[-7.684742823408063, 790.7047703489661, -63.538822579672946, -152.1904761904771]
SPS=112
Eval at step 120000, survival=100.000%, return=[-12.408187941250313, 1331.1297128498554, -111.62353785378703, -255.9365079365094]
SPS=111
Eval at step 120500, survival=100.000%, return=[-12.660477188857234, 1323.1839341819286, -108.62202629864139, -252.19047619047785]
SPS=111
Eval at step 121000, survival=100.000%, return=[-13.136266994547137, 1306.4373689790566, -121.77226222871468, -287.2857142857178]
SPS=110
Eval at step 121500, survival=60.615%, return=[-7.973360975942342, 795.6769349624714, -112.79893217733843, -155.777777777779]
SPS=110
Eval at step 122000, survival=6.647%, return=[-1.8319271606160328, 77.35627301037312, -40.13024385785684, -20.142857142857107]
SPS=110
Eval at step 122500, survival=48.512%, return=[-7.237229082064005, 626.5757899489254, -112.47407365299296, -125.22222222222261]
SPS=110
Eval at step 123000, survival=52.397%, return=[-7.846192333682363, 681.0826183545092, -122.38818838702475, -135.12698412698464]
SPS=110
Eval at step 123500, survival=47.817%, return=[-7.001051545967736, 623.1541901100427, -86.79367322056957, -122.80952380952424]
SPS=109
Eval at step 124000, survival=74.967%, return=[-10.351710540247344, 991.0565510404607, -128.36508207962348, -192.85714285714357]
SPS=109
Eval at step 124500, survival=63.095%, return=[-8.328152971060868, 812.936831076319, -274.2744550581362, -169.12698412698515]
SPS=109
Eval at step 125000, survival=42.163%, return=[-6.092025261663366, 529.7121721990407, -289.48771464944, -116.253968253969]
SPS=109
Eval at step 125500, survival=14.087%, return=[-2.6626814375049435, 150.53013002872467, -241.060915881244, -51.66666666666674]
SPS=109
Eval at step 126000, survival=14.038%, return=[-2.669510156440083, 150.02905821800232, -239.04522137047024, -51.619047619047706]
SPS=109
Eval at step 126500, survival=19.097%, return=[-3.412545269500697, 210.0397981852293, -373.88115477825824, -68.65079365079386]
SPS=109
Eval at step 127000, survival=19.097%, return=[-3.375059840773853, 214.22875440617403, -373.64989271067316, -67.98412698412716]
SPS=109
Eval at step 127500, survival=14.534%, return=[-2.776010556340528, 157.39447275797525, -252.88772225147113, -52.01587301587312]
SPS=109
Eval at step 128000, survival=39.468%, return=[-5.087077310949098, 539.032553434372, -11.284590379358027, -98.2857142857144]
SPS=109
Eval at step 128500, survival=13.393%, return=[-2.61209658991235, 145.17560312648615, -224.78736009543354, -46.80952380952383]
SPS=109
Eval at step 129000, survival=14.683%, return=[-2.7374177633901127, 161.22461771965027, -256.6701383283362, -53.00000000000009]
SPS=109
Eval at step 129500, survival=14.435%, return=[-2.763255647480643, 158.2346903582414, -250.7390648103319, -51.09523809523815]
SPS=109
Eval at step 130000, survival=34.077%, return=[-5.291492109099636, 416.8033256828785, -7.1608509187353775, -89.47619047619098]
SPS=109
Eval at step 130500, survival=100.000%, return=[-12.288902908592718, 1297.4396224319935, -80.24957117643983, -259.87301587301744]
SPS=109
Eval at step 131000, survival=100.000%, return=[-11.804873313230928, 1314.9813206146162, -83.6232193906714, -269.95238095238375]
SPS=108
Eval at step 131500, survival=100.000%, return=[-11.775589296759184, 1311.355897774299, -44.51202558372946, -277.7142857142887]
SPS=108
Eval at step 132000, survival=100.000%, return=[-11.619285549299093, 1312.5104236602783, -32.80118425376713, -280.2380952380984]
SPS=107
Eval at step 132500, survival=100.000%, return=[-11.641684007064518, 1311.3659945428371, -35.713405021306244, -279.30158730159036]
SPS=107
Eval at step 133000, survival=100.000%, return=[-12.22953289251503, 1296.797878464063, -52.373634018852805, -272.88888888889124]
SPS=106
Eval at step 133500, survival=100.000%, return=[-12.214856253451822, 1318.593902260065, -81.70399153069108, -264.74603174603243]
SPS=106
Eval at step 134000, survival=100.000%, return=[-12.628427632706007, 1306.8984263439972, -98.89101045528757, -258.158730158731]
SPS=105
Eval at step 134500, survival=100.000%, return=[-12.823634208815443, 1304.6554861764114, -107.29697368628574, -255.74603174603286]
SPS=105
Eval at step 135000, survival=100.000%, return=[-13.758778867379684, 1260.287201166153, -96.28238919637322, -247.34920634920726]
SPS=105
Eval at step 135500, survival=100.000%, return=[-13.867238262687655, 1256.2191699147224, -99.2291703633964, -241.222222222223]
SPS=104
Eval at step 136000, survival=100.000%, return=[-13.571711627814997, 1252.8647775302331, -83.80100085885108, -240.34920634920897]
SPS=104
Eval at step 136500, survival=100.000%, return=[-12.264293973111004, 1301.4899115860462, -53.11667328050438, -252.85714285714388]
SPS=103
Eval at step 137000, survival=100.000%, return=[-11.79681103194404, 1318.4649178584416, -36.78773762396304, -256.285714285715]
SPS=103
Eval at step 137500, survival=100.000%, return=[-10.812434914085316, 1358.8998609781265, -24.179758724070172, -264.2380952380963]
SPS=103
Eval at step 138000, survival=100.000%, return=[-10.976046960034486, 1356.373656714956, -32.50370444113287, -263.0317460317472]
SPS=102
Eval at step 138500, survival=100.000%, return=[-11.837252877856372, 1329.7401249905427, -46.2247759694219, -259.20634920634944]
SPS=102
Eval at step 139000, survival=100.000%, return=[-10.958538535080152, 1369.0470389376085, -44.40228066963755, -257.55555555555515]
SPS=102
Eval at step 139500, survival=100.000%, return=[-11.426190088570971, 1349.8465672830741, -43.94514724925102, -258.36507936507957]
SPS=101
Eval at step 140000, survival=100.000%, return=[-10.532566953498948, 1376.7517191916704, -57.38405663295756, -257.66666666666674]
SPS=101
Eval at step 140500, survival=100.000%, return=[-10.762743712897645, 1360.0490735918283, -91.2263024005794, -255.1746031746044]
SPS=100
Eval at step 141000, survival=100.000%, return=[-10.959299171391953, 1349.1471751282613, -100.67861052431908, -254.50793650793813]
SPS=100
Eval at step 141500, survival=100.000%, return=[-11.730813439188447, 1312.6012126207352, -96.58532955067737, -252.47619047619182]
SPS=100
Eval at step 142000, survival=100.000%, return=[-12.44716901156547, 1283.7773184726636, -93.1304930893263, -251.28571428571573]
SPS=100
Eval at step 142500, survival=100.000%, return=[-12.040282067697262, 1317.2771303653717, -85.8218225906603, -248.99999999999963]
SPS=99
Eval at step 143000, survival=100.000%, return=[-11.673619945388054, 1343.806950231393, -73.53724050752741, -249.58730158730089]
SPS=99
Eval at step 143500, survival=100.000%, return=[-12.214180158426947, 1325.367047081391, -75.30568066395062, -248.80952380952286]
SPS=99
Eval at step 144000, survival=100.000%, return=[-13.443754312883053, 1279.1919393837452, -82.42650979795144, -237.42857142857147]
SPS=98
Eval at step 144500, survival=100.000%, return=[-13.865719031629851, 1261.2203243573506, -81.0869714897611, -235.07936507936677]
SPS=98
Eval at step 145000, survival=100.000%, return=[-13.605632236532983, 1268.2591587205727, -73.96359700520406, -232.71428571428874]
SPS=98
Eval at step 145500, survival=100.000%, return=[-15.356362252467079, 1225.5229818820953, -94.67634139543104, -215.0952380952382]
SPS=97
Eval at step 146000, survival=100.000%, return=[-14.072107048734324, 1284.3358602821827, -93.5760155890542, -222.69841269841177]
SPS=97
Eval at step 146500, survival=35.367%, return=[-4.469917682048011, 478.2613672018051, -42.99891283522205, -93.92063492063534]
SPS=97
Eval at step 147000, survival=36.326%, return=[-4.593087762739742, 486.9749069387714, -38.54971784749068, -99.41269841269859]
SPS=97
Eval at step 147500, survival=36.508%, return=[-5.017422315751901, 477.3577568928401, -18.99948131254253, -95.1904761904763]
SPS=97
Eval at step 148000, survival=100.000%, return=[-13.371061834826833, 1281.638289541006, -80.64727494413091, -244.39682539682633]
SPS=97
Eval at step 148500, survival=100.000%, return=[-12.840223210068265, 1303.9406123856704, -78.31175211251927, -253.77777777777877]
SPS=96
Eval at step 149000, survival=100.000%, return=[-13.208089633718677, 1298.5164913932483, -90.19681319322747, -245.15873015872998]
SPS=96
Eval at step 149500, survival=100.000%, return=[-12.698350099342255, 1306.4690250456333, -80.04758389373212, -247.7936507936524]
SPS=96
Eval at step 150000, survival=100.000%, return=[-12.785810803965433, 1308.804219757517, -84.07033493836934, -245.99999999999963]
SPS=96
Eval at step 150500, survival=100.000%, return=[-12.911558179776572, 1308.4426178336143, -85.9627215306197, -244.03174603174548]
SPS=95
Eval at step 151000, survival=49.702%, return=[-7.479845284125379, 633.7734186003605, -48.37448178518874, -126.2063492063495]
SPS=95
Eval at step 151500, survival=100.000%, return=[-12.452659558145873, 1294.3732211987178, -124.22599701414583, -259.11111111111416]
SPS=95
Eval at step 152000, survival=100.000%, return=[-13.353732924709524, 1277.2168122132618, -113.54621984345916, -247.66666666666717]
SPS=95
Eval at step 152500, survival=100.000%, return=[-13.634956973328372, 1277.6309242149193, -104.58858806766027, -239.714285714286]
SPS=94
Eval at step 153000, survival=100.000%, return=[-13.702376817343369, 1281.221964488427, -100.64192833243094, -236.07936507936483]
SPS=94
Eval at step 153500, survival=100.000%, return=[-13.369204782968154, 1301.0718703269958, -88.83194074698622, -241.38095238095244]
SPS=94
Eval at step 154000, survival=100.000%, return=[-12.871570651273942, 1315.3309082984924, -84.98514003325909, -244.47619047619028]
SPS=94
Eval at step 154500, survival=100.000%, return=[-12.716721305274405, 1318.9083440303802, -84.50234984365427, -249.2857142857139]
SPS=93
Eval at step 155000, survival=100.000%, return=[-10.187660379471103, 1388.260199000438, -6.467207521600358, -269.5714285714286]
SPS=93
Eval at step 155500, survival=100.000%, return=[-10.994024705035068, 1365.6981996198494, -48.46289828182004, -271.31746031746167]
SPS=93
Eval at step 156000, survival=48.661%, return=[-8.447450133797247, 586.692154660821, -49.49837923219093, -113.57142857142894]
SPS=93
Eval at step 156500, survival=48.661%, return=[-7.894464515382424, 600.9319382260243, -45.77016129187541, -113.92063492063566]
SPS=93
Eval at step 157000, survival=48.958%, return=[-6.844644128771809, 632.8438339044029, -33.96319766063243, -129.3015873015867]
SPS=93
Eval at step 157500, survival=48.909%, return=[-6.909627516113687, 630.1907234424725, -35.27504289144417, -128.80952380952323]
SPS=93
Eval at step 158000, survival=49.008%, return=[-6.963052627746947, 629.2143947482109, -35.219638378184754, -128.9523809523804]
SPS=93
Eval at step 158500, survival=100.000%, return=[-12.772526770306285, 1301.5724465698004, -71.06357908596692, -252.19047619047538]
SPS=92
Eval at step 159000, survival=100.000%, return=[-12.41124899473895, 1331.0625861883163, -62.51105922681745, -241.68253968253757]
SPS=92
Eval at step 159500, survival=100.000%, return=[-12.624164981098147, 1332.4505771299202, -69.09463320196664, -232.11111111110986]
SPS=92
Eval at step 160000, survival=100.000%, return=[-12.267291913012741, 1339.968283722798, -51.69788246506263, -234.00000000000065]
SPS=92
Eval at step 160500, survival=100.000%, return=[-12.412233477351643, 1328.7410561293364, -66.18580075188827, -234.71428571428643]
SPS=91
Eval at step 161000, survival=100.000%, return=[-12.167512646342706, 1330.8403774748247, -66.28173507517204, -237.28571428571664]
SPS=91
Eval at step 161500, survival=100.000%, return=[-12.85812546298257, 1309.385694116354, -71.05845484045858, -233.3492063492072]
SPS=91
Eval at step 162000, survival=74.438%, return=[-11.125624248166181, 917.6732567933699, -317.9266060226837, -185.87301587301658]
SPS=91
Eval at step 162500, survival=100.000%, return=[-12.585812957637245, 1307.0478770633538, -88.00664687116902, -238.12698412698583]
SPS=91
Eval at step 163000, survival=100.000%, return=[-17.283977307544166, 1154.7479062080383, -1510.577695472554, -292.79365079365834]
SPS=91
Eval at step 163500, survival=100.000%, return=[-13.431938084569992, 1280.3539685755968, -72.97414707490437, -235.55555555555645]
SPS=90
Eval at step 164000, survival=100.000%, return=[-13.06600592986797, 1287.6963502118986, -67.81259791421083, -241.79365079365257]
SPS=90
Eval at step 164500, survival=100.000%, return=[-14.106695963137705, 1267.6962618082762, -89.65355904712244, -229.60317460317484]
SPS=90
Eval at step 165000, survival=100.000%, return=[-12.651419207967896, 1314.177337045471, -74.85539702414826, -242.34920634920513]
SPS=90
Eval at step 165500, survival=100.000%, return=[-13.498349172383314, 1301.1009864608448, -102.67922272139306, -240.15873015873183]
SPS=89
Eval at step 166000, survival=100.000%, return=[-13.777183308954895, 1290.4280636310577, -105.94144445941008, -247.12698412698694]
SPS=89
Eval at step 166500, survival=100.000%, return=[-13.771187437513921, 1290.2230260074139, -105.85764955723789, -247.38095238095522]
SPS=89
Eval at step 167000, survival=100.000%, return=[-13.499314909694172, 1299.0503602226574, -106.61130216837894, -255.84126984127292]
SPS=89
Eval at step 167500, survival=100.000%, return=[-13.21287866824423, 1318.406841352582, -107.12820273178295, -248.4761904761933]
SPS=89
Eval at step 168000, survival=100.000%, return=[-13.088175195240183, 1321.4910286615293, -104.92861851603568, -254.41269841270173]
SPS=89
Eval at step 168500, survival=100.000%, return=[-12.3427170230716, 1342.357371300459, -89.16461800646478, -254.0793650793672]
SPS=88
Eval at step 169000, survival=100.000%, return=[-11.498684763976295, 1359.6702495565016, -76.01826670860949, -259.42857142857355]
SPS=88
Eval at step 169500, survival=100.000%, return=[-12.321098401143294, 1318.9657329718273, -93.41705277751316, -254.00000000000134]
SPS=88
Eval at step 170000, survival=100.000%, return=[-12.140329602441247, 1317.523793955644, -87.07764589649742, -256.4444444444453]
SPS=88
Eval at step 170500, survival=35.516%, return=[-4.953853851096937, 460.20336397737265, -21.502279483829625, -95.42857142857186]
SPS=88
Eval at step 171000, survival=34.276%, return=[-4.848722389840987, 443.7852445691824, -14.584541044314392, -85.47619047619098]
SPS=88
Eval at step 171500, survival=33.780%, return=[-4.774194585334044, 437.0850896090269, -16.926578360726126, -84.47619047619091]
SPS=88
Eval at step 172000, survival=34.144%, return=[-4.87125761025042, 440.1688636640708, -16.617077818955295, -87.73015873015913]
SPS=88
Eval at step 172500, survival=48.611%, return=[-7.87168929586187, 604.3412753492594, -47.77979641381535, -121.57142857142931]
SPS=88
Eval at step 173000, survival=48.859%, return=[-6.499424951713688, 651.1613587190708, -29.791170506371902, -131.55555555555543]
SPS=88
Eval at step 173500, survival=48.810%, return=[-6.813032647032135, 635.7333121746778, -31.97398021413998, -130.57142857142824]
SPS=88
Eval at step 174000, survival=48.859%, return=[-6.857999968633521, 634.386211425066, -32.15576744725695, -129.52380952380904]
SPS=88
Eval at step 174500, survival=100.000%, return=[-11.800284570383761, 1327.110851958394, -46.60678018854014, -265.1746031746049]
SPS=88
Eval at step 175000, survival=100.000%, return=[-11.67079246918244, 1334.3831846415997, -49.034684548090205, -262.3809523809534]
SPS=88
Eval at step 175500, survival=100.000%, return=[-12.38373127541854, 1303.0168748895328, -68.17034673702437, -260.07936507936716]
SPS=88
Eval at step 176000, survival=100.000%, return=[-12.278593944419603, 1312.8168346186478, -71.0291986438521, -262.42857142857355]
SPS=88
Eval at step 176500, survival=100.000%, return=[-13.301727389004858, 1281.550792356332, -74.41847675470247, -248.7142857142869]
SPS=87
Eval at step 177000, survival=100.000%, return=[-13.155584665568313, 1280.1850011050701, -71.26900929615658, -249.90476190476275]
SPS=87
Eval at step 177500, survival=100.000%, return=[-12.961714494304033, 1292.1583128124475, -75.26282695267582, -252.12698412698614]
SPS=87
Eval at step 178000, survival=100.000%, return=[-13.337015820899978, 1278.0404822528362, -69.88730124976428, -242.9047619047632]
SPS=87
Eval at step 178500, survival=56.217%, return=[-7.88434477635504, 711.5564679751793, -32.4562255362495, -140.31746031746107]
SPS=87
Eval at step 179000, survival=65.873%, return=[-11.522259461606154, 782.6150902311007, -78.60982732774573, -155.66666666666555]
SPS=87
Eval at step 179500, survival=34.226%, return=[-5.034141699463362, 432.5297607034445, -28.03635587275494, -88.80952380952404]
SPS=87
Eval at step 180000, survival=100.000%, return=[-12.264013990745298, 1310.558614641428, -33.502086924927426, -247.99999999999855]
SPS=87
Eval at step 180500, survival=34.871%, return=[-5.32120479180594, 437.4749867245555, -16.59244164766278, -87.57142857142878]
SPS=87
Eval at step 181000, survival=34.772%, return=[-5.282231014367426, 436.68480448424816, -16.34512955264654, -87.71428571428594]
SPS=87
Eval at step 181500, survival=34.226%, return=[-5.03900754126759, 434.5150485858321, -21.22652493339653, -88.26984126984149]
SPS=87
Eval at step 182000, survival=100.000%, return=[-12.883322142840674, 1283.6828938225906, -62.44517153550987, -242.04761904761884]
SPS=87
Eval at step 182500, survival=6.300%, return=[-1.8989523390773684, 74.31492795050144, -15.594793426571414, -15.428571428571408]
SPS=88
Eval at step 183000, survival=100.000%, return=[-13.899833088750407, 1260.0109293411176, -68.74639506910171, -226.76190476190564]
SPS=88
Eval at step 183500, survival=100.000%, return=[-14.387389618175803, 1251.573510736227, -82.10078534306376, -219.09523809523935]
SPS=88
Eval at step 184000, survival=72.073%, return=[-12.81190709392346, 789.410333648324, -742.6589439584253, -188.4761904761932]
SPS=88
Eval at step 184500, survival=48.710%, return=[-8.244486768759089, 587.4452243223786, -56.59451374609489, -112.19047619047721]
SPS=88
Eval at step 185000, survival=48.661%, return=[-8.48268451038166, 572.3028848618269, -52.62607814409421, -113.31746031746138]
SPS=88
Eval at step 185500, survival=100.000%, return=[-14.381142357262434, 1239.051105082035, -76.72366448823595, -228.8095238095261]
SPS=88
Eval at step 186000, survival=100.000%, return=[-14.524856698786607, 1237.1032232244809, -80.62361462332774, -224.14285714285816]
SPS=88
Eval at step 186500, survival=100.000%, return=[-14.639748429792235, 1230.251814931631, -83.54257600913115, -227.14285714285828]
SPS=88
Eval at step 187000, survival=36.409%, return=[-5.3523866822361015, 462.12086606770754, -13.261535931378603, -89.52380952380982]
SPS=88
Eval at step 187500, survival=39.435%, return=[-5.586136376077775, 508.4050318300724, -14.23046056064777, -98.85714285714293]
SPS=88
Eval at step 188000, survival=6.250%, return=[-1.7990041667362675, 76.15570810437202, -12.695258003659546, -16.238095238095212]
SPS=88
Eval at step 188500, survival=6.101%, return=[-1.86068221332971, 71.16089601814747, -12.984653397288639, -15.428571428571408]
SPS=88
Eval at step 189000, survival=6.101%, return=[-1.8558923319214955, 71.31293307244778, -12.984653397288639, -15.428571428571408]
SPS=89
Eval at step 189500, survival=34.028%, return=[-5.3344347983947955, 422.59046056866646, -21.07612409075955, -80.42857142857187]
SPS=89
Eval at step 190000, survival=34.028%, return=[-5.3344347983947955, 422.59046056866646, -21.07612409075955, -80.42857142857187]
SPS=89
Eval at step 190500, survival=6.101%, return=[-1.8558923319214955, 71.31293307244778, -12.984653397288639, -15.428571428571408]
SPS=89
Eval at step 191000, survival=6.101%, return=[-1.8582611648598686, 71.2370757907629, -12.984653397288639, -15.428571428571408]
SPS=89
Eval at step 191500, survival=6.250%, return=[-1.8269447198836133, 75.02306351065636, -12.695258003659546, -16.142857142857117]
SPS=89
Eval at step 192000, survival=39.286%, return=[-5.4845159344840795, 506.7309737727046, -15.58250137255527, -101.52380952380936]
SPS=90
Eval at step 192500, survival=61.756%, return=[-10.036247396375984, 757.1080204993486, -36.17856898898026, -150.04761904761773]
SPS=90
Eval at step 193000, survival=100.000%, return=[-12.436324177727025, 1295.9123609513044, -72.0101686235527, -259.68253968254066]
SPS=90
Eval at step 193500, survival=33.581%, return=[-4.918452867423184, 425.259320512414, -10.314985561653884, -87.52380952380973]
SPS=90
Eval at step 194000, survival=14.931%, return=[-3.0510789464460686, 166.54999576509, -251.4841902651824, -44.57142857142858]
SPS=90
Eval at step 194500, survival=34.722%, return=[-5.354777274595108, 435.0759160295129, -14.23972264281474, -83.76190476190519]
SPS=90
Eval at step 195000, survival=64.220%, return=[-10.837628227833193, 776.824005583922, -71.51466582339101, -156.1111111111096]
SPS=90
Eval at step 195500, survival=64.385%, return=[-11.491148374276236, 757.1881518363953, -92.55741865781602, -153.71428571428524]
SPS=90
Eval at step 196000, survival=34.772%, return=[-5.63312490331009, 417.0989385545254, -26.066160672926344, -86.95238095238129]
SPS=90
Eval at step 196500, survival=34.921%, return=[-5.722286537367229, 417.8074799751242, -28.33457589324098, -86.9841269841274]
SPS=90
Eval at step 197000, survival=34.921%, return=[-5.614256676344667, 420.86077068621915, -34.55766301776748, -90.87301587301617]
SPS=90
Eval at step 197500, survival=34.623%, return=[-5.533177582517965, 419.16997638344765, -21.516027503530495, -88.47619047619094]
SPS=91
Eval at step 198000, survival=34.325%, return=[-5.430686592735583, 417.8965675011277, -10.734877639333718, -89.0952380952386]
SPS=91
Eval at step 198500, survival=34.276%, return=[-5.389393669523997, 420.5829323977232, -12.952004583203234, -88.80952380952431]
SPS=91
Eval at step 199000, survival=14.881%, return=[-2.9062604109349195, 166.49887132644653, -274.93681313470006, -49.46031746031749]
SPS=91
Eval at step 199500, survival=14.881%, return=[-2.895330649189418, 165.3218947649002, -278.2106685405597, -50.142857142857174]
SPS=91
Eval at step 200000, survival=14.881%, return=[-2.9982448814747236, 163.7579732388258, -276.82259029165533, -48.57142857142861]
SPS=91
Eval at step 200500, survival=14.881%, return=[-2.9675875064664674, 161.92291458447775, -276.1041521638011, -48.69841269841273]
SPS=91
Eval at step 201000, survival=14.980%, return=[-2.9482207462424412, 161.24833159148693, -277.4524937942624, -49.761904761904795]
SPS=92
Eval at step 201500, survival=13.393%, return=[-2.78043652739143, 142.95937134325504, -237.77574058622122, -44.666666666666664]
SPS=92
Eval at step 202000, survival=15.476%, return=[-2.936516277724877, 167.8269252628088, -291.40667747939005, -52.14285714285719]
SPS=92
Eval at step 202500, survival=42.857%, return=[-6.594223404856166, 529.1193858087063, -12.720710916328244, -111.28571428571412]
SPS=92
Eval at step 203000, survival=72.173%, return=[-12.552268373353096, 840.5077034905553, -240.8043995656044, -179.4603174603168]
SPS=92
Eval at step 203500, survival=100.000%, return=[-13.479568714770721, 1266.4645121246576, -52.21051418600837, -244.14285714285646]
SPS=92
Eval at step 204000, survival=64.583%, return=[-11.566885783715406, 756.2349607497454, -77.55801372208225, -155.4285714285702]
SPS=92
Eval at step 204500, survival=35.665%, return=[-5.7220722775382455, 426.371211104095, -57.84351810987573, -94.66666666666701]
SPS=92
Eval at step 205000, survival=34.375%, return=[-5.498276917700423, 415.2574247121811, -13.354451285558753, -87.23809523809571]
SPS=92
Eval at step 205500, survival=34.375%, return=[-5.46874827236752, 416.4605832993984, -13.679552056710236, -87.28571428571477]
SPS=92
Eval at step 206000, survival=35.417%, return=[-5.716978123964509, 423.846089027822, -44.518903219141066, -90.66666666666721]
SPS=93
Eval at step 206500, survival=65.625%, return=[-12.053829687812444, 754.4197075366974, -109.39862972678384, -163.79365079365041]
SPS=93
Eval at step 207000, survival=36.210%, return=[-5.968412619258743, 434.2818866595626, -22.86981743236538, -88.23809523809575]
SPS=93
Eval at step 207500, survival=36.260%, return=[-5.983947990869638, 437.9595939666033, -21.498691731248982, -87.85714285714334]
SPS=93
Eval at step 208000, survival=35.615%, return=[-5.961768880234255, 432.6774108186364, -23.312360417136613, -85.55555555555604]
SPS=93
Eval at step 208500, survival=39.236%, return=[-6.52905439803726, 460.6309507675469, -199.0012440562714, -105.3333333333339]
SPS=93
Eval at step 209000, survival=35.599%, return=[-5.946174163875791, 426.8889812454581, -59.980057727807434, -89.0476190476193]
SPS=93
Eval at step 209500, survival=14.633%, return=[-2.966321446496295, 163.52454634010792, -252.3086997133214, -45.33333333333334]
SPS=93
Eval at step 210000, survival=14.385%, return=[-2.9314770420023706, 158.8633139282465, -253.09833496343344, -44.33333333333332]
SPS=93
Eval at step 210500, survival=34.772%, return=[-5.824649450427387, 419.0306144952774, -30.23159923031926, -85.4761904761907]
SPS=94
Eval at step 211000, survival=34.276%, return=[-5.669828174868599, 415.6577081531286, -14.83529883043957, -84.33333333333354]
SPS=94
Eval at step 211500, survival=34.276%, return=[-5.794450053013861, 411.17244194447994, -13.156851043750066, -81.61904761904806]
SPS=94
Eval at step 212000, survival=34.325%, return=[-5.613439241395099, 413.8508898789684, -12.037138520681765, -88.19047619047647]
SPS=94
Eval at step 212500, survival=34.276%, return=[-5.633741185893693, 412.08401059607667, -10.986563532690829, -85.66666666666718]
SPS=94
Eval at step 213000, survival=34.325%, return=[-5.676803127513267, 409.77337995916605, -10.354631549562328, -85.00000000000026]
SPS=94
Eval at step 213500, survival=34.276%, return=[-5.675686769536696, 410.2948992997408, -10.595446164952591, -84.36507936507965]
SPS=94
Eval at step 214000, survival=34.325%, return=[-5.587780697271228, 416.3048894678553, -12.17747287339686, -83.69841269841295]
SPS=94
Eval at step 214500, survival=34.325%, return=[-5.650393241511968, 414.2622651035587, -12.574176674243063, -81.68253968254015]
SPS=94
Eval at step 215000, survival=14.931%, return=[-3.018544210237451, 164.70358861982822, -275.6460676761344, -46.23809523809525]
SPS=95
Eval at step 215500, survival=14.881%, return=[-3.044305867428193, 162.5521615842978, -270.7392291810053, -45.74603174603175]
SPS=95
Eval at step 216000, survival=14.931%, return=[-3.074802978313528, 161.674798309803, -269.91840679431334, -45.285714285714285]
SPS=95
Eval at step 216500, survival=14.881%, return=[-3.0114727874073046, 164.91047458350658, -265.4995746697144, -46.031746031746046]
SPS=95
Eval at step 217000, survival=100.000%, return=[-14.829209577709358, 1224.4009125779073, -167.10400597704088, -249.28571428571732]
SPS=95
Eval at step 217500, survival=100.000%, return=[-14.700067201910619, 1229.483762289087, -166.33900916994511, -250.11111111111424]
SPS=95
Eval at step 218000, survival=100.000%, return=[-14.750683403991085, 1224.2501128663619, -165.8930583686015, -249.3333333333362]
SPS=95
Eval at step 218500, survival=100.000%, return=[-14.928007601750627, 1209.260792215665, -173.60864052498073, -248.52380952381296]
SPS=95
Eval at step 219000, survival=100.000%, return=[-14.731118973043825, 1215.6602791398764, -162.195791273892, -248.87301587301855]
SPS=95
Eval at step 219500, survival=100.000%, return=[-14.428130233476017, 1231.1856118688981, -146.45494300966675, -250.03174603174816]
SPS=95
Eval at step 220000, survival=48.313%, return=[-7.776233333512209, 590.672826141119, -27.750202193274163, -118.09523809523802]
SPS=95
Eval at step 220500, survival=48.562%, return=[-7.473705799280045, 607.3104065805674, -13.793950600665994, -118.7460317460313]
SPS=95
Eval at step 221000, survival=48.562%, return=[-7.397224574757274, 607.9877590984106, -21.62152858421905, -121.04761904761891]
SPS=95
Eval at step 221500, survival=34.375%, return=[-5.731333412521053, 411.60393373668194, -13.990607110899873, -82.80952380952428]
SPS=95
Eval at step 222000, survival=34.276%, return=[-5.612669028982054, 413.5177728384733, -8.538846249575727, -82.90476190476238]
SPS=95
Eval at step 222500, survival=34.325%, return=[-5.586315892791997, 415.3632252390186, -10.915104890591465, -82.9206349206354]
SPS=95
Eval at step 223000, survival=34.276%, return=[-5.545247505244333, 415.9501692801714, -12.702441241126508, -83.14285714285765]
SPS=96
Eval at step 223500, survival=39.931%, return=[-6.613670657767216, 456.1639819703996, -248.40032475767657, -111.61904761904822]
SPS=96
Eval at step 224000, survival=39.931%, return=[-6.757590883721908, 453.1558979017039, -248.39286428294145, -107.31746031746093]
SPS=96
Eval at step 224500, survival=39.534%, return=[-6.671721908729523, 450.65564608201385, -229.75099724135362, -105.47619047619106]
SPS=96
Eval at step 225000, survival=14.931%, return=[-3.0650093167787418, 163.5685436874628, -257.95640730764717, -44.14285714285714]
SPS=96
Eval at step 225500, survival=14.864%, return=[-3.110090381174814, 159.74865163366, -257.4666058132425, -43.15873015873012]
SPS=96
Eval at step 226000, survival=14.931%, return=[-3.149032064306084, 159.1021823734045, -252.27731327409856, -42.714285714285644]
SPS=96
Eval at step 226500, survival=15.476%, return=[-3.173317625769414, 164.204485292236, -275.21490612872486, -45.253968253968196]
SPS=96
Eval at step 227000, survival=14.881%, return=[-3.1023282971873414, 159.7885757982731, -261.89640320371836, -44.14285714285713]
SPS=97
Eval at step 227500, survival=14.881%, return=[-3.125227959273616, 152.35395789146423, -275.0730520184152, -48.14285714285716]
SPS=97
Eval at step 228000, survival=14.831%, return=[-3.1160543050403553, 151.96748972932497, -270.3067473799456, -47.793650793650805]
SPS=97
Eval at step 228500, survival=36.310%, return=[-6.105460883642081, 433.7773107420653, -113.09053482313175, -88.80952380952435]
SPS=97
Eval at step 229000, survival=100.000%, return=[-13.36928974915645, 1291.3113529980183, -52.41342666267883, -239.95238095238128]
SPS=97
Eval at step 229500, survival=100.000%, return=[-13.598006210338403, 1286.1247988939285, -58.42761539410276, -235.0317460317461]
SPS=97
Eval at step 230000, survival=100.000%, return=[-13.613873065420194, 1284.7811298370361, -55.5324133115937, -227.57142857142864]
SPS=97
Eval at step 230500, survival=48.313%, return=[-8.339928576722741, 575.4943462312222, -41.42967225430766, -115.28571428571456]
SPS=97
Eval at step 231000, survival=48.562%, return=[-8.052821216270482, 589.4192865739266, -34.99266928352881, -118.38095238095234]
SPS=97
Eval at step 231500, survival=48.562%, return=[-8.364232477596184, 574.9745677212874, -50.42079380417514, -118.82539682539716]
SPS=97
Eval at step 232000, survival=56.597%, return=[-10.440933268517256, 645.15229152143, -107.05032165293233, -141.85714285714377]
SPS=97
Eval at step 232500, survival=34.623%, return=[-5.699948779229696, 421.7488398787876, -27.381260557158384, -83.77777777777823]
SPS=97
Eval at step 233000, survival=36.359%, return=[-6.147821361955721, 431.3496508076787, -74.142253685568, -88.90476190476245]
SPS=97
Eval at step 233500, survival=36.012%, return=[-6.106003290449735, 426.58784975484014, -77.24415349177434, -88.66666666666715]
SPS=97
Eval at step 234000, survival=36.607%, return=[-6.2495980315337265, 428.2930409492304, -103.2524948187832, -91.23809523809577]
SPS=98
Eval at step 234500, survival=39.683%, return=[-6.909139431489166, 448.3760262578726, -230.99367320741294, -104.57142857142917]
SPS=98
Eval at step 235000, survival=100.000%, return=[-12.482319088468406, 1317.3809995402892, -69.72045136833306, -255.1587301587322]
SPS=98
Eval at step 235500, survival=37.417%, return=[-6.2775287763603655, 453.8795429468155, -18.564710073017824, -89.19047619047653]
SPS=98
Eval at step 236000, survival=34.772%, return=[-5.716151550877839, 424.6772705465555, -56.136748772114515, -84.09523809523846]
SPS=98
Eval at step 236500, survival=37.054%, return=[-6.375616619712673, 445.96621685723466, -29.428277905099094, -86.55555555555588]
SPS=98
Eval at step 237000, survival=39.782%, return=[-5.902142773149535, 511.9361976981163, -36.86051181235598, -99.52380952380956]
SPS=98
Eval at step 237500, survival=42.758%, return=[-6.292219845956424, 549.0198046565056, -36.21026200533379, -112.61904761904744]
SPS=98
Eval at step 238000, survival=48.264%, return=[-7.086215890216408, 621.6675245463848, -25.38268318122694, -127.20634920634897]
SPS=98
Eval at step 238500, survival=100.000%, return=[-12.740852230917275, 1306.4559075683355, -90.5574740896797, -259.6507936507962]
SPS=98
Eval at step 239000, survival=34.772%, return=[-5.520867426297627, 435.3984291665256, -45.29629157996169, -88.09523809523849]
SPS=98
Eval at step 239500, survival=35.466%, return=[-5.70861490565585, 441.1543904840946, -44.304068299770734, -89.61904761904805]
SPS=98
Eval at step 240000, survival=35.466%, return=[-5.819668140960857, 434.97269305586815, -63.62296293125837, -89.52380952380993]
SPS=98
Eval at step 240500, survival=34.623%, return=[-5.59678172688776, 429.3255513831973, -43.43181028132676, -86.6825396825401]
SPS=99
Eval at step 241000, survival=34.623%, return=[-5.61188700835919, 428.7984191700816, -44.714893650671, -86.23809523809565]
SPS=99
Eval at step 241500, survival=14.881%, return=[-2.9293130685400683, 169.1359467357397, -254.1160071734339, -46.285714285714285]
SPS=99
Eval at step 242000, survival=14.881%, return=[-3.013161580223823, 165.07676526904106, -270.95853683771566, -45.904761904761905]
SPS=99
Eval at step 242500, survival=14.881%, return=[-2.9775232663669158, 167.38489523530006, -273.6012187018059, -45.85714285714287]
SPS=99
Eval at step 243000, survival=14.881%, return=[-2.9846960965369362, 166.81967371702194, -275.081663725432, -45.904761904761905]
SPS=99
Eval at step 243500, survival=14.881%, return=[-3.00444472397794, 165.99431309103966, -266.5405929973349, -45.904761904761905]
SPS=99
Eval at step 244000, survival=34.772%, return=[-5.505382616480347, 435.46664318442345, -63.4122306102654, -85.42857142857174]
SPS=99
Eval at step 244500, survival=34.623%, return=[-5.623061174526811, 428.4405890852213, -59.370552539185155, -84.3809523809527]
SPS=99
Eval at step 245000, survival=40.476%, return=[-6.621280236460734, 494.50052056089044, -110.33442594940425, -99.8571428571429]
SPS=100
Eval at step 245500, survival=36.359%, return=[-6.124551695538685, 444.727482765913, -24.41473519656938, -85.33333333333373]
SPS=100
Eval at step 246000, survival=54.861%, return=[-10.397925147922555, 580.297817941755, -749.4008832637761, -150.55555555555594]
SPS=100
Eval at step 246500, survival=39.187%, return=[-6.796354076301213, 462.4438776522875, -183.50134360734955, -95.00000000000021]
SPS=100
Eval at step 247000, survival=37.004%, return=[-6.183837311167736, 455.24967040121555, -65.71034287955626, -87.3809523809528]
SPS=100
Eval at step 247500, survival=100.000%, return=[-13.722513508003127, 1296.1028885593016, -119.29218237447155, -249.0000000000027]
SPS=100
Eval at step 248000, survival=100.000%, return=[-13.274866422492778, 1306.5726427386205, -118.52428881218657, -250.39682539682806]
SPS=100
Eval at step 248500, survival=100.000%, return=[-12.919735142679807, 1317.5741809755564, -111.58216793778895, -258.76190476190806]
SPS=100
Eval at step 249000, survival=100.000%, return=[-12.735349325608695, 1329.189584294955, -101.27123665253748, -259.73015873016215]
SPS=100
Eval at step 249500, survival=100.000%, return=[-12.73314448989307, 1328.4899920920532, -99.38437888975386, -260.4761904761934]
SPS=100
Eval at step 250000, survival=100.000%, return=[-12.935833433274334, 1321.3901468614738, -105.9343390020452, -254.76190476190757]
SPS=100
Eval at step 250500, survival=49.306%, return=[-8.192134457058273, 616.6705653965473, -67.83901732735103, -119.38095238095298]
SPS=100
Eval at step 251000, survival=49.157%, return=[-8.142889415369913, 611.4216786076626, -63.57362602167996, -122.5396825396832]
SPS=100
Eval at step 251500, survival=49.157%, return=[-8.313185997365508, 609.8567902296782, -64.32875807557139, -117.5238095238102]
SPS=100
Eval at step 252000, survival=49.355%, return=[-8.405494871432893, 610.2378496527672, -63.63755998370834, -118.1428571428578]
SPS=100
Eval at step 252500, survival=49.355%, return=[-8.421256997195693, 609.0442636112372, -63.01701817215265, -118.69841269841349]
SPS=100
Eval at step 253000, survival=49.901%, return=[-8.539978248125408, 612.6271761655807, -69.87378177553182, -121.95238095238166]
SPS=100
Eval at step 253500, survival=100.000%, return=[-13.440308537440918, 1302.5241321474314, -111.03867910392485, -250.12698412698657]
SPS=100
Eval at step 254000, survival=100.000%, return=[-13.413356514288656, 1300.5845170517762, -108.04869139500927, -246.25396825397013]
SPS=100
Eval at step 254500, survival=49.603%, return=[-8.38258084008703, 613.3408191651106, -62.30467303024852, -121.90476190476245]
SPS=100
Eval at step 255000, survival=49.950%, return=[-8.557569239928853, 616.6294485926628, -66.1122087284457, -121.85714285714351]
SPS=100
Eval at step 255500, survival=100.000%, return=[-13.475497202161932, 1313.536863014102, -107.49404342604976, -238.04761904762086]
SPS=100
Eval at step 256000, survival=100.000%, return=[-13.247409092291491, 1308.2163650393486, -111.1475575245034, -248.00000000000145]
SPS=100
Eval at step 256500, survival=35.665%, return=[-5.637027106422465, 448.7011263631284, -47.326392269606, -91.14285714285752]
SPS=100
Eval at step 257000, survival=34.623%, return=[-5.426155589579139, 434.907919280231, -47.45313981795334, -89.95238095238123]
SPS=100
Eval at step 257500, survival=34.772%, return=[-5.443473839841317, 437.0610647648573, -52.960150889266515, -90.42857142857171]
SPS=100
Eval at step 258000, survival=34.921%, return=[-5.505182797438465, 437.45160618051887, -48.26381805251003, -90.85714285714316]
SPS=100
Eval at step 258500, survival=34.772%, return=[-5.482923331554048, 439.35405761003494, -19.88463780915481, -88.80952380952415]
SPS=101
Eval at step 259000, survival=100.000%, return=[-13.279666895696815, 1308.9066498627265, -106.76093991628174, -249.0317460317481]
SPS=101
Eval at step 259500, survival=100.000%, return=[-13.382671878585825, 1305.134441504876, -106.10736926399113, -243.8571428571444]
SPS=100
Eval at step 260000, survival=100.000%, return=[-13.193465167161776, 1298.094778334101, -92.80539419734244, -246.9682539682552]
SPS=100
Eval at step 260500, survival=48.264%, return=[-7.500553429592401, 602.224700435996, -33.325439874406584, -123.9999999999996]
SPS=101
Eval at step 261000, survival=54.117%, return=[-8.520470454163538, 668.2026534924904, -40.2522115483589, -141.25396825396757]
SPS=101
Eval at step 261500, survival=47.470%, return=[-7.901029454136733, 567.9489868283272, -43.853671136748744, -120.33333333333307]
SPS=101
Eval at step 262000, survival=39.633%, return=[-6.701657409663312, 483.22645553946495, -44.89220041097724, -104.71428571428613]
SPS=101
Eval at step 262500, survival=100.000%, return=[-12.951464293476116, 1323.0064718772967, -101.71036469466344, -256.3174603174631]
SPS=101
Eval at step 263000, survival=47.421%, return=[-7.736315882764757, 600.8847172260284, -45.95233307301896, -116.19047619047679]
SPS=101
Eval at step 263500, survival=100.000%, return=[-13.028373336836617, 1321.5695635080338, -104.45121268283401, -256.0476190476219]
SPS=101
Eval at step 264000, survival=100.000%, return=[-13.054912379157031, 1319.844289034605, -104.49551243336828, -255.5714285714313]
SPS=101
Eval at step 264500, survival=100.000%, return=[-13.103616770444205, 1316.13368922472, -107.98745329295343, -255.80952380952655]
SPS=101
Eval at step 265000, survival=100.000%, return=[-13.624810201668879, 1285.8147709717352, -133.28797797022466, -258.0476190476224]
SPS=101
Eval at step 265500, survival=34.623%, return=[-5.520392337348312, 439.7240446098149, -27.673060454253573, -84.38095238095283]
SPS=101
Eval at step 266000, survival=35.317%, return=[-7.637529680398681, 379.86962973698974, -853.999218016761, -120.76190476190463]
SPS=101
Eval at step 266500, survival=35.317%, return=[-5.705720598110929, 437.46626556292176, -71.2967341725016, -88.23809523809568]
SPS=101
Eval at step 267000, survival=35.020%, return=[-5.5680956794531085, 444.14819979667664, -29.181132811590942, -85.4285714285719]
SPS=101
Eval at step 267500, survival=100.000%, return=[-12.259773482190212, 1322.469627926747, -38.77287186722848, -245.93650793650855]
SPS=101
Eval at step 268000, survival=100.000%, return=[-12.107193127070786, 1325.3731002807617, -45.81486196424521, -247.0000000000003]
SPS=101
Eval at step 268500, survival=100.000%, return=[-12.272122469410533, 1319.9993853022654, -57.83659232620266, -243.60317460317478]
SPS=101
Eval at step 269000, survival=36.359%, return=[-5.984792151779402, 456.1751917153597, -55.40033239813056, -82.8095238095243]
SPS=101
Eval at step 269500, survival=36.359%, return=[-6.04713246965548, 454.1132041066885, -63.135822347248904, -81.80952380952448]
SPS=101
Eval at step 270000, survival=39.583%, return=[-6.9563469019291615, 474.2114568551381, -73.30775424847161, -88.07936507936569]
SPS=101
Eval at step 270500, survival=100.000%, return=[-13.605332736071432, 1300.6319238841534, -126.07810509400224, -244.38095238095514]
SPS=101
Eval at step 271000, survival=100.000%, return=[-13.51633699646724, 1307.706927160422, -119.99158124543708, -247.42857142857432]
SPS=101
Eval at step 271500, survival=100.000%, return=[-13.545413834925663, 1306.90562445422, -113.63094486101545, -246.8095238095267]
SPS=101
Eval at step 272000, survival=100.000%, return=[-13.68208548782665, 1296.7110737413168, -118.26442791547986, -244.5238095238121]
SPS=101
Eval at step 272500, survival=100.000%, return=[-13.236140569041405, 1297.1123759796221, -92.09175988740147, -245.8253968253988]
SPS=101
Eval at step 273000, survival=100.000%, return=[-13.018835640502706, 1290.374892314275, -102.5876074705775, -251.06349206349395]
SPS=101
Eval at step 273500, survival=100.000%, return=[-12.802346531680087, 1306.4358697036903, -101.20010264911495, -250.2222222222239]
SPS=101
Eval at step 274000, survival=100.000%, return=[-12.916974989784649, 1297.3341276347637, -102.61575660277231, -254.66666666666868]
SPS=101
Eval at step 274500, survival=39.187%, return=[-6.6959097617072985, 472.4564181640744, -93.12368782455451, -94.80952380952415]
SPS=101
Eval at step 275000, survival=73.065%, return=[-13.69958712599085, 822.0258703206977, -361.05116866479875, -182.98412698412903]
SPS=101
Eval at step 275500, survival=100.000%, return=[-14.847037317997698, 1228.628933255871, -176.41889088823518, -241.857142857146]
SPS=101
Eval at step 276000, survival=34.772%, return=[-5.799873936979566, 424.07398330420256, -70.73169801573385, -81.4285714285719]
SPS=101
Eval at step 276500, survival=78.489%, return=[-11.757514919697618, 965.9116549665729, -134.1023006811641, -185.41269841270073]
SPS=101
Eval at step 277000, survival=100.000%, return=[-13.929552800284, 1260.6636237055063, -133.64748491754654, -235.95238095238287]
SPS=101
Eval at step 277500, survival=100.000%, return=[-13.317098795892283, 1282.7137716561556, -121.5286170829495, -242.11111111111327]
SPS=101
Eval at step 278000, survival=35.417%, return=[-5.530012131358187, 441.0795881450176, -84.54675418280506, -91.74603174603222]
SPS=101
Eval at step 278500, survival=100.000%, return=[-13.372267992303629, 1285.3573914120595, -97.7134144030424, -246.4761904761922]
SPS=101
Eval at step 279000, survival=47.470%, return=[-8.451585138507653, 562.3645523190498, -85.77748956109644, -115.38095238095366]
SPS=101
Eval at step 279500, survival=47.669%, return=[-8.365458522341214, 570.4175159186125, -73.2194933239407, -115.9047619047629]
SPS=101
Eval at step 280000, survival=39.931%, return=[-6.999986451992299, 482.5154342353344, -58.85292589688106, -93.90476190476285]
SPS=101
Eval at step 280500, survival=47.569%, return=[-8.447279894976722, 568.4441293627024, -79.07021620150772, -112.42857142857251]
SPS=101
Eval at step 281000, survival=39.683%, return=[-6.818637815944385, 485.61783803999424, -45.51621719481773, -94.38095238095305]
SPS=101
Eval at step 281500, survival=61.954%, return=[-11.742744393646717, 704.3788293600082, -146.77542888137395, -153.0476190476204]
SPS=101
Eval at step 282000, survival=47.470%, return=[-8.424709120066836, 562.2246660143137, -70.31325869334978, -115.4761904761912]
SPS=101
Eval at step 282500, survival=39.583%, return=[-6.796093545795884, 481.37040489912033, -48.89346451716847, -96.76190476190546]
SPS=101
Eval at step 283000, survival=14.881%, return=[-2.9990554420801345, 168.29451861977577, -252.83859384828247, -44.952380952380956]
SPS=102
Eval at step 283500, survival=14.931%, return=[-2.976884462754242, 168.09648486971855, -275.33153766649775, -45.904761904761905]
SPS=102
Eval at step 284000, survival=14.931%, return=[-2.976884462754242, 168.09648486971855, -275.33153766649775, -45.904761904761905]
SPS=102
Eval at step 284500, survival=14.931%, return=[-3.003434511483647, 168.17500576376915, -264.88307406893, -45.23809523809524]
SPS=102
Eval at step 285000, survival=34.623%, return=[-5.559114270028658, 432.8586008772254, -57.54526539793005, -82.23809523809572]
SPS=102
Eval at step 285500, survival=36.359%, return=[-6.098864054365549, 446.12247847020626, -29.745244734604057, -83.38095238095286]
SPS=102
Eval at step 286000, survival=36.359%, return=[-6.021502672752831, 453.1712422221899, -30.28622707402974, -85.38095238095282]
SPS=102
Eval at step 286500, survival=34.623%, return=[-5.427867018559482, 444.35331024602056, -35.29032593098236, -85.19047619047664]
SPS=102
Eval at step 287000, survival=34.772%, return=[-5.118043242197018, 459.8427329957485, -22.139217801304767, -87.38095238095299]
SPS=102
Eval at step 287500, survival=100.000%, return=[-12.893209958342291, 1327.4244409998257, -115.31331441772636, -249.8412698412723]
SPS=102
Eval at step 288000, survival=100.000%, return=[-12.592123413662193, 1340.4884228308995, -99.2216359230709, -249.0634920634942]
SPS=102
Eval at step 288500, survival=100.000%, return=[-12.56627220690522, 1338.5049661596615, -102.4110674677407, -249.23809523809723]
SPS=102
Eval at step 289000, survival=100.000%, return=[-12.273925681976834, 1338.5089609324932, -104.95769595210125, -253.61904761904964]
SPS=102
Eval at step 289500, survival=100.000%, return=[-12.715288171961825, 1315.6463743646939, -110.2317486490756, -253.76190476190672]
SPS=102
Eval at step 290000, survival=100.000%, return=[-12.332092846016167, 1329.8235729038715, -111.43415572034428, -256.0952380952401]
SPS=102
Eval at step 290500, survival=100.000%, return=[-12.40045771909839, 1330.7219407210748, -105.08149037184921, -254.38095238095414]
SPS=102
Eval at step 291000, survival=100.000%, return=[-13.043251444828153, 1322.2626892328262, -115.68813379564745, -248.0476190476212]
SPS=102
Eval at step 291500, survival=100.000%, return=[-13.012329907631889, 1321.4202967186768, -123.04294835902208, -248.60317460317685]
SPS=102
Eval at step 292000, survival=100.000%, return=[-13.179188312526094, 1315.8768917322159, -114.46435057203416, -246.1746031746051]
SPS=102
Eval at step 292500, survival=100.000%, return=[-13.350704490934731, 1315.5050536692142, -114.67465703569663, -243.5714285714307]
SPS=102
Eval at step 293000, survival=100.000%, return=[-13.572881087864516, 1293.9114531427622, -109.78526299601072, -243.0476190476211]
SPS=102
Eval at step 293500, survival=100.000%, return=[-13.378894881238617, 1307.113334869345, -94.5534761085825, -243.07936507936697]
SPS=102
Eval at step 294000, survival=64.468%, return=[-11.517912573472131, 784.7965994079908, -105.42097448531422, -158.95238095238201]
SPS=102
Eval at step 294500, survival=100.000%, return=[-13.543076114253685, 1302.5019777417183, -110.69593578055598, -245.80952380952627]
SPS=102
Eval at step 295000, survival=100.000%, return=[-13.700654084648704, 1290.1060511718194, -120.58833752703019, -246.68253968254217]
SPS=102
Eval at step 295500, survival=100.000%, return=[-13.741265832339801, 1283.1199486205976, -131.53725329022564, -249.34920634920903]
SPS=102
Eval at step 296000, survival=100.000%, return=[-13.199004201887874, 1295.873171587785, -112.31735355303196, -252.12698412698595]
SPS=102
Eval at step 296500, survival=48.512%, return=[-7.796544478624128, 610.6706662476063, -48.19769969646586, -122.23809523809548]
SPS=102
Eval at step 297000, survival=100.000%, return=[-11.631753445399227, 1363.5509368032217, -108.97604906989727, -254.04761904762066]
SPS=102
Eval at step 297500, survival=100.000%, return=[-11.321863594843308, 1376.0708474367857, -82.57824101136066, -252.2857142857148]
SPS=102
Eval at step 298000, survival=100.000%, return=[-11.831018563156249, 1353.3134134411812, -77.46507911157096, -249.61904761904808]
SPS=102
Eval at step 298500, survival=100.000%, return=[-12.530259159286894, 1324.7267757852871, -90.37498312973185, -246.6031746031753]
SPS=102
Eval at step 299000, survival=100.000%, return=[-13.163932844036026, 1302.7831124216318, -105.73204790445743, -242.19047619047726]
SPS=102
Eval at step 299500, survival=100.000%, return=[-13.340058770564307, 1292.938050215443, -111.39433651395545, -241.7619047619061]
SPS=102
Eval at step 300000, survival=100.000%, return=[-13.24416921925149, 1301.55222953856, -87.27159366413616, -241.38095238095352]
SPS=102
Eval at step 300500, survival=100.000%, return=[-13.127516054461012, 1303.71102309227, -73.73175016749883, -240.1904761904772]
SPS=102
Eval at step 301000, survival=100.000%, return=[-14.993935117294313, 1228.6798738092184, -176.14421509744716, -228.73015873016143]
SPS=102
Eval at step 301500, survival=38.823%, return=[-6.470553529448807, 457.91408427928883, -189.8219957430168, -100.19047619047664]
SPS=102
Eval at step 302000, survival=47.222%, return=[-7.999282792326994, 521.6411792002618, -475.2206843030581, -134.2857142857148]
SPS=102
Eval at step 302500, survival=40.179%, return=[-6.726498418604024, 462.8754451312125, -235.18209319736343, -107.04761904761953]
SPS=102
Eval at step 303000, survival=34.772%, return=[-5.808770989940967, 420.6929284706712, -42.00963151437463, -84.42857142857184]
SPS=102
Eval at step 303500, survival=34.623%, return=[-5.871874271620375, 417.0194714007278, -37.06828255918784, -83.2539682539687]
SPS=102
Eval at step 304000, survival=34.623%, return=[-5.836611649370752, 418.228555906564, -43.17108713003108, -83.90476190476235]
SPS=102
Eval at step 304500, survival=34.623%, return=[-5.75054817320779, 423.71237954869866, -42.057573115307605, -83.47619047619092]
SPS=102
Eval at step 305000, survival=100.000%, return=[-14.058822086187623, 1263.7891770104568, -124.52827469440915, -236.7936507936527]
SPS=102
Eval at step 305500, survival=100.000%, return=[-14.002755841482818, 1267.0777385532856, -133.1489699014734, -235.61904761904964]
SPS=102
Eval at step 306000, survival=100.000%, return=[-14.768037739219531, 1245.7446330040693, -147.46572108201994, -234.44444444444653]
SPS=102
Eval at step 306500, survival=100.000%, return=[-15.128476970508927, 1232.8250568856795, -153.8831965042967, -233.74603174603376]
SPS=102
Eval at step 307000, survival=100.000%, return=[-14.565504042383205, 1253.1551540344954, -141.85847878519175, -239.65079365079555]
SPS=102
Eval at step 307500, survival=100.000%, return=[-14.225369508659545, 1264.9642314314842, -128.89076842287977, -241.8253968253988]
SPS=102
Eval at step 308000, survival=100.000%, return=[-14.119842076004716, 1266.8109414577484, -133.4805486336154, -243.6031746031772]
SPS=102
Eval at step 308500, survival=47.222%, return=[-7.7312931684427895, 536.230859943976, -468.69439973845147, -134.66666666666728]
SPS=102
Eval at step 309000, survival=34.623%, return=[-5.640707761864178, 426.94310370087624, -38.913414316193666, -84.38095238095282]
SPS=102
Eval at step 309500, survival=34.921%, return=[-5.828368260757998, 422.7809532247484, -50.48020665766671, -84.66666666666711]
SPS=102
Eval at step 310000, survival=34.921%, return=[-5.888686771970242, 423.6377335116267, -50.974898277345346, -83.33333333333388]
SPS=102
Eval at step 310500, survival=35.466%, return=[-6.040149281732738, 428.61398146177334, -86.56931227251941, -84.2380952380957]
SPS=102
Eval at step 311000, survival=34.772%, return=[-5.865252210001927, 421.5070510804653, -83.31842100640642, -83.09523809523841]
SPS=102
Eval at step 311500, survival=35.466%, return=[-6.08998923614854, 428.3212094567716, -65.60025320432032, -83.5714285714291]
SPS=102
Eval at step 312000, survival=64.782%, return=[-10.588182308002919, 752.6713707149029, -404.5289030640076, -163.2698412698428]
SPS=102
Eval at step 312500, survival=34.623%, return=[-5.801634673844092, 422.89412535727024, -43.951555821640795, -82.85714285714336]
SPS=103
Eval at step 313000, survival=34.921%, return=[-5.830062931810971, 426.6239373758435, -44.60830893463935, -83.6190476190481]
SPS=103
Eval at step 313500, survival=34.623%, return=[-5.782208270160481, 423.7501977235079, -29.302142640081, -82.66666666666711]
SPS=103
Eval at step 314000, survival=34.623%, return=[-5.759354010534783, 422.6995342200001, -32.85561616644069, -82.69841269841315]
SPS=103
Eval at step 314500, survival=34.623%, return=[-5.784596516925376, 422.3657175824046, -38.92078256132663, -82.428571428572]
SPS=103
Eval at step 315000, survival=34.623%, return=[-5.784023111278657, 422.59613110125065, -59.360827515192796, -81.42857142857193]
SPS=103
Eval at step 315500, survival=34.772%, return=[-5.79535929026315, 424.23782408982515, -58.50171217660318, -83.23809523809575]
SPS=103
Eval at step 316000, survival=34.623%, return=[-5.768337010114919, 421.16691486537457, -62.69193193549654, -83.33333333333377]
SPS=103
Eval at step 316500, survival=40.179%, return=[-6.950464748602826, 459.97171150892973, -274.2585943221093, -106.85714285714344]
SPS=103
Eval at step 317000, survival=40.179%, return=[-6.711144036788028, 469.6441225223243, -284.55102893844014, -107.80952380952453]
SPS=103
Eval at step 317500, survival=35.516%, return=[-4.678720152762253, 485.49267560616136, -64.8507724548108, -89.76190476190556]
SPS=103
Eval at step 318000, survival=39.683%, return=[-5.341771378123667, 537.6841138452291, -74.41520726773888, -100.23809523809602]
SPS=103
Eval at step 318500, survival=35.913%, return=[-5.048398620060955, 478.13377076076966, -76.21201809524791, -89.41269841269934]
SPS=103
Eval at step 319000, survival=40.179%, return=[-6.133760614146013, 494.61596099473536, -277.25532956887037, -109.28571428571509]
SPS=103
Eval at step 319500, survival=36.260%, return=[-6.1228914894745685, 444.47977440059185, -73.65806440730012, -85.52380952381027]
SPS=104
Eval at step 320000, survival=47.272%, return=[-8.118555684729168, 533.5638968081524, -458.6535477404929, -125.90476190476271]
SPS=104
Eval at step 320500, survival=36.508%, return=[-6.146010372845922, 448.62090539187193, -81.03160107770236, -81.95238095238159]
SPS=104
Eval at step 321000, survival=35.962%, return=[-5.941410139222474, 444.42790701426566, -67.36381011418416, -80.9365079365085]
SPS=104
Eval at step 321500, survival=36.177%, return=[-6.010267783499633, 445.32381165275973, -68.23552032141986, -81.95238095238155]
SPS=104
Eval at step 322000, survival=36.210%, return=[-6.188351420103572, 443.17525148391724, -66.97211482896819, -79.85714285714367]
SPS=104
Eval at step 322500, survival=36.210%, return=[-6.215975713159423, 441.55847123265266, -68.71032475080938, -80.2857142857151]
SPS=104
Eval at step 323000, survival=100.000%, return=[-14.419373835175065, 1264.4607964903116, -151.27979343713378, -233.47619047619347]
SPS=104
Eval at step 323500, survival=100.000%, return=[-14.44973965382087, 1261.0300434231758, -155.5267739363626, -234.95238095238403]
SPS=104
Eval at step 324000, survival=100.000%, return=[-14.483543338807067, 1250.9928254187107, -170.66717607114697, -235.80952380952712]
SPS=104
Eval at step 324500, survival=100.000%, return=[-13.20091525586516, 1302.768673290809, -102.09744014429816, -243.7301587301606]
SPS=104
Eval at step 325000, survival=100.000%, return=[-12.883283196298484, 1316.4877292414506, -91.10505852095837, -245.1587301587315]
SPS=104
Eval at step 325500, survival=100.000%, return=[-13.10801692554378, 1302.6200581490993, -121.65995581664902, -250.19047619047834]
SPS=104
Eval at step 326000, survival=100.000%, return=[-13.154113943620663, 1315.0932697405417, -105.64476422070584, -245.34920634920863]
SPS=104
Eval at step 326500, survival=100.000%, return=[-13.724505155842053, 1295.693188925584, -118.35397708867579, -238.77777777778002]
SPS=104
Eval at step 327000, survival=34.623%, return=[-5.700478283455595, 428.3275316692889, -62.98106860878761, -84.09523809523854]
SPS=104
Eval at step 327500, survival=47.867%, return=[-8.077136610188367, 532.3667656524727, -531.7684121833008, -137.8412698412706]
SPS=104
Eval at step 328000, survival=34.623%, return=[-5.241627672483446, 391.04923535883427, -783.7218361162377, -113.90476190476136]
SPS=104
Eval at step 328500, survival=34.623%, return=[-5.271591202908894, 394.26638346910477, -787.9798903270421, -111.7142857142852]
SPS=104
Eval at step 329000, survival=34.673%, return=[-5.257411741573985, 394.2604407469432, -786.1602733420053, -113.6507936507931]
SPS=104
Eval at step 329500, survival=34.623%, return=[-5.4143086793483235, 444.48437747731805, -38.74001071206294, -86.85714285714329]
SPS=104
Eval at step 330000, survival=100.000%, return=[-13.524936004338088, 1292.5954174399376, -123.20152855980268, -245.7619047619071]
SPS=104
Eval at step 330500, survival=57.870%, return=[-8.17311713214925, 753.9150369279087, -74.77544420231425, -143.12698412698532]
SPS=104
Eval at step 331000, survival=35.020%, return=[-5.230990426731296, 459.3792797625065, -40.47369233536301, -86.9523809523816]
SPS=104
Eval at step 331500, survival=34.623%, return=[-5.427517624979373, 443.4674470052123, -44.07719877664931, -84.76190476190528]
SPS=104
Eval at step 332000, survival=34.623%, return=[-5.4464048287482, 442.3196994140744, -43.91259056690615, -86.00000000000051]
SPS=104
Eval at step 332500, survival=34.623%, return=[-5.219353864114964, 398.8355285525322, -775.093599471802, -111.76190476190425]
SPS=104
Eval at step 333000, survival=16.369%, return=[-2.9927468021633103, 189.27500933408737, -308.9669203781523, -51.19047619047624]
SPS=104
Eval at step 333500, survival=16.369%, return=[-2.9923352279001847, 189.90993440151215, -302.99893831601366, -51.000000000000036]
SPS=105
Eval at step 334000, survival=34.623%, return=[-5.1349623936694115, 448.12288116663694, -57.631631527274294, -90.57142857142888]
SPS=105
Eval at step 334500, survival=100.000%, return=[-12.696299076351957, 1325.8488069474697, -149.42395750367723, -249.41269841270116]
SPS=105
Eval at step 335000, survival=34.623%, return=[-4.974620015758167, 399.53661572933197, -781.5852122583843, -111.99999999999947]
SPS=105
Eval at step 335500, survival=34.623%, return=[-4.853763599443482, 400.4570605158806, -779.4426634163392, -112.28571428571377]
SPS=105
Eval at step 336000, survival=34.772%, return=[-4.910828798543662, 401.788164049387, -773.0131809772865, -112.71428571428517]
SPS=105
Eval at step 336500, survival=34.772%, return=[-4.90579603909282, 401.0606105029583, -781.8253404913412, -112.71428571428517]
SPS=105
Eval at step 337000, survival=35.020%, return=[-5.035756209021201, 463.7787105863293, -38.29743362691564, -87.73015873015909]
SPS=105
Eval at step 337500, survival=36.508%, return=[-5.481883595813997, 472.8411697521806, -46.07366303660456, -89.47619047619087]
SPS=105
Eval at step 338000, survival=36.508%, return=[-5.6346033728914335, 465.5078196004033, -44.675494576022174, -89.0476190476195]
SPS=105
Eval at step 338500, survival=34.623%, return=[-5.362439796561375, 443.127536945045, -35.47592903327313, -84.47619047619094]
SPS=105
Eval at step 339000, survival=34.623%, return=[-5.1820972466957755, 449.6378782838583, -36.602810820622835, -86.76190476190517]
SPS=105
Eval at step 339500, survival=34.772%, return=[-4.9322513827937655, 398.7177166044712, -797.3789437614323, -112.7619047619042]
SPS=105
Eval at step 340000, survival=34.623%, return=[-4.925186433606238, 395.40339799722034, -791.8475954743675, -112.80952380952328]
SPS=105
Eval at step 340500, survival=34.623%, return=[-4.900695450109197, 394.0380694270134, -794.9485741009266, -114.09523809523755]
SPS=105
Eval at step 341000, survival=34.772%, return=[-5.353051526210038, 438.56603863090277, -71.11460802676447, -82.5714285714291]
SPS=105
Eval at step 341500, survival=100.000%, return=[-14.358230167776734, 1241.2292356242735, -134.02199157064993, -233.26984126984257]
SPS=105
Eval at step 342000, survival=34.623%, return=[-5.24424006571644, 440.9712777584791, -63.16793840327591, -82.52380952381004]
SPS=105
Eval at step 342500, survival=34.623%, return=[-4.875201759772608, 399.5107327699661, -786.2846118724701, -112.52380952380899]
SPS=106
Eval at step 343000, survival=34.623%, return=[-4.882392613304546, 399.0186377167702, -786.1438265513425, -112.38095238095185]
SPS=106
Eval at step 343500, survival=16.766%, return=[-3.03380182874389, 192.9688977599144, -321.26099173910916, -52.57142857142863]
SPS=106
Eval at step 344000, survival=34.623%, return=[-5.336238208110444, 436.8518173247576, -63.3762768156339, -85.47619047619078]
SPS=106
Eval at step 344500, survival=16.485%, return=[-3.062068898589738, 187.26736712952456, -315.57082000072114, -51.5555555555556]
SPS=106
Eval at step 345000, survival=47.470%, return=[-8.550106034963392, 549.4638431171576, -71.39991535012693, -112.74603174603226]
SPS=106
Eval at step 345500, survival=47.470%, return=[-8.460599270911189, 553.9629257619381, -64.83910042117714, -112.71428571428606]
SPS=106
Eval at step 346000, survival=34.921%, return=[-5.44999962678412, 437.05761819705367, -49.3209364843824, -85.42857142857166]
SPS=106
Eval at step 346500, survival=34.623%, return=[-5.257830001297407, 441.7455428354442, -37.517466946246714, -86.85714285714316]
SPS=106
Eval at step 347000, survival=40.179%, return=[-6.299888858018676, 480.0025014616549, -242.8923323017989, -107.33333333333366]
SPS=106
Eval at step 347500, survival=64.286%, return=[-11.773383463267237, 745.7601171433926, -136.87180013637771, -159.19047619047745]
SPS=106
Eval at step 348000, survival=34.623%, return=[-5.257026671664789, 441.2260545901954, -39.71486051750617, -87.33333333333366]
SPS=106
Eval at step 348500, survival=34.623%, return=[-5.106479592242977, 451.46002332121134, -28.72821451848722, -88.09523809523851]
SPS=106
Eval at step 349000, survival=39.534%, return=[-6.43652191691217, 494.96365973353386, -45.939075602946104, -98.19047619047667]
SPS=106
Eval at step 349500, survival=39.583%, return=[-6.744840647326782, 481.1740289181471, -58.71434489148669, -94.19047619047649]
SPS=106
Eval at step 350000, survival=39.534%, return=[-6.813663843320683, 478.92022715012234, -67.97496978309937, -94.88888888888953]
SPS=106
Eval at step 350500, survival=39.534%, return=[-6.560111615632195, 491.67134842276573, -48.50067931722151, -98.76190476190531]
SPS=107
Eval at step 351000, survival=48.264%, return=[-8.174793226615293, 596.4913933724165, -64.71045957674505, -121.04761904761996]
SPS=107
Eval at step 351500, survival=100.000%, return=[-13.130796714448175, 1313.9292216300964, -112.55352496031264, -253.22222222222481]
SPS=107
Eval at step 352000, survival=34.921%, return=[-5.309245765238302, 448.8359434530139, -40.685953587526456, -91.47619047619084]
SPS=107
Eval at step 352500, survival=48.611%, return=[-7.261798349645687, 595.4787504002452, -446.30894613810597, -143.2857142857145]
SPS=107
Eval at step 353000, survival=48.562%, return=[-7.2764252199461525, 592.9404535119733, -443.0135701184857, -142.76190476190493]
SPS=107
Eval at step 353500, survival=34.623%, return=[-5.353388519404689, 435.674239423126, -32.41269357229006, -89.28571428571463]
SPS=107
Eval at step 354000, survival=34.772%, return=[-5.378667607340806, 437.4041454382241, -40.819008860174414, -90.11111111111144]
SPS=107
Eval at step 354500, survival=34.623%, return=[-5.339075670199236, 438.74628200754523, -36.96849719062811, -88.04761904761938]
SPS=107
Eval at step 355000, survival=34.623%, return=[-5.3568116412789095, 439.96673717722297, -37.771207701825915, -87.19047619047656]
SPS=107
Eval at step 355500, survival=34.772%, return=[-5.372922687781586, 441.5341965854168, -48.00680838374319, -88.30158730158769]
SPS=107
Eval at step 356000, survival=34.921%, return=[-5.344590031629195, 445.2612636499107, -49.82977764957468, -90.04761904761942]
SPS=107
Eval at step 356500, survival=100.000%, return=[-14.052697167828834, 1259.8381344427664, -176.69353644614603, -247.06349206349515]
SPS=107
Eval at step 357000, survival=40.179%, return=[-6.26730673055863, 485.87529349699616, -239.17894552228972, -111.28571428571472]
SPS=107
Eval at step 357500, survival=47.917%, return=[-7.574147027296324, 551.3102330279847, -500.71178882179083, -142.396825396826]
SPS=107
Eval at step 358000, survival=40.179%, return=[-6.290981781698065, 484.71861657872796, -235.5270732063218, -110.76190476190514]
SPS=107
Eval at step 358500, survival=40.179%, return=[-6.344738754996797, 482.32209655021626, -233.02449255201887, -110.73015873015909]
SPS=107
Eval at step 359000, survival=100.000%, return=[-14.260931469752299, 1256.6621800313394, -160.7255789470461, -245.2698412698445]
SPS=107
Eval at step 359500, survival=100.000%, return=[-14.210644238744862, 1251.5310997664928, -157.10932939364284, -249.42857142857474]
SPS=107
Eval at step 360000, survival=100.000%, return=[-14.300461574253859, 1241.5132576972246, -151.95736308598498, -250.5714285714317]
SPS=107
Eval at step 360500, survival=35.466%, return=[-5.464622902945848, 445.7303696870804, -61.2512730700837, -89.80952380952404]
SPS=107
Eval at step 361000, survival=34.325%, return=[-5.1906584053940605, 438.44860131293535, -28.902510812276887, -85.04761904761935]
SPS=107
Eval at step 361500, survival=34.325%, return=[-5.260289003606886, 435.2446118667722, -24.561757462943206, -86.90476190476231]
SPS=107
Eval at step 362000, survival=34.325%, return=[-5.283787815385343, 434.58074396600324, -23.801145141636272, -86.34920634920678]
SPS=107
Eval at step 362500, survival=100.000%, return=[-14.316757109840788, 1235.2942821780841, -179.78981376528586, -252.7142857142885]
SPS=107
Eval at step 363000, survival=100.000%, return=[-14.107421950713615, 1249.9735103646915, -163.08749880479203, -255.7777777777816]
SPS=107
Eval at step 363500, survival=16.716%, return=[-3.0753091145306826, 190.42898128926754, -309.3512873467989, -51.85714285714291]
SPS=107
Eval at step 364000, survival=16.319%, return=[-3.0376643845811486, 185.38698603212833, -308.54910557856783, -50.85714285714291]
SPS=108
Eval at step 364500, survival=16.319%, return=[-3.025409788591787, 185.81445613503456, -311.11073226318695, -51.000000000000036]
SPS=108
Eval at step 365000, survival=16.716%, return=[-3.0511041306890547, 190.62268459796906, -321.3660495192744, -52.380952380952436]
SPS=108
Eval at step 365500, survival=16.766%, return=[-3.060339858318912, 191.70689311623573, -311.7415674566291, -52.19047619047624]
SPS=108
Eval at step 366000, survival=16.716%, return=[-3.0510464578401297, 191.06042578816414, -310.3759606508538, -52.0476190476191]
SPS=108
Eval at step 366500, survival=16.716%, return=[-3.041805682471022, 191.54029363393784, -312.1918134810403, -51.904761904761955]
SPS=108
Eval at step 367000, survival=16.716%, return=[-3.0621103257872164, 191.35812920331955, -308.23496578261256, -51.42857142857147]
SPS=108
Eval at step 367500, survival=34.772%, return=[-5.260210066015134, 451.5123656466603, -46.61610265306081, -86.61904761904805]
SPS=108
Eval at step 368000, survival=34.623%, return=[-5.300927964563016, 445.96377846598625, -54.6336156965117, -84.52380952380983]
SPS=108
Eval at step 368500, survival=34.623%, return=[-5.2321597283298615, 449.0781455338001, -57.99185094656423, -83.71428571428616]
SPS=108
Eval at step 369000, survival=34.623%, return=[-5.252984819642734, 447.8164589256048, -54.22001730732518, -83.23809523809565]
SPS=108
Eval at step 369500, survival=100.000%, return=[-14.178814603345623, 1264.7750432441633, -194.73947320094643, -236.87301587301963]
SPS=108
Eval at step 370000, survival=100.000%, return=[-14.2952277152314, 1254.4241879383724, -185.49082326707625, -240.25396825397183]
SPS=108
Eval at step 370500, survival=100.000%, return=[-14.39476379493135, 1248.6606980413198, -187.26521375128263, -240.49206349206733]
SPS=108
Eval at step 371000, survival=100.000%, return=[-14.409913383569801, 1243.0712333420913, -169.2839446647789, -245.90476190476565]
SPS=108
Eval at step 371500, survival=78.505%, return=[-11.339596263278509, 979.2270383586487, -119.31496591418788, -196.0158730158754]
SPS=108
Eval at step 372000, survival=34.623%, return=[-5.4577248355490156, 433.9873615205288, -33.81982289152802, -87.28571428571463]
SPS=108
Eval at step 372500, survival=100.000%, return=[-14.245009941572789, 1245.2514398992062, -146.75421471889422, -248.80952380952695]
SPS=108
Eval at step 373000, survival=35.466%, return=[-5.524164164400038, 444.9161380628745, -56.15899396186554, -91.23809523809553]
SPS=108
Eval at step 373500, survival=49.702%, return=[-7.624262644909322, 597.5328812301159, -478.0284096116702, -146.19047619047635]
SPS=108
Eval at step 374000, survival=50.446%, return=[-7.719541682192357, 605.7260864377022, -500.5099961893575, -149.95238095238108]
SPS=108
Eval at step 374500, survival=100.000%, return=[-14.209015822658936, 1245.8229236205418, -149.7854443580824, -252.42857142857397]
SPS=108
Eval at step 375000, survival=100.000%, return=[-13.658647856878815, 1265.1549700200558, -136.71862982593666, -257.8095238095262]
SPS=108
Eval at step 375500, survival=16.071%, return=[-3.03007008813438, 184.67324063181877, -268.76216410892084, -49.47619047619051]
SPS=108
Eval at step 376000, survival=100.000%, return=[-12.678147024969803, 1307.9813759177923, -103.62341086360175, -261.28571428571644]
SPS=108
Eval at step 376500, survival=100.000%, return=[-12.873902018007357, 1301.522297327717, -115.26414541855047, -258.96825396825614]
SPS=108
Eval at step 377000, survival=100.000%, return=[-13.33807256819758, 1290.5644822567701, -144.3014611278583, -252.0952380952406]
SPS=108
Eval at step 377500, survival=34.623%, return=[-5.256029265845427, 443.4342443794012, -55.79990996309789, -88.71428571428602]
SPS=108
Eval at step 378000, survival=16.022%, return=[-3.0335713777167257, 183.51877349615097, -281.2649831105955, -48.80952380952383]
SPS=108
Eval at step 378500, survival=100.000%, return=[-14.181925650656922, 1262.763386130333, -190.4287877798197, -242.09523809524111]
SPS=108
Eval at step 379000, survival=100.000%, return=[-13.938918545444418, 1275.1404023369153, -162.72172592318384, -244.55555555555873]
SPS=108
Eval at step 379500, survival=100.000%, return=[-13.853339585116677, 1261.1680802007515, -172.18286843712727, -256.1269841269877]
SPS=108
Eval at step 380000, survival=100.000%, return=[-13.664350017808223, 1266.2769244760275, -178.11346821166808, -260.1904761904796]
SPS=108
Eval at step 380500, survival=100.000%, return=[-13.858663510385668, 1262.3283132563035, -176.66996398795163, -255.88888888889196]
SPS=108
Eval at step 381000, survival=100.000%, return=[-13.955857045104494, 1258.0335343033075, -170.85085550923395, -254.57142857143162]
SPS=108
Eval at step 381500, survival=100.000%, return=[-14.26777165645035, 1245.0260011702776, -174.30878725614699, -251.6190476190512]
SPS=108
Eval at step 382000, survival=100.000%, return=[-14.4393993417616, 1234.0575060943763, -203.9290230893433, -250.85714285714698]
SPS=108
Eval at step 382500, survival=16.716%, return=[-3.0071287471218966, 192.2022005021572, -320.35896376590244, -52.71428571428577]
SPS=108
Eval at step 383000, survival=100.000%, return=[-13.924375957217611, 1242.2099677671988, -244.94198008481666, -262.8571428571479]
SPS=108
Eval at step 383500, survival=100.000%, return=[-13.776277213114858, 1242.4932581384976, -247.85282902322555, -264.30158730159224]
SPS=108
Eval at step 384000, survival=100.000%, return=[-13.767155220237328, 1243.1323421150446, -245.54754050166594, -265.4285714285764]
SPS=108
Eval at step 384500, survival=16.468%, return=[-3.0367992510728072, 186.80282402038574, -315.2280233812053, -51.71428571428576]
SPS=108
Eval at step 385000, survival=16.319%, return=[-3.0251220464124344, 185.23688879609108, -309.41485243849456, -51.047619047619094]
SPS=108
Eval at step 385500, survival=16.121%, return=[-3.017868631694, 183.45178323984146, -296.87949515064247, -50.09523809523814]
SPS=108
Eval at step 386000, survival=48.016%, return=[-6.905307122021138, 592.7617251873016, -472.8461449128554, -140.2063492063493]
SPS=108
Eval at step 386500, survival=47.817%, return=[-7.148990977468202, 583.2591126188636, -433.7930209991464, -135.38095238095275]
SPS=108
Eval at step 387000, survival=47.917%, return=[-7.248632336219695, 579.5006742247691, -436.0843147372846, -135.6349206349211]
SPS=108
Eval at step 387500, survival=47.917%, return=[-7.078972224757308, 587.4812291208655, -439.229030086226, -135.90476190476232]
SPS=109
Eval at step 388000, survival=100.000%, return=[-13.511760562784426, 1288.8633473912876, -210.53853214771758, -241.682539682542]
SPS=108
Eval at step 388500, survival=38.376%, return=[-5.870763029059162, 473.784577185909, -205.49233912615819, -102.61904761904793]
SPS=109
Eval at step 389000, survival=16.121%, return=[-3.0120668163872324, 184.56163132190704, -301.73154304153286, -49.8571428571429]
SPS=109
Eval at step 389500, survival=16.617%, return=[-2.998553685902152, 191.7429987192154, -319.30131635279395, -51.904761904761955]
SPS=109
Eval at step 390000, survival=16.766%, return=[-3.0231419875926804, 192.38654744625092, -323.50399258430116, -52.761904761904816]
SPS=109
Eval at step 390500, survival=16.716%, return=[-3.0314933445188217, 192.54185646772385, -314.8279188887682, -52.0476190476191]
SPS=109
Eval at step 391000, survival=35.466%, return=[-5.599135131546063, 443.8220270425081, -84.5826857702923, -90.1904761904765]
SPS=109
Eval at step 391500, survival=40.179%, return=[-6.46488870785106, 477.90409057587385, -248.87392787451972, -108.80952380952425]
SPS=109
Eval at step 392000, survival=100.000%, return=[-14.247354465769604, 1258.2712287008762, -197.52612471187604, -242.2380952380988]
SPS=109
Eval at step 392500, survival=100.000%, return=[-14.180991630234834, 1263.5054805974166, -201.67937578327232, -239.3174603174639]
SPS=109
Eval at step 393000, survival=100.000%, return=[-14.15896175080949, 1266.3294982810814, -198.26908578019356, -238.03174603174935]
SPS=109
Eval at step 393500, survival=73.958%, return=[-11.521508889369821, 839.8470623629788, -1286.3921055455285, -238.53968253968299]
SPS=109
Eval at step 394000, survival=16.071%, return=[-3.053289358940674, 182.96227945387363, -283.69879280682653, -48.761904761904795]
SPS=109
Eval at step 394500, survival=16.022%, return=[-3.0032505462004337, 181.04859587550163, -307.33414726099, -50.09523809523814]
SPS=109
Eval at step 395000, survival=16.071%, return=[-3.03831992749474, 181.3412321060896, -298.8678696635179, -50.19047619047623]
SPS=109
Eval at step 395500, survival=16.667%, return=[-3.070750860933913, 189.74460777640343, -306.52568327030167, -52.09523809523815]
SPS=109
Eval at step 396000, survival=47.851%, return=[-7.598457257855141, 556.2541433597604, -495.41522695843014, -144.09523809523898]
SPS=109
Eval at step 396500, survival=40.675%, return=[-6.342417541774921, 498.9692242592573, -251.61317344536656, -115.00000000000027]
SPS=109
Eval at step 397000, survival=47.817%, return=[-7.403136163193267, 564.9843294198314, -477.86165310831467, -143.8095238095247]
SPS=109
Eval at step 397500, survival=47.917%, return=[-7.2560681835748255, 580.2238053791225, -450.71201840133654, -142.34920634920678]
SPS=109
Eval at step 398000, survival=47.917%, return=[-7.220267620956292, 580.8595170434564, -459.35540515347384, -142.19047619047672]
SPS=109
Eval at step 398500, survival=100.000%, return=[-13.827367013330027, 1276.5611416151125, -165.46994880161947, -246.96825396825622]
SPS=109
Eval at step 399000, survival=100.000%, return=[-14.186822454930129, 1252.830543378989, -191.03122459026054, -246.11111111111418]
SPS=109
Eval at step 399500, survival=100.000%, return=[-14.299124822049635, 1249.5279703537624, -192.0397260291793, -243.15873015873385]
SPS=109
Eval at step 400000, survival=39.187%, return=[-6.148410308989696, 487.76453921571374, -165.51454648331855, -103.61904761904798]
SPS=109
Eval at step 400500, survival=35.417%, return=[-5.411976920178859, 452.5423411242664, -96.99255719708162, -95.42857142857179]
SPS=109
Eval at step 401000, survival=16.468%, return=[-2.8904866582888644, 190.87303571403027, -319.7523302095942, -52.71428571428578]
SPS=110
Eval at step 401500, survival=16.369%, return=[-2.9274565208761487, 188.401507884264, -316.42543191323057, -51.95238095238101]
SPS=110
Eval at step 402000, survival=16.319%, return=[-3.0022338703856803, 184.81032155950865, -315.8476960414555, -51.55555555555561]
SPS=110
Eval at step 402500, survival=42.758%, return=[-6.036493351605411, 461.695302516222, -1073.1270092090563, -154.0476190476197]
SPS=110
Eval at step 403000, survival=47.917%, return=[-6.93421224852015, 503.67035901794833, -1249.51377224376, -175.92063492063645]
SPS=110
Eval at step 403500, survival=16.766%, return=[-2.9334389002760872, 190.5747877508402, -312.5509851501556, -56.000000000000135]
SPS=110
Eval at step 404000, survival=27.381%, return=[-4.4481181252728375, 293.83668646837276, -640.1763422271324, -93.53968253968304]
SPS=110
Eval at step 404500, survival=40.179%, return=[-5.9260397328083245, 434.5783172013859, -990.5048103629815, -136.8730158730158]
SPS=110
Eval at step 405000, survival=40.179%, return=[-5.923705759574659, 434.76904710009694, -987.3594290843175, -136.85714285714275]
SPS=110
Eval at step 405500, survival=42.758%, return=[-6.335970553618002, 456.87933503836393, -1078.1101591136878, -147.76190476190507]
SPS=110
Eval at step 406000, survival=42.758%, return=[-6.3400135009627165, 457.55072857315344, -1074.8927879434389, -147.47619047619074]
SPS=110
Eval at step 406500, survival=40.179%, return=[-5.973604833619902, 438.4538215212524, -983.7166598079057, -135.33333333333312]
SPS=110
Eval at step 407000, survival=74.107%, return=[-10.66678409796441, 818.2600866258144, -1942.8176337113837, -260.7936507936506]
SPS=110
Eval at step 407500, survival=100.000%, return=[-13.763855077888971, 1291.3451177924871, -139.90445564574352, -238.90476190476522]
SPS=110
Eval at step 408000, survival=74.107%, return=[-11.00661009491887, 870.4848963841796, -1212.5238869179339, -232.3333333333338]
SPS=110
Eval at step 408500, survival=87.649%, return=[-11.75115738795042, 1042.5813472742836, -1541.77167034999, -284.4603174603214]
SPS=110
Eval at step 409000, survival=16.766%, return=[-3.0955213373235893, 191.32557846605778, -309.98615120653994, -51.285714285714334]
SPS=110
Eval at step 409500, survival=16.766%, return=[-3.074012681579916, 191.7295010983944, -314.6425197960343, -51.66666666666672]
SPS=110
Eval at step 410000, survival=16.716%, return=[-3.029902803071309, 189.64669488370419, -321.026008737972, -52.761904761904816]
SPS=110
Eval at step 410500, survival=16.716%, return=[-3.026891618326772, 189.44782610237598, -324.8048874398228, -53.285714285714356]
SPS=110
Eval at step 411000, survival=16.667%, return=[-3.036974483722588, 188.47320464253426, -324.5761198143009, -53.3333333333334]
SPS=110
Eval at step 411500, survival=16.617%, return=[-3.031329511082731, 187.9839877486229, -321.59706455655396, -53.09523809523815]
SPS=111
Eval at step 412000, survival=16.617%, return=[-3.040102843020577, 188.61727222800255, -315.6051032990217, -52.809523809523874]
SPS=111
Eval at step 412500, survival=16.617%, return=[-3.01251830853289, 189.5070054680109, -312.8184431558475, -52.809523809523874]
SPS=111
Eval at step 413000, survival=16.716%, return=[-3.0394409153959714, 191.26383927464485, -315.4628885211423, -52.71428571428577]
SPS=111
Eval at step 413500, survival=16.766%, return=[-3.0165082177554723, 192.42700473964214, -324.1925311356317, -52.71428571428577]
SPS=111
Eval at step 414000, survival=16.766%, return=[-3.0716236806183588, 190.84030458331108, -313.49318022374064, -51.80952380952386]
SPS=111
Eval at step 414500, survival=16.766%, return=[-2.9938719990605023, 193.1962224841118, -312.15859159012325, -52.38095238095244]
SPS=111
Eval at step 415000, survival=16.766%, return=[-2.9253459694737103, 193.66358767449856, -320.90762154432014, -53.57142857142865]
SPS=111
Eval at step 415500, survival=16.716%, return=[-2.9801740090479143, 191.42647410929203, -318.36803535581566, -52.904761904761976]
SPS=111
Eval at step 416000, survival=16.766%, return=[-3.0682192764652427, 189.43501453101635, -321.6795027104672, -53.047619047619115]
SPS=111
Eval at step 416500, survival=40.179%, return=[-6.085170937265502, 494.51603016629815, -250.74296551401858, -112.57142857142885]
SPS=111
Eval at step 417000, survival=40.179%, return=[-6.282211402712467, 489.3190638658901, -243.52969295209428, -112.2380952380956]
SPS=111
Eval at step 417500, survival=47.867%, return=[-7.869300715916324, 533.9780336748809, -527.6948418183019, -144.0000000000012]
SPS=111
Eval at step 418000, survival=100.000%, return=[-13.484790891602946, 1298.6938004642725, -146.50799695048286, -249.6984126984148]
SPS=111
Eval at step 418500, survival=100.000%, return=[-13.093054351920728, 1324.1755557209253, -154.74102672313165, -247.6666666666691]
SPS=111
Eval at step 419000, survival=100.000%, return=[-12.935088083099496, 1339.4031794667244, -146.4809916622471, -244.44444444444676]
SPS=111
Eval at step 419500, survival=100.000%, return=[-12.799337611882947, 1341.90030965209, -153.12134928884916, -246.4285714285737]
SPS=111
Eval at step 420000, survival=100.000%, return=[-12.93906608238467, 1323.9168068766594, -142.37812612578637, -245.3333333333351]
SPS=111
Eval at step 420500, survival=100.000%, return=[-13.201199444301892, 1301.1845434308052, -165.094708535471, -249.42857142857386]
SPS=111
Eval at step 421000, survival=100.000%, return=[-13.445682994672097, 1285.4490000605583, -176.84842056805792, -251.90476190476446]
SPS=111
Eval at step 421500, survival=100.000%, return=[-13.886354958560938, 1259.0332050273817, -188.634237747198, -253.77777777778056]
SPS=111
Eval at step 422000, survival=100.000%, return=[-13.895242271828465, 1258.1309723258018, -189.34698716693674, -252.95238095238417]
SPS=111
Eval at step 422500, survival=100.000%, return=[-14.030324033888368, 1245.7619555244844, -218.9605518290773, -257.93650793651193]
SPS=111
Eval at step 423000, survival=40.179%, return=[-6.356262463697931, 479.2526360228658, -233.73734715292812, -111.33333333333375]
SPS=111
Eval at step 423500, survival=34.325%, return=[-5.305982648278587, 434.2076467946172, -20.74735641013831, -87.09523809523846]
SPS=111
Eval at step 424000, survival=34.325%, return=[-5.420003270817688, 428.81939209252596, -22.285664078226546, -87.09523809523846]
SPS=111
Eval at step 424500, survival=100.000%, return=[-14.11917795278714, 1247.9820525199175, -174.72864419913094, -255.09523809524077]
SPS=111
Eval at step 425000, survival=100.000%, return=[-14.150579382034872, 1259.5522117465734, -168.31896880881686, -250.28571428571675]
SPS=111
Eval at step 425500, survival=100.000%, return=[-13.255489616451086, 1305.1223211586475, -146.95997421144057, -251.14285714285867]
SPS=111
Eval at step 426000, survival=100.000%, return=[-13.384237551945262, 1304.364665756623, -157.5368750109677, -247.968253968256]
SPS=111
Eval at step 426500, survival=100.000%, return=[-12.028755514096702, 1358.5196352253358, -139.84982373902312, -260.57142857142884]
SPS=111
Eval at step 427000, survival=100.000%, return=[-11.420729342760751, 1376.3175435364246, -117.83756034052203, -269.3809523809542]
SPS=111
Eval at step 427500, survival=100.000%, return=[-10.77779075295257, 1411.5230301469564, -122.73032676144794, -268.33333333333496]
SPS=111
Eval at step 428000, survival=100.000%, return=[-10.377260785006607, 1437.527102927367, -114.72749409767857, -269.777777777779]
SPS=111
Eval at step 428500, survival=100.000%, return=[-10.499726028530858, 1442.768086284399, -119.38218764873454, -268.3333333333345]
SPS=111
Eval at step 429000, survival=100.000%, return=[-9.982213660900015, 1437.7740965336561, -131.06345490501553, -274.809523809526]
SPS=111
Eval at step 429500, survival=100.000%, return=[-10.735942844417877, 1404.046817228198, -166.78033346698308, -272.58730158730424]
SPS=111
Eval at step 430000, survival=100.000%, return=[-10.34085785842035, 1425.6492626369, -135.67180334037403, -269.8095238095252]
SPS=111
Eval at step 430500, survival=100.000%, return=[-10.420526314817835, 1422.182325899601, -140.8402188392938, -269.7142857142871]
SPS=111
Eval at step 431000, survival=100.000%, return=[-10.803854458368733, 1406.8137798905373, -159.4959308135003, -269.04761904762086]
SPS=111
Eval at step 431500, survival=100.000%, return=[-11.402295985608362, 1387.6328844577074, -158.47799822950037, -261.6190476190482]
SPS=111
Eval at step 432000, survival=100.000%, return=[-12.48241835735098, 1340.0868470072746, -175.03814039264398, -252.52380952380932]
SPS=111
Eval at step 432500, survival=100.000%, return=[-13.58560502246352, 1291.2280808885891, -172.04134425529142, -242.14285714285742]
SPS=111
Eval at step 433000, survival=16.766%, return=[-3.064326108287787, 191.82554623484612, -309.35348135535605, -51.523809523809575]
SPS=111
Eval at step 433500, survival=47.817%, return=[-7.600123774638632, 548.3486393038183, -498.1637930389843, -132.6190476190484]
SPS=111
Eval at step 434000, survival=35.466%, return=[-5.419742402562406, 451.04306004196405, -72.90504411008442, -81.8095238095243]
SPS=111
Eval at step 434500, survival=34.623%, return=[-4.934150759218028, 394.3008422590792, -775.3432892589626, -111.76190476190429]
SPS=111
Eval at step 435000, survival=34.623%, return=[-4.9255146101641, 394.02466543391347, -783.7676669972279, -112.23809523809477]
SPS=111
Eval at step 435500, survival=35.466%, return=[-5.079498383410585, 399.7407911444704, -818.0345568265087, -115.98412698412648]
SPS=111
Eval at step 436000, survival=16.716%, return=[-3.054200659680646, 190.0023781657219, -315.45012516900897, -52.09523809523815]
SPS=111
Eval at step 436500, survival=16.716%, return=[-3.05292276624823, 189.2545806914568, -317.0764747906166, -52.25396825396831]
SPS=111
Eval at step 437000, survival=100.000%, return=[-12.216211928986013, 1347.9089325368404, -187.18823444367445, -249.42857142857068]
SPS=111
Eval at step 437500, survival=100.000%, return=[-12.664602339204672, 1324.3385918090742, -216.0027779893911, -251.50793650793835]
SPS=111
Eval at step 438000, survival=100.000%, return=[-13.230465215776348, 1296.9752051085234, -208.4976250206273, -250.7142857142883]
SPS=111
Eval at step 438500, survival=71.230%, return=[-10.126828489417676, 907.2014011243979, -215.50927596260104, -177.9206349206371]
SPS=111
Eval at step 439000, survival=35.466%, return=[-5.336778933774137, 454.89576495066285, -75.1070255253823, -87.15873015873058]
SPS=111
Eval at step 439500, survival=35.317%, return=[-5.38412684405921, 451.28868855535984, -54.34865365692531, -86.80952380952424]
SPS=111
Eval at step 440000, survival=16.766%, return=[-3.0531264110759366, 193.87043130397797, -282.4255306075793, -51.23809523809529]
SPS=111
Eval at step 440500, survival=100.000%, return=[-14.109770577488234, 1260.7571911364794, -180.33881466852714, -236.36507936508113]
SPS=111
Eval at step 441000, survival=100.000%, return=[-14.295051874156343, 1255.38265358905, -182.75466361594832, -235.57142857143057]
SPS=111
Eval at step 441500, survival=100.000%, return=[-14.521227893565083, 1241.6810479909182, -192.7835912336741, -239.57142857143057]
SPS=111
Eval at step 442000, survival=100.000%, return=[-14.316389265858257, 1243.9657014658053, -187.6697765079492, -245.9365079365102]
SPS=111
Eval at step 442500, survival=100.000%, return=[-13.62752107072932, 1264.0802626560132, -160.59993620063324, -251.88888888889096]
SPS=111
Eval at step 443000, survival=100.000%, return=[-13.172434249572689, 1278.0452871024609, -169.33677294415247, -259.2857142857172]
SPS=111
Eval at step 443500, survival=100.000%, return=[-13.007310540551165, 1278.720833023389, -162.61440150827184, -263.0952380952405]
SPS=111
Eval at step 444000, survival=100.000%, return=[-12.781452208650686, 1284.9564982304971, -146.1727992127271, -264.7460317460337]
SPS=111
Eval at step 444500, survival=100.000%, return=[-13.33299648592947, 1261.809132700165, -137.3251722812347, -256.3968253968261]
SPS=111
Eval at step 445000, survival=100.000%, return=[-13.44747168905451, 1264.0653344541788, -134.6624273004636, -254.2857142857155]
SPS=111
Eval at step 445500, survival=40.179%, return=[-5.7658637694548815, 436.76565409079194, -988.9234997947642, -139.952380952381]
SPS=111
Eval at step 446000, survival=51.505%, return=[-7.217188843166999, 573.0204930230975, -1272.367058758561, -180.55555555555554]
SPS=111
Eval at step 446500, survival=100.000%, return=[-12.849446979458056, 1299.029318143924, -168.78818299039267, -259.4285714285743]
SPS=111
Eval at step 447000, survival=100.000%, return=[-12.20896794568398, 1328.436345209678, -137.1454917994015, -257.7777777777796]
SPS=111
Eval at step 447500, survival=100.000%, return=[-11.967760538032357, 1341.0404097934563, -138.5645683440574, -257.26984126984274]
SPS=111
Eval at step 448000, survival=100.000%, return=[-12.345154062107516, 1336.790487209956, -152.45528526313137, -255.9841269841289]
SPS=111
Eval at step 448500, survival=100.000%, return=[-12.73252309076876, 1331.1725186258554, -156.72813575263717, -253.0476190476214]
SPS=111
Eval at step 449000, survival=100.000%, return=[-12.813576965359971, 1327.8034148067236, -150.84190013862099, -253.80952380952624]
SPS=111
Eval at step 449500, survival=100.000%, return=[-12.885831132909516, 1317.1662734001875, -145.34715730953394, -257.1428571428599]
SPS=111
Eval at step 450000, survival=100.000%, return=[-12.927998510422185, 1310.8643109053373, -150.18093083519489, -260.0476190476219]
SPS=111
Eval at step 450500, survival=100.000%, return=[-13.469488210510463, 1275.1157022416592, -172.8737084657405, -259.80952380952573]
SPS=111
Eval at step 451000, survival=100.000%, return=[-13.336699562545013, 1277.1229248195887, -166.24283188914583, -263.31746031746275]
SPS=111
Eval at step 451500, survival=100.000%, return=[-13.580013826285722, 1262.2459951341152, -176.41345700860256, -263.76190476190743]
SPS=111
Eval at step 452000, survival=34.623%, return=[-4.9022344110514195, 397.38576633731526, -746.6522487428301, -112.61904761904712]
SPS=111
Eval at step 452500, survival=19.395%, return=[-3.1073469898547046, 230.43905079364777, -356.81698554661125, -62.95238095238094]
SPS=111
Eval at step 453000, survival=19.395%, return=[-3.0087464197713416, 234.666624635458, -345.50939906504937, -63.5714285714285]
SPS=111
Eval at step 453500, survival=100.000%, return=[-14.82287361039198, 1212.7433024644852, -195.92233461858996, -252.09523809523992]
SPS=111
Eval at step 454000, survival=100.000%, return=[-14.745390301696412, 1216.877957244714, -202.68780686696118, -250.12698412698623]
SPS=111
Eval at step 454500, survival=100.000%, return=[-14.303594616571596, 1235.4130024313927, -202.00902492457922, -252.7936507936522]
SPS=111
Eval at step 455000, survival=100.000%, return=[-14.00147801116691, 1245.416983395815, -194.63162049631137, -258.619047619049]
SPS=111
Eval at step 455500, survival=100.000%, return=[-12.407056962343631, 1314.8552416861057, -148.1634921034371, -267.88888888888937]
SPS=111
Eval at step 456000, survival=100.000%, return=[-10.54788833312341, 1391.9186835885048, -101.80965257353819, -278.76190476190624]
SPS=111
Eval at step 456500, survival=100.000%, return=[-10.811497807657966, 1379.8139779220026, -128.70183809039494, -280.2380952380983]
SPS=111
Eval at step 457000, survival=100.000%, return=[-11.391096827559522, 1356.5635865926743, -153.32934916819795, -280.238095238099]
SPS=111
Eval at step 457500, survival=100.000%, return=[-13.306673950510836, 1282.5630249132712, -177.34774550228394, -268.19047619047797]
SPS=110
Eval at step 458000, survival=100.000%, return=[-13.771963370541926, 1269.885218590498, -191.46225929100183, -261.47619047619094]
SPS=110
Eval at step 458500, survival=100.000%, return=[-13.447506512646214, 1294.7436524182558, -175.00196100250832, -258.33333333333354]
SPS=110
Eval at step 459000, survival=100.000%, return=[-13.125775538836024, 1295.149983689189, -175.94792777150965, -261.90476190476284]
SPS=110
Eval at step 459500, survival=100.000%, return=[-13.574067459184638, 1272.293521290024, -190.6137384716567, -258.96825396825415]
SPS=110
Eval at step 460000, survival=100.000%, return=[-14.146059882506961, 1250.4157439470291, -205.46307709868415, -253.00000000000057]
SPS=110
Eval at step 460500, survival=100.000%, return=[-14.011660214149742, 1256.5780050456524, -201.36054951377446, -250.85714285714297]
SPS=110
Eval at step 461000, survival=100.000%, return=[-14.451780458752182, 1244.1921778072913, -204.847178128936, -246.0634920634925]
SPS=110
Eval at step 461500, survival=100.000%, return=[-14.310648611673969, 1246.0138802925746, -199.76244875996295, -252.01587301587358]
SPS=110
Eval at step 462000, survival=100.000%, return=[-13.538814412502688, 1273.0150834470987, -179.11777955450816, -260.66666666666777]
SPS=110
Eval at step 462500, survival=100.000%, return=[-13.330497677855115, 1276.8760168254375, -180.13429524357585, -265.15873015873217]
SPS=110
Eval at step 463000, survival=100.000%, return=[-12.748574743449959, 1293.9005779524643, -171.66848831358948, -270.7619047619073]
SPS=110
Eval at step 463500, survival=100.000%, return=[-12.357191521844166, 1317.759929612279, -147.93518289573817, -269.4126984127003]
SPS=110
Eval at step 464000, survival=100.000%, return=[-10.049650334340791, 1424.7490856746833, -120.11906697245043, -273.3174603174604]
SPS=110
Eval at step 464500, survival=100.000%, return=[-11.459532604116248, 1367.652207672596, -128.44271436737472, -266.6666666666665]
SPS=110
Eval at step 465000, survival=100.000%, return=[-11.839018480236215, 1351.0103427718084, -134.6581901733225, -264.8730158730154]
SPS=110
Eval at step 465500, survival=100.000%, return=[-10.995130957351648, 1382.4537166257699, -121.86525132743554, -268.6825396825388]
SPS=110
Eval at step 466000, survival=100.000%, return=[-10.040034252645759, 1419.2219638427098, -114.64779588350211, -272.4285714285706]
SPS=110
Eval at step 466500, survival=100.000%, return=[-9.680676735340967, 1434.003899410367, -103.68575116819557, -268.9047619047603]
SPS=110
Eval at step 467000, survival=100.000%, return=[-10.701702173183245, 1392.775655284524, -131.3485298030355, -268.999999999998]
SPS=110
Eval at step 467500, survival=100.000%, return=[-13.025389708724106, 1299.642689794302, -146.2946472866497, -258.52380952380884]
SPS=110
Eval at step 468000, survival=100.000%, return=[-13.094633579263851, 1296.241567760706, -137.23859127172545, -255.904761904762]
SPS=110
Eval at step 468500, survival=100.000%, return=[-12.824436339142267, 1311.627206236124, -133.5533429031966, -254.38095238095343]
SPS=110
Eval at step 469000, survival=100.000%, return=[-12.740849330254909, 1323.5298584798973, -137.94140365924855, -255.39682539682778]
SPS=110
Eval at step 469500, survival=100.000%, return=[-13.238443978567375, 1289.2462645173073, -186.06500047259033, -258.04761904762296]
SPS=110
Eval at step 470000, survival=100.000%, return=[-13.160998269246193, 1288.221400976181, -169.2281630805519, -257.33333333333604]
SPS=110
Eval at step 470500, survival=100.000%, return=[-12.541756804828765, 1309.7037633657455, -154.91109851187502, -260.84126984127187]
SPS=110
Eval at step 471000, survival=100.000%, return=[-11.875277749427672, 1330.3680244137843, -112.01548938892302, -261.3174603174598]
SPS=110
Eval at step 471500, survival=100.000%, return=[-13.218243530437272, 1272.902153864503, -157.95132776576793, -259.6984126984128]
SPS=110
Eval at step 472000, survival=100.000%, return=[-13.821462541236542, 1245.9953300207853, -167.23432393491748, -255.90476190476156]
SPS=110
Eval at step 472500, survival=100.000%, return=[-14.085799551112965, 1234.6693124820788, -187.0302874932895, -256.79365079365095]
SPS=110
Eval at step 473000, survival=100.000%, return=[-14.276162526482949, 1224.143054847916, -200.1552214421281, -258.39682539682667]
SPS=110
Eval at step 473500, survival=100.000%, return=[-13.937938425777247, 1249.370514407754, -196.63877327186128, -258.71428571428766]
SPS=110
Eval at step 474000, survival=100.000%, return=[-13.260742003971245, 1289.2160234302282, -172.8435621054814, -256.3809523809545]
SPS=109
Eval at step 474500, survival=100.000%, return=[-13.533980607928243, 1276.6670322865248, -183.42205200680837, -254.95238095238332]
SPS=109
Eval at step 475000, survival=100.000%, return=[-13.383522953663487, 1292.5990975499153, -165.6877636489844, -254.5238095238116]
SPS=109
Eval at step 475500, survival=100.000%, return=[-14.08411170671267, 1251.2428450882435, -200.2975845732423, -254.34920634920817]
SPS=109
Eval at step 476000, survival=100.000%, return=[-14.03793215987389, 1255.6909953256447, -192.70984107735785, -250.682539682541]
SPS=109
Eval at step 476500, survival=100.000%, return=[-13.579948329551067, 1271.6827463756006, -213.54719706759474, -257.01587301587614]
SPS=109
Eval at step 477000, survival=100.000%, return=[-13.082803212183839, 1291.6017820636432, -204.05583811078637, -256.98412698412994]
SPS=109
Eval at step 477500, survival=100.000%, return=[-13.31073091031673, 1284.306190704306, -208.38086095778635, -258.1428571428606]
SPS=109
Eval at step 478000, survival=100.000%, return=[-12.7368592286075, 1318.219968393445, -165.51297087207786, -256.1111111111134]
SPS=109
Eval at step 478500, survival=100.000%, return=[-12.695703447359847, 1318.2492807656527, -163.93963353528306, -256.76190476190703]
SPS=109
Eval at step 479000, survival=100.000%, return=[-12.885910566721577, 1306.6231582164764, -159.08599592288738, -259.57142857143145]
SPS=109
Eval at step 479500, survival=100.000%, return=[-12.558603610814316, 1323.440875157714, -146.30639209421133, -260.00000000000307]
SPS=109
Eval at step 480000, survival=100.000%, return=[-13.064152630773606, 1298.7175886482, -161.92222274919914, -259.7142857142892]
SPS=109
Eval at step 480500, survival=100.000%, return=[-12.906301615497796, 1308.193835556507, -147.4466409877641, -259.57142857143117]
SPS=109
Eval at step 481000, survival=100.000%, return=[-13.829817731078947, 1257.7219719141722, -170.32803615526063, -257.23809523809734]
SPS=109
Eval at step 481500, survival=100.000%, return=[-11.655394423442582, 1157.3334265102942, -1524.1746859413495, -371.4603174603208]
SPS=109
Eval at step 482000, survival=49.405%, return=[-8.899610729073174, 565.0233836472034, -108.17031323022093, -126.42857142857224]
SPS=109
Eval at step 482500, survival=49.405%, return=[-8.605836272307593, 578.9765226244926, -100.85512141415772, -127.47619047619123]
SPS=109
Eval at step 483000, survival=100.000%, return=[-13.276289375130242, 1290.120052094261, -158.52842186204725, -258.28571428571524]
SPS=109
Eval at step 483500, survival=100.000%, return=[-13.002237138779796, 1300.7990284810464, -169.67136093130344, -260.9206349206352]
SPS=109
Eval at step 484000, survival=100.000%, return=[-13.190972091819276, 1293.5072961300611, -174.69549272409495, -258.99999999999966]
SPS=109
Eval at step 484500, survival=100.000%, return=[-13.51878902009048, 1277.9877208322287, -177.87739680308732, -254.7619047619045]
SPS=109
Eval at step 485000, survival=100.000%, return=[-13.71288546040887, 1271.1418391813834, -191.62742028469438, -254.4285714285717]
SPS=109
Eval at step 485500, survival=100.000%, return=[-13.34032096649753, 1288.1560054123402, -167.0051737038375, -251.19047619047635]
SPS=109
Eval at step 486000, survival=100.000%, return=[-10.491630467275778, 1477.1632685412962, -187.95393864352567, -347.26984126984667]
SPS=109
Eval at step 486500, survival=100.000%, return=[-17.916072962543694, 1257.8268401771784, -238.22919935376072, -265.39682539681996]
SPS=109
Eval at step 487000, survival=100.000%, return=[-17.85687930203858, 1261.2883881628513, -237.42126636512694, -265.7301587301533]
SPS=109
Eval at step 487500, survival=100.000%, return=[-11.393757513336217, 1456.3852860083182, -204.63308361097006, -346.41269841270446]
SPS=109
Eval at step 488000, survival=46.677%, return=[-6.450781977900381, 649.1583776225647, -106.25191117006277, -146.9206349206351]
SPS=109
Eval at step 488500, survival=44.891%, return=[-6.000021622855759, 633.9893293281397, -46.79266164186023, -135.52380952380966]
SPS=109
Eval at step 489000, survival=46.677%, return=[-5.809231478138827, 669.5532175252835, -120.56549170132105, -164.650793650794]
SPS=109
Eval at step 489500, survival=46.677%, return=[-6.559689059950567, 630.4891643673182, -110.35587897164685, -146.6507936507938]
SPS=109
Eval at step 490000, survival=100.000%, return=[-12.746192288284268, 1316.518164748947, -156.57501925858014, -254.539682539685]
SPS=109
Eval at step 490500, survival=100.000%, return=[-12.979390324646374, 1302.594783976674, -170.14908463166648, -255.28571428571664]
SPS=109
Eval at step 491000, survival=100.000%, return=[-13.386398520175135, 1281.5234136730433, -199.9303451112064, -257.619047619051]
SPS=109
Eval at step 491500, survival=100.000%, return=[-13.008946107205702, 1292.9267337918282, -191.6489278350491, -263.14285714286035]
SPS=109
Eval at step 492000, survival=100.000%, return=[-13.126153112098109, 1275.327084556222, -196.68669075050275, -265.5714285714313]
SPS=109
Eval at step 492500, survival=100.000%, return=[-13.345651389856357, 1263.1191375056903, -211.34493542724158, -266.65079365079686]
SPS=109
Eval at step 493000, survival=100.000%, return=[-13.296715843811398, 1268.3598358035088, -223.68681147752795, -266.33333333333644]
SPS=109
Eval at step 493500, survival=100.000%, return=[-13.501330053055426, 1261.1747873574495, -213.53766162355896, -261.5714285714312]
SPS=109
Eval at step 494000, survival=100.000%, return=[-13.482122621528106, 1270.9869592040777, -229.68475884044892, -260.85714285714585]
SPS=109
Eval at step 494500, survival=100.000%, return=[-13.346236196957761, 1280.8343432843685, -177.8851256132475, -256.71428571428766]
SPS=109
Eval at step 495000, survival=100.000%, return=[-13.382285174981613, 1275.5657537480195, -179.23761894907025, -256.42857142857343]
SPS=109
Eval at step 495500, survival=100.000%, return=[-13.507319495809497, 1279.902003005147, -180.24552780741942, -250.33333333333607]
SPS=109
Eval at step 496000, survival=100.000%, return=[-13.147682864383873, 1291.0857390413682, -184.77653458806648, -253.19047619047896]
SPS=109
Eval at step 496500, survival=100.000%, return=[-13.02787396722124, 1294.6107472777367, -177.138900928785, -253.19047619047876]
SPS=109
Eval at step 497000, survival=100.000%, return=[-13.09530828234468, 1292.5094469288986, -161.6449327900773, -250.87301587301826]
SPS=109
Eval at step 497500, survival=47.817%, return=[-7.4419989553280175, 540.4900060693423, -501.3690302005307, -143.761904761906]
SPS=109
Eval at step 498000, survival=100.000%, return=[-13.3342608413368, 1275.8905554413795, -152.17093427214422, -249.90476190476454]
SPS=109
Eval at step 498500, survival=100.000%, return=[-13.45598160388181, 1268.445360392332, -158.6445791992628, -251.42857142857417]
SPS=109
Eval at step 499000, survival=100.000%, return=[-13.5124363451323, 1268.8178028017282, -156.3564463563671, -251.04761904762162]
SPS=109
Eval at step 499500, survival=100.000%, return=[-13.463375144317979, 1269.419347524643, -157.44154032538063, -254.47619047619318]
SPS=109
Eval at step 500000, survival=100.000%, return=[-13.77854261220394, 1251.4348134994507, -189.65150467396597, -258.73015873016203]
SPS=108
Eval at step 500500, survival=100.000%, return=[-13.865623428690014, 1248.2858817279339, -202.51415001097484, -257.9523809523843]
SPS=108
Eval at step 501000, survival=100.000%, return=[-13.775806662539253, 1255.7745719105005, -177.91129406847176, -253.9047619047648]
SPS=108
Eval at step 501500, survival=100.000%, return=[-13.559603247616906, 1269.8493164479733, -171.63129882435896, -249.238095238098]
SPS=108
Eval at step 502000, survival=100.000%, return=[-13.28964814232313, 1287.7195332199335, -162.0087134070127, -247.57142857143106]
SPS=108
Eval at step 502500, survival=100.000%, return=[-13.06423318843008, 1303.6396626780431, -146.2774409269332, -245.87301587301764]
SPS=108
Eval at step 503000, survival=100.000%, return=[-13.03322337155502, 1309.8013676255941, -146.60777507941626, -243.9523809523815]
SPS=108
Eval at step 503500, survival=100.000%, return=[-13.308240366187723, 1290.0952919820945, -180.95761732603327, -245.92063492063528]
SPS=108
Eval at step 504000, survival=100.000%, return=[-13.282553959327439, 1296.395835806926, -186.55835208085287, -242.38095238095232]
SPS=108
Eval at step 504500, survival=100.000%, return=[-12.934340537816752, 1310.520267849167, -172.37759492254554, -246.5555555555554]
SPS=108
Eval at step 505000, survival=100.000%, return=[-12.27365653316762, 1342.7394427706797, -179.03114834458393, -250.87301587301576]
SPS=108
Eval at step 505500, survival=100.000%, return=[-11.766415609919932, 1375.2810613363981, -144.767230338839, -251.23809523809425]
SPS=108
Eval at step 506000, survival=100.000%, return=[-11.907395919624832, 1370.3551727235317, -149.23327369295293, -250.66666666666572]
SPS=108
Eval at step 506500, survival=100.000%, return=[-11.134408560057636, 1404.1706549028556, -135.0550028791137, -258.587301587301]
SPS=108
Eval at step 507000, survival=100.000%, return=[-10.878663991786501, 1400.3069695979357, -149.3411354342728, -270.8412698412714]
SPS=108
Eval at step 507500, survival=100.000%, return=[-10.811997906246688, 1395.470599502325, -153.59966536121647, -274.61904761904987]
SPS=108
Eval at step 508000, survival=100.000%, return=[-10.407264480512822, 1414.465200394392, -132.1309635898433, -273.015873015875]
SPS=108
Eval at step 508500, survival=100.000%, return=[-11.040763581326852, 1405.7849043111007, -120.48021114744188, -264.22222222222206]
SPS=108
Eval at step 509000, survival=100.000%, return=[-11.791710338545576, 1376.0525059203308, -119.14397206215654, -252.6666666666673]
SPS=108
Eval at step 509500, survival=100.000%, return=[-11.928211927443044, 1364.7237096428871, -123.01039503006905, -249.1428571428576]
SPS=108
Eval at step 510000, survival=100.000%, return=[-12.951899331460785, 1313.0821107278268, -140.35484445055772, -241.53968253968438]
SPS=108
Eval at step 510500, survival=100.000%, return=[-12.944777249213075, 1310.5168049782515, -151.71617138119473, -245.42857142857454]
SPS=108
Eval at step 511000, survival=100.000%, return=[-12.48845100865583, 1328.6265899538994, -133.3377313180972, -250.28571428571615]
SPS=108
Eval at step 511500, survival=100.000%, return=[-11.216154684690991, 1384.2822647988796, -102.9823604660487, -259.6190476190465]
SPS=108
Eval at step 512000, survival=100.000%, return=[-10.737150684784865, 1406.4091619749863, -98.1095216106769, -255.90476190476042]
SPS=108
Eval at step 512500, survival=100.000%, return=[-11.169316635311892, 1371.1843780378501, -124.49966721345238, -267.5873015873025]
SPS=108
Eval at step 513000, survival=100.000%, return=[-11.238261953461915, 1367.553043499589, -123.14507955219597, -266.8571428571435]
SPS=108
Eval at step 513500, survival=100.000%, return=[-12.281626840122044, 1311.120793119073, -157.57444046394085, -264.14285714285893]
SPS=108
Eval at step 514000, survival=100.000%, return=[-12.71318284914984, 1284.868893062075, -188.22442705490175, -260.22222222222456]
SPS=108
Eval at step 514500, survival=100.000%, return=[-12.503938965247167, 1298.816158508261, -182.5392003466186, -260.25396825397]
SPS=108
Eval at step 515000, survival=100.000%, return=[-12.039512535770578, 1320.842837785681, -149.6071420914086, -264.7777777777785]
SPS=108
Eval at step 515500, survival=100.000%, return=[-10.912826997926459, 1387.9592044055462, -121.95918719022302, -266.76190476190413]
SPS=108
Eval at step 516000, survival=100.000%, return=[-10.859291796795636, 1397.5299801329772, -145.828641117987, -263.8888888888885]
SPS=108
Eval at step 516500, survival=100.000%, return=[-11.158425628542318, 1392.25204372406, -152.58133365867252, -260.5238095238088]
SPS=108
Eval at step 517000, survival=100.000%, return=[-10.776097711510374, 1402.196813300252, -109.53412306902464, -260.7936507936486]
SPS=108
Eval at step 517500, survival=100.000%, return=[-10.712670705877827, 1396.886961698532, -98.07874159690982, -261.142857142855]
SPS=108
Eval at step 518000, survival=100.000%, return=[-10.21469320684264, 1411.9136426448822, -86.70489784461097, -264.85714285714175]
SPS=108
Eval at step 518500, survival=100.000%, return=[-10.012755921454906, 1420.8026953885953, -82.88014613991739, -267.8730158730152]
SPS=108
Eval at step 519000, survival=100.000%, return=[-9.868311087760958, 1426.5963696986437, -82.48638808549003, -270.095238095238]
SPS=108
Eval at step 519500, survival=100.000%, return=[-9.973673413856886, 1422.300519555807, -90.98160881956574, -268.76190476190465]
SPS=108
Eval at step 520000, survival=100.000%, return=[-10.492271476080836, 1402.3196662614744, -111.08032451758238, -261.0793650793628]
SPS=107
Eval at step 520500, survival=100.000%, return=[-12.646394233520065, 1315.340246518453, -142.44846542656887, -250.26984126984027]
SPS=107
Eval at step 521000, survival=100.000%, return=[-13.57884720157017, 1268.5231457948685, -195.44054738420527, -248.76190476190496]
SPS=107
Eval at step 521500, survival=100.000%, return=[-13.47152179593104, 1269.9882124314706, -190.03358569907505, -252.07936507936586]
SPS=107
Eval at step 522000, survival=100.000%, return=[-13.439110397419427, 1276.2820275723934, -183.368001976487, -250.04761904762032]
SPS=107
Eval at step 522500, survival=100.000%, return=[-13.711322487089395, 1265.8479974716902, -194.97372365253491, -248.36507936508144]
SPS=107
Eval at step 523000, survival=100.000%, return=[-13.04922614354291, 1309.9078075438738, -166.709867175814, -245.6190476190503]
SPS=107
Eval at step 523500, survival=100.000%, return=[-12.780928736785427, 1329.213518768549, -146.2097792654822, -243.23809523809746]
SPS=107
Eval at step 524000, survival=100.000%, return=[-12.734645778720733, 1329.8102568288643, -139.26959573407657, -241.1587301587322]
SPS=107
Eval at step 524500, survival=100.000%, return=[-12.45885609756806, 1331.4133404195309, -148.8006605152077, -242.76190476190672]
SPS=107
Eval at step 525000, survival=100.000%, return=[-12.601391001720913, 1318.0628816634417, -164.1048870512168, -247.9523809523831]
SPS=107
Eval at step 525500, survival=100.000%, return=[-12.360561881068861, 1341.575243378679, -143.3671930678247, -248.04761904762117]
SPS=107
Eval at step 526000, survival=100.000%, return=[-12.365849105030065, 1350.6150790254276, -132.5628528080415, -249.01587301587486]
SPS=107
Eval at step 526500, survival=100.000%, return=[-12.743126039858907, 1330.8079323768616, -149.46646897646133, -248.5714285714306]
SPS=107
Eval at step 527000, survival=100.000%, return=[-12.751819895299073, 1329.6400773922603, -156.87743939677603, -247.00000000000205]
SPS=107
Eval at step 527500, survival=100.000%, return=[-13.137518112867838, 1301.8411219120026, -177.631656174799, -248.66666666666887]
SPS=107
Eval at step 528000, survival=100.000%, return=[-13.055547739155978, 1283.3233129183452, -183.39908671918843, -253.206349206352]
SPS=107
Eval at step 528500, survival=100.000%, return=[-13.230290406082835, 1271.3423691441615, -216.7018405539602, -252.39682539682693]
SPS=107
Eval at step 529000, survival=100.000%, return=[-13.367310515459394, 1276.2494852691889, -184.30027626915034, -251.61904761904952]
SPS=107
Eval at step 529500, survival=100.000%, return=[-12.768017268012045, 1300.6368903517723, -156.16659350460395, -254.47619047619233]
SPS=107
Eval at step 530000, survival=100.000%, return=[-12.636746540258173, 1309.7592672109604, -147.7442023038202, -248.00000000000088]
SPS=107
Eval at step 530500, survival=100.000%, return=[-12.188703876134241, 1323.5842627435923, -141.592549670695, -250.04761904761918]
SPS=107
Eval at step 531000, survival=61.508%, return=[-9.702606905688299, 768.5670605748892, -117.68086845748257, -156.2857142857145]
SPS=107
Eval at step 531500, survival=100.000%, return=[-10.897457857470727, 1377.0706469416618, -112.30821242841557, -257.0952380952361]
SPS=107
Eval at step 532000, survival=100.000%, return=[-10.181323123950278, 1407.2828606367111, -93.56559312756872, -260.6666666666644]
SPS=106
Eval at step 532500, survival=100.000%, return=[-10.01386981283819, 1415.656259521842, -93.04854504890197, -261.60317460317276]
SPS=106
Eval at step 533000, survival=55.804%, return=[-7.762838814029237, 739.5920723080635, -66.36453253591753, -150.6666666666658]
SPS=106
Eval at step 533500, survival=55.754%, return=[-8.33248496428132, 712.8955156132579, -81.50237852329155, -150.33333333333252]
SPS=106
Eval at step 534000, survival=55.754%, return=[-9.227756614418468, 673.1461089029908, -98.22545990749859, -145.47619047619042]
SPS=106
Eval at step 534500, survival=47.024%, return=[-7.4894543829141185, 577.7611832395196, -81.24421311857077, -121.04761904761948]
SPS=106
Eval at step 535000, survival=100.000%, return=[-12.616852940700483, 1307.209098920226, -154.57315203058897, -249.85714285714184]
SPS=106
Eval at step 535500, survival=100.000%, return=[-12.710693071509013, 1324.6290295322735, -160.4786946018612, -248.2063492063495]
SPS=106
Eval at step 536000, survival=100.000%, return=[-12.966505978925852, 1312.9085618555546, -162.24176320794868, -251.9047619047627]
SPS=106
Eval at step 536500, survival=100.000%, return=[-12.597196708035577, 1328.2793621669214, -148.6753899369311, -253.5238095238108]
SPS=106
Eval at step 537000, survival=100.000%, return=[-12.4405257004449, 1343.5611839791138, -125.85133952697409, -252.60317460317626]
SPS=106
Eval at step 537500, survival=100.000%, return=[-11.830641485779779, 1372.5417132675648, -116.19125776061992, -255.0952380952393]
SPS=106
Eval at step 538000, survival=100.000%, return=[-11.495823035540525, 1387.9885716438293, -118.31548036097956, -259.190476190477]
SPS=106
Eval at step 538500, survival=100.000%, return=[-10.694185430998914, 1430.9289016028245, -102.74341663433006, -259.0158730158729]
SPS=106
Eval at step 539000, survival=100.000%, return=[-8.57782055985687, 1601.7013465166092, -10.154078264410296, -459.9523809523787]
SPS=106
Eval at step 539500, survival=100.000%, return=[-12.752738339535426, 1326.4789221733809, -140.86563053650025, -243.99999999999963]
SPS=106
Eval at step 540000, survival=100.000%, return=[-12.369886203280961, 1338.797802567482, -141.91378761972373, -246.01587301587344]
SPS=105
Eval at step 540500, survival=100.000%, return=[-12.635803489014506, 1328.8137586861849, -155.93071969022276, -243.71428571428757]
SPS=105
Eval at step 541000, survival=100.000%, return=[-12.499224432511255, 1338.3967722455661, -151.6163507467718, -244.2222222222243]
SPS=105
Eval at step 541500, survival=100.000%, return=[-8.379986012044052, 1595.658785611391, -15.362991123499038, -475.52380952380713]
SPS=105
Eval at step 542000, survival=100.000%, return=[-8.218087719986215, 1599.8147494594257, -18.715902667609043, -473.2380952380922]
SPS=105
Eval at step 542500, survival=100.000%, return=[-8.260697185624545, 1595.2807761331399, -16.11800016068931, -467.238095238092]
SPS=105
Eval at step 543000, survival=100.000%, return=[-13.651127667340916, 1288.751465022564, -177.0831904593797, -242.14285714285919]
SPS=105
Eval at step 543500, survival=100.000%, return=[-13.082729579560691, 1300.8379267305136, -172.24676978654315, -248.04761904761997]
SPS=105
Eval at step 544000, survival=50.050%, return=[-8.366883436479839, 614.7920948565006, -95.61678896869125, -123.19047619047679]
SPS=105
Eval at step 544500, survival=100.000%, return=[-12.959579078946263, 1314.1690690567095, -152.52507864594614, -241.79365079365186]
SPS=105
Eval at step 545000, survival=100.000%, return=[-13.227970019555263, 1304.392198011279, -158.851473601923, -239.9206349206357]
SPS=105
Eval at step 545500, survival=67.593%, return=[-8.723641710181255, 850.8254691064358, -522.7121028463201, -189.50793650794154]
SPS=105
Eval at step 546000, survival=100.000%, return=[-13.166136212297715, 1309.0569881945848, -166.64836884549004, -245.66666666666808]
SPS=105
Eval at step 546500, survival=100.000%, return=[-13.777059804357123, 1271.3357310444117, -175.72650874586543, -248.85714285714394]
SPS=104
Eval at step 547000, survival=100.000%, return=[-13.633392237650696, 1274.6587312072515, -171.5992133605505, -249.23809523809686]
SPS=104
Eval at step 547500, survival=100.000%, return=[-13.698399233835516, 1271.8924971967936, -169.39731888254755, -247.5238095238109]
SPS=104
Eval at step 548000, survival=100.000%, return=[-13.592704875569325, 1274.1319121569395, -173.24158583724056, -236.6190476190483]
SPS=104
Eval at step 548500, survival=48.958%, return=[-8.55300931527745, 582.0853667259216, -101.93690580781549, -110.71428571428642]
SPS=104
Eval at step 549000, survival=100.000%, return=[-11.631723280452812, 1171.9889991929133, -1528.9465373640026, -353.68253968254334]
SPS=104
Eval at step 549500, survival=100.000%, return=[-11.77298540332898, 1167.838693673412, -1537.0034819786088, -354.42857142857537]
SPS=104
Eval at step 550000, survival=100.000%, return=[-11.670681835598467, 1177.6737750768661, -1487.333703528978, -350.7301587301624]
SPS=104
Eval at step 550500, survival=100.000%, return=[-13.716323731874581, 1276.2858519852161, -172.29890531525598, -232.47619047619176]
SPS=104
Eval at step 551000, survival=100.000%, return=[-13.378178059724936, 1288.6156918996323, -150.66492446627913, -245.26984126984203]
SPS=104
Eval at step 551500, survival=100.000%, return=[-13.553878975857515, 1278.6904915124178, -171.05631696082128, -251.33333333333516]
SPS=104
Eval at step 552000, survival=100.000%, return=[-13.488093439673927, 1275.6337712506454, -166.5896424670306, -261.53968253968367]
SPS=104
Eval at step 552500, survival=100.000%, return=[-13.385435647078944, 1278.671901062131, -179.79525656252613, -312.5555555555569]
SPS=104
Eval at step 553000, survival=100.000%, return=[-14.030382264783839, 1241.7790974378586, -189.0822985455452, -260.7619047619065]
SPS=103
Eval at step 553500, survival=100.000%, return=[-13.578729797465106, 1270.3256173282862, -199.41818786051954, -310.0158730158764]
SPS=103
Eval at step 554000, survival=100.000%, return=[-14.181786728605706, 1238.466234440605, -229.42182725830207, -258.46031746032156]
SPS=103
Eval at step 554500, survival=100.000%, return=[-13.58992961308104, 1271.8877972712119, -195.32891071488848, -257.90476190476505]
SPS=103
Eval at step 555000, survival=100.000%, return=[-12.986443976435112, 1307.6316574066877, -167.4255191643897, -253.71428571428774]
SPS=103
Eval at step 555500, survival=100.000%, return=[-13.289641854324145, 1292.483094483614, -175.02144305341062, -251.3809523809542]
SPS=103
Eval at step 556000, survival=100.000%, return=[-13.363514391559875, 1284.233650803566, -168.1387042528695, -251.38095238095454]
SPS=103
Eval at step 556500, survival=100.000%, return=[-13.571699078456732, 1266.3067208528519, -191.01969138844652, -254.8571428571456]
SPS=103
Eval at step 557000, survival=100.000%, return=[-13.672050966522269, 1261.2224792540073, -191.59889872436906, -256.5555555555583]
SPS=103
Eval at step 557500, survival=100.000%, return=[-13.374897311393093, 1273.3574440975983, -180.08167788100158, -258.349206349209]
SPS=103
Eval at step 558000, survival=100.000%, return=[-13.532229401840596, 1274.1153500080109, -182.15137210334433, -255.047619047622]
SPS=103
Eval at step 558500, survival=100.000%, return=[-12.768819587217877, 1325.211727231741, -144.91239379032777, -248.28571428571695]
SPS=102
Eval at step 559000, survival=100.000%, return=[-12.661641277285526, 1329.819866001606, -140.2499818382057, -245.47619047619318]
SPS=102
Eval at step 559500, survival=100.000%, return=[-8.797141326368243, 1589.149452060461, -15.603515946422704, -447.31746031745837]
SPS=102
Eval at step 560000, survival=100.000%, return=[-8.15994075225899, 1615.1435316006343, -21.981485769307863, -482.4603174603149]
SPS=102
Eval at step 560500, survival=100.000%, return=[-8.14825048611965, 1615.3628354668617, -21.915300589753315, -484.7936507936483]
SPS=102
Eval at step 561000, survival=100.000%, return=[-8.368243246048223, 1607.5255026221275, -24.265099490003195, -477.4126984126959]
SPS=102
Eval at step 561500, survival=100.000%, return=[-8.331149865494808, 1607.2906117737293, -26.723900759534445, -487.90476190475925]
SPS=102
Eval at step 562000, survival=100.000%, return=[-8.286347403763406, 1608.717594474554, -25.081908854384285, -487.8571428571402]
SPS=102
Eval at step 562500, survival=100.000%, return=[-8.239478744857479, 1615.6912353038788, -23.80459161591716, -493.28571428571155]
SPS=102
Eval at step 563000, survival=100.000%, return=[-7.908006696321536, 1628.9330809265375, -14.479250989970751, -490.42857142856883]
SPS=102
Eval at step 563500, survival=100.000%, return=[-8.378008764557308, 1613.0398544967175, -22.39318646985339, -487.8571428571402]
SPS=102
Eval at step 564000, survival=41.270%, return=[-6.84262922743801, 504.483353510499, -65.7803948034416, -95.0952380952386]
SPS=102
Eval at step 564500, survival=41.270%, return=[-6.96906214079354, 497.8406302779913, -81.74066167710407, -96.38095238095315]
SPS=102
Eval at step 565000, survival=41.270%, return=[-6.97068002714271, 491.59298471609753, -74.03089444128152, -101.74603174603244]
SPS=102
Eval at step 565500, survival=100.000%, return=[-9.170865538714375, 1570.7975570758183, -23.09276086947648, -451.5238095238074]
SPS=101
Eval at step 566000, survival=100.000%, return=[-8.225209190529617, 1612.4443745116394, -20.78930297284387, -483.42857142856883]
SPS=101
Eval at step 566500, survival=100.000%, return=[-8.18443827345618, 1616.1029775440693, -13.991888058371842, -473.1904761904738]
SPS=101
Eval at step 567000, survival=41.319%, return=[-6.405751189857256, 511.596246317029, -57.72560281882761, -94.52380952381031]
SPS=101
Eval at step 567500, survival=100.000%, return=[-12.806231573078549, 1294.8382187187672, -142.57251993578393, -281.904761904765]
SPS=101
Eval at step 568000, survival=41.270%, return=[-6.699235942214727, 505.26078208287555, -70.83898199062484, -92.47619047619123]
SPS=101
Eval at step 568500, survival=41.171%, return=[-6.701840348803671, 509.1712023615837, -81.59958759250003, -90.47619047619129]
SPS=101
Eval at step 569000, survival=100.000%, return=[-13.286116466246312, 1298.2957570403814, -189.2654035660962, -227.71428571428933]
SPS=101
Eval at step 569500, survival=100.000%, return=[-12.93119291391728, 1319.5789707203705, -138.62644079476013, -235.49206349206645]
SPS=101
Eval at step 570000, survival=100.000%, return=[-12.90249338594731, 1309.621215313673, -136.02399485287606, -241.76190476190746]
SPS=101
Eval at step 570500, survival=100.000%, return=[-12.925125216832384, 1307.0808985829353, -143.37192007129488, -241.71428571428817]
SPS=101
Eval at step 571000, survival=100.000%, return=[-12.51144029435818, 1311.2093028724194, -138.7144029056799, -241.7142857142886]
SPS=101
Eval at step 571500, survival=100.000%, return=[-13.065741852410914, 1278.420019035538, -149.5114669669662, -243.93650793651082]
SPS=101
Eval at step 572000, survival=100.000%, return=[-13.491076491355974, 1262.60778324306, -162.53260764495886, -247.11111111111381]
SPS=101
Eval at step 572500, survival=41.617%, return=[-6.961377811618149, 496.79571321606636, -69.8598542142463, -106.76190476190557]
SPS=101
Eval at step 573000, survival=100.000%, return=[-8.800500356126577, 1583.803301334381, -6.462876267996762, -452.7142857142835]
SPS=101
Eval at step 573500, survival=39.484%, return=[-6.278607988962904, 481.60425251722336, -57.71785098622786, -100.76190476190544]
SPS=101
Eval at step 574000, survival=100.000%, return=[-8.921568021071531, 1585.7198648055394, -23.790180264331866, -460.57142857142634]
SPS=100
Eval at step 574500, survival=41.121%, return=[-6.530941857025027, 508.2318951288859, -55.96919690040522, -94.20634920634996]
SPS=100
Eval at step 575000, survival=100.000%, return=[-13.15884223105968, 1277.6578327715397, -144.65378797554877, -235.42857142857443]
SPS=100
Eval at step 575500, survival=100.000%, return=[-8.1382757431129, 1623.4528476595879, -14.879365593660623, -486.28571428571166]
SPS=100
Eval at step 576000, survival=6.250%, return=[-1.7231552174780518, 78.87932133674622, -12.466794908978045, -17.38095238095236]
SPS=100
Eval at step 576500, survival=6.399%, return=[-1.7778635206632316, 80.08845114707947, -12.677544597536325, -17.190476190476165]
SPS=100
Eval at step 577000, survival=100.000%, return=[-8.165392002701992, 1625.671022117138, -9.84709479031153, -487.1904761904736]
SPS=100
Eval at step 577500, survival=100.000%, return=[-8.04478293741704, 1631.0906755228837, -9.19536767352838, -490.69841269841004]
SPS=100
Eval at step 578000, survival=100.000%, return=[-7.9514295042608865, 1633.4250727891922, -8.845559178153053, -490.90476190475925]
SPS=100
Eval at step 578500, survival=55.506%, return=[-7.299781911288544, 674.3656668762366, -603.8109237447497, -271.3333333333322]
SPS=100
Eval at step 579000, survival=100.000%, return=[-8.248084081278648, 1614.6349589526653, -22.03354276745813, -492.1904761904735]
SPS=100
Eval at step 579500, survival=100.000%, return=[-8.342852040776052, 1611.392833262682, -23.0126258963719, -491.4285714285688]
SPS=100
Eval at step 580000, survival=100.000%, return=[-8.330755268563129, 1611.55315943559, -23.09798353817314, -491.8888888888862]
SPS=100
Eval at step 580500, survival=50.942%, return=[-9.128732530458365, 580.9961876273155, -124.0319766716857, -128.6666666666677]
SPS=100
Eval at step 581000, survival=60.218%, return=[-7.2574610095956205, 728.7686456888914, -588.128309854122, -187.22222222222618]
SPS=100
Eval at step 581500, survival=100.000%, return=[-8.200824922096217, 1614.812984853983, -21.571557010702236, -490.9523809523783]
SPS=100
Eval at step 582000, survival=100.000%, return=[-14.143965707276948, 1244.097765142719, -202.71682838075017, -243.31746031746357]
SPS=100
Eval at step 582500, survival=100.000%, return=[-14.097741960809799, 1241.8978448957205, -214.27913022445864, -250.52380952381273]
SPS=100
Eval at step 583000, survival=100.000%, return=[-13.659744965785649, 1254.3816625922918, -214.28035048695165, -257.9523809523845]
SPS=100
Eval at step 583500, survival=100.000%, return=[-13.335056177592682, 1262.4984828084707, -202.24159198978063, -262.412698412702]
SPS=99
Eval at step 584000, survival=100.000%, return=[-13.058723190207578, 1268.9949838171403, -194.6010607296133, -261.0158730158766]
SPS=99
Eval at step 584500, survival=100.000%, return=[-13.472666089975974, 1233.7816535830498, -195.7063319219742, -265.23809523810036]
SPS=99
Eval at step 585000, survival=100.000%, return=[-13.424514015011178, 1237.281806230545, -190.74742472803337, -266.85714285714784]
SPS=99
Eval at step 585500, survival=100.000%, return=[-13.155234115334073, 1258.8172566692035, -181.27700202870378, -267.09523809524234]
SPS=99
Eval at step 586000, survival=100.000%, return=[-12.555774392162371, 1296.1552573740482, -166.81605613036177, -266.4603174603205]
SPS=99
Eval at step 586500, survival=100.000%, return=[-12.461904039257206, 1301.9203763008118, -164.1619530126627, -264.11111111111427]
SPS=99
Eval at step 587000, survival=100.000%, return=[-13.340961553437714, 1259.2651697397232, -192.80218085234688, -260.9523809523852]
SPS=99
Eval at step 587500, survival=100.000%, return=[-13.663341226172633, 1239.1584653407335, -202.73409465196892, -259.9047619047667]
SPS=99
Eval at step 588000, survival=100.000%, return=[-13.420322289253818, 1246.9262923151255, -192.06304623643518, -263.8571428571473]
SPS=99
Eval at step 588500, survival=100.000%, return=[-12.06622312386753, 1320.6053141653538, -157.33716349161114, -264.61904761904947]
SPS=99
Eval at step 589000, survival=100.000%, return=[-11.053162343402315, 1367.8328677813213, -148.543415008171, -266.6349206349219]
SPS=99
Eval at step 589500, survival=100.000%, return=[-10.965564587619156, 1368.2192178616922, -153.2711583282556, -270.0634920634941]
SPS=99
Eval at step 590000, survival=100.000%, return=[-9.919692038218878, 1425.1554506123066, -104.98440893172908, -262.01587301587233]
SPS=99
Eval at step 590500, survival=100.000%, return=[-11.49792425322812, 1345.068810030818, -136.66701268346515, -261.38095238095207]
SPS=98
Eval at step 591000, survival=100.000%, return=[-12.15564249351155, 1330.5593019773562, -154.81221243038212, -246.9841269841285]
SPS=98
Eval at step 591500, survival=100.000%, return=[-12.565285806951579, 1325.0837777405977, -137.8831904893741, -239.23809523809723]
SPS=98
Eval at step 592000, survival=100.000%, return=[-12.696519344171975, 1295.3899286836386, -138.58729909501562, -243.3333333333363]
SPS=98
Eval at step 592500, survival=100.000%, return=[-13.141729236202082, 1288.172448888421, -159.6382256750318, -241.66666666666958]
SPS=98
Eval at step 593000, survival=100.000%, return=[-13.145849876163993, 1263.6768058389425, -167.6742524817564, -249.8571428571474]
SPS=98
Eval at step 593500, survival=100.000%, return=[-13.350019450706895, 1257.2488876581192, -163.42885190571906, -255.66666666667103]
SPS=98
Eval at step 594000, survival=100.000%, return=[-13.796782792371232, 1228.7618581354618, -188.99922277560108, -259.2380952381006]
SPS=98
Eval at step 594500, survival=100.000%, return=[-13.980034937441815, 1226.421957820654, -191.4399786130707, -257.0476190476237]
SPS=98
Eval at step 595000, survival=100.000%, return=[-14.538196002909293, 1204.332850386699, -198.58368187953602, -254.53968253968705]
SPS=98
Eval at step 595500, survival=100.000%, return=[-13.87696803251553, 1234.1234071602423, -184.95210429396442, -248.1269841269874]
SPS=98
Eval at step 596000, survival=100.000%, return=[-13.337880400533322, 1263.2567869822185, -175.03387311342522, -244.77777777778064]
SPS=98
Eval at step 596500, survival=100.000%, return=[-13.293839085556101, 1264.5744954099257, -169.51140355318785, -249.65079365079671]
SPS=98
Eval at step 597000, survival=100.000%, return=[-12.428057349781739, 1315.6790841817856, -127.76294833223801, -250.57142857143012]
SPS=97
Eval at step 597500, survival=100.000%, return=[-12.208348460233537, 1320.905936896801, -117.22138290111616, -257.04761904762137]
SPS=97
Eval at step 598000, survival=100.000%, return=[-12.722763577912701, 1303.4604164510965, -136.38169161524274, -249.42857142857346]
SPS=97
Eval at step 598500, survival=100.000%, return=[-13.048120095802005, 1295.8895866423845, -157.22064721034258, -248.2539682539706]
SPS=97
Eval at step 599000, survival=100.000%, return=[-8.884733885293826, 1221.7676255206268, -1609.6643764750236, -358.1746031746132]
SPS=97
Eval at step 599500, survival=100.000%, return=[-8.338772790254248, 1261.73093123734, -1597.2156955667986, -347.46031746032924]
SPS=97
Eval at step 600000, survival=100.000%, return=[-8.664302670935285, 1280.3962321281433, -1576.2143523670481, -350.39682539683673]
SPS=97
Eval at step 600500, survival=100.000%, return=[-13.912464315566467, 1261.2578752040863, -153.43504913689685, -238.19047619047785]
SPS=97
Eval at step 601000, survival=100.000%, return=[-11.993547431741414, 1246.665505796671, -1057.959867620569, -306.9047619047708]
SPS=97
Eval at step 601500, survival=100.000%, return=[-11.730266610543671, 1252.3819464494784, -1057.8519636996014, -304.507936507945]
SPS=97
Eval at step 602000, survival=100.000%, return=[-13.232106276438572, 1291.79051810503, -135.59797899215482, -233.90476190476363]
SPS=97
Eval at step 602500, survival=100.000%, return=[-13.403936997521669, 1282.6913007199764, -147.22563835173787, -243.0952380952416]
SPS=97
Eval at step 603000, survival=100.000%, return=[-13.42494899222705, 1278.3119867791731, -150.43341491686684, -243.34920634920957]
SPS=97
Eval at step 603500, survival=100.000%, return=[-13.082681511586998, 1300.6484613716602, -140.3433550472255, -241.4285714285734]
SPS=97
Eval at step 604000, survival=100.000%, return=[-12.600479918852216, 1325.4182309607666, -125.96359515213408, -240.44444444444676]
SPS=96
Eval at step 604500, survival=100.000%, return=[-12.932016931386897, 1292.8415420999129, -152.09251609092462, -244.95238095238312]
SPS=96
Eval at step 605000, survival=100.000%, return=[-12.966272493358701, 1293.0624273121357, -138.19118091581913, -248.23809523809732]
SPS=96
Eval at step 605500, survival=100.000%, return=[-12.870300467455914, 1309.1183051864307, -129.386047645894, -241.52380952381154]
SPS=96
Eval at step 606000, survival=100.000%, return=[-13.039747724018525, 1301.561865374446, -129.9656685073569, -246.8571428571461]
SPS=96
Eval at step 606500, survival=100.000%, return=[-12.920085540856235, 1293.1124094724655, -130.9844071878615, -247.85714285714508]
SPS=96
Eval at step 607000, survival=100.000%, return=[-13.042528112845806, 1279.8693089932203, -141.99504129556468, -249.95238095238335]
SPS=96
Eval at step 607500, survival=100.000%, return=[-13.49233629211085, 1260.1150661110878, -138.46356943753563, -259.09523809524137]
SPS=96
Eval at step 608000, survival=100.000%, return=[-13.141913420025958, 1276.821364223957, -145.28136677001385, -252.28571428571783]
SPS=96
Eval at step 608500, survival=100.000%, return=[-13.5549940035271, 1248.2354616820812, -152.6172468308505, -261.5238095238143]
SPS=96
Eval at step 609000, survival=100.000%, return=[-13.364736052026274, 1266.7022770941257, -151.43817646707248, -255.85714285714667]
SPS=96
Eval at step 609500, survival=100.000%, return=[-13.513975545851281, 1269.6521600037813, -148.7556620657415, -253.1428571428606]
SPS=96
Eval at step 610000, survival=100.000%, return=[-13.19980074846535, 1287.3273482471704, -142.97559820239258, -244.66666666667024]
SPS=96
Eval at step 610500, survival=100.000%, return=[-12.978400181047618, 1301.988727837801, -137.05915209162413, -240.28571428571686]
SPS=96
Eval at step 611000, survival=100.000%, return=[-12.829437198883776, 1303.5107599000137, -129.3030709249615, -241.06349206349492]
SPS=96
Eval at step 611500, survival=100.000%, return=[-13.207139639504021, 1290.0431737303734, -134.91137633654944, -244.90476190476488]
SPS=96
Eval at step 612000, survival=100.000%, return=[-13.258011631900445, 1271.7953310906887, -170.29187667940278, -244.6666666666707]
SPS=95
Eval at step 612500, survival=100.000%, return=[-13.459647424082505, 1255.1049693226814, -173.09167122584768, -248.52380952381392]
SPS=95
Eval at step 613000, survival=42.973%, return=[-7.230631706062316, 505.5565798530976, -71.3335527099601, -110.31746031746144]
SPS=95
Eval at step 613500, survival=48.760%, return=[-7.9739966120396275, 597.0573864877224, -83.16806470538722, -118.8095238095251]
SPS=95
Eval at step 614000, survival=100.000%, return=[-13.010213484842097, 1307.9014949649572, -148.34517748764483, -244.90476190476548]
SPS=95
Eval at step 614500, survival=100.000%, return=[-13.12028993180138, 1306.263216406107, -141.93579586659325, -243.71428571428908]
SPS=95
Eval at step 615000, survival=63.393%, return=[-11.515504172857618, 745.7952412366867, -138.0407608430687, -157.38095238095437]
SPS=95
Eval at step 615500, survival=39.980%, return=[-6.3895914476015605, 487.2599585056305, -52.25735388448811, -101.52380952381047]
SPS=95
Eval at step 616000, survival=48.909%, return=[-8.384154119237792, 579.8011533468962, -81.04586800342076, -123.66666666666809]
SPS=95
Eval at step 616500, survival=100.000%, return=[-13.346759133593878, 1287.105056360364, -141.54211991022748, -248.3809523809566]
SPS=95
Eval at step 617000, survival=100.000%, return=[-13.282708801329136, 1289.6868032962084, -147.8752707435342, -243.95238095238537]
SPS=95
Eval at step 617500, survival=100.000%, return=[-13.400831774313701, 1278.6695521473885, -138.8955154292671, -247.66666666667072]
SPS=95
Eval at step 618000, survival=100.000%, return=[-13.926378008220732, 1229.5625913987558, -173.97205515655514, -248.047619047624]
SPS=95
Eval at step 618500, survival=100.000%, return=[-13.415657038189238, 1267.9946017861366, -170.47300842190452, -241.2857142857184]
SPS=95
Eval at step 619000, survival=100.000%, return=[-13.785320156952366, 1233.84413908422, -171.23584842367563, -246.2380952380996]
SPS=95
Eval at step 619500, survival=100.000%, return=[-13.923061180840401, 1223.9756806542475, -177.70491358513632, -247.9841269841315]
SPS=95
Eval at step 620000, survival=100.000%, return=[-13.27750287464005, 1271.4714422623317, -168.34851094114129, -245.5714285714324]
SPS=95
Eval at step 620500, survival=100.000%, return=[-13.203439787728712, 1280.6320655047894, -175.441058112483, -246.76190476190865]
SPS=95
Eval at step 621000, survival=100.000%, return=[-12.959958781430032, 1299.0977648049593, -179.4465382798262, -246.00000000000384]
SPS=95
Eval at step 621500, survival=100.000%, return=[-12.89455349126365, 1294.905410245061, -174.04829528357368, -249.09523809524197]
SPS=94
Eval at step 622000, survival=100.000%, return=[-12.520274062117096, 1309.4295937865973, -178.14379704592284, -248.00000000000304]
SPS=94
Eval at step 622500, survival=100.000%, return=[-12.657696719669426, 1294.4700347234805, -190.69764459263146, -251.84126984127315]
SPS=94
Eval at step 623000, survival=34.177%, return=[-4.653816355537856, 456.2296433150768, -32.657006495282985, -84.19047619047664]
SPS=94
Eval at step 623500, survival=100.000%, return=[-12.705298518267227, 1283.190812587738, -191.5799096110277, -257.0476190476227]
SPS=94
Eval at step 624000, survival=100.000%, return=[-13.102985475445166, 1267.9277919232845, -188.366376888589, -258.71428571429]
SPS=94
Eval at step 624500, survival=100.000%, return=[-12.902228436694713, 1277.5823513120413, -163.14779848282342, -259.4285714285754]
SPS=94
Eval at step 625000, survival=100.000%, return=[-12.855673068843316, 1304.7389072179794, -141.86799435214198, -252.00000000000293]
SPS=94
Eval at step 625500, survival=100.000%, return=[-12.993354888691101, 1300.172153800726, -139.21078337087238, -251.76190476190777]
SPS=94
Eval at step 626000, survival=100.000%, return=[-12.592874138907064, 1321.9443687796593, -137.3380687552708, -247.76190476190786]
SPS=94
Eval at step 626500, survival=100.000%, return=[-11.943677251547342, 1368.0304427742958, -112.42202812536561, -244.52380952381176]
SPS=94
Eval at step 627000, survival=100.000%, return=[-12.864710796013242, 1299.6885789285104, -170.48674916986784, -245.66666666666995]
SPS=94
Eval at step 627500, survival=100.000%, return=[-12.890896475573149, 1296.474233771364, -185.3634350355363, -244.39682539682914]
SPS=94
Eval at step 628000, survival=100.000%, return=[-12.728883494642409, 1298.6857576966286, -148.9234734804874, -243.06349206349614]
SPS=94
Eval at step 628500, survival=100.000%, return=[-12.66449883551104, 1296.8288397192955, -133.51221604580132, -247.47619047619455]
SPS=94
Eval at step 629000, survival=100.000%, return=[-12.836410711170174, 1294.8401924818754, -119.70442063713563, -248.23809523809896]
SPS=94
Eval at step 629500, survival=100.000%, return=[-13.020375322957989, 1287.0283926427364, -124.85926966168336, -246.09523809524137]
SPS=93
Eval at step 630000, survival=100.000%, return=[-13.300140330761982, 1279.7431871046622, -174.81507718521848, -249.12698412698794]
SPS=93
Eval at step 630500, survival=100.000%, return=[-13.131850074307295, 1286.8571981936693, -171.62178295693593, -245.1904761904797]
SPS=93
Eval at step 631000, survival=100.000%, return=[-13.34619139758676, 1271.6803478697936, -180.1756038961321, -245.03174603174944]
SPS=93
Eval at step 631500, survival=100.000%, return=[-13.297907996166032, 1275.8209531754255, -174.68995217233896, -246.47619047619347]
SPS=93
Eval at step 632000, survival=100.000%, return=[-13.435960371920373, 1269.9549845159054, -174.114964344717, -247.57142857143205]
SPS=93
Eval at step 632500, survival=100.000%, return=[-13.311227618338307, 1275.1314576864243, -168.6882932219487, -246.80952380952724]
SPS=93
Eval at step 633000, survival=100.000%, return=[-13.244337691430701, 1261.4360239952803, -165.7200193101744, -246.80952380952783]
SPS=93
Eval at step 633500, survival=100.000%, return=[-13.070397409173893, 1268.247496381402, -158.94218449997425, -246.23809523809908]
SPS=93
Eval at step 634000, survival=100.000%, return=[-12.948221061145887, 1277.3224666416645, -164.4334904916468, -244.07936507936893]
SPS=93
Eval at step 634500, survival=100.000%, return=[-13.255784851595914, 1260.8647932261229, -177.10123905912042, -249.85714285714656]
SPS=93
Eval at step 635000, survival=100.000%, return=[-12.758794172928901, 1288.034859329462, -159.91704217187362, -250.42857142857466]
SPS=93
Eval at step 635500, survival=100.000%, return=[-12.59959601708882, 1288.2086573739846, -155.2941428203485, -254.12698412698714]
SPS=93
Eval at step 636000, survival=100.000%, return=[-12.78272690588104, 1275.123442615072, -146.20426472984036, -254.3809523809555]
SPS=93
Eval at step 636500, survival=100.000%, return=[-12.525033093523234, 1292.8409231305122, -137.89317049391684, -250.76190476190754]
SPS=93
Eval at step 637000, survival=100.000%, return=[-12.47759317595046, 1299.9091450671356, -149.7830215858024, -247.57142857143126]
SPS=93
Eval at step 637500, survival=100.000%, return=[-12.454693596228026, 1296.2041987478733, -139.12778605154017, -243.42857142857414]
SPS=93
Eval at step 638000, survival=100.000%, return=[-12.803281533793779, 1282.071997255087, -162.09418796361206, -249.04761904762267]
SPS=93
Eval at step 638500, survival=100.000%, return=[-12.591547463904135, 1290.103828921914, -159.41263030734262, -252.8095238095274]
SPS=93
Eval at step 639000, survival=100.000%, return=[-12.633377500344068, 1288.2029650509357, -144.5733914313314, -253.09523809524126]
SPS=93
Eval at step 639500, survival=100.000%, return=[-12.151780046629332, 1318.804093728463, -126.86982597828319, -258.2380952380972]
SPS=93
Eval at step 640000, survival=100.000%, return=[-12.420360523547666, 1300.2634418358405, -139.11923650339304, -253.11111111111325]
SPS=93
Eval at step 640500, survival=100.000%, return=[-12.441815210205581, 1302.3815087527037, -131.83797728692298, -250.53968253968426]
SPS=93
Eval at step 641000, survival=100.000%, return=[-12.516153772186954, 1306.6738458573818, -137.09416279336438, -250.14285714285938]
SPS=93
Eval at step 641500, survival=100.000%, return=[-12.701118870871142, 1289.118486136198, -139.76949787038393, -253.85714285714621]
SPS=93
Eval at step 642000, survival=100.000%, return=[-12.539692091319012, 1285.663220986724, -141.5072607508955, -253.6190476190512]
SPS=93
Eval at step 642500, survival=100.000%, return=[-12.649085891927825, 1281.9577202051878, -161.10143273952417, -252.1587301587339]
SPS=93
Eval at step 643000, survival=100.000%, return=[-12.432829941477394, 1298.2230124026537, -148.13672888616566, -251.19047619047964]
SPS=93
Eval at step 643500, survival=100.000%, return=[-12.897461813350674, 1269.1648711115122, -175.2725003499654, -252.90476190476613]
SPS=93
Eval at step 644000, survival=100.000%, return=[-13.448642265934419, 1240.9268443783124, -196.9863830248505, -251.8412698412745]
SPS=93
Eval at step 644500, survival=100.000%, return=[-13.722680669190595, 1226.6535286307335, -188.8237354892226, -248.76190476190925]
SPS=93
Eval at step 645000, survival=100.000%, return=[-13.644044162036153, 1233.6423188596964, -198.53448783251224, -248.23809523809936]
SPS=93
Eval at step 645500, survival=100.000%, return=[-13.770423210672257, 1224.0623364647229, -189.24854097790862, -250.03174603175023]
SPS=93
Eval at step 646000, survival=100.000%, return=[-13.85682376252953, 1228.9633505890768, -169.98451577489809, -249.57142857143165]
SPS=93
Eval at step 646500, survival=100.000%, return=[-13.604073642054573, 1245.7707739273708, -172.408954728744, -243.11111111111302]
SPS=93
Eval at step 647000, survival=100.000%, return=[-14.409612458344782, 1220.1285269856453, -196.1198643760872, -234.52380952381085]
SPS=93
Eval at step 647500, survival=49.454%, return=[-8.48598824700457, 581.6334456056356, -84.21551824052585, -116.09523809523932]
SPS=93
Eval at step 648000, survival=100.000%, return=[-9.632201213544855, 1209.7204657445352, -1394.8660640042363, -336.52380952381856]
SPS=93
Eval at step 648500, survival=100.000%, return=[-8.2213625816997, 1226.2099562486012, -1555.6463518455955, -349.11111111112126]
SPS=93
Eval at step 649000, survival=100.000%, return=[-8.234689330594847, 1229.5233423362176, -1544.314294868988, -347.76190476191505]
SPS=93
Eval at step 649500, survival=48.611%, return=[-8.126505636319052, 583.8591886460781, -74.91685707653232, -115.76190476190618]
SPS=93
Eval at step 650000, survival=48.859%, return=[-8.275896773440763, 572.3905622512102, -77.55642976524541, -116.80952380952526]
SPS=93
Eval at step 650500, survival=100.000%, return=[-13.927943335525924, 1227.2844226559002, -158.8695727990853, -235.77777777777843]
SPS=93
Eval at step 651000, survival=100.000%, return=[-14.495189265357718, 1202.625482559204, -175.41659291998562, -231.47619047619045]
SPS=93
Eval at step 651500, survival=100.000%, return=[-14.158364664996043, 1224.0346129089594, -159.64068249314246, -228.77777777777683]
SPS=93
Eval at step 652000, survival=41.617%, return=[-6.860397040203679, 493.17729222774506, -58.730232180969324, -96.09523809523922]
SPS=93
Eval at step 652500, survival=41.617%, return=[-6.736797646832808, 493.1408919642369, -50.97139089940659, -98.95238095238194]
SPS=93
Eval at step 653000, survival=100.000%, return=[-14.092184195212516, 1199.5244912753503, -161.3764642990039, -241.73015873015797]
SPS=93
Eval at step 653500, survival=100.000%, return=[-13.95993721234845, 1213.7941388338804, -160.3715135360835, -243.85714285714326]
SPS=93
Eval at step 654000, survival=100.000%, return=[-13.770983455789974, 1205.6482384353876, -169.16176621627528, -253.88888888889164]
SPS=93
Eval at step 654500, survival=57.440%, return=[-10.529980166107029, 622.0743876347939, -118.02765284955967, -146.04761904762074]
SPS=93
Eval at step 655000, survival=100.000%, return=[-14.120431598586341, 1173.2688121149938, -158.10544318306106, -252.09523809524214]
SPS=93
Eval at step 655500, survival=56.647%, return=[-10.323289323452627, 618.1875717490911, -110.18093285092618, -140.57142857143003]
SPS=93
Eval at step 656000, survival=41.270%, return=[-6.491830598941306, 494.3920774757862, -44.454366308928, -98.04761904762002]
SPS=93
Eval at step 656500, survival=40.972%, return=[-6.491537016321672, 490.97033528983593, -44.64162342250347, -97.23809523809625]
SPS=93
Eval at step 657000, survival=40.972%, return=[-6.529594235151308, 490.851602897048, -47.06585091626039, -97.14285714285819]
SPS=93
Eval at step 657500, survival=41.915%, return=[-6.56187350244727, 505.4325651327769, -46.6688448631127, -99.06349206349313]
SPS=93
Eval at step 658000, survival=41.617%, return=[-6.5597775747592095, 500.741802662611, -41.888703241420444, -96.19047619047721]
SPS=93
Eval at step 658500, survival=41.121%, return=[-6.475559995771619, 496.0129156410694, -45.529112997464836, -95.57142857142954]
SPS=93
Eval at step 659000, survival=41.369%, return=[-6.542813112813747, 502.290927991271, -48.822873235621955, -96.38095238095342]
SPS=93
Eval at step 659500, survival=38.244%, return=[-5.574319178063888, 496.99279283732176, -34.424628697743174, -83.66666666666696]
SPS=93
Eval at step 660000, survival=38.492%, return=[-5.350252626454069, 508.0614420821269, -35.91153511515586, -91.58730158730162]
SPS=93
Eval at step 660500, survival=38.492%, return=[-5.856163387215929, 478.4008070528507, -39.29285499762045, -92.19047619047662]
SPS=93
Eval at step 661000, survival=38.492%, return=[-5.659272614313522, 486.9701465666294, -38.66105858935043, -90.6190476190481]
SPS=93
Eval at step 661500, survival=38.492%, return=[-5.618852019164478, 488.02066737413406, -38.86566443572519, -90.42857142857196]
SPS=93
Eval at step 662000, survival=40.972%, return=[-6.440903111196046, 494.11733354628086, -45.07330376926499, -95.90476190476276]
SPS=93
Eval at step 662500, survival=41.270%, return=[-6.262758877361193, 505.4927530735731, -35.92952295963187, -95.80952380952466]
SPS=93
Eval at step 663000, survival=52.480%, return=[-8.572379527497105, 622.1735009849072, -61.19695257606509, -120.76190476190565]
SPS=93
Eval at step 663500, survival=52.927%, return=[-8.892296030331636, 620.8439894318581, -68.09457876574015, -121.61904761904844]
SPS=93
Eval at step 664000, survival=100.000%, return=[-13.22631326423531, 1263.2536316215992, -114.90383722877596, -226.93650793650707]
SPS=93
Eval at step 664500, survival=100.000%, return=[-13.260001652204664, 1258.0853139162064, -120.00745128083508, -234.42857142857136]
SPS=93
Eval at step 665000, survival=100.000%, return=[-13.023596694809385, 1273.8509036749601, -115.01386127391015, -236.1428571428568]
SPS=93
Eval at step 665500, survival=42.956%, return=[-6.63906623038929, 526.9128416776657, -40.02671527036, -97.4285714285722]
SPS=93
Eval at step 666000, survival=40.972%, return=[-6.254699568846263, 500.2286658138037, -43.5002711796551, -99.85714285714361]
SPS=93
Eval at step 666500, survival=40.923%, return=[-6.262545707053505, 501.54287642240524, -45.41232348856283, -99.85714285714359]
SPS=93
Eval at step 667000, survival=39.236%, return=[-5.416196537815267, 526.1277962327003, -32.0247100663255, -88.76190476190497]
SPS=93
Eval at step 667500, survival=42.659%, return=[-7.155485156186235, 510.7489420821269, -50.794025004045885, -104.85714285714293]
SPS=93
Eval at step 668000, survival=100.000%, return=[-12.969217060453957, 1265.4575641229749, -119.02683531719958, -253.0952380952393]
SPS=93
Eval at step 668500, survival=100.000%, return=[-12.76300290376336, 1278.5194309304159, -110.96762345696334, -242.31746031746184]
SPS=93
Eval at step 669000, survival=100.000%, return=[-12.845919829851482, 1274.4210023358464, -110.79310349254229, -238.7619047619064]
SPS=93
Eval at step 669500, survival=100.000%, return=[-12.856597128741365, 1277.1296074539423, -113.7586385224131, -238.7936507936527]
SPS=93
Eval at step 670000, survival=100.000%, return=[-12.749694754427765, 1289.2525065094233, -113.27052161825122, -235.47619047619136]
SPS=93
Eval at step 670500, survival=100.000%, return=[-12.8301030920411, 1286.4415741562843, -122.3597229328152, -236.23809523809715]
SPS=93
Eval at step 671000, survival=100.000%, return=[-13.536898466845741, 1238.7752462252975, -171.9980843093981, -246.19047619047933]
SPS=93
Eval at step 671500, survival=100.000%, return=[-13.170207022689283, 1261.9336055368185, -153.85338767577196, -244.80952380952684]
SPS=93
Eval at step 672000, survival=48.214%, return=[-7.5328054459241685, 601.647614017129, -71.29368397727376, -115.85714285714378]
SPS=93
Eval at step 672500, survival=47.421%, return=[-7.4169832688057795, 585.6601822823286, -77.95054032991175, -114.33333333333458]
SPS=93
Eval at step 673000, survival=100.000%, return=[-12.844911976862932, 1243.991003960371, -181.09210623661056, -251.95238095238622]
SPS=93
Eval at step 673500, survival=54.514%, return=[-8.983362768029716, 625.1095205694437, -104.7955684865398, -140.1746031746053]
SPS=93
Eval at step 674000, survival=53.968%, return=[-8.444501869147643, 635.4119701087475, -91.91925766790519, -143.47619047619233]
SPS=94
Eval at step 674500, survival=45.205%, return=[-5.944759017622952, 584.8431823849678, -47.13564730763513, -120.39682539682633]
SPS=94
Eval at step 675000, survival=56.647%, return=[-8.450765527086332, 690.5891161412001, -104.8074737333809, -151.57142857143106]
SPS=94
Eval at step 675500, survival=54.365%, return=[-8.087791836907854, 664.5907721668482, -99.88079780014232, -146.38095238095437]
SPS=94
Eval at step 676000, survival=54.365%, return=[-7.990358313953038, 670.1391967982054, -99.5471783762332, -147.04761904762086]
SPS=94
Eval at step 676500, survival=40.774%, return=[-4.580400320148328, 566.3049189895391, -26.97535356535809, -111.19047619047653]
SPS=94
Eval at step 677000, survival=41.121%, return=[-4.831947603321169, 565.4632378071547, -31.339659243822098, -109.76190476190514]
SPS=94
Eval at step 677500, survival=41.071%, return=[-5.050365775852697, 558.8279075324535, -37.35066799366905, -107.85714285714333]
SPS=94
Eval at step 678000, survival=52.728%, return=[-7.623018322890857, 677.9584724754095, -67.43877231114311, -133.14285714285774]
SPS=94
Eval at step 678500, survival=100.000%, return=[-10.568772431492107, 1383.6380257681012, -100.1679164689267, -256.9047619047619]
SPS=94
Eval at step 679000, survival=47.569%, return=[-6.38669981478597, 630.4821001887321, -64.30539712368045, -124.52380952381014]
SPS=94
Eval at step 679500, survival=47.421%, return=[-6.384421413502423, 628.9140693992376, -66.32108677935321, -124.2857142857149]
SPS=94
Eval at step 680000, survival=51.240%, return=[-7.210039204976056, 666.120678499341, -76.04999092844082, -134.6190476190484]
SPS=94
Eval at step 680500, survival=40.923%, return=[-4.782493856939254, 562.8664911687374, -41.554871788830496, -114.95238095238115]
SPS=94
Eval at step 681000, survival=40.774%, return=[-3.9286099507589824, 594.629352197051, -22.09217350988183, -115.85714285714299]
SPS=94
Eval at step 681500, survival=40.774%, return=[-4.041807874978986, 590.3945293575525, -25.228420410421677, -114.6190476190478]
SPS=94
Eval at step 682000, survival=38.194%, return=[-4.2328057555132546, 543.1717372462153, -30.39551987836603, -103.09523809523778]
SPS=94
Eval at step 682500, survival=38.244%, return=[-4.547109082777752, 530.7467165514827, -30.589184970012866, -103.14285714285658]
SPS=94
Eval at step 683000, survival=39.038%, return=[-4.757773829944199, 538.2516510635614, -32.71897993632592, -106.85714285714214]
SPS=94
Eval at step 683500, survival=52.877%, return=[-6.427987100119935, 724.0198980718851, -33.63514511001995, -141.57142857142887]
SPS=94
Eval at step 684000, survival=100.000%, return=[-9.36414805741515, 1430.649111362795, -46.77431052288739, -265.99999999999767]
SPS=94
Eval at step 684500, survival=100.000%, return=[-9.85843785700854, 1401.76301664114, -53.8034051048453, -263.6666666666649]
SPS=94
Eval at step 685000, survival=38.244%, return=[-4.226074469217565, 543.8361603394151, -24.87966436863644, -104.66666666666596]
SPS=94
Eval at step 685500, survival=38.244%, return=[-4.380822651340471, 534.4620755588015, -23.16448202182073, -102.65079365079316]
SPS=94
Eval at step 686000, survival=34.077%, return=[-3.2391663353773765, 513.0006582289934, -33.53236383991316, -92.28571428571406]
SPS=94
Eval at step 686500, survival=37.698%, return=[-3.8823144834605046, 557.5621667504311, -37.67258974723518, -100.47619047619018]
SPS=94
Eval at step 687000, survival=40.823%, return=[-5.50712575414218, 521.8312997221947, -45.147973540006205, -112.9999999999999]
SPS=94
Eval at step 687500, survival=40.823%, return=[-5.577974321534081, 517.0314905991157, -44.948022436486404, -113.09523809523806]
SPS=94
Eval at step 688000, survival=40.823%, return=[-5.647136039158795, 515.2122341096401, -49.02081787469797, -112.1428571428571]
SPS=94
Eval at step 688500, survival=53.026%, return=[-8.991950870957226, 590.531885817647, -112.65550702344626, -142.76190476190655]
SPS=94
Eval at step 689000, survival=100.000%, return=[-12.554071042541182, 1240.4512525349855, -160.11522404500283, -260.95238095238585]
SPS=94
Eval at step 689500, survival=100.000%, return=[-12.489249782520346, 1246.246829226613, -148.59817958174972, -258.90476190476664]
SPS=94
Eval at step 690000, survival=33.879%, return=[-4.547138982772594, 450.61130299419165, -18.932736163260415, -83.85714285714279]
SPS=94
Eval at step 690500, survival=52.579%, return=[-8.72366214034264, 605.5397337377071, -89.8492951708613, -135.71428571428734]
SPS=94
Eval at step 691000, survival=47.669%, return=[-7.769027763890335, 554.7988643795252, -61.11799675680231, -122.95238095238192]
SPS=94
Eval at step 691500, survival=39.782%, return=[-6.002660116937477, 491.9365112632513, -38.12224217399489, -102.57142857142894]
SPS=94
Eval at step 692000, survival=39.633%, return=[-5.918380941671785, 493.71865251660347, -39.45158632704988, -103.14285714285752]
SPS=94
Eval at step 692500, survival=39.782%, return=[-5.962457923567854, 495.57216949760914, -41.20875172317028, -103.33333333333373]
SPS=94
Eval at step 693000, survival=38.194%, return=[-4.869561028201133, 523.0556894019246, -31.552937202795874, -101.42857142857086]
SPS=94
Eval at step 693500, survival=39.335%, return=[-5.060346057638526, 537.3459928333759, -28.110253978229593, -103.90476190476132]
SPS=94
Eval at step 694000, survival=100.000%, return=[-8.759110065196486, 1460.206537420551, -70.65480755011474, -267.7142857142849]
SPS=94
Eval at step 694500, survival=52.232%, return=[-7.8198624293727335, 662.0507104545832, -77.35443777753972, -138.23809523809533]
SPS=95
Eval at step 695000, survival=39.335%, return=[-4.918441806716146, 541.723350673914, -27.23735907144146, -105.33333333333269]
SPS=95
Eval at step 695500, survival=42.262%, return=[-6.230693692836212, 531.4602766782045, -52.09043527604081, -113.57142857142888]
SPS=95
Eval at step 696000, survival=40.873%, return=[-5.893137968960218, 516.3676128834486, -47.70512877294095, -110.76190476190509]
SPS=95
Eval at step 696500, survival=40.923%, return=[-5.786684078921098, 519.4733752608299, -46.85188629555341, -112.52380952380962]
SPS=95
Eval at step 697000, survival=52.183%, return=[-9.31847559675225, 567.0492153465748, -105.75279711003532, -147.38095238095454]
SPS=95
Eval at step 697500, survival=52.629%, return=[-9.424614677700447, 569.8168030530214, -104.5479752535175, -146.90476190476403]
SPS=95
Eval at step 698000, survival=52.629%, return=[-9.334491414105287, 568.8591201454401, -95.35363181770663, -146.0476190476212]
SPS=95
Eval at step 698500, survival=52.728%, return=[-8.78012183230021, 594.9601504504681, -89.97961112705525, -140.80952380952556]
SPS=95
Eval at step 699000, survival=53.125%, return=[-8.990193469508085, 595.7574073672295, -91.68264696985716, -140.80952380952564]
SPS=95
Eval at step 699500, survival=53.125%, return=[-8.964211094309576, 597.2836630940437, -92.95414590538712, -141.57142857143046]
SPS=95
Eval at step 700000, survival=52.728%, return=[-8.675017843052046, 601.3775240182877, -93.62354598182719, -143.5238095238113]
SPS=95
Eval at step 700500, survival=52.728%, return=[-8.757156383915571, 600.1814195811749, -98.38823554629926, -143.57142857143037]
SPS=95
Eval at step 701000, survival=52.976%, return=[-8.728561577037908, 606.008915618062, -100.40472415508702, -145.57142857143043]
SPS=95
Eval at step 701500, survival=53.075%, return=[-8.802064024610445, 605.6320622712374, -100.77184216439491, -145.23809523809715]
SPS=95
Eval at step 702000, survival=100.000%, return=[-12.708822485350538, 1237.0585917830467, -155.5348178750137, -271.6190476190532]
SPS=95
Eval at step 702500, survival=100.000%, return=[-12.806016458809609, 1232.9769382476807, -153.68537395837848, -270.0000000000052]
SPS=95
Eval at step 703000, survival=100.000%, return=[-12.819882045325357, 1229.9978407025337, -149.8730530098146, -268.5238095238143]
SPS=95
Eval at step 703500, survival=100.000%, return=[-12.908647493779426, 1223.0566534399986, -147.84885551716798, -266.76190476190953]
SPS=95
Eval at step 704000, survival=100.000%, return=[-12.918434484192403, 1218.429619178176, -143.50208817597377, -264.66666666667186]
SPS=95
Eval at step 704500, survival=100.000%, return=[-12.921886891543787, 1209.8784261792898, -138.84047304978594, -262.6349206349263]
SPS=95
Eval at step 705000, survival=100.000%, return=[-13.083764233859256, 1201.8498374819756, -140.77444841066608, -260.71428571429163]
SPS=95
Eval at step 705500, survival=100.000%, return=[-13.076949389767833, 1202.608309775591, -142.6114477176452, -260.7142857142917]
SPS=95
Eval at step 706000, survival=100.000%, return=[-13.100546778257316, 1207.472784936428, -145.2798616149812, -261.14285714286274]
SPS=95
Eval at step 706500, survival=100.000%, return=[-12.85634268677677, 1223.2397242188454, -145.72316334495554, -263.2380952381001]
SPS=95
Eval at step 707000, survival=100.000%, return=[-12.801520575827453, 1227.743572384119, -148.13144359184662, -264.428571428576]
SPS=95
Eval at step 707500, survival=100.000%, return=[-12.91540630540112, 1224.641513735056, -152.8856366904256, -266.7619047619094]
SPS=95
Eval at step 708000, survival=100.000%, return=[-12.934082584407102, 1224.1342821270227, -154.23701766981443, -267.5396825396873]
SPS=95
Eval at step 708500, survival=53.621%, return=[-9.329023002705071, 595.7569587379694, -105.42747181898449, -141.42857142857324]
SPS=95
Eval at step 709000, survival=52.579%, return=[-9.19568394072121, 582.4821622818708, -100.21267293312121, -137.09523809523972]
SPS=95
Eval at step 709500, survival=52.579%, return=[-9.16778674122179, 579.196750447154, -94.38635740727477, -136.95238095238273]
SPS=95
Eval at step 710000, survival=52.579%, return=[-9.616216397766644, 556.6910043259462, -94.59672953831614, -141.33333333333542]
SPS=95
Eval at step 710500, survival=52.232%, return=[-9.197896716330433, 574.103422254324, -94.71235511649866, -134.23809523809692]
SPS=95
Eval at step 711000, survival=47.669%, return=[-7.993039526278153, 546.0442764312029, -61.805661163525656, -119.28571428571541]
SPS=95
Eval at step 711500, survival=52.232%, return=[-9.289905516246412, 572.8078150451183, -98.1675664238234, -132.38095238095403]
SPS=95
Eval at step 712000, survival=100.000%, return=[-13.51244226723793, 1234.1107638925314, -139.97940274706707, -248.61904761904938]
SPS=95
Eval at step 712500, survival=100.000%, return=[-13.421171407302609, 1240.0959420353174, -141.92612315348015, -249.71428571428717]
SPS=95
Eval at step 713000, survival=55.010%, return=[-9.923286375997122, 604.8765766471624, -113.80551060283324, -139.2857142857159]
SPS=95
Eval at step 713500, survival=53.075%, return=[-9.408451650640927, 582.0985389351845, -101.98053042578977, -135.23809523809686]
SPS=95
Eval at step 714000, survival=56.994%, return=[-10.305664802135047, 611.6175650656223, -115.3440168214729, -146.52380952381174]
SPS=95
Eval at step 714500, survival=100.000%, return=[-13.46351924938305, 1198.0097262909014, -148.7037777464866, -260.11111111111603]
SPS=95
Eval at step 715000, survival=100.000%, return=[-13.131282069225563, 1206.1472567568223, -145.24711049280086, -264.714285714291]
SPS=95
Eval at step 715500, survival=100.000%, return=[-13.597247558325762, 1183.7181219309568, -150.1054431994271, -270.52380952381566]
SPS=95
Eval at step 716000, survival=100.000%, return=[-13.905550339550246, 1174.6165062785149, -159.0709843075456, -272.4285714285774]
SPS=95
Eval at step 716500, survival=100.000%, return=[-13.962155543995323, 1178.9154604971409, -162.41982435947648, -268.2380952381012]
SPS=95
Eval at step 717000, survival=100.000%, return=[-13.941283082899949, 1181.7353790650766, -161.04610325988688, -271.15873015873564]
SPS=95
Eval at step 717500, survival=100.000%, return=[-13.93093764333753, 1193.005009189248, -168.46998075707234, -271.66666666667163]
SPS=95
Eval at step 718000, survival=55.159%, return=[-10.238137594482396, 592.2660199701786, -126.52978698912193, -149.7619047619069]
SPS=95
Eval at step 718500, survival=39.831%, return=[-5.578221969248261, 512.0378892570734, -42.58715432835743, -104.76190476190509]
SPS=95
Eval at step 719000, survival=40.774%, return=[-5.496519346197601, 543.2358563691378, -45.890320987673476, -103.19047619047647]
SPS=95
Eval at step 719500, survival=42.560%, return=[-6.210142192809144, 548.3328814357519, -45.45089629187714, -101.3333333333337]
SPS=95
Eval at step 720000, survival=100.000%, return=[-12.429122386674862, 1304.4680280685425, -111.93711153988261, -239.09523809523822]
SPS=95
Eval at step 720500, survival=41.270%, return=[-6.739029403484892, 497.5534004867077, -47.28176507051103, -97.85714285714319]
SPS=95
Eval at step 721000, survival=38.393%, return=[-6.034132215485442, 471.40241358429193, -43.336016262182966, -92.38095238095279]
SPS=95
Eval at step 721500, survival=40.823%, return=[-6.053078197845025, 508.2772209495306, -42.05111651914194, -99.38095238095305]
SPS=95
Eval at step 722000, survival=47.272%, return=[-7.148266995112256, 578.4862465411425, -56.15393818336694, -118.7619047619056]
SPS=95
Eval at step 722500, survival=40.873%, return=[-5.958502840308938, 512.1261691600084, -45.76186713122297, -106.04761904761939]
SPS=95
Eval at step 723000, survival=100.000%, return=[-12.787083979113959, 1264.9330289661884, -141.25864827357873, -254.12698412698617]
SPS=95
Eval at step 723500, survival=100.000%, return=[-12.911902451131027, 1273.206407636404, -135.45565076196, -244.95238095238247]
SPS=95
Eval at step 724000, survival=41.220%, return=[-6.3956869049870875, 509.44493496418, -44.91816220164765, -99.66666666666701]
SPS=95
Eval at step 724500, survival=40.774%, return=[-6.208155124913901, 502.30149729549885, -45.01913360028993, -103.66666666666715]
SPS=95
Eval at step 725000, survival=40.774%, return=[-6.071081402798882, 506.8254420608282, -40.937924528552685, -105.47619047619078]
SPS=95
Eval at step 725500, survival=40.774%, return=[-6.193710044637555, 502.57595077653724, -46.783917975747805, -105.25396825396864]
SPS=95
Eval at step 726000, survival=40.823%, return=[-6.038184905308299, 509.11742724478245, -40.81114268687088, -106.95238095238123]
SPS=95
Eval at step 726500, survival=41.022%, return=[-5.860872228717199, 518.3071710467339, -38.057895226811524, -109.28571428571449]
SPS=95
Eval at step 727000, survival=52.480%, return=[-8.428697030933108, 609.0411001443863, -96.69735877600033, -143.76190476190632]
SPS=95
Eval at step 727500, survival=38.790%, return=[-4.003038630267838, 565.4947960972786, -22.983829372096807, -105.90476190476137]
SPS=95
Eval at step 728000, survival=47.073%, return=[-6.0172106075721485, 611.5807117919127, -58.64954911366416, -128.33333333333374]
SPS=95
Eval at step 728500, survival=47.173%, return=[-5.75324176158756, 624.8881273344159, -83.06727004848653, -126.52380952380997]
SPS=95
Eval at step 729000, survival=38.244%, return=[-4.031307129296086, 552.9548863743743, -20.193576600868255, -101.14285714285676]
SPS=95
Eval at step 729500, survival=38.194%, return=[-4.1749676007699845, 548.8143580531081, -25.66805689362809, -100.90476190476151]
SPS=96
Eval at step 730000, survival=48.264%, return=[-7.183126186282607, 588.614422172308, -79.27612099709222, -130.42857142857184]
SPS=96
Eval at step 730500, survival=38.244%, return=[-4.616897277650423, 530.4280231371522, -31.019988980842754, -103.52380952380888]
SPS=96
Eval at step 731000, survival=47.470%, return=[-7.024161268025637, 596.0285817235708, -49.97240436641732, -123.09523809523829]
SPS=96
Eval at step 731500, survival=47.669%, return=[-6.677862455777358, 616.0771641582251, -47.40513160242699, -120.71428571428618]
SPS=96
Eval at step 732000, survival=100.000%, return=[-10.406836747890338, 1391.5197731256485, -77.05841872993915, -245.85714285714184]
SPS=96
Eval at step 732500, survival=100.000%, return=[-11.764346951415064, 1322.8974822759628, -105.2888314237498, -244.0476190476198]
SPS=96
Eval at step 733000, survival=49.901%, return=[-7.752941324113635, 610.9342571794987, -52.41180834447732, -118.52380952381009]
SPS=96
Eval at step 733500, survival=100.000%, return=[-12.3331299831043, 1290.678045625488, -86.4985060463611, -236.2539682539692]
SPS=96
Eval at step 734000, survival=100.000%, return=[-12.53038604836911, 1289.0153766870499, -86.08005906724429, -233.28571428571482]
SPS=96
Eval at step 734500, survival=100.000%, return=[-12.598055333277443, 1292.5440719326336, -98.03306586378312, -234.5396825396831]
SPS=96
Eval at step 735000, survival=40.774%, return=[-5.8401055507711135, 520.2673016786575, -39.99438193946844, -100.8571428571435]
SPS=96
Eval at step 735500, survival=42.262%, return=[-6.035157089994755, 542.2585866600275, -48.092211344410316, -107.90476190476254]
SPS=96
Eval at step 736000, survival=47.470%, return=[-6.382503484065334, 627.8205797821283, -37.63734836907437, -119.69841269841312]
SPS=96
Eval at step 736500, survival=100.000%, return=[-10.291740802960703, 1396.091993972659, -69.12928382458631, -253.04761904761833]
SPS=96
Eval at step 737000, survival=100.000%, return=[-11.10755029488549, 1356.194039016962, -99.26593532531115, -254.36507936507917]
SPS=96
Eval at step 737500, survival=100.000%, return=[-11.248484607669525, 1355.5962068587542, -91.74868739450176, -252.52380952380886]
SPS=96
Eval at step 738000, survival=100.000%, return=[-11.108876011625398, 1363.5898673385382, -100.4054390575402, -251.9523809523804]
SPS=96
Eval at step 738500, survival=100.000%, return=[-11.355314888467547, 1350.4516825973988, -120.40784558637824, -254.9999999999997]
SPS=96
Eval at step 739000, survival=100.000%, return=[-11.46909831331383, 1348.4488054265578, -129.36277114196855, -254.42857142857125]
SPS=96
Eval at step 739500, survival=100.000%, return=[-11.598273174226051, 1345.5867280960083, -119.2451990814152, -253.52380952380835]
SPS=96
Eval at step 740000, survival=100.000%, return=[-10.699198921007337, 1385.7380821108818, -98.90887975663645, -254.09523809523583]
SPS=96
Eval at step 740500, survival=100.000%, return=[-10.53913402647595, 1388.3524207025766, -66.85615157221036, -256.7619047619019]
SPS=96
Eval at step 741000, survival=100.000%, return=[-10.380513139127288, 1393.5847543329, -56.02957307601173, -258.85714285713965]
SPS=96
Eval at step 741500, survival=100.000%, return=[-11.153590082462566, 1343.6159513841073, -70.58369521771965, -265.41269841269764]
SPS=96
Eval at step 742000, survival=100.000%, return=[-11.448810406611301, 1331.7648444324732, -89.35933686421777, -260.4761904761893]
SPS=96
Eval at step 742500, survival=100.000%, return=[-12.117115519649815, 1297.5453692873318, -115.37286024336936, -258.90476190476164]
SPS=96
Eval at step 743000, survival=100.000%, return=[-11.7364604556642, 1316.9408727139235, -93.85515780362766, -258.57142857142793]
SPS=96
Eval at step 743500, survival=100.000%, return=[-11.044214222783921, 1347.7172191888094, -96.79264135491394, -255.2380952380942]
SPS=96
Eval at step 744000, survival=100.000%, return=[-11.556422987254336, 1333.937337860465, -100.13150904829672, -257.5238095238087]
SPS=96
Eval at step 744500, survival=100.000%, return=[-11.721432392543647, 1338.4317151606083, -86.64955172193004, -251.90476190476033]
SPS=96
Eval at step 745000, survival=100.000%, return=[-12.04447940280564, 1320.059428607424, -102.20227579127823, -249.650793650792]
SPS=96
Eval at step 745500, survival=100.000%, return=[-12.506670848660482, 1306.2962147146463, -100.73605237574763, -243.2539682539667]
SPS=96
Eval at step 746000, survival=100.000%, return=[-12.74260903733375, 1280.9542954713106, -98.84032950132678, -244.95238095238008]
SPS=96
Eval at step 746500, survival=100.000%, return=[-12.259400379145518, 1316.5837473869324, -114.93289069378079, -248.42857142857142]
SPS=96
Eval at step 747000, survival=100.000%, return=[-11.875678822339978, 1325.6544903367758, -122.39151414807566, -252.52380952380932]
SPS=96
Eval at step 747500, survival=100.000%, return=[-11.02825934329303, 1356.4528732597828, -100.96047396218637, -252.9523809523795]
SPS=96
Eval at step 748000, survival=100.000%, return=[-10.614905387395993, 1370.5555974294741, -65.0239902750036, -255.50793650793477]
SPS=96
Eval at step 748500, survival=100.000%, return=[-11.125832586956676, 1348.2981285601854, -64.7454594107694, -257.42857142857076]
SPS=96
Eval at step 749000, survival=100.000%, return=[-11.051057117176242, 1350.780370697379, -71.66181854321621, -260.4285714285708]
SPS=96
Eval at step 749500, survival=100.000%, return=[-10.624264030251652, 1363.4361451913912, -83.75953264961329, -261.2222222222219]
SPS=96
Eval at step 750000, survival=100.000%, return=[-10.308521637198282, 1378.0347633957863, -69.37582436599769, -255.80952380952283]
SPS=96
Eval at step 750500, survival=100.000%, return=[-10.597164420352783, 1358.0623991340399, -83.44412985003146, -256.3333333333317]
SPS=96
Eval at step 751000, survival=100.000%, return=[-11.303387825086247, 1331.319299524029, -77.23074925452238, -253.6507936507919]
SPS=96
Eval at step 751500, survival=100.000%, return=[-11.464120611955877, 1326.1658105403185, -92.59710625985463, -253.90476190476065]
SPS=95
Eval at step 752000, survival=100.000%, return=[-12.073065965407295, 1308.3452794998884, -102.56336887718135, -254.95238095238082]
SPS=95
Eval at step 752500, survival=100.000%, return=[-12.30230772360422, 1299.8185707430046, -127.66473121091622, -256.0476190476193]
SPS=95
Eval at step 753000, survival=100.000%, return=[-12.015435979352333, 1315.6598236262798, -101.6776652153385, -254.52380952380938]
SPS=95
Eval at step 753500, survival=100.000%, return=[-11.112958639190765, 1354.5395932644606, -70.75802097737323, -252.85714285714116]
SPS=95
Eval at step 754000, survival=100.000%, return=[-11.123715445777634, 1349.6596342921257, -72.86136675400485, -253.76190476190345]
SPS=95
Eval at step 754500, survival=100.000%, return=[-11.06675608511432, 1350.2147268503904, -70.92505656335561, -253.38095238095093]
SPS=95
Eval at step 755000, survival=100.000%, return=[-11.249143152090255, 1341.2656208276749, -73.53470020410896, -251.42857142857008]
SPS=95
Eval at step 755500, survival=100.000%, return=[-11.461737581683943, 1341.234274243315, -87.0301086013933, -250.90476190476014]
SPS=95
Eval at step 756000, survival=100.000%, return=[-11.89850935706636, 1327.6654533296824, -99.88485156092793, -253.66666666666603]
SPS=95
Eval at step 756500, survival=100.000%, return=[-13.036224192212103, 1277.0360274761915, -166.74754652762203, -260.90476190476227]
SPS=95
Eval at step 757000, survival=100.000%, return=[-13.016587716760114, 1273.9709299951792, -160.50533266470666, -259.9047619047624]
SPS=95
Eval at step 757500, survival=100.000%, return=[-12.077903296943987, 1310.833529556791, -82.75855047504592, -252.22222222222226]
SPS=95
Eval at step 758000, survival=100.000%, return=[-12.139910851362705, 1311.1236072431009, -102.92026618801174, -247.80952380952297]
SPS=95
Eval at step 758500, survival=100.000%, return=[-11.583268272865098, 1340.672588840127, -88.92960219673114, -241.2857142857131]
SPS=95
Eval at step 759000, survival=100.000%, return=[-12.060322009929223, 1321.2772021740675, -94.2715022910852, -238.84126984126837]
SPS=95
Eval at step 759500, survival=100.000%, return=[-11.692496449599275, 1334.8290186673403, -85.66400702846295, -240.4761904761883]
SPS=95
Eval at step 760000, survival=100.000%, return=[-10.839561804954428, 1364.9390466064215, -80.5490018807177, -247.9523809523788]
SPS=95
Eval at step 760500, survival=100.000%, return=[-10.990690917358734, 1361.561851799488, -76.9214606638161, -256.71428571428316]
SPS=95
Eval at step 761000, survival=100.000%, return=[-10.596034135844093, 1382.3455315232277, -66.23200692556566, -259.52380952380577]
SPS=95
Eval at step 761500, survival=100.000%, return=[-11.17515317510697, 1349.7445518821478, -75.61309242346397, -262.76190476190396]
SPS=95
Eval at step 762000, survival=100.000%, return=[-10.943373383575818, 1360.9890724271536, -80.13240306288935, -257.14285714285455]
SPS=95
Eval at step 762500, survival=100.000%, return=[-12.14992003448424, 1304.028256252408, -99.0415660985309, -249.1904761904747]
SPS=95
Eval at step 763000, survival=100.000%, return=[-12.131978419492953, 1303.6479832629364, -96.33643269975437, -241.9841269841253]
SPS=95
Eval at step 763500, survival=100.000%, return=[-12.279009418853093, 1297.7030886113644, -101.08473521802807, -237.52380952380955]
SPS=95
Eval at step 764000, survival=100.000%, return=[-11.892040494528677, 1313.3528708815575, -87.67344310042972, -234.06349206349134]
SPS=95
Eval at step 764500, survival=100.000%, return=[-11.244050913267225, 1344.6400285065174, -74.84112542071671, -231.39682539682437]
SPS=95
Eval at step 765000, survival=100.000%, return=[-12.051289467286551, 1313.6635132879019, -94.60632501606597, -236.23809523809473]
SPS=95
Eval at step 765500, survival=100.000%, return=[-12.328644818946486, 1304.2708659023046, -98.65080453077098, -234.60317460317387]
SPS=95
Eval at step 766000, survival=100.000%, return=[-12.789258536387933, 1287.1049200942118, -101.30769157127361, -235.2063492063484]
SPS=95
Eval at step 766500, survival=100.000%, return=[-12.736909108178224, 1284.9105075001717, -122.94603417118196, -238.99999999999952]
SPS=95
Eval at step 767000, survival=100.000%, return=[-12.50660982093541, 1283.8848856538534, -94.3095584421826, -242.6666666666666]
SPS=95
Eval at step 767500, survival=100.000%, return=[-12.390424112178152, 1283.177217617631, -88.7617430314458, -244.23809523809527]
SPS=95
Eval at step 768000, survival=100.000%, return=[-12.523300559609197, 1275.5917303711176, -98.77991025161464, -244.85714285714278]
SPS=95
Eval at step 768500, survival=100.000%, return=[-12.515287151443772, 1282.4549365341663, -106.18972442491213, -244.09523809523694]
SPS=95
Eval at step 769000, survival=100.000%, return=[-12.389471438267114, 1294.300062045455, -107.28109879768454, -246.0476190476172]
SPS=95
Eval at step 769500, survival=50.347%, return=[-7.538409717924272, 627.8324892669916, -52.03448353180041, -122.80952380952424]
SPS=95
Eval at step 770000, survival=39.831%, return=[-5.319320998591138, 515.8139023929834, -31.090241884812713, -100.80952380952432]
SPS=95
Eval at step 770500, survival=39.831%, return=[-5.3863929766230285, 517.1321328133345, -37.47321720002219, -101.57142857142905]
SPS=95
Eval at step 771000, survival=47.768%, return=[-7.09895598134608, 606.1163335889578, -57.368600818590494, -115.76190476190509]
SPS=95
Eval at step 771500, survival=100.000%, return=[-12.259143147054905, 1321.4444641917944, -109.46067543962272, -237.66666666666492]
SPS=95
Eval at step 772000, survival=100.000%, return=[-12.75362437122385, 1292.4105310291052, -121.88866661541397, -241.95238095238014]
SPS=95
Eval at step 772500, survival=100.000%, return=[-12.366694512291966, 1309.758691906929, -114.6758206870436, -245.6031746031722]
SPS=95
Eval at step 773000, survival=100.000%, return=[-12.316972759086639, 1318.8430460691452, -110.76687172937454, -245.0476190476163]
SPS=95
Eval at step 773500, survival=39.831%, return=[-5.606066475156695, 504.64462588727474, -39.85244239564054, -106.38095238095268]
SPS=95
Eval at step 774000, survival=39.732%, return=[-5.3133620600856375, 518.816979393363, -33.59814343391918, -101.95238095238146]
SPS=95
Eval at step 774500, survival=40.774%, return=[-6.0180236933229025, 497.63891027867794, -32.53056448040297, -104.76190476190523]
SPS=95
Eval at step 775000, survival=47.768%, return=[-6.624926625925582, 585.9757878482342, -98.55765271175187, -119.23809523809489]
SPS=95
Eval at step 775500, survival=53.770%, return=[-9.040620005718665, 596.9439092427492, -83.63691123086028, -136.22222222222402]
SPS=96
Eval at step 776000, survival=5.804%, return=[-1.6413188413716853, 74.902243219316, -10.656230153981596, -13.999999999999991]
SPS=96
Eval at step 776500, survival=54.067%, return=[-9.390090661298018, 599.6313629448414, -98.73971132765291, -131.85714285714405]
SPS=96
Eval at step 777000, survival=39.335%, return=[-5.8589011450822, 497.0126986205578, -34.39956030109897, -85.00000000000031]
SPS=96
Eval at step 777500, survival=39.335%, return=[-5.969001370453043, 498.3224580734968, -32.93349734332878, -83.90476190476227]
SPS=96
Eval at step 778000, survival=40.823%, return=[-6.233398690033937, 502.266053840518, -34.643792955903336, -92.90476190476267]
SPS=96
Eval at step 778500, survival=40.923%, return=[-6.216964491526596, 505.4015944749117, -34.207980890005274, -93.28571428571502]
SPS=96
Eval at step 779000, survival=100.000%, return=[-12.787875338127682, 1301.1484546313684, -97.61342493558914, -224.11111111110938]
SPS=96
Eval at step 779500, survival=100.000%, return=[-12.342612482898403, 1316.0436590462923, -93.28466700471836, -228.33333333333132]
SPS=96
Eval at step 780000, survival=100.000%, return=[-12.308091925883977, 1306.759397794803, -103.1894031347656, -235.9365079365051]
SPS=96
Eval at step 780500, survival=39.831%, return=[-5.322524698567577, 514.48425334692, -86.1980006180238, -96.42857142857152]
SPS=96
Eval at step 781000, survival=40.476%, return=[-5.283683309098706, 530.3225713148713, -65.80814800574444, -99.28571428571455]
SPS=96
Eval at step 781500, survival=49.554%, return=[-6.793252506264253, 644.5005800537765, -116.58118144667242, -122.38095238095222]
SPS=96
Eval at step 782000, survival=48.810%, return=[-6.690473972266773, 628.3670173510909, -74.3154446274275, -122.23809523809562]
SPS=96
Eval at step 782500, survival=5.903%, return=[-1.5336832667235285, 78.82668772339821, -11.897604251280427, -15.666666666666652]
SPS=96
Eval at step 783000, survival=49.256%, return=[-7.26159483983065, 617.2831544205546, -66.09661559137749, -116.52380952380992]
SPS=96
Eval at step 783500, survival=5.903%, return=[-1.5532322780927643, 79.15096923708916, -10.487031303346157, -15.428571428571416]
SPS=96
Eval at step 784000, survival=100.000%, return=[-12.188531676976709, 1299.0561803281307, -117.6906918943132, -237.58730158729932]
SPS=96
Eval at step 784500, survival=100.000%, return=[-12.545134492257299, 1280.514859855175, -153.51353893878695, -236.952380952379]
SPS=96
Eval at step 785000, survival=33.631%, return=[-4.632397319073789, 443.8668754895528, -17.377854309161194, -70.53968253968296]
SPS=96
Eval at step 785500, survival=33.631%, return=[-4.780257819686085, 435.4296563565731, -23.63480329484446, -72.38095238095279]
SPS=96
Eval at step 786000, survival=5.903%, return=[-1.6500558983534575, 76.38740172982216, -9.274721087422222, -13.999999999999988]
SPS=96
Eval at step 786500, survival=100.000%, return=[-12.97349670084077, 1273.2320902595918, -121.45890537147352, -227.2380952380951]
SPS=96
Eval at step 787000, survival=100.000%, return=[-12.729793547419831, 1289.896617765228, -134.1309658260434, -232.5555555555554]
SPS=96
Eval at step 787500, survival=39.831%, return=[-5.931803005631082, 489.61926306411624, -103.64321939530782, -99.61904761904744]
SPS=96
Eval at step 788000, survival=39.831%, return=[-5.99865592745482, 491.4786166548729, -40.18497712851968, -101.33333333333366]
SPS=96
Eval at step 788500, survival=100.000%, return=[-12.627120786492014, 1290.5724287480116, -155.72505053511122, -251.8095238095235]
SPS=96
Eval at step 789000, survival=100.000%, return=[-12.538413607195253, 1289.8605585824698, -200.01048026431818, -250.85714285714232]
SPS=96
Eval at step 789500, survival=100.000%, return=[-12.822134969280645, 1284.876781905691, -120.11577824590859, -247.46031746031744]
SPS=96
Eval at step 790000, survival=100.000%, return=[-13.060035365604563, 1276.8257467448711, -130.24842721802997, -247.57142857142875]
SPS=96
Eval at step 790500, survival=100.000%, return=[-13.195053075236501, 1261.321489110589, -153.2829911990848, -246.61904761904768]
SPS=96
Eval at step 791000, survival=100.000%, return=[-13.332748183805961, 1238.7174250781536, -163.58562257009908, -249.7142857142859]
SPS=96
Eval at step 791500, survival=100.000%, return=[-13.504719956457848, 1225.5759392380714, -173.3746961538418, -251.42857142857142]
SPS=96
Eval at step 792000, survival=100.000%, return=[-12.355798509932356, 1272.5051357597113, -161.21150413935538, -249.2857142857134]
SPS=96
Eval at step 792500, survival=100.000%, return=[-11.821496838053767, 1301.9344974954922, -153.4727800435697, -248.38095238095082]
SPS=96
Eval at step 793000, survival=100.000%, return=[-12.439896518762302, 1292.3332093854744, -117.90697092217063, -241.30158730158703]
SPS=96
Eval at step 793500, survival=100.000%, return=[-11.970150998939062, 1317.9853824824095, -112.53786214161664, -242.71428571428487]
SPS=96
Eval at step 794000, survival=100.000%, return=[-12.013784104579827, 1317.319947078824, -113.49020002933685, -245.57142857142807]
SPS=96
Eval at step 794500, survival=100.000%, return=[-13.431809715606505, 1243.7703802734613, -143.49116310855607, -251.9047619047625]
SPS=96
Eval at step 795000, survival=100.000%, return=[-13.981889850634616, 1206.394884109497, -174.12724767345935, -254.2380952380981]
SPS=96
Eval at step 795500, survival=100.000%, return=[-14.344898524534074, 1179.572103202343, -166.28264707163908, -251.42857142857397]
SPS=96
Eval at step 796000, survival=100.000%, return=[-14.167884172978424, 1188.9992282291253, -167.05258554662578, -252.84126984127215]
SPS=96
Eval at step 796500, survival=100.000%, return=[-13.468837112377514, 1229.5705607533455, -154.2207387459348, -248.85714285714224]
SPS=96
Eval at step 797000, survival=100.000%, return=[-14.67120353137337, 1187.4829202890396, -161.00977489171783, -244.12698412698464]
SPS=96
Eval at step 797500, survival=100.000%, return=[-14.96080830282881, 1177.864930510521, -157.0059946706897, -238.28571428571414]
SPS=96
Eval at step 798000, survival=100.000%, return=[-14.48697750173354, 1201.398606871565, -143.0968576233863, -235.1904761904757]
SPS=96
Eval at step 798500, survival=47.718%, return=[-7.960350514651509, 567.5501188784838, -62.71494640677702, -111.7619047619055]
SPS=96
Eval at step 799000, survival=39.484%, return=[-6.210301265120506, 493.7398687750101, -40.48648217576556, -88.47619047619098]
SPS=96
Eval at step 799500, survival=39.831%, return=[-6.195401085540652, 499.9419007152319, -37.67539505264722, -89.95238095238138]
SPS=96
Eval at step 800000, survival=100.000%, return=[-12.914631313731661, 1260.795844629407, -102.98667974951968, -242.28571428571368]
SPS=96
Eval at step 800500, survival=100.000%, return=[-12.852179748064373, 1273.4900692403316, -107.93384636979681, -241.47619047619148]
SPS=96
Eval at step 801000, survival=100.000%, return=[-12.919443433405831, 1273.2230881750584, -114.8580079126441, -240.71428571428655]
SPS=96
Eval at step 801500, survival=100.000%, return=[-13.125538288460424, 1268.373932202657, -132.2250667000723, -235.73015873015933]
SPS=96
Eval at step 802000, survival=100.000%, return=[-13.802790990157519, 1233.647414818406, -150.13637774922245, -232.7142857142854]
SPS=96
Eval at step 802500, survival=100.000%, return=[-14.050157704555508, 1225.6095736722152, -152.52602092024367, -227.3650793650787]
SPS=96
Eval at step 803000, survival=100.000%, return=[-14.090484575135633, 1224.563631117344, -150.86783183498483, -227.6666666666653]
SPS=96
Eval at step 803500, survival=100.000%, return=[-14.131584886781638, 1229.6839617788792, -148.30454438568268, -228.5238095238088]
SPS=96
Eval at step 804000, survival=100.000%, return=[-13.919231706895516, 1226.6009617894888, -147.0563611172838, -238.90476190476173]
SPS=96
Eval at step 804500, survival=48.065%, return=[-7.1150539047666825, 601.9486754536629, -54.575313119567, -116.28571428571514]
SPS=96
Eval at step 805000, survival=48.512%, return=[-7.482473958099338, 594.9485183060169, -63.31448021912365, -121.57142857142928]
SPS=96
Eval at step 805500, survival=100.000%, return=[-12.489721209276468, 1314.875313187639, -138.70344117536055, -240.01587301587105]
SPS=96
Eval at step 806000, survival=100.000%, return=[-11.39766318697366, 1379.2797054201365, -110.28831986615842, -237.28571428571186]
SPS=96
Eval at step 806500, survival=100.000%, return=[-11.185646114085102, 1379.9925289601088, -104.29873182205483, -241.80952380952155]
SPS=96
Eval at step 807000, survival=100.000%, return=[-11.573849450719232, 1371.03731589516, -120.95280047717097, -242.52380952380767]
SPS=96
Eval at step 807500, survival=100.000%, return=[-11.589593779382994, 1356.4251237909, -109.65773809675738, -247.60317460317492]
SPS=96
Eval at step 808000, survival=100.000%, return=[-10.637607098149601, 1376.3780665919185, -162.61871274247824, -256.9999999999988]
SPS=96
Eval at step 808500, survival=100.000%, return=[-9.901735700666904, 1409.386563025415, -166.13506559784582, -264.42857142856997]
SPS=96
Eval at step 809000, survival=100.000%, return=[-11.469924453049316, 1333.0793806016445, -145.9497869169718, -263.8095238095224]
SPS=96
Eval at step 809500, survival=100.000%, return=[-10.747077687410638, 1372.09707903862, -92.80802064426098, -253.61904761904543]
SPS=96
Eval at step 810000, survival=49.752%, return=[-7.1801894921809435, 642.6517331451178, -53.64343447974534, -120.71428571428557]
SPS=96
Eval at step 810500, survival=100.000%, return=[-4.783882478615851, 1488.7447508350015, -34.715042361203814, -494.42857142856866]
SPS=96
Eval at step 811000, survival=100.000%, return=[-4.725174764069379, 1494.4753231704235, -14.462284161854768, -500.90476190475914]
SPS=96
Eval at step 811500, survival=100.000%, return=[-4.654101983673172, 1499.3998409211636, -12.243232551263645, -496.3333333333306]
SPS=96
Eval at step 812000, survival=100.000%, return=[-4.859971830126597, 1487.8371050655842, -11.911066831089556, -500.52380952380673]
SPS=96
Eval at step 812500, survival=100.000%, return=[-4.686594823870109, 1500.349190890789, -12.824631889816374, -495.714285714283]
SPS=96
Eval at step 813000, survival=100.000%, return=[-4.623799264445552, 1504.1145014464855, -9.592238462209934, -495.95238095237823]
SPS=96
Eval at step 813500, survival=100.000%, return=[-4.588598653281224, 1506.07839936018, -7.894259262975538, -495.42857142856866]
SPS=96
Eval at step 814000, survival=48.363%, return=[-6.339344745967537, 644.9987790286541, -49.87279459150159, -127.47619047619065]
SPS=96
Eval at step 814500, survival=48.909%, return=[-6.479327325389022, 667.0848392099142, -57.8797089670843, -123.90476190476147]
SPS=96
Eval at step 815000, survival=100.000%, return=[-10.672999902017182, 1388.9572112113237, -126.54684791825275, -253.85714285713993]
SPS=96
Eval at step 815500, survival=100.000%, return=[-10.199417159921722, 1421.3392128994067, -115.30706400111133, -250.1111111111078]
SPS=96
Eval at step 816000, survival=100.000%, return=[-11.385306452400982, 1362.887910708785, -122.70338550169981, -252.09523809523816]
SPS=96
Eval at step 816500, survival=100.000%, return=[-10.546220637013903, 1404.223465397954, -120.17778508910851, -247.19047619047285]
SPS=96
Eval at step 817000, survival=100.000%, return=[-10.643081143964082, 1398.763585627079, -126.01979330298491, -246.52380952380602]
SPS=96
Eval at step 817500, survival=100.000%, return=[-11.072517111024354, 1367.8246305137873, -145.13227939998615, -245.1428571428544]
SPS=96
Eval at step 818000, survival=100.000%, return=[-11.59214803847135, 1351.2918793459733, -142.14833632405012, -244.17460317460095]
SPS=96
Eval at step 818500, survival=100.000%, return=[-12.405406049598241, 1307.3189758062363, -145.58560937854054, -245.0476190476194]
SPS=96
Eval at step 819000, survival=100.000%, return=[-11.917620352789527, 1335.194315418601, -138.96046428846603, -247.42857142856943]
SPS=96
Eval at step 819500, survival=100.000%, return=[-11.301318780140718, 1357.9057116955519, -148.36839732532098, -248.90476190476014]
SPS=96
Eval at step 820000, survival=100.000%, return=[-11.213313213015985, 1370.9873281915982, -142.4326736578223, -249.5555555555537]
SPS=96
Eval at step 820500, survival=100.000%, return=[-11.598904959032856, 1338.2902561922867, -130.22966102979504, -248.17460317460097]
SPS=96
Eval at step 821000, survival=100.000%, return=[-12.447597539576236, 1289.032040208578, -133.03754338965518, -249.95238095238042]
SPS=96
Eval at step 821500, survival=100.000%, return=[-11.657780482375529, 1320.3597353100777, -109.62092164143542, -243.4285714285708]
SPS=96
Eval at step 822000, survival=100.000%, return=[-11.386445205716882, 1342.1484380066395, -129.16103597861365, -240.71428571428433]
SPS=96
Eval at step 822500, survival=100.000%, return=[-12.123053621558938, 1318.9868714660406, -111.54219768553351, -234.84126984126794]
SPS=96
Eval at step 823000, survival=100.000%, return=[-13.114481587098757, 1279.949474081397, -114.43744027574819, -231.53968253968105]
SPS=96
Eval at step 823500, survival=100.000%, return=[-13.273286762589123, 1264.0020597577095, -133.5614236674155, -233.7619047619024]
SPS=96
Eval at step 824000, survival=100.000%, return=[-12.8749110209028, 1284.4897806346416, -143.3761380204669, -241.19047619047421]
SPS=96
Eval at step 824500, survival=100.000%, return=[-11.858585805239272, 1340.660365626216, -111.12950354836357, -241.888888888887]
SPS=96
Eval at step 825000, survival=100.000%, return=[-11.324448890285566, 1359.392748489976, -101.21115164685762, -245.5238095238079]
SPS=96
Eval at step 825500, survival=100.000%, return=[-10.502867117276764, 1389.5496762543917, -104.14801609204005, -250.90476190475928]
SPS=96
Eval at step 826000, survival=100.000%, return=[-10.004586979484884, 1421.1090487986803, -100.64786600269144, -253.42857142856823]
SPS=96
Eval at step 826500, survival=100.000%, return=[-9.992289981106296, 1417.0677465572953, -155.31875063694315, -250.99999999999625]
SPS=96
Eval at step 827000, survival=100.000%, return=[-10.232258330885088, 1407.4476346025865, -109.6807129890658, -252.60317460317142]
SPS=96
Eval at step 827500, survival=100.000%, return=[-10.63632221322041, 1393.811110690236, -100.94881382159656, -254.38095238094863]
SPS=96
Eval at step 828000, survival=100.000%, return=[-8.98405808819613, 1470.4097482264042, -69.49398730668084, -258.34920634920235]
SPS=96
Eval at step 828500, survival=100.000%, return=[-8.796812430441301, 1476.934461146593, -63.869218434847426, -261.63492063491714]
SPS=96
Eval at step 829000, survival=100.000%, return=[-8.606100464938208, 1482.4142158478498, -68.07656556979055, -265.2857142857117]
SPS=96
Eval at step 829500, survival=100.000%, return=[-9.157564958906732, 1451.888035774231, -91.54663824272575, -266.571428571427]
SPS=96
Eval at step 830000, survival=100.000%, return=[-10.437387854481736, 1411.2771268139284, -114.26558100934926, -258.76190476190214]
SPS=96
Eval at step 830500, survival=100.000%, return=[-10.625065326603362, 1403.1745214313269, -127.03397880351986, -253.57142857142549]
SPS=96
Eval at step 831000, survival=100.000%, return=[-11.942595574248116, 1344.8227847516537, -132.94184646925714, -249.80952380952291]
SPS=96
Eval at step 831500, survival=100.000%, return=[-10.68074038103805, 1400.139605070154, -94.34690120141265, -245.53968253967912]
SPS=96
Eval at step 832000, survival=83.284%, return=[-10.40919233953658, 1111.973036100467, -90.22369241710597, -201.49206349206113]
SPS=96
Eval at step 832500, survival=100.000%, return=[-13.081393081927672, 1289.990338012576, -132.16449350664334, -234.23809523809254]
SPS=96
Eval at step 833000, survival=100.000%, return=[-13.182164829704561, 1275.6938316375017, -133.5221562219158, -235.09523809523523]
SPS=95
Eval at step 833500, survival=100.000%, return=[-12.223767573052706, 1312.7686443328857, -113.54014212077648, -236.25396825396464]
SPS=95
Eval at step 834000, survival=100.000%, return=[-11.921005481960796, 1331.2800912111998, -117.02057244117896, -239.39682539682246]
SPS=95
Eval at step 834500, survival=100.000%, return=[-11.842927390302066, 1330.4767550056179, -117.2134073272294, -239.26984126983925]
SPS=95
Eval at step 835000, survival=100.000%, return=[-13.431765666260617, 1266.6304542670648, -136.2347426280212, -242.57142857142756]
SPS=95
Eval at step 835500, survival=100.000%, return=[-14.318467769946437, 1239.6390139609575, -149.34965270731482, -241.61904761904984]
SPS=95
Eval at step 836000, survival=100.000%, return=[-14.300054475432262, 1225.8676194995642, -161.50437802301894, -246.238095238097]
SPS=95
Eval at step 836500, survival=100.000%, return=[-14.050081479523215, 1207.1376725584269, -152.69958798591688, -251.00000000000173]
SPS=95
Eval at step 837000, survival=100.000%, return=[-5.506977812590776, 1464.0751581887405, -12.126395363593474, -466.5555555555534]
SPS=95
Eval at step 837500, survival=100.000%, return=[-12.97072299287538, 1261.9466360509396, -138.46477200444497, -246.85714285714369]
SPS=95
Eval at step 838000, survival=100.000%, return=[-12.539842732978286, 1271.87410838902, -144.14761319458194, -245.1428571428581]
SPS=95
Eval at step 838500, survival=100.000%, return=[-12.660108511016006, 1276.034935951233, -151.31851363148598, -251.38095238095465]
SPS=95
Eval at step 839000, survival=100.000%, return=[-13.648394647238698, 1240.7957862615585, -169.7976712363743, -252.73015873015993]
SPS=95
Eval at step 839500, survival=100.000%, return=[-11.050149250513641, 1375.6980299949646, -131.02852994990826, -251.80952380952286]
SPS=95
Eval at step 840000, survival=100.000%, return=[-11.006066271860618, 1368.1042635142803, -98.39282093074871, -252.14285714285677]
SPS=95
Eval at step 840500, survival=100.000%, return=[-10.936088497110177, 1361.6917689740658, -128.2524046933031, -254.76190476190425]
SPS=95
Eval at step 841000, survival=100.000%, return=[-11.532265508372802, 1331.7235255092382, -134.7631008963799, -255.285714285715]
SPS=95
Eval at step 841500, survival=100.000%, return=[-13.80090085719712, 1225.2971057146788, -146.56397567334352, -262.523809523811]
SPS=95
Eval at step 842000, survival=100.000%, return=[-13.988778185273986, 1211.4466380029917, -167.8329336204115, -269.50793650793827]
SPS=95
Eval at step 842500, survival=100.000%, return=[-14.408351020159898, 1183.2060724049807, -125.13727010144066, -270.33333333333763]
SPS=95
Eval at step 843000, survival=100.000%, return=[-15.43925874226261, 1132.2655136287212, -192.96090430332697, -272.7142857142925]
SPS=95
Eval at step 843500, survival=100.000%, return=[-14.52778951896471, 1172.479224666953, -174.02338776659235, -274.00000000000443]
SPS=95
Eval at step 844000, survival=100.000%, return=[-13.701055077108322, 1217.5998049676418, -184.634453934068, -272.571428571433]
SPS=95
Eval at step 844500, survival=100.000%, return=[-11.658831253308259, 1322.3607762555282, -177.00265013801982, -262.88888888888954]
SPS=95
Eval at step 845000, survival=100.000%, return=[-11.672248232847778, 1315.9748391658068, -127.39311406006891, -255.2857142857143]
SPS=95
Eval at step 845500, survival=100.000%, return=[-12.369587559883561, 1294.7796475340922, -138.6062788986601, -249.1587301587309]
SPS=95
Eval at step 846000, survival=100.000%, return=[-12.665566959660888, 1278.9572033534448, -145.06920508603798, -251.73015873016084]
SPS=95
Eval at step 846500, survival=100.000%, return=[-12.16334448591806, 1291.5433743298054, -150.97206227874267, -257.28571428571644]
SPS=95
Eval at step 847000, survival=100.000%, return=[-12.634172691381536, 1271.2824839800596, -162.85983311827295, -260.9523809523846]
SPS=95
Eval at step 847500, survival=100.000%, return=[-14.673157439858187, 1173.5948621630669, -168.18568170108847, -270.0000000000042]
SPS=95
Eval at step 848000, survival=100.000%, return=[-14.646427629282698, 1159.8087180256844, -160.86370550856373, -274.28571428571894]
SPS=95
Eval at step 848500, survival=100.000%, return=[-14.86862550652586, 1144.923065006733, -161.80835423660028, -273.9523809523865]
SPS=95
Eval at step 849000, survival=100.000%, return=[-13.849923100002343, 1205.5025026649237, -124.72264520321914, -264.28571428571763]
SPS=95
Eval at step 849500, survival=100.000%, return=[-13.359131025266834, 1228.5227957218885, -114.2884289896756, -262.4761904761924]
SPS=95
Eval at step 850000, survival=100.000%, return=[-13.432840580440825, 1224.4305300712585, -113.88552501739468, -262.00000000000233]
SPS=95
Eval at step 850500, survival=100.000%, return=[-12.83572932369619, 1251.4346591830254, -159.82103938794657, -258.80952380952783]
SPS=95
Eval at step 851000, survival=100.000%, return=[-12.311856254207669, 1279.6057130992413, -151.55688384722453, -258.523809523812]
SPS=95
Eval at step 851500, survival=100.000%, return=[-11.511966211895924, 1334.9455891251564, -154.4443371295347, -257.19047619047797]
SPS=95
Eval at step 852000, survival=100.000%, return=[-11.220847505173879, 1352.492740944028, -158.46827367990045, -261.71428571428737]
SPS=95
Eval at step 852500, survival=100.000%, return=[-10.950755598692922, 1365.333942020933, -145.89973113426822, -263.61904761904935]
SPS=95
Eval at step 853000, survival=100.000%, return=[-10.927865448815282, 1373.9635340819757, -125.27267792980031, -263.42857142857343]
SPS=95
Eval at step 853500, survival=100.000%, return=[-12.906021409507957, 1280.9728126227856, -111.30535251040783, -264.42857142857343]
SPS=95
Eval at step 854000, survival=100.000%, return=[-5.6023921743326355, 1458.1138014495373, -11.336974834848661, -476.3333333333306]
SPS=95
Eval at step 854500, survival=100.000%, return=[-5.7569170617935015, 1451.3231608569622, -11.90636930094115, -474.3333333333307]
SPS=95
Eval at step 855000, survival=100.000%, return=[-5.563908276468283, 1458.8410573899746, -11.44693094334798, -477.9047619047592]
SPS=95
Eval at step 855500, survival=39.782%, return=[-3.8588282898126636, 581.1556611359119, -19.488331048632972, -109.57142857142829]
SPS=95
Eval at step 856000, survival=100.000%, return=[-10.567264194852518, 1355.660511866212, -125.22748175269953, -265.6190476190484]
SPS=95
Eval at step 856500, survival=100.000%, return=[-11.596773474971997, 1314.46896353364, -128.3071393771752, -266.3809523809527]
SPS=95
Eval at step 857000, survival=100.000%, return=[-9.629348781279987, 1405.63651509583, -113.5095013492537, -268.3809523809515]
SPS=95
Eval at step 857500, survival=100.000%, return=[-9.30873731416068, 1418.3017087429762, -114.73066190548707, -269.285714285713]
SPS=95
Eval at step 858000, survival=100.000%, return=[-8.953371271287324, 1441.974199399352, -91.80457761976868, -265.42857142856957]
SPS=95
Eval at step 858500, survival=100.000%, return=[-9.323534381818414, 1428.0182769149542, -91.96514889779792, -264.9523809523797]
SPS=95
Eval at step 859000, survival=100.000%, return=[-11.705951438954799, 1322.7400106936693, -97.78891224326799, -264.19047619047535]
SPS=94
Eval at step 859500, survival=100.000%, return=[-10.368847211473621, 1389.7511458545923, -84.65109688087978, -257.71428571428606]
SPS=94
Eval at step 860000, survival=100.000%, return=[-10.584991437295685, 1388.8482474535704, -92.96997973229736, -253.66666666666572]
SPS=94
Eval at step 860500, survival=100.000%, return=[-10.419409118854674, 1393.2646838873625, -97.77368112474505, -255.5238095238095]
SPS=94
Eval at step 861000, survival=100.000%, return=[-9.989517640933627, 1402.8409876972437, -108.25042104326712, -264.1904761904752]
SPS=94
Eval at step 861500, survival=100.000%, return=[-9.930098652315792, 1409.5176185294986, -114.79296286262979, -267.33333333333303]
SPS=94
Eval at step 862000, survival=100.000%, return=[-9.403123908879934, 1439.6289128661156, -116.014212743612, -263.38095238094985]
SPS=94
Eval at step 862500, survival=100.000%, return=[-10.192388657140933, 1406.2385992109776, -103.31896669687315, -257.09523809523733]
SPS=94
Eval at step 863000, survival=100.000%, return=[-11.027389670984121, 1365.8868800352018, -106.56522150122328, -244.1111111111106]
SPS=94
Eval at step 863500, survival=100.000%, return=[-11.498183460644213, 1332.870256215334, -108.76596200308995, -245.66666666666708]
SPS=94
Eval at step 864000, survival=100.000%, return=[-12.179671679245075, 1301.0054002553225, -123.04188437454286, -254.3809523809508]
SPS=94
Eval at step 864500, survival=100.000%, return=[-12.84469223979977, 1279.662543848157, -126.38733690822846, -254.80952380952317]
SPS=94
Eval at step 865000, survival=100.000%, return=[-10.37327077970258, 1396.7241003289819, -125.61494293026044, -252.04761904761838]
SPS=94
Eval at step 865500, survival=100.000%, return=[-10.38309985937667, 1411.1120406389236, -120.09761970519321, -251.76190476190428]
SPS=94
Eval at step 866000, survival=100.000%, return=[-10.112667271178603, 1415.4142195284367, -108.29905747435987, -257.03174603174597]
SPS=94
Eval at step 866500, survival=100.000%, return=[-9.282451617269544, 1441.445933908224, -87.15671492882393, -259.1904761904745]
SPS=94
Eval at step 867000, survival=100.000%, return=[-9.405869033100316, 1422.14781562984, -84.28305762059608, -256.57142857142725]
SPS=94
Eval at step 867500, survival=100.000%, return=[-9.036993318266468, 1438.6376813203096, -74.75953155808384, -257.71428571428396]
SPS=94
Eval at step 868000, survival=100.000%, return=[-8.77456461332622, 1461.8071766495705, -82.55827098211739, -259.76190476190266]
SPS=94
Eval at step 868500, survival=100.000%, return=[-8.598449869285105, 1469.5294795632362, -74.12574122165097, -263.42857142856866]
SPS=94
Eval at step 869000, survival=100.000%, return=[-8.56869305120199, 1473.3064597547054, -80.23101280763512, -266.2380952380927]
SPS=94
Eval at step 869500, survival=100.000%, return=[-8.741419129160931, 1470.3475793153048, -88.51397641206859, -264.76190476190203]
SPS=94
Eval at step 870000, survival=100.000%, return=[-8.715837172348984, 1470.247446373105, -82.19830015790649, -266.5714285714265]
SPS=94
Eval at step 870500, survival=100.000%, return=[-9.165198730974225, 1449.9860274642706, -87.15626825825893, -261.1428571428542]
SPS=94
Eval at step 871000, survival=100.000%, return=[-10.035580509022111, 1400.4321770519018, -49.03225294343429, -253.9999999999993]
SPS=94
Eval at step 871500, survival=100.000%, return=[-10.30719156266423, 1395.7430011034012, -103.5182928472932, -256.04761904761864]
SPS=94
Eval at step 872000, survival=100.000%, return=[-10.09875165859315, 1403.3868899767597, -85.90803893112025, -256.28571428571377]
SPS=94
Eval at step 872500, survival=100.000%, return=[-10.144533597660484, 1412.7647679299116, -78.09711226407671, -248.23809523809473]
SPS=94
Eval at step 873000, survival=100.000%, return=[-10.629493069922319, 1406.5725086182356, -101.3850121590076, -245.61904761904748]
SPS=94
Eval at step 873500, survival=100.000%, return=[-10.89506624462471, 1390.1305021544297, -111.51737144823225, -247.39682539682602]
SPS=94
Eval at step 874000, survival=100.000%, return=[-11.112582384725101, 1382.6667494177818, -128.54435579458368, -250.33333333333425]
SPS=94
Eval at step 874500, survival=100.000%, return=[-11.614937951788306, 1353.0319225043058, -125.49944596205023, -251.1428571428585]
SPS=93
Eval at step 875000, survival=100.000%, return=[-12.028686838719295, 1314.483550310135, -95.13598308811197, -245.47619047619142]
SPS=93
Eval at step 875500, survival=100.000%, return=[-13.016972656711005, 1263.7241365462542, -111.61876074136671, -248.3809523809542]
SPS=93
Eval at step 876000, survival=100.000%, return=[-11.295698771136813, 1336.482777968049, -102.93124450425239, -254.14285714285722]
SPS=93
Eval at step 876500, survival=100.000%, return=[-10.35055662569357, 1382.6159024685621, -87.36535186875699, -255.42857142856982]
SPS=93
Eval at step 877000, survival=100.000%, return=[-9.17166183355342, 1435.146030575037, -89.0623092568967, -262.4920634920618]
SPS=93
Eval at step 877500, survival=100.000%, return=[-8.947909489836698, 1446.873016089201, -100.41498791986669, -263.71428571428333]
SPS=93
Eval at step 878000, survival=100.000%, return=[-8.624477921645544, 1451.4416343371074, -97.66538414673657, -267.6666666666644]
SPS=93
Eval at step 878500, survival=100.000%, return=[-8.690472491231048, 1449.5724853426218, -98.51340889497806, -266.71428571428333]
SPS=93
Eval at step 879000, survival=100.000%, return=[-9.077887825124586, 1436.0014964044094, -104.55334638076845, -264.5714285714258]
SPS=93
Eval at step 879500, survival=100.000%, return=[-9.789275064191315, 1413.780290812254, -97.16510896600084, -260.85714285713885]
SPS=93
Eval at step 880000, survival=100.000%, return=[-9.487392861774424, 1419.2445653825998, -88.43823210216215, -253.47619047618755]
SPS=93
Eval at step 880500, survival=100.000%, return=[-9.472035238402896, 1415.817696089546, -78.88897846103646, -251.71428571428302]
SPS=93
Eval at step 881000, survival=100.000%, return=[-9.159369537354602, 1421.0643088817596, -79.23960975560476, -254.93650793650568]
SPS=93
Eval at step 881500, survival=100.000%, return=[-9.06045931915287, 1421.3213427464168, -74.76784290459666, -256.23809523809314]
SPS=93
Eval at step 882000, survival=100.000%, return=[-9.083246296300786, 1421.2007316052914, -76.8055013367848, -255.99999999999807]
SPS=93
Eval at step 882500, survival=83.251%, return=[-8.261367671288705, 1149.6961990694206, -65.16885704512485, -219.0634920634915]
SPS=93
Eval at step 883000, survival=100.000%, return=[-8.883904366652132, 1422.5849224875371, -71.16076927515678, -259.19047619047416]
SPS=93
Eval at step 883500, survival=100.000%, return=[-9.795411906801746, 1382.2944596856833, -76.24109873286216, -256.9047619047612]
SPS=93
Eval at step 884000, survival=50.000%, return=[-6.004556920088362, 682.4423208758235, -80.52367258351296, -131.04761904761887]
SPS=93
Eval at step 884500, survival=100.000%, return=[-9.069884599293195, 1436.941189467907, -76.58888088762372, -257.5873015872992]
SPS=93
Eval at step 885000, survival=100.000%, return=[-10.021306976821506, 1401.4206523448229, -106.79074415544164, -258.61904761904543]
SPS=93
Eval at step 885500, survival=100.000%, return=[-11.652354195316244, 1333.3789185037215, -136.57538261233034, -256.58730158730185]
SPS=93
Eval at step 886000, survival=100.000%, return=[-9.923372594377724, 1406.7038769572973, -84.13740678898951, -253.3174603174588]
SPS=93
Eval at step 886500, survival=100.000%, return=[-9.161810610065004, 1435.1183121055365, -58.433842041995376, -253.61904761904614]
SPS=93
Eval at step 887000, survival=100.000%, return=[-9.192512246518163, 1435.828549399972, -60.30551967523934, -254.19047619047512]
SPS=93
Eval at step 887500, survival=100.000%, return=[-9.702854905073764, 1420.549303278327, -63.674993419554085, -253.47619047618988]
SPS=93
Eval at step 888000, survival=100.000%, return=[-10.823161563283065, 1373.8209861665964, -86.39837808848824, -250.80952380952496]
SPS=93
Eval at step 888500, survival=100.000%, return=[-10.833237368933624, 1372.8649340172608, -100.39628772584062, -248.0476190476198]
SPS=93
Eval at step 889000, survival=100.000%, return=[-11.25293380158837, 1350.0571750998497, -147.4450899992371, -247.19047619047709]
SPS=92
Eval at step 889500, survival=100.000%, return=[-12.219856896001147, 1315.2127485126257, -182.13672224192123, -249.5714285714308]
SPS=92
Eval at step 890000, survival=100.000%, return=[-11.534537098632427, 1330.9586507678032, -185.23795289154805, -254.38095238095357]
SPS=92
Eval at step 890500, survival=100.000%, return=[-10.818770892365137, 1354.5274247527122, -117.32255899143638, -253.04761904761992]
SPS=92
Eval at step 891000, survival=100.000%, return=[-9.919798810355132, 1381.570719346404, -95.48543059387157, -252.52380952380926]
SPS=92
Eval at step 891500, survival=100.000%, return=[-10.600582567945821, 1355.40673199296, -101.7529338138047, -244.52380952380926]
SPS=92
Eval at step 892000, survival=100.000%, return=[-9.757836929124702, 1383.695275430878, -96.8569676516563, -253.1428571428565]
SPS=92
Eval at step 892500, survival=100.000%, return=[-10.908866600278998, 1346.9826703369617, -118.57852787816228, -246.52380952380972]
SPS=92
Eval at step 893000, survival=100.000%, return=[-11.78031607894809, 1319.5171887725592, -124.38100293984462, -245.0952380952389]
SPS=92
Eval at step 893500, survival=100.000%, return=[-11.717642285773763, 1330.922651335597, -104.88340362491726, -243.28571428571522]
SPS=92
Eval at step 894000, survival=100.000%, return=[-10.351234163012123, 1373.5646001547575, -83.77172776332979, -251.5555555555562]
SPS=92
Eval at step 894500, survival=100.000%, return=[-9.891243966965703, 1386.2369116544724, -61.5152382987435, -252.76190476190501]
SPS=92
Eval at step 895000, survival=100.000%, return=[-10.103891757054953, 1370.998947814107, -65.60913657696801, -250.95238095238122]
SPS=92
Eval at step 895500, survival=100.000%, return=[-9.789822900968526, 1392.3219939718645, -55.97448547690874, -248.11111111111072]
SPS=92
Eval at step 896000, survival=100.000%, return=[-9.694178822945105, 1402.2473158240318, -42.45636271611147, -246.90476190476113]
SPS=92
Eval at step 896500, survival=100.000%, return=[-9.886393931762237, 1408.5146644860506, -74.25993027308625, -248.23809523809416]
SPS=92
Eval at step 897000, survival=100.000%, return=[-10.31982861305005, 1405.3958151340485, -86.47466272548627, -245.19047619047464]
SPS=92
Eval at step 897500, survival=100.000%, return=[-10.198438210092718, 1420.789574816823, -87.63236572129244, -243.19047619047367]
SPS=92
Eval at step 898000, survival=100.000%, return=[-10.293384732765844, 1422.086110636592, -101.83045582722116, -243.52380952380648]
SPS=92
Eval at step 898500, survival=100.000%, return=[-10.403058030244816, 1396.9824667274952, -98.36949532752139, -246.95238095237892]
SPS=92
Eval at step 899000, survival=100.000%, return=[-11.079827861947706, 1361.0367502073448, -127.9530143255397, -250.88888888888877]
SPS=92
Eval at step 899500, survival=100.000%, return=[-11.407135280402144, 1325.2157319933176, -152.9167497632443, -261.9047619047642]
SPS=92
Eval at step 900000, survival=100.000%, return=[-12.126307572616497, 1284.9377978891134, -146.71451988935587, -261.9047619047664]
SPS=92
Eval at step 900500, survival=100.000%, return=[-11.418532239913475, 1312.5156063586473, -137.19902421944425, -264.2857142857164]
SPS=92
Eval at step 901000, survival=100.000%, return=[-13.227267010166543, 1222.796296596527, -107.98850993898668, -267.33333333333564]
SPS=92
Eval at step 901500, survival=100.000%, return=[-13.93362246916513, 1181.0165792256594, -145.49823367691715, -268.95238095238307]
SPS=92
Eval at step 902000, survival=100.000%, return=[-14.2388187154138, 1174.1146704107523, -114.17836197433644, -269.3333333333361]
SPS=91
Eval at step 902500, survival=100.000%, return=[-14.184942769774352, 1180.6670199930668, -107.5894867376519, -267.6666666666697]
SPS=91
Eval at step 903000, survival=4.861%, return=[-1.5598069787956774, 63.869434148073196, -9.809114318341017, -12.9047619047619]
SPS=92
Eval at step 903500, survival=4.861%, return=[-1.5794139561476186, 63.3416693508625, -9.809114318341017, -12.619047619047613]
SPS=92
Eval at step 904000, survival=4.861%, return=[-1.5857011813204736, 63.16947624087334, -9.809114318341017, -12.523809523809518]
SPS=92
Eval at step 904500, survival=100.000%, return=[-12.142638275588979, 1300.9023986309767, -106.90257761772955, -257.19047619047797]
SPS=92
Eval at step 905000, survival=100.000%, return=[-12.890889357862761, 1249.2003841549158, -110.69555995998599, -258.3333333333352]
SPS=91
Eval at step 905500, survival=100.000%, return=[-13.567969495343277, 1213.2833916346233, -145.5017948461015, -259.20634920635166]
SPS=91
Eval at step 906000, survival=100.000%, return=[-12.519773926547108, 1255.8621272792418, -156.38655444728406, -251.8095238095249]
SPS=91
Eval at step 906500, survival=100.000%, return=[-12.036538262240356, 1274.1090950171154, -139.55084896224434, -251.85714285714346]
SPS=91
Eval at step 907000, survival=4.712%, return=[-1.5091954311355948, 62.44667208194733, -9.217826497042552, -12.999999999999995]
SPS=91
Eval at step 907500, survival=4.861%, return=[-1.939962215255946, 52.80220839381218, -9.688907321542501, -16.95238095238093]
SPS=91
Eval at step 908000, survival=4.712%, return=[-1.8658724464476109, 52.15140423178673, -9.175440386170521, -16.23809523809522]
SPS=91
Eval at step 908500, survival=100.000%, return=[-11.822203362127766, 1310.4259373744328, -145.98755709186662, -251.09523809523913]
SPS=91
Eval at step 909000, survival=100.000%, return=[-12.204322910984047, 1293.0180231630802, -152.12068879554863, -253.80952380952576]
SPS=91
Eval at step 909500, survival=100.000%, return=[-13.711999838007614, 1239.0598385035992, -176.79955314199105, -257.71428571428817]
SPS=91
Eval at step 910000, survival=100.000%, return=[-14.1145765792171, 1219.5597585588694, -164.43779720706516, -263.1904761904797]
SPS=91
Eval at step 910500, survival=100.000%, return=[-14.004714662907645, 1222.5986527353525, -134.40892958125914, -263.1904761904817]
SPS=91
Eval at step 911000, survival=100.000%, return=[-12.873093709048893, 1273.678688923518, -122.10200174233857, -258.9206349206404]
SPS=91
Eval at step 911500, survival=100.000%, return=[-12.725042840087553, 1277.7392322868109, -123.74921554204775, -258.6190476190535]
SPS=91
Eval at step 912000, survival=4.861%, return=[-1.676703370991163, 60.73686024546623, -10.800600738730282, -11.952380952380947]
SPS=91
Eval at step 912500, survival=4.861%, return=[-1.9386505167931318, 52.83411571383476, -9.674072153866291, -16.857142857142836]
SPS=91
Eval at step 913000, survival=4.861%, return=[-1.94441659306176, 52.87130257487297, -9.74625245667994, -16.904761904761884]
SPS=91
Eval at step 913500, survival=4.861%, return=[-1.939962215255946, 52.80220839381218, -9.688907321542501, -16.95238095238093]
SPS=91
Eval at step 914000, survival=100.000%, return=[-13.45006644637518, 1249.2125655859709, -128.51451826303673, -255.5714285714308]
SPS=91
Eval at step 914500, survival=100.000%, return=[-11.569879606521377, 1336.5003700306017, -119.01188142563115, -249.98412698412815]
SPS=91
Eval at step 915000, survival=100.000%, return=[-11.869736176129663, 1313.466953203082, -86.71962033768068, -247.38095238095443]
SPS=91
Eval at step 915500, survival=100.000%, return=[-11.388120145566063, 1324.885269291699, -86.13882590543653, -249.3333333333347]
SPS=91
Eval at step 916000, survival=100.000%, return=[-12.708049798151478, 1276.8615215569735, -85.88110311473429, -248.09523809523873]
SPS=91
Eval at step 916500, survival=100.000%, return=[-12.16672650462715, 1304.1722464337945, -134.5451125886757, -253.28571428571635]
SPS=91
Eval at step 917000, survival=100.000%, return=[-12.591200601338642, 1286.1414055228233, -151.20354198326822, -253.507936507938]
SPS=91
Eval at step 917500, survival=100.000%, return=[-12.758064865629422, 1272.289566397667, -160.7424697418537, -252.8571428571453]
SPS=91
Eval at step 918000, survival=100.000%, return=[-12.753980718844105, 1272.3066814988852, -167.4404080687964, -253.47619047619426]
SPS=91
Eval at step 918500, survival=100.000%, return=[-14.249644227471435, 1198.2841078191996, -178.84313447206296, -262.04761904762375]
SPS=91
Eval at step 919000, survival=100.000%, return=[-11.54750340533792, 1331.0117347091436, -123.90660732489778, -251.90476190476397]
SPS=91
Eval at step 919500, survival=100.000%, return=[-10.963777999917511, 1348.101007387042, -101.25479811082187, -253.14285714285947]
SPS=91
Eval at step 920000, survival=100.000%, return=[-11.161502826260403, 1339.5879247635603, -98.55988720748428, -253.14285714285953]
SPS=91
Eval at step 920500, survival=100.000%, return=[-10.903065699734725, 1342.192167520523, -81.18548426340567, -250.19047619047885]
SPS=91
Eval at step 921000, survival=100.000%, return=[-11.42750471868203, 1326.2970833927393, -81.3896809497237, -243.7936507936538]
SPS=91
Eval at step 921500, survival=100.000%, return=[-11.423260192852467, 1325.2218051105738, -75.0188020364294, -245.09523809524106]
SPS=91
Eval at step 922000, survival=100.000%, return=[-11.136087340622908, 1334.0648818165064, -69.82590567720763, -250.04761904762185]
SPS=91
Eval at step 922500, survival=100.000%, return=[-11.070726488978835, 1342.7984472364187, -67.30448733545927, -249.0476190476215]
SPS=91
Eval at step 923000, survival=100.000%, return=[-11.377334561839234, 1332.4984820187092, -82.22612025358103, -252.42857142857474]
SPS=91
Eval at step 923500, survival=100.000%, return=[-11.0482511697046, 1343.8892878443003, -79.9340033635599, -254.4761904761934]
SPS=91
Eval at step 924000, survival=100.000%, return=[-13.556181430729339, 1222.0102983862162, -96.11779488546745, -259.523809523813]
SPS=91
Eval at step 924500, survival=100.000%, return=[-9.864331617349913, 1386.1498203724623, -69.47568420773071, -258.15873015872967]
SPS=91
Eval at step 925000, survival=100.000%, return=[-9.37397218804108, 1403.8738233745098, -87.84665488463361, -262.142857142856]
SPS=90
Eval at step 925500, survival=100.000%, return=[-9.453572535741841, 1402.3054070919752, -80.1031949489455, -260.38095238095116]
SPS=90
Eval at step 926000, survival=100.000%, return=[-9.787393656142134, 1384.5837521453698, -60.497734864802624, -258.57142857142867]
SPS=90
Eval at step 926500, survival=100.000%, return=[-9.762277802001336, 1390.864620640874, -54.83686589428544, -259.61904761904793]
SPS=90
Eval at step 927000, survival=100.000%, return=[-9.508358882313283, 1403.0036117931206, -49.05909906865418, -260.85714285714306]
SPS=90
Eval at step 927500, survival=100.000%, return=[-9.22393763056607, 1418.644325107336, -56.40950561646605, -261.2857142857135]
SPS=90
Eval at step 928000, survival=100.000%, return=[-9.395013985573314, 1414.6463599950075, -67.89588043408003, -260.3809523809516]
SPS=90
Eval at step 928500, survival=100.000%, return=[-9.623511129408143, 1400.083844318986, -59.615072543383576, -260.6190476190481]
SPS=90
Eval at step 929000, survival=32.937%, return=[-2.822739969851682, 506.60801431536674, -13.007288863009308, -93.76190476190457]
SPS=90
Eval at step 929500, survival=4.861%, return=[-1.933111330959946, 52.89786449074745, -9.417792931199074, -16.857142857142836]
SPS=90
Eval at step 930000, survival=4.861%, return=[-1.9247679458931088, 53.09586480259895, -9.333221213892102, -16.904761904761884]
SPS=90
Eval at step 930500, survival=4.712%, return=[-1.549714419292286, 59.52518421411514, -8.862117665121332, -14.857142857142845]
SPS=90
Eval at step 931000, survival=4.861%, return=[-1.5435607014223933, 62.78260871767998, -9.353297473862767, -15.285714285714272]
SPS=90
Eval at step 931500, survival=4.712%, return=[-1.8668887338135391, 52.18284401297569, -8.976506298640743, -16.285714285714267]
SPS=90
Eval at step 932000, survival=4.861%, return=[-1.9409785026218742, 52.833648175001144, -9.489973234012723, -16.99999999999998]
SPS=90
Eval at step 932500, survival=4.861%, return=[-1.9409785026218742, 52.833648175001144, -9.489973234012723, -16.99999999999998]
SPS=90
Eval at step 933000, survival=4.712%, return=[-1.8886578668607399, 51.643878400325775, -8.978667246410623, -16.333333333333314]
SPS=90
Eval at step 933500, survival=4.712%, return=[-1.9167350793723017, 51.116814970970154, -9.255930768558756, -16.57142857142855]
SPS=90
Eval at step 934000, survival=4.861%, return=[-1.5748735318193212, 63.36029610037804, -9.4574473798275, -13.333333333333327]
SPS=90
Eval at step 934500, survival=100.000%, return=[-9.76779991449439, 1385.0555743277073, -70.64753482383821, -256.28571428571433]
SPS=90
Eval at step 935000, survival=100.000%, return=[-9.598706110691031, 1388.0622054288785, -63.94748226368392, -256.8095238095235]
SPS=90
Eval at step 935500, survival=100.000%, return=[-9.576438892254373, 1398.009900137782, -59.959371339973586, -252.90476190476184]
SPS=90
Eval at step 936000, survival=100.000%, return=[-9.777991520502837, 1392.5687749236822, -55.67797324300045, -250.04761904761904]
SPS=90
Eval at step 936500, survival=4.861%, return=[-1.9247679458931088, 53.09586480259895, -9.333221213892102, -16.904761904761884]
SPS=90
Eval at step 937000, survival=4.712%, return=[-1.9167350793723017, 51.116814970970154, -9.255930768558756, -16.57142857142855]
SPS=90
Eval at step 937500, survival=4.712%, return=[-1.9167350793723017, 51.116814970970154, -9.255930768558756, -16.57142857142855]
SPS=90
Eval at step 938000, survival=4.712%, return=[-1.9167350793723017, 51.116814970970154, -9.255930768558756, -16.57142857142855]
SPS=90
Eval at step 938500, survival=4.712%, return=[-1.9167350793723017, 51.116814970970154, -9.255930768558756, -16.57142857142855]
SPS=90
Eval at step 939000, survival=4.712%, return=[-1.9167350793723017, 51.116814970970154, -9.255930768558756, -16.57142857142855]
SPS=90
Eval at step 939500, survival=4.712%, return=[-1.9167350793723017, 51.116814970970154, -9.255930768558756, -16.57142857142855]
SPS=90
Eval at step 940000, survival=4.712%, return=[-1.9167350793723017, 51.116814970970154, -9.255930768558756, -16.57142857142855]
SPS=91
Eval at step 940500, survival=4.712%, return=[-1.9167350793723017, 51.116814970970154, -9.255930768558756, -16.57142857142855]
SPS=91
Eval at step 941000, survival=4.712%, return=[-1.9167350793723017, 51.116814970970154, -9.255930768558756, -16.57142857142855]
SPS=91
Eval at step 941500, survival=4.712%, return=[-1.9343338829930872, 50.84497383236885, -9.356203047791496, -16.666666666666647]
SPS=91
Eval at step 942000, survival=4.712%, return=[-1.9343338829930872, 50.84497383236885, -9.356203047791496, -16.666666666666647]
SPS=91
Eval at step 942500, survival=4.712%, return=[-1.9343338829930872, 50.84497383236885, -9.356203047791496, -16.666666666666647]
SPS=91
Eval at step 943000, survival=4.712%, return=[-1.9343338829930872, 50.84497383236885, -9.356203047791496, -16.666666666666647]
SPS=91
Eval at step 943500, survival=4.712%, return=[-1.9343338829930872, 50.84497383236885, -9.356203047791496, -16.666666666666647]
SPS=91
Eval at step 944000, survival=4.712%, return=[-1.9343338829930872, 50.84497383236885, -9.356203047791496, -16.666666666666647]
SPS=91
Eval at step 944500, survival=4.712%, return=[-1.9343338829930872, 50.84497383236885, -9.356203047791496, -16.666666666666647]
SPS=91
Eval at step 945000, survival=4.712%, return=[-1.9343338829930872, 50.84497383236885, -9.356203047791496, -16.666666666666647]
SPS=91
Eval at step 945500, survival=4.712%, return=[-1.9343338829930872, 50.84497383236885, -9.356203047791496, -16.666666666666647]
SPS=91
Eval at step 946000, survival=4.712%, return=[-1.8886578668607399, 51.643878400325775, -8.978667246410623, -16.333333333333314]
SPS=91
Eval at step 946500, survival=4.712%, return=[-1.8886578668607399, 51.643878400325775, -8.978667246410623, -16.333333333333314]
SPS=91
Eval at step 947000, survival=4.712%, return=[-1.8886578668607399, 51.643878400325775, -8.978667246410623, -16.333333333333314]
SPS=91
Eval at step 947500, survival=4.712%, return=[-1.9167350793723017, 51.116814970970154, -9.255930768558756, -16.57142857142855]
SPS=91
Eval at step 948000, survival=4.712%, return=[-1.9167350793723017, 51.116814970970154, -9.255930768558756, -16.57142857142855]
SPS=91
Eval at step 948500, survival=4.712%, return=[-1.9167350793723017, 51.116814970970154, -9.255930768558756, -16.57142857142855]
SPS=91
Eval at step 949000, survival=4.712%, return=[-1.9167350793723017, 51.116814970970154, -9.255930768558756, -16.57142857142855]
SPS=91
Eval at step 949500, survival=4.712%, return=[-1.9167350793723017, 51.116814970970154, -9.255930768558756, -16.57142857142855]
SPS=91
Eval at step 950000, survival=4.712%, return=[-1.9167350793723017, 51.116814970970154, -9.255930768558756, -16.57142857142855]
SPS=91
Eval at step 950500, survival=4.712%, return=[-1.9167350793723017, 51.116814970970154, -9.255930768558756, -16.57142857142855]
SPS=91
Eval at step 951000, survival=4.712%, return=[-1.9167350793723017, 51.116814970970154, -9.255930768558756, -16.57142857142855]
SPS=91
Eval at step 951500, survival=4.712%, return=[-1.9167350793723017, 51.116814970970154, -9.255930768558756, -16.57142857142855]
SPS=91
Eval at step 952000, survival=4.712%, return=[-1.9167350793723017, 51.116814970970154, -9.255930768558756, -16.57142857142855]
SPS=91
Eval at step 952500, survival=4.712%, return=[-1.9167350793723017, 51.116814970970154, -9.255930768558756, -16.57142857142855]
SPS=91
Eval at step 953000, survival=4.712%, return=[-1.9167350793723017, 51.116814970970154, -9.255930768558756, -16.57142857142855]
SPS=91
Eval at step 953500, survival=4.712%, return=[-1.9167350793723017, 51.116814970970154, -9.255930768558756, -16.57142857142855]
SPS=91
Eval at step 954000, survival=4.712%, return=[-1.9167350793723017, 51.116814970970154, -9.255930768558756, -16.57142857142855]
SPS=91
Eval at step 954500, survival=4.712%, return=[-1.9167350793723017, 51.116814970970154, -9.255930768558756, -16.57142857142855]
SPS=91
Eval at step 955000, survival=4.712%, return=[-1.9343338829930872, 50.84497383236885, -9.356203047791496, -16.666666666666647]
SPS=91
Eval at step 955500, survival=4.712%, return=[-1.9343338829930872, 50.84497383236885, -9.356203047791496, -16.666666666666647]
SPS=91
Eval at step 956000, survival=4.712%, return=[-1.9343338829930872, 50.84497383236885, -9.356203047791496, -16.666666666666647]
SPS=91
Eval at step 956500, survival=4.712%, return=[-1.9343338829930872, 50.84497383236885, -9.356203047791496, -16.666666666666647]
SPS=91
Eval at step 957000, survival=4.712%, return=[-1.9343338829930872, 50.84497383236885, -9.356203047791496, -16.666666666666647]
SPS=91
Eval at step 957500, survival=4.712%, return=[-1.9343338829930872, 50.84497383236885, -9.356203047791496, -16.666666666666647]
SPS=91
Eval at step 958000, survival=4.712%, return=[-1.9343338829930872, 50.84497383236885, -9.356203047791496, -16.666666666666647]
SPS=91
Eval at step 958500, survival=4.712%, return=[-1.9167350793723017, 51.116814970970154, -9.255930768558756, -16.57142857142855]
SPS=91
Eval at step 959000, survival=4.712%, return=[-1.9167350793723017, 51.116814970970154, -9.255930768558756, -16.57142857142855]
SPS=91
Eval at step 959500, survival=4.712%, return=[-1.9167350793723017, 51.116814970970154, -9.255930768558756, -16.57142857142855]
SPS=91
Eval at step 960000, survival=4.712%, return=[-1.9167350793723017, 51.116814970970154, -9.255930768558756, -16.57142857142855]
SPS=91
Eval at step 960500, survival=4.861%, return=[-1.939962215255946, 52.80220839381218, -9.688907321542501, -16.95238095238093]
SPS=91
Eval at step 961000, survival=4.861%, return=[-1.939962215255946, 52.80220839381218, -9.688907321542501, -16.95238095238093]
SPS=91
Eval at step 961500, survival=4.861%, return=[-1.577125477255322, 63.31842815876007, -9.709990974515676, -12.952380952380947]
SPS=92
Eval at step 962000, survival=4.861%, return=[-1.577125477255322, 63.31842815876007, -9.709990974515676, -12.952380952380947]
SPS=92
Eval at step 962500, survival=4.861%, return=[-1.5648346638772637, 63.61397364735603, -9.571809750050306, -13.380952380952374]
SPS=92
Eval at step 963000, survival=4.712%, return=[-1.9167350793723017, 51.116814970970154, -9.255930768558756, -16.57142857142855]
SPS=92
Eval at step 963500, survival=4.712%, return=[-1.9167350793723017, 51.116814970970154, -9.255930768558756, -16.57142857142855]
SPS=92
Eval at step 964000, survival=4.712%, return=[-1.9167350793723017, 51.116814970970154, -9.255930768558756, -16.57142857142855]
SPS=92
Eval at step 964500, survival=4.712%, return=[-1.9167350793723017, 51.116814970970154, -9.255930768558756, -16.57142857142855]
SPS=92
Eval at step 965000, survival=4.712%, return=[-1.9167350793723017, 51.116814970970154, -9.255930768558756, -16.57142857142855]
SPS=92
Eval at step 965500, survival=4.712%, return=[-1.9167350793723017, 51.116814970970154, -9.255930768558756, -16.57142857142855]
SPS=92
Eval at step 966000, survival=4.712%, return=[-1.9167350793723017, 51.116814970970154, -9.255930768558756, -16.57142857142855]
SPS=92
Eval at step 966500, survival=4.712%, return=[-1.9167350793723017, 51.116814970970154, -9.255930768558756, -16.57142857142855]
SPS=92
Eval at step 967000, survival=4.712%, return=[-1.9167350793723017, 51.116814970970154, -9.255930768558756, -16.57142857142855]
SPS=92
Eval at step 967500, survival=4.712%, return=[-1.9167350793723017, 51.116814970970154, -9.255930768558756, -16.57142857142855]
SPS=92
Eval at step 968000, survival=4.712%, return=[-1.9167350793723017, 51.116814970970154, -9.255930768558756, -16.57142857142855]
SPS=92
Eval at step 968500, survival=4.712%, return=[-1.9167350793723017, 51.116814970970154, -9.255930768558756, -16.57142857142855]
SPS=92
Eval at step 969000, survival=4.712%, return=[-1.9167350793723017, 51.116814970970154, -9.255930768558756, -16.57142857142855]
SPS=92
Eval at step 969500, survival=4.712%, return=[-1.9167350793723017, 51.116814970970154, -9.255930768558756, -16.57142857142855]
SPS=92
Eval at step 970000, survival=4.712%, return=[-1.9167350793723017, 51.116814970970154, -9.255930768558756, -16.57142857142855]
SPS=92
Eval at step 970500, survival=4.712%, return=[-1.9167350793723017, 51.116814970970154, -9.255930768558756, -16.57142857142855]
SPS=92
Eval at step 971000, survival=4.712%, return=[-1.9167350793723017, 51.116814970970154, -9.255930768558756, -16.57142857142855]
SPS=92
Eval at step 971500, survival=4.712%, return=[-1.9167350793723017, 51.116814970970154, -9.255930768558756, -16.57142857142855]
SPS=92
Eval at step 972000, survival=4.712%, return=[-1.9167350793723017, 51.116814970970154, -9.255930768558756, -16.57142857142855]
SPS=92
Eval at step 972500, survival=4.712%, return=[-1.9167350793723017, 51.116814970970154, -9.255930768558756, -16.57142857142855]
SPS=92
Eval at step 973000, survival=0.248%, return=[-1.0841431173030287, 0.8105156123638153, -7.3867978900671005, -1.5714285714285714]
SPS=92
Eval at step 973500, survival=0.248%, return=[-1.0841431173030287, 0.8105156123638153, -7.3867978900671005, -1.5714285714285714]
SPS=92
Eval at step 974000, survival=0.347%, return=[-1.0894408205058426, 2.08544784784317, -7.092340439558029, -1.8095238095238095]
SPS=92
Eval at step 974500, survival=0.347%, return=[-1.0894408205058426, 2.08544784784317, -7.092340439558029, -1.8095238095238095]
SPS=92
Eval at step 975000, survival=0.347%, return=[-1.0894408205058426, 2.08544784784317, -7.092340439558029, -1.8095238095238095]
SPS=92
Eval at step 975500, survival=0.347%, return=[-1.0894408205058426, 2.08544784784317, -7.092340439558029, -1.8095238095238095]
SPS=92
Eval at step 976000, survival=0.347%, return=[-1.0894408205058426, 2.08544784784317, -7.092340439558029, -1.8095238095238095]
SPS=92
Eval at step 976500, survival=0.347%, return=[-1.0894408205058426, 2.08544784784317, -7.092340439558029, -1.8095238095238095]
SPS=92
Eval at step 977000, survival=0.347%, return=[-1.0894408205058426, 2.08544784784317, -7.092340439558029, -1.8095238095238095]
SPS=92
Eval at step 977500, survival=0.347%, return=[-1.0894408205058426, 2.08544784784317, -7.092340439558029, -1.8095238095238095]
SPS=92
Eval at step 978000, survival=0.347%, return=[-1.0894408205058426, 2.08544784784317, -7.092340439558029, -1.8095238095238095]
SPS=92
Eval at step 978500, survival=0.347%, return=[-1.0894408205058426, 2.08544784784317, -7.092340439558029, -1.8095238095238095]
SPS=92
Eval at step 979000, survival=4.712%, return=[-1.9167350793723017, 51.116814970970154, -9.255930768558756, -16.57142857142855]
SPS=92
Eval at step 979500, survival=4.712%, return=[-1.9167350793723017, 51.116814970970154, -9.255930768558756, -16.57142857142855]
SPS=92
Eval at step 980000, survival=4.712%, return=[-1.9167350793723017, 51.116814970970154, -9.255930768558756, -16.57142857142855]
SPS=92
Eval at step 980500, survival=4.712%, return=[-1.9167350793723017, 51.116814970970154, -9.255930768558756, -16.57142857142855]
SPS=92
Eval at step 981000, survival=4.712%, return=[-1.9167350793723017, 51.116814970970154, -9.255930768558756, -16.57142857142855]
SPS=92
Eval at step 981500, survival=4.712%, return=[-1.9167350793723017, 51.116814970970154, -9.255930768558756, -16.57142857142855]
SPS=93
Eval at step 982000, survival=4.712%, return=[-1.9167350793723017, 51.116814970970154, -9.255930768558756, -16.57142857142855]
SPS=93
Eval at step 982500, survival=4.712%, return=[-1.9167350793723017, 51.116814970970154, -9.255930768558756, -16.57142857142855]
SPS=93
Eval at step 983000, survival=4.712%, return=[-1.9343338829930872, 50.84497383236885, -9.356203047791496, -16.666666666666647]
SPS=93
Eval at step 983500, survival=100.000%, return=[-9.63160337912268, 1384.580736219883, -144.45985921818647, -265.04761904761824]
SPS=93
Eval at step 984000, survival=4.861%, return=[-1.4200170723488554, 66.99118730425835, -10.812022322788835, -15.047619047619037]
SPS=93
Eval at step 984500, survival=100.000%, return=[-10.729561362444656, 1352.5610345304012, -139.34390054782853, -256.9523809523791]
SPS=93
Eval at step 985000, survival=100.000%, return=[-10.888927168765804, 1346.8460887670517, -132.22509578074096, -255.28571428571226]
SPS=92
Eval at step 985500, survival=4.712%, return=[-1.4373688087798655, 64.12934249639511, -9.339994440088049, -14.142857142857133]
SPS=93
Eval at step 986000, survival=100.000%, return=[-10.412629640981322, 1367.4830450117588, -84.50110152640264, -254.99999999999878]
SPS=92
Eval at step 986500, survival=100.000%, return=[-9.906094255449716, 1368.2647485733032, -97.92650613118894, -262.80952380952283]
SPS=92
Eval at step 987000, survival=100.000%, return=[-10.832280520897863, 1333.3042685389519, -119.66940720300045, -258.14285714285666]
SPS=92
Eval at step 987500, survival=4.861%, return=[-1.5362446248764172, 64.44600793719292, -9.69475194811821, -13.333333333333329]
SPS=92
Eval at step 988000, survival=4.712%, return=[-1.9167350793723017, 51.116814970970154, -9.255930768558756, -16.57142857142855]
SPS=92
Eval at step 988500, survival=4.712%, return=[-1.9167350793723017, 51.116814970970154, -9.255930768558756, -16.57142857142855]
SPS=92
Eval at step 989000, survival=4.712%, return=[-1.9167350793723017, 51.116814970970154, -9.255930768558756, -16.57142857142855]
SPS=92
Eval at step 989500, survival=4.712%, return=[-1.9167350793723017, 51.116814970970154, -9.255930768558756, -16.57142857142855]
SPS=93
Eval at step 990000, survival=4.712%, return=[-1.9167350793723017, 51.116814970970154, -9.255930768558756, -16.57142857142855]
SPS=93
Eval at step 990500, survival=4.712%, return=[-1.9167350793723017, 51.116814970970154, -9.255930768558756, -16.57142857142855]
SPS=93
Eval at step 991000, survival=4.712%, return=[-1.9343338829930872, 50.84497383236885, -9.356203047791496, -16.666666666666647]
SPS=93
Eval at step 991500, survival=4.712%, return=[-1.9343338829930872, 50.84497383236885, -9.356203047791496, -16.666666666666647]
SPS=93
Eval at step 992000, survival=4.712%, return=[-1.9343338829930872, 50.84497383236885, -9.356203047791496, -16.666666666666647]
SPS=93
Eval at step 992500, survival=4.712%, return=[-1.9167350793723017, 51.116814970970154, -9.255930768558756, -16.57142857142855]
SPS=93
Eval at step 993000, survival=4.712%, return=[-1.8886578668607399, 51.643878400325775, -8.978667246410623, -16.333333333333314]
SPS=93
Eval at step 993500, survival=4.712%, return=[-1.8886578668607399, 51.643878400325775, -8.978667246410623, -16.333333333333314]
SPS=93
Eval at step 994000, survival=4.712%, return=[-1.8886578668607399, 51.643878400325775, -8.978667246410623, -16.333333333333314]
SPS=93
Eval at step 994500, survival=4.712%, return=[-1.8886578668607399, 51.643878400325775, -8.978667246410623, -16.333333333333314]
SPS=93
Eval at step 995000, survival=4.712%, return=[-1.8886578668607399, 51.643878400325775, -8.978667246410623, -16.333333333333314]
SPS=93
Eval at step 995500, survival=4.712%, return=[-1.8886578668607399, 51.643878400325775, -8.978667246410623, -16.333333333333314]
SPS=93
Eval at step 996000, survival=4.712%, return=[-1.9167350793723017, 51.116814970970154, -9.255930768558756, -16.57142857142855]
SPS=93
Eval at step 996500, survival=4.712%, return=[-1.9167350793723017, 51.116814970970154, -9.255930768558756, -16.57142857142855]
SPS=93
Eval at step 997000, survival=4.712%, return=[-1.9167350793723017, 51.116814970970154, -9.255930768558756, -16.57142857142855]
SPS=93
Eval at step 997500, survival=4.712%, return=[-1.9167350793723017, 51.116814970970154, -9.255930768558756, -16.57142857142855]
SPS=93
Eval at step 998000, survival=4.712%, return=[-1.9167350793723017, 51.116814970970154, -9.255930768558756, -16.57142857142855]
SPS=93
Eval at step 998500, survival=4.712%, return=[-1.9167350793723017, 51.116814970970154, -9.255930768558756, -16.57142857142855]
SPS=93
Eval at step 999000, survival=4.712%, return=[-1.9167350793723017, 51.116814970970154, -9.255930768558756, -16.57142857142855]
SPS=93
Eval at step 999500, survival=4.712%, return=[-1.9167350793723017, 51.116814970970154, -9.255930768558756, -16.57142857142855]
SPS=93
Eval at step 1000000, survival=4.712%, return=[-1.9167350793723017, 51.116814970970154, -9.255930768558756, -16.57142857142855]
SPS=93
Eval at step 1000500, survival=4.712%, return=[-1.8955067214556038, 51.52310484647751, -9.076701762387529, -16.523809523809504]
SPS=93
Eval at step 1001000, survival=4.712%, return=[-1.8832086477195844, 51.6126384139061, -8.909528894582763, -16.285714285714267]
SPS=93
Eval at step 1001500, survival=4.712%, return=[-1.9102846323512495, 51.074969470500946, -9.331124076852575, -16.523809523809504]
SPS=93
Eval at step 1002000, survival=4.712%, return=[-1.9102846323512495, 51.074969470500946, -9.331124076852575, -16.523809523809504]
SPS=93
Eval at step 1002500, survival=4.712%, return=[-1.893651295802556, 51.59634345769882, -8.978667246410623, -16.285714285714267]
SPS=93
Eval at step 1003000, survival=4.712%, return=[-1.9167350793723017, 51.116814970970154, -9.255930768558756, -16.57142857142855]
SPS=93
Eval at step 1003500, survival=4.712%, return=[-1.9167350793723017, 51.116814970970154, -9.255930768558756, -16.57142857142855]
SPS=93
Eval at step 1004000, survival=4.712%, return=[-1.8886578668607399, 51.643878400325775, -8.978667246410623, -16.333333333333314]
SPS=93
Eval at step 1004500, survival=4.712%, return=[-1.8886578668607399, 51.643878400325775, -8.978667246410623, -16.333333333333314]
SPS=93
Eval at step 1005000, survival=4.712%, return=[-1.8886578668607399, 51.643878400325775, -8.978667246410623, -16.333333333333314]
SPS=93
Eval at step 1005500, survival=4.712%, return=[-1.8886578668607399, 51.643878400325775, -8.978667246410623, -16.333333333333314]
SPS=93
Eval at step 1006000, survival=4.712%, return=[-1.8886578668607399, 51.643878400325775, -8.978667246410623, -16.333333333333314]
SPS=93
Eval at step 1006500, survival=4.712%, return=[-1.9167350793723017, 51.116814970970154, -9.255930768558756, -16.57142857142855]
SPS=93
Eval at step 1007000, survival=4.712%, return=[-1.9167350793723017, 51.116814970970154, -9.255930768558756, -16.57142857142855]
SPS=93
Eval at step 1007500, survival=4.712%, return=[-1.9167350793723017, 51.116814970970154, -9.255930768558756, -16.57142857142855]
SPS=93
Eval at step 1008000, survival=4.712%, return=[-1.9167350793723017, 51.116814970970154, -9.255930768558756, -16.57142857142855]
SPS=93
Eval at step 1008500, survival=4.712%, return=[-1.9167350793723017, 51.116814970970154, -9.255930768558756, -16.57142857142855]
SPS=93
Eval at step 1009000, survival=4.712%, return=[-1.9167350793723017, 51.116814970970154, -9.255930768558756, -16.57142857142855]
SPS=93
Eval at step 1009500, survival=4.712%, return=[-1.8886578668607399, 51.643878400325775, -8.978667246410623, -16.333333333333314]
SPS=93
Eval at step 1010000, survival=4.712%, return=[-1.8886578668607399, 51.643878400325775, -8.978667246410623, -16.333333333333314]
SPS=93
Eval at step 1010500, survival=4.712%, return=[-1.8886578668607399, 51.643878400325775, -8.978667246410623, -16.333333333333314]
SPS=93
Eval at step 1011000, survival=4.712%, return=[-1.8886578668607399, 51.643878400325775, -8.978667246410623, -16.333333333333314]
SPS=93
Eval at step 1011500, survival=4.712%, return=[-1.9167350793723017, 51.116814970970154, -9.255930768558756, -16.57142857142855]
SPS=93
Eval at step 1012000, survival=4.712%, return=[-1.9167350793723017, 51.116814970970154, -9.255930768558756, -16.57142857142855]
SPS=94
Eval at step 1012500, survival=0.347%, return=[-1.0894408205058426, 2.08544784784317, -7.092340439558029, -1.8095238095238095]
SPS=94
Eval at step 1013000, survival=0.347%, return=[-1.0894408205058426, 2.08544784784317, -7.092340439558029, -1.8095238095238095]
SPS=94
Eval at step 1013500, survival=0.347%, return=[-1.0894408205058426, 2.08544784784317, -7.092340439558029, -1.8095238095238095]
SPS=94
Eval at step 1014000, survival=0.347%, return=[-1.0894408205058426, 2.08544784784317, -7.092340439558029, -1.8095238095238095]
SPS=94
Eval at step 1014500, survival=0.347%, return=[-1.0894408205058426, 2.08544784784317, -7.092340439558029, -1.8095238095238095]
SPS=94
Eval at step 1015000, survival=4.712%, return=[-1.9167350793723017, 51.116814970970154, -9.255930768558756, -16.57142857142855]
SPS=94
Eval at step 1015500, survival=4.712%, return=[-1.9343338829930872, 50.84497383236885, -9.356203047791496, -16.666666666666647]
SPS=94
Eval at step 1016000, survival=4.712%, return=[-1.9343338829930872, 50.84497383236885, -9.356203047791496, -16.666666666666647]
SPS=94
Eval at step 1016500, survival=4.712%, return=[-1.9343338829930872, 50.84497383236885, -9.356203047791496, -16.666666666666647]
SPS=94
Eval at step 1017000, survival=4.712%, return=[-1.9343338829930872, 50.84497383236885, -9.356203047791496, -16.666666666666647]
SPS=94
Eval at step 1017500, survival=4.712%, return=[-1.9167350793723017, 51.116814970970154, -9.255930768558756, -16.57142857142855]
SPS=94
Eval at step 1018000, survival=4.712%, return=[-1.9167350793723017, 51.116814970970154, -9.255930768558756, -16.57142857142855]
SPS=94
Eval at step 1018500, survival=4.712%, return=[-1.9167350793723017, 51.116814970970154, -9.255930768558756, -16.57142857142855]
SPS=94
Eval at step 1019000, survival=4.712%, return=[-1.9167350793723017, 51.116814970970154, -9.255930768558756, -16.57142857142855]
SPS=94
Eval at step 1019500, survival=4.712%, return=[-1.9167350793723017, 51.116814970970154, -9.255930768558756, -16.57142857142855]
SPS=94
Eval at step 1020000, survival=4.712%, return=[-1.9167350793723017, 51.116814970970154, -9.255930768558756, -16.57142857142855]
SPS=94
Eval at step 1020500, survival=4.712%, return=[-1.9167350793723017, 51.116814970970154, -9.255930768558756, -16.57142857142855]
SPS=94
Eval at step 1021000, survival=4.712%, return=[-1.9167350793723017, 51.116814970970154, -9.255930768558756, -16.57142857142855]
SPS=94
Eval at step 1021500, survival=4.712%, return=[-1.9167350793723017, 51.116814970970154, -9.255930768558756, -16.57142857142855]
SPS=94
Eval at step 1022000, survival=4.712%, return=[-1.9167350793723017, 51.116814970970154, -9.255930768558756, -16.57142857142855]
SPS=94
Eval at step 1022500, survival=4.712%, return=[-1.9167350793723017, 51.116814970970154, -9.255930768558756, -16.57142857142855]
SPS=94
Eval at step 1023000, survival=4.712%, return=[-1.9167350793723017, 51.116814970970154, -9.255930768558756, -16.57142857142855]
SPS=94
Eval at step 1023500, survival=4.712%, return=[-1.9167350793723017, 51.116814970970154, -9.255930768558756, -16.57142857142855]
SPS=94
Eval at step 1024000, survival=4.712%, return=[-1.9102846323512495, 51.074969470500946, -9.331124076852575, -16.523809523809504]
SPS=94
Eval at step 1024500, survival=4.712%, return=[-1.9102846323512495, 51.074969470500946, -9.331124076852575, -16.523809523809504]
SPS=94
Eval at step 1025000, survival=4.712%, return=[-1.9102846323512495, 51.074969470500946, -9.331124076852575, -16.523809523809504]
SPS=94
Eval at step 1025500, survival=4.712%, return=[-1.9009008358698338, 51.28572964668274, -9.076701762387529, -16.57142857142855]
SPS=94
Eval at step 1026000, survival=4.712%, return=[-1.9009008358698338, 51.28572964668274, -9.076701762387529, -16.57142857142855]
SPS=94
Eval at step 1026500, survival=4.712%, return=[-1.9009008358698338, 51.28572964668274, -9.076701762387529, -16.57142857142855]
SPS=94
Eval at step 1027000, survival=4.712%, return=[-1.9009008358698338, 51.28572964668274, -9.076701762387529, -16.57142857142855]
SPS=94
Eval at step 1027500, survival=4.712%, return=[-1.9009008358698338, 51.28572964668274, -9.076701762387529, -16.57142857142855]
SPS=94
Eval at step 1028000, survival=4.712%, return=[-1.9009008358698338, 51.28572964668274, -9.076701762387529, -16.57142857142855]
SPS=94
Eval at step 1028500, survival=4.712%, return=[-1.9009008358698338, 51.28572964668274, -9.076701762387529, -16.57142857142855]
SPS=94
Eval at step 1029000, survival=4.712%, return=[-1.9009008358698338, 51.28572964668274, -9.076701762387529, -16.57142857142855]
SPS=94
Eval at step 1029500, survival=4.712%, return=[-1.9167350793723017, 51.116814970970154, -9.255930768558756, -16.57142857142855]
SPS=94
Eval at step 1030000, survival=4.712%, return=[-1.9167350793723017, 51.116814970970154, -9.255930768558756, -16.57142857142855]
SPS=94
Eval at step 1030500, survival=4.712%, return=[-1.9167350793723017, 51.116814970970154, -9.255930768558756, -16.57142857142855]
SPS=94
Eval at step 1031000, survival=4.712%, return=[-1.9167350793723017, 51.116814970970154, -9.255930768558756, -16.57142857142855]
SPS=94
Eval at step 1031500, survival=4.712%, return=[-1.9167350793723017, 51.116814970970154, -9.255930768558756, -16.57142857142855]
SPS=94
Eval at step 1032000, survival=4.712%, return=[-1.9167350793723017, 51.116814970970154, -9.255930768558756, -16.57142857142855]
SPS=94
Eval at step 1032500, survival=4.712%, return=[-1.9102846323512495, 51.074969470500946, -9.331124076852575, -16.523809523809504]
SPS=94
Eval at step 1033000, survival=4.712%, return=[-1.9102846323512495, 51.074969470500946, -9.331124076852575, -16.523809523809504]
SPS=94
Eval at step 1033500, survival=4.712%, return=[-1.9102846323512495, 51.074969470500946, -9.331124076852575, -16.523809523809504]
SPS=94
Eval at step 1034000, survival=4.712%, return=[-1.9009008358698338, 51.28572964668274, -9.076701762387529, -16.57142857142855]
SPS=95
Eval at step 1034500, survival=4.712%, return=[-1.9009008358698338, 51.28572964668274, -9.076701762387529, -16.57142857142855]
SPS=95
Eval at step 1035000, survival=4.861%, return=[-1.9541718112304807, 52.68088734149933, -9.549566926434636, -16.99999999999998]
SPS=95
Eval at step 1035500, survival=4.861%, return=[-1.9541718112304807, 52.68088734149933, -9.549566926434636, -16.99999999999998]
SPS=95
Eval at step 1036000, survival=4.861%, return=[-1.9541718112304807, 52.68088734149933, -9.549566926434636, -16.99999999999998]
SPS=95
Eval at step 1036500, survival=4.861%, return=[-1.9541718112304807, 52.68088734149933, -9.549566926434636, -16.99999999999998]
SPS=95
Eval at step 1037000, survival=4.861%, return=[-1.9541718112304807, 52.68088734149933, -9.549566926434636, -16.99999999999998]
SPS=95
Eval at step 1037500, survival=4.861%, return=[-1.9541718112304807, 52.68088734149933, -9.549566926434636, -16.99999999999998]
SPS=95
Eval at step 1038000, survival=4.712%, return=[-1.9167350793723017, 51.116814970970154, -9.255930768558756, -16.57142857142855]
SPS=95
Eval at step 1038500, survival=4.712%, return=[-1.9167350793723017, 51.116814970970154, -9.255930768558756, -16.57142857142855]
SPS=95
Eval at step 1039000, survival=4.712%, return=[-1.9167350793723017, 51.116814970970154, -9.255930768558756, -16.57142857142855]
SPS=95
Eval at step 1039500, survival=4.712%, return=[-1.9167350793723017, 51.116814970970154, -9.255930768558756, -16.57142857142855]
SPS=95
Eval at step 1040000, survival=4.712%, return=[-1.9167350793723017, 51.116814970970154, -9.255930768558756, -16.57142857142855]
SPS=95
Eval at step 1040500, survival=4.712%, return=[-1.8955067214556038, 51.52310484647751, -9.076701762387529, -16.523809523809504]
SPS=95
Eval at step 1041000, survival=4.712%, return=[-1.9343338829930872, 50.84497383236885, -9.356203047791496, -16.666666666666647]
SPS=95
Eval at step 1041500, survival=0.248%, return=[-1.0841431173030287, 0.8105156123638153, -7.3867978900671005, -1.5714285714285714]
SPS=95
Eval at step 1042000, survival=0.248%, return=[-1.0841431173030287, 0.8105156123638153, -7.3867978900671005, -1.5714285714285714]
SPS=95
Eval at step 1042500, survival=0.248%, return=[-1.0841431173030287, 0.8105156123638153, -7.3867978900671005, -1.5714285714285714]
SPS=95
Eval at step 1043000, survival=0.248%, return=[-1.0841431173030287, 0.8105156123638153, -7.3867978900671005, -1.5714285714285714]
SPS=95
Eval at step 1043500, survival=100.000%, return=[-7.153336145420326, 1683.6786549389362, -1.2928193807601929, -527.5238095238064]
SPS=95
Eval at step 1044000, survival=100.000%, return=[-7.153336145420326, 1683.6786549389362, -1.2928193807601929, -527.5238095238064]
SPS=95
Eval at step 1044500, survival=0.248%, return=[-1.0841431173030287, 0.8105156123638153, -7.3867978900671005, -1.5714285714285714]
SPS=95
Eval at step 1045000, survival=0.248%, return=[-1.0841431173030287, 0.8105156123638153, -7.3867978900671005, -1.5714285714285714]
SPS=95
Eval at step 1045500, survival=0.248%, return=[-1.0841431173030287, 0.8105156123638153, -7.3867978900671005, -1.5714285714285714]
SPS=95
Eval at step 1046000, survival=0.248%, return=[-1.0841431173030287, 0.8105156123638153, -7.3867978900671005, -1.5714285714285714]
SPS=95
Eval at step 1046500, survival=100.000%, return=[-7.153942528908374, 1683.6701671977837, -1.2928193807601929, -526.0476190476162]
SPS=95
Eval at step 1047000, survival=4.712%, return=[-1.9343338829930872, 50.84497383236885, -9.356203047791496, -16.666666666666647]
SPS=95
Eval at step 1047500, survival=4.712%, return=[-1.9343338829930872, 50.84497383236885, -9.356203047791496, -16.666666666666647]
SPS=95
Eval at step 1048000, survival=4.712%, return=[-1.9343338829930872, 50.84497383236885, -9.356203047791496, -16.666666666666647]
SPS=95
Eval at step 1048500, survival=4.712%, return=[-1.9343338829930872, 50.84497383236885, -9.356203047791496, -16.666666666666647]
SPS=95
Eval at step 1049000, survival=4.712%, return=[-1.9343338829930872, 50.84497383236885, -9.356203047791496, -16.666666666666647]
SPS=95
Eval at step 1049500, survival=100.000%, return=[-7.153863735758932, 1683.6715835034847, -1.2928193807601929, -526.2380952380923]
SPS=95
Eval at step 1050000, survival=100.000%, return=[-7.189160460635321, 1679.8124743402004, -1.2928193807601929, -525.5238095238067]
SPS=95
Eval at step 1050500, survival=100.000%, return=[-7.189401907215749, 1679.4123392502468, -1.2124761193990707, -525.3015873015844]
SPS=95
Eval at step 1051000, survival=4.712%, return=[-1.8749605164630339, 51.812066078186035, -8.86172084719874, -16.333333333333314]
SPS=95
Eval at step 1051500, survival=4.712%, return=[-1.8749605164630339, 51.812066078186035, -8.86172084719874, -16.333333333333314]
SPS=95
Eval at step 1052000, survival=100.000%, return=[-7.153636534407269, 1683.2746750116348, -1.2124761193990707, -527.1904761904732]
SPS=95
Eval at step 1052500, survival=100.000%, return=[-7.1534306309379945, 1683.668211688598, -1.2928193807601929, -527.3809523809495]
SPS=95
Eval at step 1053000, survival=100.000%, return=[-7.23535876123545, 1674.6929743786652, -1.2928193807601929, -525.5714285714257]
SPS=95
Eval at step 1053500, survival=100.000%, return=[-7.391400836146204, 1657.5781306723754, -1.2928193807601929, -521.4285714285695]
SPS=95
Eval at step 1054000, survival=100.000%, return=[-7.417286413294884, 1654.5811653832595, -1.2928193807601929, -520.7301587301571]
SPS=95
Eval at step 1054500, survival=100.000%, return=[-7.27194864168996, 1670.687674810489, -1.2928193807601929, -521.2539682539664]
SPS=95
Eval at step 1055000, survival=100.000%, return=[-7.191249224202086, 1679.5683579742908, -1.2928193807601929, -525.1428571428543]
SPS=95
Eval at step 1055500, survival=100.000%, return=[-7.189725762737605, 1679.7545087834199, -1.2928193807601929, -524.3333333333304]
SPS=95
Eval at step 1056000, survival=100.000%, return=[-7.188376821693964, 1679.8796185553074, -1.2928193807601929, -525.4761904761875]
SPS=95
Eval at step 1056500, survival=100.000%, return=[-7.153745211486239, 1683.6631665726502, -1.2928193807601929, -526.6190476190447]
SPS=95
Eval at step 1057000, survival=100.000%, return=[-7.154228983417852, 1683.6645612418652, -1.2928193807601929, -525.3809523809497]
SPS=95
Eval at step 1057500, survival=100.000%, return=[-7.15682750667717, 1683.4218186835449, -1.2928193807601929, -523.5238095238072]
SPS=95
Eval at step 1058000, survival=100.000%, return=[-7.162605643437321, 1682.9138712187607, -1.2928193807601929, -519.0476190476176]
SPS=95
Eval at step 1058500, survival=100.000%, return=[-5.510034117280156, 1586.4956567188103, -4.747652174119139, -520.6190476190451]
SPS=95
Eval at step 1059000, survival=100.000%, return=[-4.919559217931237, 1547.06776329875, -4.796792159322649, -518.8571428571402]
SPS=95
Eval at step 1059500, survival=100.000%, return=[-4.76030449422736, 1540.7498944699764, -4.796792159322649, -517.5714285714259]
SPS=95
Eval at step 1060000, survival=100.000%, return=[-4.751002498829621, 1540.3774405618508, -4.747652174119139, -517.3809523809498]
SPS=95
Eval at step 1060500, survival=100.000%, return=[-7.287051220162539, 1669.0326794087887, -1.0332471132278442, -493.0476190476218]
SPS=95
Eval at step 1061000, survival=100.000%, return=[-7.287593641260173, 1669.7059541642666, -1.2928193807601929, -494.0952380952408]
SPS=95
Eval at step 1061500, survival=100.000%, return=[-7.288588400260778, 1669.552239984274, -1.2928193807601929, -494.9047619047645]
SPS=95
Eval at step 1062000, survival=0.248%, return=[-1.0841431173030287, 0.8105156123638153, -7.3867978900671005, -1.5714285714285714]
SPS=95
Eval at step 1062500, survival=0.248%, return=[-1.0841431173030287, 0.8105156123638153, -7.3867978900671005, -1.5714285714285714]
SPS=95
Eval at step 1063000, survival=0.248%, return=[-1.0841431173030287, 0.8105156123638153, -7.3867978900671005, -1.5714285714285714]
SPS=95
Eval at step 1063500, survival=0.248%, return=[-1.0841431173030287, 0.8105156123638153, -7.3867978900671005, -1.5714285714285714]
SPS=95
Eval at step 1064000, survival=0.446%, return=[-1.0960459758061916, 3.283911630511284, -6.8357376754283905, -2.142857142857143]
SPS=95
Eval at step 1064500, survival=0.446%, return=[-1.0960459758061916, 3.283911630511284, -6.8357376754283905, -2.142857142857143]
SPS=95
Eval at step 1065000, survival=0.446%, return=[-1.0960459758061916, 3.283911630511284, -6.8357376754283905, -2.142857142857143]
SPS=95
Eval at step 1065500, survival=0.446%, return=[-1.0960459758061916, 3.283911630511284, -6.8357376754283905, -2.142857142857143]
SPS=95
Eval at step 1066000, survival=0.446%, return=[-1.0960459758061916, 3.283911630511284, -6.8357376754283905, -2.142857142857143]
SPS=95
Eval at step 1066500, survival=0.446%, return=[-1.0960459758061916, 3.283911630511284, -6.8357376754283905, -2.142857142857143]
SPS=95
Eval at step 1067000, survival=100.000%, return=[-7.161783342215737, 1682.5051971375942, -1.0332471132278442, -511.0952380952379]
SPS=95
Eval at step 1067500, survival=100.000%, return=[-7.161502555565676, 1682.5240103900433, -1.0332471132278442, -511.57142857142827]
SPS=95
Eval at step 1068000, survival=100.000%, return=[-7.161104554766401, 1682.5419567326705, -1.0332471132278442, -512.428571428571]
SPS=95
Eval at step 1068500, survival=100.000%, return=[-7.160791824707606, 1682.5561887919903, -1.0332471132278442, -513.0952380952375]
SPS=95
Eval at step 1069000, survival=100.000%, return=[-4.028148306795629, 1527.6967784265678, -4.796792159322649, -524.5714285714256]
SPS=95
Eval at step 1069500, survival=0.446%, return=[-1.0960459758061916, 3.283911630511284, -6.8357376754283905, -2.142857142857143]
SPS=95
Eval at step 1070000, survival=0.446%, return=[-1.0960459758061916, 3.283911630511284, -6.8357376754283905, -2.142857142857143]
SPS=95
Eval at step 1070500, survival=0.446%, return=[-1.0960459758061916, 3.283911630511284, -6.8357376754283905, -2.142857142857143]
SPS=95
Eval at step 1071000, survival=100.000%, return=[-4.756435218921979, 1535.6771848499775, -4.747652174119139, -510.66666666666424]
SPS=95
Eval at step 1071500, survival=100.000%, return=[-7.372709421470063, 1470.8838980048895, -1658.7895918171853, -546.2380952380854]
SPS=95
Eval at step 1072000, survival=100.000%, return=[-4.017704617464915, 1648.9073354303837, -1.0332471132278442, -573.9999999999989]
SPS=95
Eval at step 1072500, survival=100.000%, return=[-4.755181347713612, 1535.9346432983875, -4.747652174119139, -510.04761904761676]
SPS=95
Eval at step 1073000, survival=100.000%, return=[-4.03776469406633, 1528.0970681409042, -4.747652174119139, -522.9999999999974]
SPS=95
Eval at step 1073500, survival=100.000%, return=[-4.023045493013342, 1527.4048594534397, -4.747652174119139, -522.8571428571403]
SPS=95
Eval at step 1074000, survival=100.000%, return=[-4.022244286369339, 1527.5001562535763, -4.747652174119139, -522.8571428571403]
SPS=95
Eval at step 1074500, survival=100.000%, return=[-4.021614502732215, 1527.5778845051925, -4.747652174119139, -522.7619047619022]
SPS=95
Eval at step 1075000, survival=100.000%, return=[-7.1864374042343115, 1679.9227910935879, -1.0332471132278442, -503.5714285714298]
SPS=95
Eval at step 1075500, survival=100.000%, return=[-4.710986294744846, 1538.7642351488273, -4.796792159322649, -514.7142857142837]
SPS=95
Eval at step 1076000, survival=100.000%, return=[-4.061804428929463, 1529.094532539447, -4.796792159322649, -522.9365079365052]
SPS=95
Eval at step 1076500, survival=100.000%, return=[-4.054571840330027, 1528.6838319599628, -4.7804121642548125, -522.9047619047593]
SPS=95
Eval at step 1077000, survival=100.000%, return=[-4.064067976840306, 1528.8802179396152, -4.796792159322649, -522.571428571426]
SPS=95
Eval at step 1077500, survival=100.000%, return=[-4.037906369466024, 1528.0879559417565, -4.747652174119139, -522.8571428571403]
SPS=95
Eval at step 1078000, survival=100.000%, return=[-4.062244258879218, 1529.0666855871677, -4.796792159322649, -522.8571428571403]
SPS=95
Eval at step 1078500, survival=100.000%, return=[-4.710700576538026, 1541.825558970372, -4.747652174119139, -518.7142857142835]
SPS=95
Eval at step 1079000, survival=100.000%, return=[-7.166875627430272, 1682.017686754465, -1.0332471132278442, -508.1904761904766]
SPS=95
Eval at step 1079500, survival=100.000%, return=[-7.163288855609911, 1682.428799778223, -1.0332471132278442, -508.14285714285757]
SPS=95
Eval at step 1080000, survival=100.000%, return=[-5.177362521688337, 1569.0636226832867, -4.747652174119139, -518.8571428571406]
SPS=95
Eval at step 1080500, survival=100.000%, return=[-4.322324428983848, 1537.2610456645489, -4.796792159322649, -522.428571428569]
SPS=95
Eval at step 1081000, survival=100.000%, return=[-4.32697206447483, 1537.1861803233624, -4.747652174119139, -521.9999999999976]
SPS=95
Eval at step 1081500, survival=4.861%, return=[-1.9143245510640554, 53.37686336040497, -9.255291046574712, -16.76190476190474]
SPS=95
Eval at step 1082000, survival=100.000%, return=[-7.164779036766656, 1682.1611211299896, -1.0332946479320526, -507.33333333333394]
SPS=95
Eval at step 1082500, survival=100.000%, return=[-7.168271042401709, 1681.8416076997917, -1.0332471132278442, -508.666666666667]
SPS=95
Eval at step 1083000, survival=100.000%, return=[-7.168577466155209, 1681.8052811125915, -1.0332471132278442, -508.8095238095241]
SPS=95
Eval at step 1083500, survival=0.446%, return=[-1.0960459758061916, 3.283911630511284, -6.8357376754283905, -2.142857142857143]
SPS=95
Eval at step 1084000, survival=0.446%, return=[-1.0960459758061916, 3.283911630511284, -6.8357376754283905, -2.142857142857143]
SPS=95
Eval at step 1084500, survival=0.446%, return=[-1.0960459758061916, 3.283911630511284, -6.8357376754283905, -2.142857142857143]
SPS=95
Eval at step 1085000, survival=0.694%, return=[-1.113106934062671, 6.74689456820488, -6.198192052543163, -2.6666666666666665]
SPS=95
Eval at step 1085500, survival=0.248%, return=[-1.0841431173030287, 0.8105156123638153, -7.3867978900671005, -1.5714285714285714]
SPS=95
Eval at step 1086000, survival=0.248%, return=[-1.0841431173030287, 0.8105156123638153, -7.3867978900671005, -1.5714285714285714]
SPS=95
Eval at step 1086500, survival=0.248%, return=[-1.0841431173030287, 0.8105156123638153, -7.3867978900671005, -1.5714285714285714]
SPS=95
Eval at step 1087000, survival=0.248%, return=[-1.0841431173030287, 0.8105156123638153, -7.3867978900671005, -1.5714285714285714]
SPS=95
Eval at step 1087500, survival=100.000%, return=[-7.210150894267524, 1678.2044170200825, -1.2928193807601929, -502.61904761904907]
SPS=95
Eval at step 1088000, survival=100.000%, return=[-7.1628763825428905, 1683.261838287115, -1.2928193807601929, -507.4761904761911]
SPS=95
Eval at step 1088500, survival=100.000%, return=[-7.161676276664366, 1683.3429665267467, -1.2928193807601929, -509.6666666666668]
SPS=95
Eval at step 1089000, survival=100.000%, return=[-7.160957216091144, 1683.381891578436, -1.2928193807601929, -511.095238095238]
SPS=95
Eval at step 1089500, survival=100.000%, return=[-6.908221391175175, 1675.923154503107, -1.2928193807601929, -517.4285714285699]
SPS=95
Eval at step 1090000, survival=100.000%, return=[-6.9096093797658495, 1675.7555042604606, -1.2928193807601929, -516.7619047619033]
SPS=95
Eval at step 1090500, survival=100.000%, return=[-6.911700211596326, 1675.0784653127193, -1.0928883403539658, -516.7142857142843]
SPS=95
Eval at step 1091000, survival=100.000%, return=[-6.911700211596326, 1675.0784653127193, -1.0928883403539658, -516.7142857142843]
SPS=95
Eval at step 1091500, survival=100.000%, return=[-6.910636429335379, 1674.809346407652, -1.0332471132278442, -516.5714285714272]
SPS=95
Eval at step 1092000, survival=100.000%, return=[-4.35175871756898, 1537.7327250341575, -4.796792159322649, -522.714285714283]
SPS=95
Eval at step 1092500, survival=100.000%, return=[-4.350071909051621, 1538.4544108410676, -5.007224441651488, -522.9682539682514]
SPS=95
Eval at step 1093000, survival=100.000%, return=[-4.354445903678425, 1538.270328849554, -5.007224441651488, -522.0952380952357]
SPS=95
Eval at step 1093500, survival=100.000%, return=[-6.914168589282781, 1675.261334568262, -1.2928193807601929, -514.6666666666657]
SPS=95
Eval at step 1094000, survival=100.000%, return=[-6.640271208874765, 1659.8937420547009, -1.323260982996241, -513.809523809523]
SPS=95
Eval at step 1094500, survival=100.000%, return=[-6.407471698621521, 1493.789249047637, -67.33206172997598, -410.42857142856866]
SPS=95
Eval at step 1095000, survival=100.000%, return=[-6.161278140144229, 1460.2266088426113, -79.6232321790012, -411.1904761904736]
SPS=95
Eval at step 1095500, survival=100.000%, return=[-6.281203184858896, 1455.5759168714285, -81.87385969795287, -410.2380952380927]
SPS=95
Eval at step 1096000, survival=100.000%, return=[-6.433053989972298, 1450.9690522104502, -84.0196057461435, -408.42857142856906]
SPS=95
Eval at step 1096500, survival=100.000%, return=[-6.3639273106916034, 1451.6376285900672, -85.77339883486275, -409.99999999999744]
SPS=95
Eval at step 1097000, survival=100.000%, return=[-6.23346544369512, 1456.5597318410873, -88.24857485757093, -412.4285714285686]
SPS=95
Eval at step 1097500, survival=100.000%, return=[-6.188716078584548, 1457.5715139210224, -87.99061241807067, -412.904761904759]
SPS=95
Eval at step 1098000, survival=100.000%, return=[-6.3222719524783315, 1453.5380732566118, -90.89594162069261, -411.714285714283]
SPS=95
Eval at step 1098500, survival=100.000%, return=[-3.9978071463653273, 1525.6243383586407, -5.007224441651488, -521.6666666666644]
SPS=95
Eval at step 1099000, survival=100.000%, return=[-4.004289220756618, 1525.1470316946507, -5.056364426854998, -519.7619047619028]
SPS=95
Eval at step 1099500, survival=100.000%, return=[-4.012265091247779, 1524.7887655397255, -5.007224441651488, -517.0952380952366]
SPS=95
Eval at step 1100000, survival=100.000%, return=[-4.027574057341553, 1524.495843499899, -5.007224441651488, -514.7619047619038]
SPS=95
Eval at step 1100500, survival=100.000%, return=[-4.046802585799014, 1525.248888939619, -4.856433386448771, -513.4285714285705]
SPS=95
Eval at step 1101000, survival=38.988%, return=[-4.21577688731486, 542.0757462978363, -57.44783876463771, -105.14285714285707]
SPS=95
Eval at step 1101500, survival=100.000%, return=[-6.50380398069683, 1450.6986548155546, -75.94225301785627, -404.9047619047604]
SPS=95
Eval at step 1102000, survival=100.000%, return=[-6.531984077824745, 1445.405533015728, -68.16002104562358, -404.714285714284]
SPS=95
Eval at step 1102500, survival=100.000%, return=[-4.318343419756275, 1507.889423161745, -17.503100054018432, -506.3809523809511]
SPS=95
Eval at step 1103000, survival=100.000%, return=[-7.805406777188182, 1609.1948510110378, -1.0332471132278442, -622.3809523809571]
SPS=95
Eval at step 1103500, survival=100.000%, return=[-7.805406777188182, 1609.1948510110378, -1.0332471132278442, -622.3809523809571]
SPS=95
Eval at step 1104000, survival=100.000%, return=[-7.805406777188182, 1609.1948510110378, -1.0332471132278442, -622.3809523809571]
SPS=95
Eval at step 1104500, survival=100.000%, return=[-7.805406777188182, 1609.1948510110378, -1.0332471132278442, -622.3809523809571]
SPS=95
Eval at step 1105000, survival=100.000%, return=[-7.806616791902343, 1609.5602721869946, -1.0928883403539658, -622.4285714285761]
SPS=95
Eval at step 1105500, survival=100.000%, return=[-7.806616791902343, 1609.5602721869946, -1.0928883403539658, -622.4285714285761]
SPS=95
Eval at step 1106000, survival=100.000%, return=[-7.806616791902343, 1609.5602721869946, -1.0928883403539658, -622.4285714285761]
SPS=95
Eval at step 1106500, survival=100.000%, return=[-7.806616791902343, 1609.5602721869946, -1.0928883403539658, -622.4285714285761]
SPS=95
Eval at step 1107000, survival=100.000%, return=[-7.806616791902343, 1609.5602721869946, -1.0928883403539658, -622.4285714285761]
SPS=95
Eval at step 1107500, survival=100.000%, return=[-5.497152880319239, 1560.032297750314, -3.5423246786619225, -550.7936507936515]
SPS=95
Eval at step 1108000, survival=100.000%, return=[-4.327850527537521, 1536.157551407814, -4.796839694026858, -517.1428571428556]
SPS=95
Eval at step 1108500, survival=100.000%, return=[-4.361812097748043, 1536.5908715128899, -4.796839694026858, -518.8095238095218]
SPS=95
Eval at step 1109000, survival=100.000%, return=[-4.370811738568591, 1535.678378989299, -4.49519325280562, -518.2380952380933]
SPS=95
Eval at step 1109500, survival=100.000%, return=[-4.3239709348999895, 1535.8432402312756, -4.698757643345743, -518.4761904761887]
SPS=95
Eval at step 1110000, survival=100.000%, return=[-7.810679314250592, 1608.6421666443348, -0.7316482067108154, -621.1904761904807]
SPS=95
Eval at step 1110500, survival=100.000%, return=[-7.810679314250592, 1608.6421666443348, -0.7316482067108154, -621.1904761904807]
SPS=95
Eval at step 1111000, survival=100.000%, return=[-7.810679314250592, 1608.6421666443348, -0.7316482067108154, -621.1904761904807]
SPS=95
Eval at step 1111500, survival=100.000%, return=[-7.81235640932573, 1608.859760016203, -0.8182661980390549, -621.428571428576]
SPS=95
Eval at step 1112000, survival=100.000%, return=[-7.79912628265447, 1610.7077287137508, -0.8182661980390549, -617.3333333333374]
SPS=95
Eval at step 1112500, survival=100.000%, return=[-4.354503015274531, 1536.2558571696281, -4.796839694026858, -518.4285714285696]
SPS=95
Eval at step 1113000, survival=100.000%, return=[-3.980981617651802, 1524.2674273451169, -4.796839694026858, -519.0476190476171]
SPS=95
Eval at step 1113500, survival=48.165%, return=[-3.422182799928123, 760.5542754530907, -124.8114687926136, -267.0476190476196]
SPS=95
Eval at step 1114000, survival=48.165%, return=[-3.5431935999076813, 753.8684470653534, -131.57305732136592, -265.1428571428578]
SPS=95
Eval at step 1114500, survival=48.115%, return=[-3.7668986383941956, 739.6132163107395, -124.68702457466861, -283.19047619047575]
SPS=95
Eval at step 1115000, survival=48.165%, return=[-3.8139117584505584, 737.9515505731106, -125.85886526008835, -283.1904761904757]
SPS=95
Eval at step 1115500, survival=48.165%, return=[-3.7898997301526833, 739.4929389059544, -124.93397292302689, -284.0476190476185]
SPS=95
Eval at step 1116000, survival=48.165%, return=[-3.7859856995928567, 739.779069930315, -124.93397292302689, -283.8571428571423]
SPS=95
Eval at step 1116500, survival=48.165%, return=[-3.7766324774420355, 740.4734075963497, -124.93397292302689, -283.3809523809519]
SPS=95
Eval at step 1117000, survival=100.000%, return=[-4.235832848527934, 1511.0332596600056, -17.821306430414552, -536.5238095238084]
SPS=95
Eval at step 1117500, survival=100.000%, return=[-4.115689377324695, 1518.6782605350018, -13.549945767493531, -527.5238095238082]
SPS=95
Eval at step 1118000, survival=39.038%, return=[-4.282569991279161, 536.9588051959872, -63.058271993359085, -106.14285714285707]
SPS=95
Eval at step 1118500, survival=39.087%, return=[-4.344682704831939, 534.1827672049403, -57.33009547140682, -105.42857142857129]
SPS=95
Eval at step 1119000, survival=39.038%, return=[-4.367451504222117, 532.8175662085414, -59.588375573803205, -105.38095238095228]
SPS=95
Eval at step 1119500, survival=39.038%, return=[-4.498713874112582, 530.1817502379417, -60.52515922987368, -104.3333333333333]
SPS=95
Eval at step 1120000, survival=38.988%, return=[-4.361112058919389, 537.6788704693317, -57.19183375942521, -104.66666666666667]
SPS=95
Eval at step 1120500, survival=39.484%, return=[-4.109821230755188, 557.0433117635548, -47.723113908432424, -106.38095238095207]
SPS=95
Eval at step 1121000, survival=100.000%, return=[-4.380266847151991, 1535.7295295099418, -5.051214473787695, -517.8571428571412]
SPS=95
Eval at step 1121500, survival=100.000%, return=[-4.368635579710826, 1536.5033520956833, -4.796792159322649, -518.2857142857125]
SPS=95
Eval at step 1122000, survival=100.000%, return=[-4.594844552353607, 1537.9878000319004, -4.796792159322649, -517.7142857142841]
SPS=95
Eval at step 1122500, survival=100.000%, return=[-4.37633759653545, 1535.8076813717682, -4.7804121642548125, -515.9523809523796]
SPS=95
Eval at step 1123000, survival=100.000%, return=[-4.0030251091957325, 1523.3967820703983, -4.796792159322649, -514.1904761904752]
SPS=95
Eval at step 1123500, survival=100.000%, return=[-7.804355440661311, 1609.3401194512844, -1.0332471132278442, -621.9523809523856]
SPS=95
Eval at step 1124000, survival=100.000%, return=[-4.01614524924662, 1523.028319567442, -4.796792159322649, -513.1428571428564]
SPS=95
Eval at step 1124500, survival=100.000%, return=[-4.013788496813504, 1523.4508463442326, -4.856433386448771, -513.2380952380945]
SPS=95
Eval at step 1125000, survival=39.831%, return=[-4.462407479993999, 542.4940971881151, -60.76030442054616, -108.28571428571409]
SPS=95
Eval at step 1125500, survival=39.931%, return=[-4.540196597285103, 542.7859415635467, -64.16983005037764, -108.52380952380939]
SPS=95
Eval at step 1126000, survival=42.411%, return=[-4.977620498510078, 571.7049595713615, -77.4478495438234, -115.52380952380923]
SPS=95
Eval at step 1126500, survival=42.411%, return=[-4.644977448042482, 584.7477722242475, -72.38226786605082, -116.6666666666661]
SPS=95
Eval at step 1127000, survival=47.024%, return=[-5.502583705703728, 634.7519498988986, -103.11138358723838, -128.61904761904697]
SPS=95
Eval at step 1127500, survival=47.173%, return=[-5.5411427156068385, 636.0466395840049, -102.6127177575836, -128.66666666666612]
SPS=95
Eval at step 1128000, survival=47.024%, return=[-5.619830564915901, 635.3280862048268, -101.22906781572965, -127.38095238095197]
SPS=95
Eval at step 1128500, survival=38.938%, return=[-4.262885232776171, 543.6216919273138, -60.13967239414342, -105.76190476190459]
SPS=95
Eval at step 1129000, survival=100.000%, return=[-6.604210420851207, 1442.728759619097, -86.92083528076182, -405.9841269841252]
SPS=95
Eval at step 1129500, survival=100.000%, return=[-3.9984986248406735, 1523.7958719233673, -4.807293401245261, -516.0952380952368]
SPS=95
Eval at step 1130000, survival=100.000%, return=[-4.000520999659784, 1523.6983506381512, -4.807293401245261, -515.2857142857131]
SPS=95
Eval at step 1130500, survival=100.000%, return=[-4.008125968335662, 1523.6138845980167, -4.807293401245261, -515.142857142856]
SPS=95
Eval at step 1131000, survival=100.000%, return=[-4.019676869196701, 1523.2472908397515, -4.856433386448771, -514.4285714285704]
SPS=95
Eval at step 1131500, survival=100.000%, return=[-4.014880939212162, 1524.0968916118145, -4.807293401245261, -514.3809523809512]
SPS=95
Eval at step 1132000, survival=100.000%, return=[-4.019807073093641, 1523.2873467902343, -4.580479306314373, -514.3809523809512]
SPS=95
Eval at step 1132500, survival=48.165%, return=[-3.4479344951396342, 760.3674118816853, -124.64424839010462, -264.9523809523817]
SPS=95
Eval at step 1133000, survival=100.000%, return=[-5.453063869887653, 1542.9450866480668, -11.885065611859318, -560.5079365079367]
SPS=95
Eval at step 1133500, survival=100.000%, return=[-4.528414351458196, 1493.3693882326286, -19.75102306707413, -543.3333333333312]
SPS=95
Eval at step 1134000, survival=100.000%, return=[-4.518188245119139, 1494.0931438108285, -19.977837162005017, -543.8730158730139]
SPS=95
Eval at step 1134500, survival=100.000%, return=[-4.513874849183291, 1494.5028854509194, -19.651217418334756, -542.888888888887]
SPS=95
Eval at step 1135000, survival=100.000%, return=[-4.515025207865013, 1495.0261718134086, -19.711081858646747, -541.9206349206329]
SPS=95
Eval at step 1135500, survival=48.115%, return=[-3.748935313342372, 743.1396335065365, -124.63597713038325, -278.09523809523785]
SPS=95
Eval at step 1136000, survival=48.165%, return=[-3.8053430966392625, 740.9225529134274, -124.93397292302689, -282.14285714285666]
SPS=95
Eval at step 1136500, survival=48.115%, return=[-3.797601049853256, 740.165552864472, -124.68702457466861, -282.14285714285666]
SPS=95
Eval at step 1137000, survival=48.148%, return=[-3.824005813706511, 742.9290850063165, -124.85165680690746, -284.20634920634853]
SPS=95
Eval at step 1137500, survival=48.132%, return=[-3.834799728288393, 744.6925230522951, -124.76934069078804, -285.87301587301516]
SPS=95
Eval at step 1138000, survival=48.148%, return=[-3.906835473210473, 745.4113650619984, -124.85165680690746, -282.22222222222155]
SPS=95
Eval at step 1138500, survival=48.165%, return=[-3.8000944588857237, 741.1209344367186, -124.93397292302689, -282.539682539682]
SPS=95
Eval at step 1139000, survival=48.165%, return=[-3.74466644731001, 743.8523430526257, -124.87106248503551, -279.5238095238093]
SPS=95
Eval at step 1139500, survival=100.000%, return=[-4.514757510143681, 1494.6614294350147, -19.7948667651508, -542.5714285714268]
SPS=95
Eval at step 1140000, survival=100.000%, return=[-4.005549194509513, 1526.0006999274094, -4.807293401245261, -510.14285714285717]
SPS=95
Eval at step 1140500, survival=100.000%, return=[-3.998616132196427, 1526.6752544740837, -4.856433386448771, -511.28571428571416]
SPS=95
Eval at step 1141000, survival=100.000%, return=[-4.102758229448227, 1518.9338368475437, -10.916419350687647, -512.4761904761895]
SPS=95
Eval at step 1141500, survival=100.000%, return=[-4.105274084140547, 1520.2506792843342, -11.143732727650786, -510.90476190476124]
SPS=95
Eval at step 1142000, survival=100.000%, return=[-4.179824639878158, 1514.6315232316654, -12.564244442764902, -507.42857142857065]
SPS=95
Eval at step 1142500, survival=100.000%, return=[-3.989500628270131, 1525.598604907592, -4.807293401245261, -515.8571428571416]
SPS=95
Eval at step 1143000, survival=100.000%, return=[-3.990665177547877, 1524.3155363301437, -4.807293401245261, -515.8095238095227]
SPS=95
Eval at step 1143500, survival=100.000%, return=[-4.20011274361362, 1512.178730994463, -13.557092738483334, -506.99999999999915]
SPS=95
Eval at step 1144000, survival=100.000%, return=[-4.0012555606954265, 1524.0535216033459, -4.856433386448771, -514.4285714285705]
SPS=95
Eval at step 1144500, survival=100.000%, return=[-4.0069368878612295, 1523.7871907055378, -4.807293401245261, -515.2857142857131]
SPS=95
Eval at step 1145000, survival=100.000%, return=[-4.013960942160338, 1523.7129825651646, -4.807293401245261, -515.5714285714273]
SPS=95
Eval at step 1145500, survival=100.000%, return=[-4.005583708814811, 1523.83064904809, -4.807293401245261, -515.8095238095226]
SPS=95
Eval at step 1146000, survival=100.000%, return=[-4.005446039993937, 1524.082755257686, -4.807293401245261, -515.1428571428561]
SPS=95
Eval at step 1146500, survival=100.000%, return=[-4.006571328931993, 1524.6326959629853, -4.807293401245261, -512.619047619047]
SPS=95
Eval at step 1147000, survival=100.000%, return=[-4.005418047425337, 1524.7796890834968, -4.807293401245261, -512.7142857142851]
SPS=95
Eval at step 1147500, survival=100.000%, return=[-4.009175445055007, 1523.7450598180294, -4.807293401245261, -514.0952380952372]
SPS=95
Eval at step 1148000, survival=100.000%, return=[-4.095618724076, 1513.6582656701405, -12.882416718784953, -510.99999999999926]
SPS=95
Eval at step 1148500, survival=100.000%, return=[-4.094245487052831, 1513.2308903932571, -12.882416718784953, -510.8095238095231]
SPS=95
Eval at step 1149000, survival=100.000%, return=[-4.093379795871442, 1513.2886357307434, -12.882416718784953, -510.9523809523801]
SPS=95
Eval at step 1149500, survival=100.000%, return=[-4.094136475013026, 1513.4403896331787, -12.931556703988463, -511.1904761904754]
SPS=95
Eval at step 1150000, survival=100.000%, return=[-4.131458963500336, 1515.8969153165817, -12.882416718784953, -511.7619047619036]
SPS=95
Eval at step 1150500, survival=100.000%, return=[-4.006148010492325, 1523.6257048547268, -4.807293401245261, -516.0952380952368]
SPS=95
Eval at step 1151000, survival=100.000%, return=[-4.003284101403551, 1523.676092594862, -4.856433386448771, -517.1428571428556]
SPS=95
Eval at step 1151500, survival=100.000%, return=[-4.027157037446159, 1521.4261372288067, -6.79646153235808, -517.1904761904744]
SPS=95
Eval at step 1152000, survival=48.165%, return=[-3.80806351537467, 737.8237231373787, -126.8740010689362, -282.80952380952334]
SPS=95
Eval at step 1152500, survival=48.165%, return=[-3.8156722690619063, 737.2613191008568, -126.8740010689362, -283.19047619047564]
SPS=95
Eval at step 1153000, survival=48.115%, return=[-3.8904141838720534, 732.6634783744812, -131.38901941099903, -280.7619047619043]
SPS=95
Eval at step 1153500, survival=100.000%, return=[-4.699795446736971, 1483.0644346475601, -31.813621347682783, -539.5238095238064]
SPS=95
Eval at step 1154000, survival=100.000%, return=[-4.686047872717609, 1481.3614412248135, -32.90355260600336, -539.9999999999972]
SPS=95
Eval at step 1154500, survival=42.163%, return=[-4.9051156006753445, 580.962093219161, -77.06225533154793, -113.71428571428568]
SPS=95
Eval at step 1155000, survival=41.319%, return=[-4.573744576307945, 573.7576940357685, -70.64257906051353, -112.52380952380945]
SPS=95
Eval at step 1155500, survival=34.722%, return=[-3.410741280124057, 500.1720394194126, -43.01088625914417, -94.90476190476204]
SPS=95
Eval at step 1156000, survival=74.355%, return=[-6.092919200770363, 1020.4770427147547, -46.00353808117992, -303.7777777777769]
SPS=95
Eval at step 1156500, survival=42.063%, return=[-4.4536229734367225, 588.7717869132757, -75.63723190221936, -116.99999999999979]
SPS=95
Eval at step 1157000, survival=43.105%, return=[-4.390139837574679, 618.8851205805937, -61.92733793754693, -133.23809523809538]
SPS=95
Eval at step 1157500, survival=52.480%, return=[-6.197285747912247, 691.4953336790204, -102.66136973523317, -166.42857142857324]
SPS=95
Eval at step 1158000, survival=34.325%, return=[-3.3189910310902633, 499.0068928897381, -45.26870753848925, -94.23809523809537]
SPS=95
Eval at step 1158500, survival=34.722%, return=[-3.392472344741691, 503.3077145218849, -44.55183301004581, -94.90476190476198]
SPS=95
Eval at step 1159000, survival=35.516%, return=[-3.6696689500822686, 508.347684212029, -52.37642776919529, -96.38095238095245]
SPS=95
Eval at step 1159500, survival=38.790%, return=[-4.4443884306432055, 537.3487323944768, -78.99711341364309, -105.41269841269849]
SPS=95
Eval at step 1160000, survival=100.000%, return=[-12.16619061625291, 1273.7589557717245, -185.18116020843686, -321.4285714285775]
SPS=95
Eval at step 1160500, survival=38.790%, return=[-4.494403131422587, 530.7107494994998, -81.98542590835132, -106.04761904761908]
SPS=95
Eval at step 1161000, survival=34.871%, return=[-3.319216433330439, 506.7806658819318, -43.06858517578803, -96.38095238095246]
SPS=95
Eval at step 1161500, survival=34.871%, return=[-3.308820165344514, 505.0440462604165, -44.28110038628802, -96.85714285714288]
SPS=95
Eval at step 1162000, survival=39.038%, return=[-4.199464777833782, 549.1207885891199, -76.80246058967896, -108.2380952380953]
SPS=95
Eval at step 1162500, survival=39.236%, return=[-4.429714751953725, 544.0876472294331, -82.83708060742356, -108.28571428571439]
SPS=95
Eval at step 1163000, survival=39.187%, return=[-4.662686016468797, 537.6025791093707, -88.1908480299171, -107.1428571428573]
SPS=95
Eval at step 1163500, survival=38.790%, return=[-4.510874822473852, 534.3562952652574, -83.02477333403658, -106.95238095238108]
SPS=95
Eval at step 1164000, survival=38.790%, return=[-4.543510456191143, 533.1358260884881, -79.50448372226674, -106.85714285714296]
SPS=95
Eval at step 1164500, survival=38.790%, return=[-4.390003058186267, 535.8990106880665, -76.35976762452628, -107.38095238095246]
SPS=95
Eval at step 1165000, survival=38.790%, return=[-4.142776011722162, 543.3782371655107, -71.42021565930918, -108.71428571428571]
SPS=95
Eval at step 1165500, survival=38.790%, return=[-4.081522758962819, 545.7199794724584, -68.04051524726674, -108.28571428571429]
SPS=95
Eval at step 1166000, survival=39.187%, return=[-4.233282853121636, 549.2955116182566, -76.7328810581239, -108.4285714285715]
SPS=95
Eval at step 1166500, survival=100.000%, return=[-6.231245779112214, 1463.9167973995209, -54.082503580866614, -471.90476190475334]
SPS=95
Eval at step 1167000, survival=39.187%, return=[-4.225371489796089, 549.3437444269657, -79.6398636023514, -109.00000000000004]
SPS=95
Eval at step 1167500, survival=39.385%, return=[-4.202335658425, 552.4598336741328, -76.04993394925259, -109.99999999999999]
SPS=95
Eval at step 1168000, survival=41.319%, return=[-4.489528874284588, 576.6470893844962, -86.37913932092488, -116.3333333333333]
SPS=95
Eval at step 1168500, survival=41.468%, return=[-4.554007030237699, 576.9171011820436, -85.89181527378969, -116.42857142857139]
SPS=95
Eval at step 1169000, survival=41.022%, return=[-4.406346193805803, 573.4184185341, -84.40050255157985, -115.42857142857137]
SPS=95
Eval at step 1169500, survival=41.468%, return=[-4.672349063126603, 569.0251502841711, -90.73561658500694, -116.09523809523803]
SPS=95
Eval at step 1170000, survival=41.319%, return=[-4.928303524065996, 556.2064857631922, -90.97588754375465, -113.57142857142873]
SPS=95
Eval at step 1170500, survival=39.137%, return=[-4.757349484862061, 526.7313789352775, -90.89539041451644, -106.80952380952404]
SPS=95
Eval at step 1171000, survival=34.177%, return=[-3.5277390627597924, 484.3797422349453, -56.20973192504607, -94.42857142857143]
SPS=95
Eval at step 1171500, survival=35.119%, return=[-3.6991004312003497, 498.0315896049142, -66.12631962809246, -96.857142857143]
SPS=95
Eval at step 1172000, survival=34.573%, return=[-3.5562759533931967, 491.37952376157045, -58.167956114630215, -95.52380952380956]
SPS=95
Eval at step 1172500, survival=100.000%, return=[-11.190047690625457, 1275.9025547603767, -126.05819442458444, -323.7619047619106]
SPS=95
Eval at step 1173000, survival=47.569%, return=[-4.930490399827249, 639.7820264175534, -65.81907947540458, -151.61904761904847]
SPS=95
Eval at step 1173500, survival=47.569%, return=[-4.827472203585785, 646.5296968221664, -67.95421700684528, -152.57142857142952]
SPS=95
Eval at step 1174000, survival=39.038%, return=[-4.164840431883931, 548.0458847433329, -74.30225620511919, -108.38095238095228]
SPS=95
Eval at step 1174500, survival=38.938%, return=[-4.010330963996239, 550.7071237266064, -68.81869026925415, -108.8095238095237]
SPS=95
Eval at step 1175000, survival=39.038%, return=[-4.280984093609732, 545.0146624520421, -84.14560930803418, -108.7142857142858]
SPS=95
Eval at step 1175500, survival=48.115%, return=[-4.0123602279345505, 741.7385860979557, -137.60386623063823, -294.3333333333321]
SPS=95
Eval at step 1176000, survival=42.063%, return=[-5.311844424490118, 560.9326173365116, -105.99707597168162, -114.23809523809568]
SPS=95
Eval at step 1176500, survival=48.115%, return=[-3.789312203793088, 739.1405104100704, -124.68702457466861, -283.6190476190471]
SPS=95
Eval at step 1177000, survival=40.873%, return=[-4.97662185729132, 548.0262029692531, -94.34427458210848, -111.66666666666691]
SPS=95
Eval at step 1177500, survival=37.252%, return=[-4.364686950517353, 504.52127209305763, -75.53128662431845, -101.52380952380975]
SPS=95
Eval at step 1178000, survival=39.236%, return=[-4.376918713824125, 535.7259385325015, -73.92742736497894, -108.57142857142857]
SPS=95
Eval at step 1178500, survival=39.087%, return=[-4.151547760275814, 542.9118816976746, -71.94285507275102, -109.25396825396808]
SPS=95
Eval at step 1179000, survival=39.335%, return=[-4.472621791384881, 534.80108936131, -79.65712360863108, -109.23809523809541]
SPS=95
Eval at step 1179500, survival=39.335%, return=[-4.031246971426299, 554.3401280343533, -72.73779547103914, -110.99999999999996]
SPS=95
Eval at step 1180000, survival=39.038%, return=[-4.359561726480024, 542.3597654625773, -77.81671369506512, -107.52380952380967]
SPS=95
Eval at step 1180500, survival=42.014%, return=[-5.385824146156665, 559.5921141132712, -109.1383559332462, -113.85714285714296]
SPS=95
Eval at step 1181000, survival=39.187%, return=[-4.869104454031913, 527.0800537467003, -92.92833206010982, -106.09523809523841]
SPS=95
Eval at step 1181500, survival=36.806%, return=[-4.244783000089228, 504.39317367970943, -70.88100109773222, -100.57142857142885]
SPS=95
Eval at step 1182000, survival=36.359%, return=[-4.0879276039486285, 497.77005771547556, -67.64729005779373, -99.85714285714293]
SPS=95
Eval at step 1182500, survival=36.558%, return=[-4.095426458719885, 500.41730415821075, -69.79845610214397, -100.47619047619058]
SPS=95
Eval at step 1183000, survival=36.558%, return=[-4.125116339157103, 499.5642051547766, -70.74270099867135, -100.52380952380967]
SPS=95
Eval at step 1183500, survival=37.252%, return=[-4.151851399947191, 510.1585225611925, -71.58065053721657, -102.95238095238103]
SPS=95
Eval at step 1184000, survival=36.558%, return=[-3.979530316282762, 503.2207995504141, -65.81731385114836, -101.57142857142865]
SPS=95
Eval at step 1184500, survival=36.558%, return=[-3.9130276428477373, 505.70564964413643, -61.59154430322815, -101.42857142857146]
SPS=95
Eval at step 1185000, survival=36.558%, return=[-4.0633818900969345, 502.3569234609604, -65.8580657793209, -100.6190476190477]
SPS=95
Eval at step 1185500, survival=36.508%, return=[-4.087953578185989, 502.144221380353, -66.5408565546386, -100.0476190476192]
SPS=95
Eval at step 1186000, survival=37.153%, return=[-4.283723568340065, 505.6779267862439, -77.21232786454493, -102.09523809523824]
SPS=95
Eval at step 1186500, survival=39.038%, return=[-4.462640619662125, 530.3372344076633, -84.1975595545955, -108.14285714285718]
SPS=95
Eval at step 1187000, survival=37.450%, return=[-4.077970865328098, 514.033250823617, -70.80596169951605, -104.42857142857149]
SPS=95
Eval at step 1187500, survival=36.558%, return=[-3.7872829996049404, 510.5640798807144, -60.902975556091405, -102.42857142857149]
SPS=95
Eval at step 1188000, survival=100.000%, return=[-10.256313071236946, 1281.5689311102033, -71.21493195296352, -328.8095238095303]
SPS=95
Eval at step 1188500, survival=100.000%, return=[-10.287798229721375, 1286.9605597257614, -80.98805915618868, -329.1428571428636]
SPS=95
Eval at step 1189000, survival=100.000%, return=[-10.817362222267548, 1274.7656353339553, -98.82614763100719, -327.07936507937126]
SPS=95
Eval at step 1189500, survival=100.000%, return=[-4.5223838884121506, 1524.7520026564598, -14.741655183170224, -507.95238095238045]
SPS=95
Eval at step 1190000, survival=100.000%, return=[-4.016369555465644, 1523.4787667691708, -4.807293401245261, -515.2857142857131]
SPS=95
Eval at step 1190500, survival=100.000%, return=[-4.008237590067438, 1523.8517504036427, -4.856433386448771, -517.666666666665]
SPS=95
Eval at step 1191000, survival=100.000%, return=[-4.018242679468433, 1523.3898322780926, -4.724659391213208, -517.5238095238078]
SPS=95
Eval at step 1191500, survival=100.000%, return=[-4.016496642463608, 1524.3929437299569, -5.056364426854998, -517.2857142857127]
SPS=95
Eval at step 1192000, survival=100.000%, return=[-4.028035693074344, 1524.2758963406086, -5.007224441651488, -515.3809523809512]
SPS=95
Eval at step 1192500, survival=100.000%, return=[-4.4153663868492, 1531.023321121931, -5.056364426854998, -513.0952380952373]
SPS=95
Eval at step 1193000, survival=34.722%, return=[-3.5206206028233282, 486.7237925976515, -50.895855132548604, -95.42857142857143]
SPS=95
Eval at step 1193500, survival=34.623%, return=[-3.6412303130491637, 483.2647942379117, -57.85184348729672, -94.95238095238098]
SPS=95
Eval at step 1194000, survival=34.325%, return=[-3.824398118944373, 474.1244029030204, -71.64450845564716, -93.80952380952401]
SPS=95
Eval at step 1194500, survival=34.276%, return=[-3.913606291927863, 468.85919284820557, -68.8449142940226, -92.90476190476208]
SPS=95
Eval at step 1195000, survival=100.000%, return=[-4.388772881095065, 1534.3310201962788, -4.976021165493876, -513.79365079365]
SPS=95
Eval at step 1195500, survival=100.000%, return=[-4.255557370022871, 1509.1771665215492, -15.339829924050719, -507.0476190476186]
SPS=95
Eval at step 1196000, survival=100.000%, return=[-4.256111584661994, 1508.9431875944138, -15.339829924050719, -507.0952380952376]
SPS=95
Eval at step 1196500, survival=38.790%, return=[-4.5756374835036695, 528.1654881536961, -90.65130794944707, -106.85714285714302]
SPS=95
Eval at step 1197000, survival=34.127%, return=[-3.6834725068183616, 476.5542811155319, -63.17962657485623, -93.66666666666681]
SPS=95
Eval at step 1197500, survival=33.929%, return=[-3.5940765621489845, 471.4120710045099, -53.57868998660706, -93.04761904761914]
SPS=95
Eval at step 1198000, survival=34.425%, return=[-3.7324550051416736, 475.7804538309574, -57.379560781409964, -93.66666666666681]
SPS=95
Eval at step 1198500, survival=34.177%, return=[-4.378728565905476, 456.19903499633074, -82.6552098535467, -89.47619047619077]
SPS=95
Eval at step 1199000, survival=100.000%, return=[-4.173369245516369, 1513.8564719855785, -15.071306445170194, -515.2857142857121]
SPS=95
Eval at step 1199500, survival=100.000%, return=[-4.165114280680427, 1513.0250456035137, -13.459611746948212, -514.047619047617]
SPS=95
Eval at step 1200000, survival=100.000%, return=[-4.127695577524719, 1515.6135661900043, -12.14562191395089, -514.7142857142838]
SPS=95
Eval at step 1200500, survival=100.000%, return=[-4.006939379411051, 1522.3493285179138, -4.724659391213208, -516.3333333333319]
SPS=95
Eval at step 1201000, survival=100.000%, return=[-4.013928254086447, 1522.231366097927, -4.675519406009698, -514.1428571428561]
SPS=95
Eval at step 1201500, survival=100.000%, return=[-4.009152742481092, 1522.7535065909226, -4.823673396313097, -512.9999999999993]
SPS=95
Eval at step 1202000, survival=100.000%, return=[-4.398273194776266, 1531.870414108038, -4.807293401245261, -511.9523809523805]
SPS=95
Eval at step 1202500, survival=100.000%, return=[-4.356484348376398, 1534.675154298544, -4.807293401245261, -512.0952380952376]
SPS=94
Eval at step 1203000, survival=100.000%, return=[-4.400493903027382, 1531.4344321787357, -4.856433386448771, -512.2380952380947]
SPS=94
Eval at step 1203500, survival=100.000%, return=[-4.399065421283012, 1531.336382895708, -4.856433386448771, -513.1428571428564]
SPS=94
Eval at step 1204000, survival=100.000%, return=[-4.740479237729839, 1513.1574335098267, -18.39080877500237, -537.7619047619032]
SPS=94
Eval at step 1204500, survival=100.000%, return=[-4.51101524605474, 1494.4866387744744, -19.770946298958734, -542.8571428571411]
SPS=94
Eval at step 1205000, survival=100.000%, return=[-4.502177605842007, 1494.0507143437862, -19.977837162005017, -543.1904761904744]
SPS=94
Eval at step 1205500, survival=100.000%, return=[-4.473008842905983, 1495.6975015699863, -19.7948667651508, -543.5714285714268]
SPS=94
Eval at step 1206000, survival=100.000%, return=[-4.470332009354024, 1495.6884305775166, -19.365407735022018, -544.2380952380935]
SPS=94
Eval at step 1206500, survival=48.115%, return=[-3.7645344138145447, 739.3664191663265, -124.68702457466861, -283.2857142857138]
SPS=94
Eval at step 1207000, survival=48.115%, return=[-3.7869121549883857, 738.8649062812328, -124.68702457466861, -283.71428571428515]
SPS=94
Eval at step 1207500, survival=48.115%, return=[-3.8029483314603567, 738.3955175280571, -124.55525057943305, -283.09523809523756]
SPS=94
Eval at step 1208000, survival=100.000%, return=[-7.772877637820784, 1371.5530099570751, -4.724659391213208, -453.6666666666658]
SPS=94
Eval at step 1208500, survival=100.000%, return=[-7.770656579130446, 1371.1406520605087, -4.551108824234689, -453.5714285714276]
SPS=94
Eval at step 1209000, survival=48.115%, return=[-3.9663660262012854, 745.0293070673943, -124.55525057943305, -284.7142857142849]
SPS=94
Eval at step 1209500, survival=100.000%, return=[-7.801849548603059, 1370.279474824667, -4.675519406009698, -452.8571428571419]
SPS=94
Eval at step 1210000, survival=100.000%, return=[-7.7901120500901015, 1368.771385639906, -4.675519406009698, -450.6190476190472]
SPS=94
Eval at step 1210500, survival=100.000%, return=[-4.741567863689852, 1511.6115067005157, -18.88851479277946, -538.761904761903]
SPS=94
Eval at step 1211000, survival=100.000%, return=[-4.7356284751391895, 1511.9141628344853, -18.29534454232392, -538.3015873015855]
SPS=94
Eval at step 1211500, survival=100.000%, return=[-3.9646149223699467, 1520.119037359953, -4.856433386448771, -514.5714285714279]
SPS=94
Eval at step 1212000, survival=100.000%, return=[-7.707801587491606, 1367.3332325021427, -4.856433386448771, -454.6666666666658]
SPS=94
Eval at step 1212500, survival=100.000%, return=[-3.977555933073745, 1516.0987156927586, -4.856433386448771, -512.5238095238093]
SPS=94
Eval at step 1213000, survival=100.000%, return=[-3.925629235469387, 1518.9739494025707, -4.856433386448771, -512.6666666666664]
SPS=94
Eval at step 1213500, survival=48.165%, return=[-3.326371425850084, 757.6408407390118, -124.87106248503551, -265.6666666666676]
SPS=94
Eval at step 1214000, survival=100.000%, return=[-4.180677868309431, 1506.326471298933, -17.621375390008325, -531.6666666666657]
SPS=94
Eval at step 1214500, survival=48.165%, return=[-3.3711049476696644, 757.5334825217724, -124.87106248503551, -268.428571428572]
SPS=94
Eval at step 1215000, survival=48.115%, return=[-3.376587823033333, 757.370761603117, -124.63597713038325, -268.23809523809575]
SPS=94
Eval at step 1215500, survival=48.165%, return=[-4.157369630644098, 749.4377746880054, -124.93397292302689, -285.6666666666659]
SPS=94
Eval at step 1216000, survival=48.165%, return=[-3.7254161543678492, 737.8137046992779, -124.93397292302689, -284.57142857142804]
SPS=94
Eval at step 1216500, survival=48.165%, return=[-3.358801992057124, 757.5269742310047, -124.87106248503551, -267.52380952381014]
SPS=94
Eval at step 1217000, survival=48.165%, return=[-3.3422225431422703, 757.8014016449451, -124.87106248503551, -267.0476190476197]
SPS=94
Eval at step 1217500, survival=48.115%, return=[-3.6867183859285433, 735.8386944830418, -124.68702457466861, -285.04761904761847]
SPS=94
Eval at step 1218000, survival=48.165%, return=[-3.7218309913005214, 736.0539370179176, -124.80219892779132, -284.9047619047613]
SPS=94
Eval at step 1218500, survival=100.000%, return=[-4.211068632711734, 1505.9555981953938, -17.234863750782097, -532.7619047619036]
SPS=94
Eval at step 1219000, survival=48.165%, return=[-4.168456010171212, 748.4392144382, -124.67778834601631, -284.8571428571421]
SPS=94
Eval at step 1219500, survival=100.000%, return=[-4.343427924381103, 1536.8727332055569, -4.807293401245261, -511.4285714285711]
SPS=94
Eval at step 1220000, survival=100.000%, return=[-4.3489843925150735, 1536.5017718772094, -4.807293401245261, -510.8095238095236]
SPS=94
Eval at step 1220500, survival=100.000%, return=[-4.341587709292071, 1535.1493870317936, -4.807293401245261, -512.2857142857137]
SPS=94
Eval at step 1221000, survival=100.000%, return=[-4.259758975070629, 1526.8393118480842, -4.807293401245261, -512.587301587301]
SPS=94
Eval at step 1221500, survival=100.000%, return=[-4.337571173309698, 1530.399050205946, -4.807293401245261, -512.4761904761899]
SPS=94
Eval at step 1222000, survival=100.000%, return=[-3.960783040340175, 1520.0735762119293, -4.724659391213208, -513.9523809523803]
SPS=94
Eval at step 1222500, survival=100.000%, return=[-3.9596029216966904, 1522.7848571240902, -4.580479306314373, -512.8095238095233]
SPS=94
Eval at step 1223000, survival=100.000%, return=[-4.3565320290751215, 1538.387621452411, -4.807293401245261, -512.8571428571423]
SPS=94
Eval at step 1223500, survival=100.000%, return=[-4.3561582388938405, 1538.5884595811367, -4.807293401245261, -513.4285714285708]
SPS=94
Eval at step 1224000, survival=100.000%, return=[-4.353826316539198, 1537.4713159501553, -4.807293401245261, -517.571428571427]
SPS=94
Eval at step 1224500, survival=100.000%, return=[-4.3537250541266985, 1538.2785916825135, -4.807293401245261, -515.5238095238084]
SPS=94
Eval at step 1225000, survival=100.000%, return=[-4.335447121882074, 1537.1948630710442, -4.807293401245261, -514.3333333333325]
SPS=94
Eval at step 1225500, survival=100.000%, return=[-4.3468019820866175, 1535.8615205585957, -4.856433386448771, -514.6666666666656]
SPS=94
Eval at step 1226000, survival=100.000%, return=[-4.764838475573924, 1511.6544261376064, -18.697598723617073, -540.0793650793635]
SPS=94
Eval at step 1226500, survival=100.000%, return=[-4.718010865355609, 1514.567799538374, -17.737147385487333, -538.2380952380936]
SPS=94
Eval at step 1227000, survival=100.000%, return=[-4.536308008755441, 1495.58863016963, -23.462377604009816, -544.5238095238077]
SPS=93
Eval at step 1227500, survival=100.000%, return=[-4.3803377534786705, 1504.008166462183, -17.762118409300456, -537.7142857142842]
SPS=93
Eval at step 1228000, survival=100.000%, return=[-4.381931248062756, 1503.3749486505985, -17.737147385487333, -537.3809523809508]
SPS=93
Eval at step 1228500, survival=100.000%, return=[-4.491966073139338, 1495.6863356232643, -19.84139409280033, -542.5714285714268]
SPS=93
Eval at step 1229000, survival=100.000%, return=[-4.503014914851519, 1496.0621866583824, -19.89053407800384, -542.1428571428554]
SPS=93
Eval at step 1229500, survival=100.000%, return=[-4.499964265938615, 1496.526441782713, -19.92173735416145, -542.6666666666649]
SPS=93
Eval at step 1230000, survival=100.000%, return=[-7.806582155797514, 1370.8618755936623, -5.007224441651488, -449.8571428571425]
SPS=93
Eval at step 1230500, survival=48.115%, return=[-3.9766885105054826, 746.886510938406, -124.88695561507484, -284.14285714285637]
SPS=93
Eval at step 1231000, survival=65.443%, return=[-4.254148119677363, 1000.1349377135435, -90.05628047607995, -368.22222222222126]
SPS=93
Eval at step 1231500, survival=48.165%, return=[-3.8143454790115356, 740.0870701372623, -125.13390396343311, -284.47619047618986]
SPS=93
Eval at step 1232000, survival=55.688%, return=[-6.1995741773280315, 740.2966629068056, -7.705598599131918, -236.57142857142878]
SPS=93
Eval at step 1232500, survival=33.581%, return=[-5.397123042843305, 426.15744811296463, -9.071660425252048, -129.19047619047697]
SPS=93
Eval at step 1233000, survival=48.115%, return=[-3.849578758177813, 745.7039584517479, -124.80661235371372, -288.8095238095229]
SPS=93
Eval at step 1233500, survival=48.165%, return=[-3.9001891128524826, 746.2254005273184, -125.05356070207199, -288.6666666666657]
SPS=93
Eval at step 1234000, survival=48.115%, return=[-3.865635330924609, 745.9724827806155, -124.80661235371372, -288.07936507936415]
SPS=93
Eval at step 1234500, survival=48.115%, return=[-3.8290166905499063, 746.0273830592632, -124.68702457466861, -288.57142857142765]
SPS=93
Eval at step 1235000, survival=100.000%, return=[-7.376803063059924, 1609.341604957978, -1.0928883403539658, -603.5873015873042]
SPS=93
Eval at step 1235500, survival=100.000%, return=[-11.941064471262507, 1200.6363714039326, -3.241854677180527, -427.38095238096406]
SPS=93
Eval at step 1236000, survival=15.923%, return=[-3.442804393125698, 198.82020780444145, -6.092888340353966, -56.38095238095247]
SPS=93
Eval at step 1236500, survival=48.165%, return=[-4.019511220278218, 742.4550880491734, -138.04224674211582, -292.3809523809512]
SPS=93
Eval at step 1237000, survival=100.000%, return=[-7.25893834157614, 1607.7633281449478, -1.0928883403539658, -603.9523809523835]
SPS=93
Eval at step 1237500, survival=48.165%, return=[-3.9165582251443993, 740.9306845366955, -138.2043594107381, -293.6190476190464]
SPS=93
Eval at step 1238000, survival=48.132%, return=[-3.837909865678133, 739.4396983285745, -129.1013207497114, -286.2539682539675]
SPS=93
Eval at step 1238500, survival=48.115%, return=[-4.007143789494876, 742.2206216156483, -136.92487771244487, -291.7619047619036]
SPS=93
Eval at step 1239000, survival=16.022%, return=[-3.457599252811633, 199.84848114848137, -6.092888340353966, -56.619047619047706]
SPS=93
Eval at step 1239500, survival=16.022%, return=[-3.403080421150662, 202.9452567398548, -6.092888340353966, -57.380952380952486]
SPS=93
Eval at step 1240000, survival=100.000%, return=[-7.380977924214676, 1607.7423708339531, -1.0961603102623485, -597.5714285714304]
SPS=93
Eval at step 1240500, survival=48.165%, return=[-4.018148221599404, 742.6364325582981, -137.7882811948075, -292.04761904761796]
SPS=93
Eval at step 1241000, survival=48.165%, return=[-3.9999641551694367, 744.0532341500124, -137.58772763976594, -291.85714285714175]
SPS=93
Eval at step 1241500, survival=48.115%, return=[-3.9113901326588043, 744.8370978534222, -129.02166512416443, -289.2380952380942]
SPS=93
Eval at step 1242000, survival=48.115%, return=[-3.8794737851130776, 746.3729991018772, -126.80783802265069, -287.1904761904753]
SPS=93
Eval at step 1242500, survival=100.000%, return=[-7.3863682038985035, 1609.2682947019737, -1.0928883403539658, -603.571428571431]
SPS=93
Eval at step 1243000, survival=100.000%, return=[-7.356221474551906, 1611.7637739678223, -1.0928883403539658, -599.6666666666687]
SPS=93
Eval at step 1243500, survival=48.115%, return=[-3.9993192793335766, 743.1821639239788, -136.55359434516868, -291.23809523809416]
SPS=93
Eval at step 1244000, survival=48.165%, return=[-3.9665770553886737, 747.3354523082575, -125.35363252827665, -284.61904761904685]
SPS=93
Eval at step 1244500, survival=48.115%, return=[-3.992887856788002, 743.4547650714716, -136.75399799452862, -291.42857142857036]
SPS=93
Eval at step 1245000, survival=100.000%, return=[-7.424304963060422, 1600.305634945631, -8.423743061721325, -603.0476190476211]
SPS=93
Eval at step 1245500, survival=100.000%, return=[-7.445311837887857, 1597.1741170287132, -9.735161438584328, -604.1904761904784]
SPS=93
Eval at step 1246000, survival=100.000%, return=[-4.167404941501445, 1552.4067961275578, -52.28537052520551, -496.7142857142878]
SPS=93
Eval at step 1246500, survival=100.000%, return=[-3.953327559240279, 1563.4897887905438, -32.897384302923456, -493.3968253968282]
SPS=93
Eval at step 1247000, survival=100.000%, return=[-3.987683746997694, 1559.9815535893042, -42.61380021693185, -498.50793650793815]
SPS=93
Eval at step 1247500, survival=5.804%, return=[-2.010282875970006, 67.9057719707489, -9.448470615316182, -19.714285714285683]
SPS=93
Eval at step 1248000, survival=100.000%, return=[-3.8878188280796167, 1530.7263143360615, -5.007224441651488, -492.61904761905043]
SPS=93
Eval at step 1248500, survival=100.000%, return=[-3.9112354040068262, 1531.0277807613213, -5.007224441651488, -487.71428571428896]
SPS=93
Eval at step 1249000, survival=100.000%, return=[-7.09571597581574, 1625.7734114627044, -1.0928883403539658, -567.809523809523]
SPS=93
Eval at step 1249500, survival=100.000%, return=[-7.24732959693453, 1618.9243880112965, -1.0332946479320526, -586.1904761904757]
SPS=93
Eval at step 1250000, survival=100.000%, return=[-7.269740477689386, 1619.4654782414436, -1.2124761193990707, -586.8571428571421]
SPS=93
Eval at step 1250500, survival=100.000%, return=[-7.298468248511199, 1616.3667637010415, -8.864692030474544, -580.2857142857131]
SPS=93
Eval at step 1251000, survival=100.000%, return=[-7.350286665207629, 1609.8320183952649, -9.168011657893658, -585.3333333333329]
SPS=93
Eval at step 1251500, survival=100.000%, return=[-5.727899802596464, 1572.3392061193783, -9.168011657893658, -598.1904761904779]
SPS=93
Eval at step 1252000, survival=100.000%, return=[-4.767957309028134, 1575.3511555790901, -9.168011657893658, -601.0000000000017]
SPS=93
Eval at step 1252500, survival=48.165%, return=[-3.9453147414897103, 726.4444276591142, -135.5843045245274, -280.571428571428]
SPS=93
Eval at step 1253000, survival=48.115%, return=[-3.8470043099077884, 728.7081657350063, -128.62849135504803, -278.9047619047614]
SPS=93
Eval at step 1253500, survival=48.115%, return=[-3.721916284150211, 734.3787480592728, -125.43392692314228, -280.19047619047564]
SPS=93
Eval at step 1254000, survival=100.000%, return=[-4.824072038250354, 1577.302516202132, -9.168011657893658, -599.9682539682557]
SPS=93
Eval at step 1254500, survival=100.000%, return=[-5.362331924785394, 1575.3995403250058, -9.168011657893658, -599.0634920634938]
SPS=93
Eval at step 1255000, survival=100.000%, return=[-6.430098264361732, 1579.7902145385742, -1.0332946479320526, -596.2380952380971]
SPS=93
Eval at step 1255500, survival=48.115%, return=[-3.788601680455031, 738.4559102654457, -124.6274308822467, -283.9047619047612]
SPS=93
Eval at step 1256000, survival=100.000%, return=[-4.2992813573412905, 1521.8574090798695, -4.7476997088233475, -517.6349206349157]
SPS=93
Eval at step 1256500, survival=100.000%, return=[-4.165303075792811, 1522.3304292559624, -17.57816169265425, -493.66666666666606]
SPS=93
Eval at step 1257000, survival=100.000%, return=[-3.9919607555202674, 1533.1005740761757, -4.7476997088233475, -482.71428571428777]
SPS=93
Eval at step 1257500, survival=100.000%, return=[-4.567222674610093, 1502.2939275850852, -31.799067018776743, -512.6349206349155]
SPS=93
Eval at step 1258000, survival=48.115%, return=[-3.80627094276133, 738.5032207369804, -124.6274308822467, -283.714285714285]
SPS=93
Eval at step 1258500, survival=48.115%, return=[-3.80627094276133, 738.5032207369804, -124.6274308822467, -283.714285714285]
SPS=93
Eval at step 1259000, survival=100.000%, return=[-7.249298669504545, 1617.0458729863167, -0.9611143451184034, -589.6666666666679]
SPS=93
Eval at step 1259500, survival=100.000%, return=[-7.244119218055857, 1618.015898168087, -0.9611143451184034, -588.0476190476192]
SPS=93
Eval at step 1260000, survival=100.000%, return=[-7.3601827315287665, 1618.115386545658, -1.0332946479320526, -589.6825396825399]
SPS=93
Eval at step 1260500, survival=48.165%, return=[-3.8107768703484908, 739.0672767460346, -124.93397292302689, -284.19047619047547]
SPS=93
Eval at step 1261000, survival=5.804%, return=[-1.88598688703496, 73.11423856019974, -9.448470615316182, -20.619047619047585]
SPS=93
Eval at step 1261500, survival=48.165%, return=[-3.8913450316758826, 743.6120391190052, -138.15458038443467, -291.1904761904751]
SPS=93
Eval at step 1262000, survival=48.115%, return=[-3.8999234340153635, 742.760579764843, -137.35508014069637, -290.7619047619037]
SPS=93
Eval at step 1262500, survival=48.165%, return=[-3.92626846281928, 744.2572740316391, -138.3120841960772, -292.5238095238084]
SPS=93
Eval at step 1263000, survival=48.115%, return=[-3.9437059376408192, 742.9078346689543, -140.10017006764733, -292.14285714285603]
SPS=93
Eval at step 1263500, survival=48.115%, return=[-3.934748857175388, 745.6764598488808, -137.4986849547713, -292.19047619047507]
SPS=93
Eval at step 1264000, survival=48.115%, return=[-3.866441830420323, 749.4980429212252, -137.32306201719135, -292.3333333333322]
SPS=93
Eval at step 1264500, survival=48.115%, return=[-3.9318278029192393, 745.9814469416937, -137.44467785669258, -291.99999999999886]
SPS=93
Eval at step 1265000, survival=48.148%, return=[-3.919362068399399, 746.8842630783716, -138.00834556896007, -292.11111111110995]
SPS=93
Eval at step 1265500, survival=48.165%, return=[-3.858376199195239, 749.0475565393766, -134.67632319167024, -292.4285714285703]
SPS=93
Eval at step 1266000, survival=48.165%, return=[-3.848809794319095, 749.3555970788002, -134.13921838635966, -292.4285714285703]
SPS=93
Eval at step 1266500, survival=48.165%, return=[-3.627748599566985, 754.9443154335022, -131.28799524944043, -298.85714285714147]
SPS=93
Eval at step 1267000, survival=48.115%, return=[-3.548333836981328, 759.5244683126608, -120.54704144684365, -291.095238095237]
SPS=93
Eval at step 1267500, survival=48.115%, return=[-3.404619317724913, 763.4124810794989, -110.76929985322447, -291.095238095237]
SPS=93
Eval at step 1268000, survival=48.115%, return=[-3.348178139703426, 764.7288308839003, -106.33586747659137, -291.095238095237]
SPS=93
Eval at step 1268500, survival=48.115%, return=[-3.300350430625258, 765.5977650781473, -101.76114374859026, -291.095238095237]
SPS=93
Eval at step 1269000, survival=48.165%, return=[-3.2693998934604074, 766.7880893051624, -99.24130654903517, -291.7142857142846]
SPS=93
Eval at step 1269500, survival=48.165%, return=[-3.306768129725242, 766.1315313279629, -102.94661056570476, -291.7142857142846]
SPS=93
Eval at step 1270000, survival=48.165%, return=[-3.378459098719759, 764.8629342714945, -110.04597461171215, -292.14285714285603]
SPS=93
Eval at step 1270500, survival=48.165%, return=[-3.452400391892297, 763.7237877249718, -117.52461289065347, -292.14285714285603]
SPS=93
Eval at step 1271000, survival=48.165%, return=[-3.5036542460826845, 760.2724291682243, -124.41896040467934, -291.99999999999886]
SPS=93
Eval at step 1271500, survival=48.115%, return=[-3.4534550986718386, 749.7616220116615, -114.49815512256464, -284.76190476190396]
SPS=93
Eval at step 1272000, survival=100.000%, return=[-3.8395509949477855, 1596.9012799163659, -0.8367037633433938, -571.2063492063467]
SPS=92
Eval at step 1272500, survival=100.000%, return=[-4.113044319480347, 1578.716058363517, -91.388696176388, -590.555555555557]
SPS=92
Eval at step 1273000, survival=100.000%, return=[-3.8949855541674574, 1589.9099024236202, -84.99433599761687, -555.1904761904702]
SPS=92
Eval at step 1273500, survival=100.000%, return=[-4.678198830990975, 1549.8465062876542, -76.39879828512979, -603.7936507936516]
SPS=92
Eval at step 1274000, survival=48.165%, return=[-3.5247588149213698, 759.917248159647, -127.25427181547275, -292.47619047618934]
SPS=92
Eval at step 1274500, survival=48.165%, return=[-3.6013171035738196, 757.433737407128, -130.12342823679015, -292.61904761904646]
SPS=92
Eval at step 1275000, survival=48.165%, return=[-3.6488362262704563, 755.7825031379858, -130.93319377561178, -292.28571428571314]
SPS=92
Eval at step 1275500, survival=48.165%, return=[-3.744276515993988, 752.4206350445747, -134.24266102112597, -292.80952380952266]
SPS=92
Eval at step 1276000, survival=48.165%, return=[-3.8768126390544544, 746.0706136624018, -138.07258541550254, -292.66666666666555]
SPS=92
Eval at step 1276500, survival=48.165%, return=[-3.902418993791798, 743.3896602988243, -138.07258541550254, -292.095238095237]
SPS=92
Eval at step 1277000, survival=48.165%, return=[-3.8938651144174705, 743.126489619414, -138.07258541550254, -292.095238095237]
SPS=92
Eval at step 1277500, survival=48.165%, return=[-3.892320933024166, 743.182933986187, -138.07258541550254, -292.095238095237]
SPS=92
Eval at step 1278000, survival=48.115%, return=[-3.4188302234979346, 754.8784016370773, -124.50420313514769, -267.428571428572]
SPS=92
Eval at step 1278500, survival=100.000%, return=[-15.37959118502719, 1128.1377501686413, -2.5142391996632796, -370.8095238095309]
SPS=92
Eval at step 1279000, survival=48.115%, return=[-3.69284266254787, 736.8338558475176, -124.55525057943305, -286.0476190476183]
SPS=92
Eval at step 1279500, survival=48.165%, return=[-3.698587143269833, 739.319205224514, -124.80219892779132, -284.28571428571354]
SPS=92
Eval at step 1280000, survival=48.165%, return=[-3.7061915975646116, 739.1038820942243, -124.80219892779132, -284.09523809523733]
SPS=92
Eval at step 1280500, survival=48.165%, return=[-3.886663132812828, 744.8608724474907, -138.07258541550254, -292.3809523809512]
SPS=92
Eval at step 1281000, survival=48.115%, return=[-3.864013875941358, 744.4959969222546, -137.29062974307453, -291.5714285714275]
SPS=92
Eval at step 1281500, survival=48.115%, return=[-3.660419985797489, 739.1969265043736, -124.4124024323537, -282.666666666666]
SPS=92
Eval at step 1282000, survival=100.000%, return=[-6.2662403867871035, 1414.5543600519497, -4.583868814370362, -457.04761904762046]
SPS=92
Eval at step 1282500, survival=100.000%, return=[-6.305103470076574, 1412.9003327786922, -4.551108824234689, -457.80952380952516]
SPS=92
Eval at step 1283000, survival=100.000%, return=[-6.3762212544097565, 1408.6195944845676, -4.66050204122439, -458.825396825398]
SPS=92
Eval at step 1283500, survival=100.000%, return=[-6.3639842590200715, 1408.8794627785683, -4.919814580207458, -461.523809523811]
SPS=92
Eval at step 1284000, survival=99.107%, return=[-6.096465952752624, 1417.5282033979893, -11.015728113707155, -531.4285714285677]
SPS=92
Eval at step 1284500, survival=100.000%, return=[-4.239262494743646, 1514.1896960039933, -7.100935834120416, -497.9682539682554]
SPS=92
Eval at step 1285000, survival=100.000%, return=[-4.060969970902079, 1522.535951147477, -5.922770803396513, -497.6984126984142]
SPS=92
Eval at step 1285500, survival=100.000%, return=[-4.203764324542135, 1514.4617778360844, -6.618449403176783, -498.1904761904777]
SPS=92
Eval at step 1286000, survival=100.000%, return=[-4.118349415356836, 1518.3127401769161, -5.881249916565139, -500.8571428571441]
SPS=92
Eval at step 1286500, survival=100.000%, return=[-6.25853238927084, 1408.386700451374, -4.916686618234962, -476.7142857142874]
SPS=92
Eval at step 1287000, survival=100.000%, return=[-4.138350550259929, 1513.5521095693111, -5.312642916687764, -509.0476190476192]
SPS=92
Eval at step 1287500, survival=100.000%, return=[-4.199718686790827, 1510.1040812234085, -6.092703755906162, -508.79365079365107]
SPS=92
Eval at step 1288000, survival=99.206%, return=[-6.095176925591659, 1414.242368588845, -10.71550437132828, -538.2698412698384]
SPS=92
Eval at step 1288500, survival=48.115%, return=[-3.3650832679316713, 744.8963406383991, -106.6316636474221, -286.28571428571354]
SPS=92
Eval at step 1289000, survival=48.165%, return=[-3.322555793914944, 746.0417225956917, -102.97493778023636, -286.95238095238017]
SPS=92
Eval at step 1289500, survival=48.165%, return=[-3.322555793914944, 746.0417225956917, -102.97493778023636, -286.95238095238017]
SPS=92
Eval at step 1290000, survival=48.115%, return=[-3.298896452935878, 746.8509288728237, -101.54658889019629, -287.09523809523733]
SPS=92
Eval at step 1290500, survival=48.165%, return=[-3.303713295055786, 747.2502976357937, -101.96891189407324, -287.71428571428487]
SPS=92
Eval at step 1291000, survival=48.165%, return=[-3.3328653605713043, 763.9476828277111, -117.40990304242587, -292.9999999999988]
SPS=92
Eval at step 1291500, survival=48.165%, return=[-3.5228968969798493, 758.8306088546911, -127.65768922719872, -292.8571428571417]
SPS=92
Eval at step 1292000, survival=48.115%, return=[-3.5555428096849937, 756.1180250346661, -128.16349853383144, -292.95238095237977]
SPS=92
Eval at step 1292500, survival=48.115%, return=[-3.5206870015341942, 757.68902455767, -127.50019115638376, -292.95238095237977]
SPS=92
Eval at step 1293000, survival=48.115%, return=[-3.601160347587817, 754.1476175884405, -130.3972656521364, -292.095238095237]
SPS=92
Eval at step 1293500, survival=48.115%, return=[-3.9012534685316496, 743.1183190643787, -144.39220782689517, -289.7619047619038]
SPS=92
Eval at step 1294000, survival=48.115%, return=[-3.803997453622287, 746.6943500936031, -138.56016656238353, -291.6349206349195]
SPS=92
Eval at step 1294500, survival=48.165%, return=[-3.7395904831840503, 750.5921887556711, -137.2359430527043, -291.9047619047608]
SPS=92
Eval at step 1295000, survival=48.165%, return=[-3.6355226357118227, 754.5472678542137, -132.67280231550103, -291.6190476190465]
SPS=92
Eval at step 1295500, survival=48.115%, return=[-3.7091099172539543, 750.0327982902527, -134.79932553920662, -289.95238095237994]
SPS=92
Eval at step 1296000, survival=48.115%, return=[-3.8302866273443215, 745.6781296332678, -140.81300617205366, -289.5714285714276]
SPS=92
Eval at step 1296500, survival=48.165%, return=[-3.7920830398992016, 747.9065059423447, -140.01675370236626, -289.7142857142847]
SPS=92
Eval at step 1297000, survival=48.165%, return=[-3.6720398480053213, 753.1671379407247, -135.06892531266203, -290.8571428571418]
SPS=92
Eval at step 1297500, survival=48.115%, return=[-3.683512884871258, 751.945001333952, -134.53354528028285, -290.8095238095228]
SPS=92
Eval at step 1298000, survival=48.115%, return=[-3.7473593651957344, 750.6629913747311, -137.54041387088364, -291.5714285714275]
SPS=92
Eval at step 1298500, survival=48.115%, return=[-3.7497212382925986, 750.3287947078546, -137.51579719682923, -292.3333333333322]
SPS=92
Eval at step 1299000, survival=48.115%, return=[-3.681175082029464, 752.5902532835802, -135.21768946753582, -292.04761904761796]
SPS=92
Eval at step 1299500, survival=48.115%, return=[-3.556751378676078, 757.0577899714311, -129.73744125891244, -291.42857142857036]
SPS=92
Eval at step 1300000, survival=48.165%, return=[-3.4073316060821526, 750.0871284902096, -115.47109636332607, -283.2857142857136]
SPS=92
Eval at step 1300500, survival=100.000%, return=[-4.2186033252073685, 1508.2481338977814, -8.808561333135003, -514.0476190476157]
SPS=92
Eval at step 1301000, survival=100.000%, return=[-4.311442098158295, 1508.5384351114433, -12.353319514998779, -509.80952380952067]
SPS=92
Eval at step 1301500, survival=100.000%, return=[-4.414397230735631, 1502.4021263718605, -14.413689952489221, -508.2857142857113]
SPS=92
Eval at step 1302000, survival=100.000%, return=[-4.649579791977885, 1497.1290509402752, -16.16905244605732, -487.3968253968271]
SPS=92
Eval at step 1302500, survival=100.000%, return=[-6.425318667383787, 1405.9738933742046, -13.485533376369858, -459.3809523809541]
SPS=92
Eval at step 1303000, survival=42.411%, return=[-7.215680747904116, 537.202042222023, -101.64425404393114, -94.42857142857277]
SPS=92
Eval at step 1303500, survival=48.115%, return=[-3.478475336295863, 757.0828973551592, -124.4139105664605, -288.80952380952283]
SPS=92
Eval at step 1304000, survival=48.115%, return=[-3.4866044282680377, 757.0257971187433, -125.32710790178196, -289.2857142857133]
SPS=92
Eval at step 1304500, survival=48.115%, return=[-3.478062908514403, 757.152796715498, -124.45198592584347, -289.2857142857133]
SPS=92
Eval at step 1305000, survival=44.593%, return=[-6.906789644563105, 580.771016895771, -91.67719631048385, -107.14285714285849]
SPS=92
Eval at step 1305500, survival=44.742%, return=[-6.765401023207232, 582.0174798592925, -95.24407850229181, -109.09523809523917]
SPS=92
Eval at step 1306000, survival=48.115%, return=[-3.0790103770559654, 763.6049595177174, -83.44715054699918, -289.7619047619038]
SPS=92
Eval at step 1306500, survival=51.885%, return=[-8.141366986557841, 661.6589045524597, -138.3566974111818, -127.47619047619143]
SPS=92
Eval at step 1307000, survival=46.577%, return=[-6.920320194389205, 604.8010034561157, -97.41857679822715, -113.95238095238194]
SPS=92
Eval at step 1307500, survival=41.419%, return=[-6.022785986657254, 545.5275643020868, -89.1236497220234, -102.57142857142954]
SPS=92
Eval at step 1308000, survival=48.264%, return=[-7.323937777051469, 630.2249322831631, -117.69200014794478, -117.04761904762047]
SPS=92
Eval at step 1308500, survival=44.593%, return=[-6.444986639369745, 594.7696670591831, -109.55525341327302, -110.85714285714421]
SPS=92
Eval at step 1309000, survival=44.643%, return=[-6.2755328275379725, 598.3875318616629, -98.91749693691963, -111.76190476190584]
SPS=92
Eval at step 1309500, survival=39.782%, return=[-5.023127227497753, 545.4795240163803, -67.50113563262857, -103.33333333333398]
SPS=92
Eval at step 1310000, survival=48.165%, return=[-3.0714960499317385, 765.3453190624714, -85.34514219354605, -290.999999999999]
SPS=92
Eval at step 1310500, survival=48.115%, return=[-3.075278723408701, 767.2382999956608, -88.84272461378714, -292.19047619047507]
SPS=92
Eval at step 1311000, survival=48.115%, return=[-3.1498316438228358, 765.9316006600857, -98.86957360053202, -291.61904761904657]
SPS=92
Eval at step 1311500, survival=48.115%, return=[-3.1539145222632214, 767.3322561383247, -100.72876212740084, -292.4285714285703]
SPS=92
Eval at step 1312000, survival=48.115%, return=[-3.170943075529067, 767.354208946228, -103.43759020412108, -292.5238095238084]
SPS=92
Eval at step 1312500, survival=48.115%, return=[-3.193718160240678, 767.5605829358101, -107.307808563055, -298.80952380952243]
SPS=92
Eval at step 1313000, survival=48.115%, return=[-3.150556917894088, 768.702395260334, -103.12450816476485, -299.1904761904748]
SPS=92
Eval at step 1313500, survival=48.165%, return=[-3.169766158272978, 767.9846802353859, -101.89050265442347, -292.90476190476073]
SPS=92
Eval at step 1314000, survival=48.165%, return=[-3.297093681903789, 753.2958826422691, -103.34840663563227, -287.9999999999991]
SPS=92
Eval at step 1314500, survival=100.000%, return=[-7.190955991420196, 1379.58880396684, -6.08683335298944, -462.38095238095383]
SPS=92
Eval at step 1315000, survival=100.000%, return=[-6.466334908589488, 1402.8674105107784, -6.796824727207422, -474.1904761904777]
SPS=92
Eval at step 1315500, survival=100.000%, return=[-4.737834874579373, 1485.8472748001416, -12.118641777973002, -501.507936507938]
SPS=92
Eval at step 1316000, survival=100.000%, return=[-4.727470583835384, 1485.0486413339775, -11.042653055046685, -502.3492063492077]
SPS=92
Eval at step 1316500, survival=100.000%, return=[-5.145308564271545, 1467.536490112543, -17.015835933270864, -498.47619047619236]
SPS=92
Eval at step 1317000, survival=100.000%, return=[-6.398487099519116, 1430.5886556208134, -11.250444497127319, -492.0000000000003]
SPS=92
Eval at step 1317500, survival=77.844%, return=[-4.888265175124009, 1127.6737175509334, -23.750226435658988, -376.5873015873033]
SPS=92
Eval at step 1318000, survival=100.000%, return=[-6.7557213308221735, 1401.5630419949691, -19.487293076478334, -464.07936507936614]
SPS=92
Eval at step 1318500, survival=100.000%, return=[-6.7547922539379215, 1386.4985577464104, -12.582761615049094, -465.2857142857158]
SPS=92
Eval at step 1319000, survival=100.000%, return=[-6.6712439620896475, 1389.5930851995945, -10.727231001801556, -466.3333333333351]
SPS=92
Eval at step 1319500, survival=100.000%, return=[-6.540786157216644, 1394.3089110453923, -7.956540250840287, -468.5079365079384]
SPS=92
Eval at step 1320000, survival=100.000%, return=[-6.516219372405128, 1398.98415406545, -7.496541783912107, -464.77777777777965]
SPS=92
Eval at step 1320500, survival=39.831%, return=[-2.01108334804303, 654.089158564806, -6.084342092217412, -240.19047619047657]
SPS=92
Eval at step 1321000, survival=48.165%, return=[-2.8206950812600553, 758.101223886013, -47.6896841530106, -285.5238095238087]
SPS=92
Eval at step 1321500, survival=100.000%, return=[-5.0047055507117575, 1507.1401233524084, -42.667531133047305, -495.1269841269843]
SPS=92
Eval at step 1322000, survival=100.000%, return=[-5.651444422124769, 1480.5937722325325, -36.560417649307055, -468.1904761904827]
SPS=92
Eval at step 1322500, survival=100.000%, return=[-5.07987142856291, 1480.3560701608658, -19.92688540558447, -485.7142857142873]
SPS=91
Eval at step 1323000, survival=64.137%, return=[-3.2632022991310805, 1009.575003683567, -11.242600650002714, -385.2380952380914]
SPS=91
Eval at step 1323500, survival=39.583%, return=[-2.121360941819148, 629.6658702492714, -6.09620508592343, -234.23809523809567]
SPS=91
Eval at step 1324000, survival=54.778%, return=[-3.1682619626032342, 848.5621583263079, -39.05827173584839, -325.2539682539658]
SPS=91
Eval at step 1324500, survival=48.115%, return=[-3.1488432138285134, 748.2940344810486, -85.25235423439881, -287.2857142857135]
SPS=91
Eval at step 1325000, survival=48.115%, return=[-3.222381453815615, 747.6859842538834, -93.47177078569075, -287.7619047619039]
SPS=91
Eval at step 1325500, survival=34.177%, return=[-1.933626382931834, 546.7335811853409, -6.26352356368443, -200.76190476190513]
SPS=91
Eval at step 1326000, survival=33.829%, return=[-1.7980711156269535, 560.6035347878933, -7.661717772425618, -202.714285714286]
SPS=91
Eval at step 1326500, survival=34.127%, return=[-1.769419642019784, 567.4757390618324, -6.09620508592343, -211.38095238095272]
SPS=91
Eval at step 1327000, survival=48.165%, return=[-2.994433188869152, 771.0370750427246, -86.16743300895905, -299.2380952380938]
SPS=91
Eval at step 1327500, survival=48.165%, return=[-2.994433188869152, 771.0370750427246, -86.16743300895905, -299.2380952380938]
SPS=91
Eval at step 1328000, survival=48.165%, return=[-3.0399312922963873, 770.024287879467, -90.87135710607981, -299.0476190476177]
SPS=91
Eval at step 1328500, survival=100.000%, return=[-4.356299714689764, 1576.9837006231148, -168.15379587205825, -616.8095238095285]
SPS=91
Eval at step 1329000, survival=34.177%, return=[-1.8539318513066974, 564.8243597447872, -9.594338923634496, -209.23809523809555]
SPS=91
Eval at step 1329500, survival=35.268%, return=[-1.8292606360046193, 584.4136770963669, -6.948126941861119, -217.4285714285718]
SPS=91
Eval at step 1330000, survival=35.516%, return=[-1.9806244253995828, 567.9471665620804, -7.29024571221089, -207.38095238095275]
SPS=91
Eval at step 1330500, survival=35.516%, return=[-2.007121500966605, 567.7361708581448, -7.6950140003464185, -204.4285714285718]
SPS=91
Eval at step 1331000, survival=34.524%, return=[-1.9634527416201308, 559.3382199108601, -11.060151145793498, -170.3333333333345]
SPS=91
Eval at step 1331500, survival=34.177%, return=[-2.0521120043704286, 546.3046762645245, -13.160184487642255, -197.14285714285745]
SPS=92
Eval at step 1332000, survival=35.516%, return=[-2.081610277411528, 568.2837818264961, -11.75068107288098, -205.23809523809555]
SPS=92
Eval at step 1332500, survival=100.000%, return=[-4.830815266861464, 1484.109057545662, -35.31704403207792, -513.4920634920601]
SPS=91
Eval at step 1333000, survival=36.310%, return=[-5.203725357103394, 484.99542689323425, -66.9169806165155, -84.76190476190533]
SPS=91
Eval at step 1333500, survival=34.623%, return=[-4.836647308402462, 464.5310611575842, -63.109373671904905, -81.71428571428606]
SPS=91
Eval at step 1334000, survival=36.855%, return=[-5.651619495009072, 481.71054251492023, -81.39382479595952, -84.8095238095244]
SPS=91
Eval at step 1334500, survival=73.462%, return=[-10.86913323434419, 961.056565374136, -662.0925003821321, -384.90476190476573]
SPS=91
Eval at step 1335000, survival=100.000%, return=[-4.807170723792903, 1487.929149021705, -10.210216353007127, -486.55555555555793]
SPS=91
Eval at step 1335500, survival=100.000%, return=[-4.6394208511774195, 1495.7677561740081, -9.935835626820335, -487.0952380952404]
SPS=91
Eval at step 1336000, survival=100.000%, return=[-4.4604200160586815, 1502.7307567894459, -11.912446047499543, -490.03174603174847]
SPS=91
Eval at step 1336500, survival=100.000%, return=[-4.553359786218304, 1499.754578500986, -12.84408414241625, -486.47619047619287]
SPS=91
Eval at step 1337000, survival=35.069%, return=[-5.160378733969992, 456.3551957383752, -61.18548706974252, -83.66666666666693]
SPS=91
Eval at step 1337500, survival=100.000%, return=[-12.863557797070825, 1301.5148053069909, -250.09069355777078, -241.77777777777862]
SPS=91
Eval at step 1338000, survival=39.187%, return=[-6.030159157002345, 503.63999547064304, -91.73743969353382, -92.38095238095276]
SPS=91
Eval at step 1338500, survival=42.312%, return=[-6.56857541386853, 542.9676556885242, -103.99395025931881, -99.0000000000004]
SPS=91
Eval at step 1339000, survival=100.000%, return=[-12.664544099679915, 1313.9956415891647, -266.9150644025103, -239.1428571428577]
SPS=91
Eval at step 1339500, survival=100.000%, return=[-16.103044209143263, 1255.2017758066456, -344.8717031130703, -254.61904761905]
SPS=91
Eval at step 1340000, survival=100.000%, return=[-15.887255825669854, 1257.6770418584347, -345.05732824400184, -257.3333333333356]
SPS=91
Eval at step 1340500, survival=100.000%, return=[-16.07190965724294, 1248.827864319086, -347.04329506867, -259.23809523809786]
SPS=91
Eval at step 1341000, survival=56.250%, return=[-9.362106514561068, 694.5671983460585, -181.79631766717648, -134.07936507936537]
SPS=91
Eval at step 1341500, survival=35.516%, return=[-4.21782718464965, 482.0038340240717, -61.0951731485693, -144.09523809523904]
SPS=91
Eval at step 1342000, survival=100.000%, return=[-8.920746045972919, 1530.5859629660845, -54.8451731485693, -483.8095238095213]
SPS=91
Eval at step 1342500, survival=100.000%, return=[-8.861164872650988, 1532.1005325615406, -51.804213946234086, -487.04761904761637]
SPS=91
Eval at step 1343000, survival=100.000%, return=[-8.915133181697456, 1530.771485581994, -54.411613134798245, -483.7142857142832]
SPS=91
Eval at step 1343500, survival=100.000%, return=[-12.985477563575841, 1309.4555501639843, -239.30685132852886, -232.99999999999974]
SPS=91
Eval at step 1344000, survival=100.000%, return=[-9.071152824850287, 1379.0590368658304, -114.32825608042549, -400.2857142857113]
SPS=91
Eval at step 1344500, survival=100.000%, return=[-9.104028625850333, 1373.1940277218819, -118.59444052170147, -383.7619047619048]
SPS=91
Eval at step 1345000, survival=100.000%, return=[-12.605933904429548, 1321.9318630546331, -230.58534759336908, -234.76190476190496]
SPS=91
Eval at step 1345500, survival=100.000%, return=[-12.517271209668252, 1326.3882285902898, -227.70804125004966, -234.7936507936508]
SPS=91
Eval at step 1346000, survival=100.000%, return=[-4.952172620838003, 1476.3639415899913, -11.863001828993825, -496.761904761906]
SPS=91
Eval at step 1346500, survival=100.000%, return=[-4.874416158587944, 1477.662973155578, -11.019997133504754, -500.33333333333456]
SPS=91
Eval at step 1347000, survival=100.000%, return=[-9.699712836081744, 1346.0356929004192, -90.89251656361739, -355.57142857143]
SPS=91
Eval at step 1347500, survival=100.000%, return=[-7.823782572319033, 1614.7225366930168, -9.591753085454306, -514.6984126984098]
SPS=91
Eval at step 1348000, survival=100.000%, return=[-7.804593311127974, 1616.046832293272, -8.431367129087448, -514.999999999997]
SPS=91
Eval at step 1348500, survival=100.000%, return=[-7.771680328005459, 1616.9642705619335, -6.648093089461327, -515.4761904761876]
SPS=91
Eval at step 1349000, survival=100.000%, return=[-7.804222796781687, 1616.8015903830528, -8.38081680238247, -515.5238095238066]
SPS=91
Eval at step 1349500, survival=100.000%, return=[-7.802217593232247, 1616.9702723821003, -8.131855577230453, -515.7777777777749]
SPS=91
Eval at step 1350000, survival=100.000%, return=[-7.8635692546959035, 1614.248016089201, -15.361897945404053, -515.9047619047591]
SPS=91
Eval at step 1350500, survival=42.361%, return=[-6.669738864904502, 546.6806536465883, -90.44075028412408, -93.00000000000095]
SPS=91
Eval at step 1351000, survival=100.000%, return=[-15.69725097627088, 1270.8937960267067, -297.13321629344136, -256.09523809524046]
SPS=91
Eval at step 1351500, survival=61.806%, return=[-9.961404629109893, 782.0799505412579, -161.58308490965283, -145.03174603174722]
SPS=91
Eval at step 1352000, survival=38.938%, return=[-5.568958959484007, 521.4605123996735, -72.60413672513096, -92.09523809523897]
SPS=91
Eval at step 1352500, survival=42.460%, return=[-6.845063799555646, 542.7423148751259, -100.60045433114283, -96.33333333333412]
SPS=91
Eval at step 1353000, survival=55.952%, return=[-10.299622706108494, 679.2611775323749, -193.22961043839314, -122.66666666666788]
SPS=91
Eval at step 1353500, survival=36.905%, return=[-5.600361489603529, 484.8225242495537, -71.84576583385933, -82.38095238095299]
SPS=91
Eval at step 1354000, survival=37.450%, return=[-5.223033193266019, 503.69584760069847, -56.92853220010875, -86.57142857142931]
SPS=91
Eval at step 1354500, survival=100.000%, return=[-5.56204816425452, 1533.3578633666039, -130.48708814400015, -513.5714285714213]
SPS=91
Eval at step 1355000, survival=85.218%, return=[-6.090791716186989, 1282.525996774435, -136.6719973757669, -461.80952380951703]
SPS=91
Eval at step 1355500, survival=57.292%, return=[-3.623104053433053, 887.6598300139109, -102.45107751815037, -340.9841269841241]
SPS=91
Eval at step 1356000, survival=48.115%, return=[-3.3548060938192066, 744.7850453257561, -105.9636595621123, -285.761904761904]
SPS=91
Eval at step 1356500, survival=100.000%, return=[-4.857157282502158, 1549.2938542167346, -86.87717334221816, -605.9682539682568]
SPS=91
Eval at step 1357000, survival=100.000%, return=[-13.325983689685623, 1297.520497719447, -192.44680568429735, -227.47619047619244]
SPS=91
Eval at step 1357500, survival=100.000%, return=[-13.630149993172381, 1291.6311353047688, -198.90491888467295, -224.3333333333351]
SPS=91
Eval at step 1358000, survival=99.008%, return=[-9.923033267405117, 1359.6470374464989, -104.86138441134244, -410.5714285714223]
SPS=91
Eval at step 1358500, survival=100.000%, return=[-18.19367374163509, 1217.753419071436, -334.6754155616206, -253.04761904762162]
SPS=91
Eval at step 1359000, survival=21.230%, return=[-4.391119755484397, 267.15259525179863, -62.52596434089355, -55.28571428571437]
SPS=91
Eval at step 1359500, survival=21.230%, return=[-4.428094122733455, 265.9338470697403, -62.25833987176884, -55.04761904761912]
SPS=91
Eval at step 1360000, survival=32.788%, return=[-4.026831488008611, 460.599602997303, -38.98717602889519, -85.47619047619071]
SPS=91
Eval at step 1360500, survival=100.000%, return=[-13.464162596414099, 1301.4613440409303, -201.51047122802993, -228.6666666666675]
SPS=91
Eval at step 1361000, survival=100.000%, return=[-13.02177084244128, 1308.714469326039, -177.393951508105, -229.61904761904847]
SPS=91
Eval at step 1361500, survival=100.000%, return=[-12.824366729677422, 1311.0883025676012, -175.8179684534116, -230.3333333333343]
SPS=91
Eval at step 1362000, survival=100.000%, return=[-17.669499350731105, 1225.1931931773822, -349.66895991848406, -257.5714285714312]
SPS=91
Eval at step 1362500, survival=100.000%, return=[-16.109014213841874, 1249.0705171078444, -326.9020863607875, -256.09523809524126]
SPS=91
Eval at step 1363000, survival=100.000%, return=[-8.921889998789993, 1380.1592335700989, -85.88534982511192, -371.333333333336]
SPS=91
Eval at step 1363500, survival=100.000%, return=[-9.0085120331496, 1372.5497574359179, -105.28750031531672, -411.9047619047563]
SPS=91
Eval at step 1364000, survival=100.000%, return=[-8.981986545278536, 1374.113720248143, -103.25136446782078, -413.4761904761845]
SPS=91
Eval at step 1364500, survival=48.165%, return=[-3.3943294923810754, 743.3542911112309, -104.80857551883673, -284.714285714285]
SPS=91
Eval at step 1365000, survival=100.000%, return=[-4.372823133215813, 1498.5498368442059, -9.123000826366479, -518.2380952380904]
SPS=91
Eval at step 1365500, survival=99.107%, return=[-5.471954040767741, 1484.0539537966251, -14.470906675269362, -489.3333333333344]
SPS=91
Eval at step 1366000, survival=34.226%, return=[-3.6345531231490895, 498.3326844573021, -10.20245010004146, -158.0952380952387]
SPS=91
Eval at step 1366500, survival=33.433%, return=[-3.39445510704536, 491.66349971294403, -9.296027566306293, -154.80952380952434]
SPS=91
Eval at step 1367000, survival=18.800%, return=[-1.7473915766458958, 288.77627167105675, -8.011891055793967, -93.0952380952384]
SPS=91
Eval at step 1367500, survival=32.440%, return=[-3.1715143915789668, 480.9218626022339, -9.049812071025372, -149.19047619047677]
SPS=91
Eval at step 1368000, survival=48.165%, return=[-2.518333983432967, 779.6943872570992, -8.605787232518196, -262.3809523809534]
SPS=91
Eval at step 1368500, survival=100.000%, return=[-4.541531482168163, 1572.7128052810829, -20.482481718063354, -576.5238095238095]
SPS=91
Eval at step 1369000, survival=100.000%, return=[-4.663866373671529, 1567.2741278111935, -18.460431434214115, -572.9682539682534]
SPS=91
Eval at step 1369500, survival=100.000%, return=[-4.178196388743042, 1582.2155182361603, -3.605787232518196, -584.1587301587307]
SPS=90
Eval at step 1370000, survival=50.496%, return=[-3.6543614586310773, 766.0575477580229, -9.476551562547684, -299.6031746031733]
SPS=90
Eval at step 1370500, survival=48.016%, return=[-3.3691288709815126, 738.2211999595165, -8.655366599559784, -287.8571428571419]
SPS=90
Eval at step 1371000, survival=47.817%, return=[-3.2945297620317433, 737.5177700817585, -6.601316034793854, -288.19047619047524]
SPS=91
Eval at step 1371500, survival=100.000%, return=[-4.510145797311755, 1569.7972114483516, -53.34490309469402, -594.5714285714309]
SPS=90
Eval at step 1372000, survival=100.000%, return=[-15.525800149014685, 1222.2231664061546, -178.92394197624526, -237.90476190476193]
SPS=90
Eval at step 1372500, survival=100.000%, return=[-12.066202550879098, 1317.4946745485067, -164.09381628831397, -238.95238095238142]
SPS=90
Eval at step 1373000, survival=99.454%, return=[-13.324097441072809, 1298.7160891070962, -207.58667576092193, -239.90476190476292]
SPS=90
Eval at step 1373500, survival=100.000%, return=[-11.649737540336597, 1342.4101261397202, -180.86196604504948, -332.1428571428543]
SPS=90
Eval at step 1374000, survival=100.000%, return=[-14.357874638328212, 1260.9688489064574, -224.52276401309064, -245.19047619047674]
SPS=90
Eval at step 1374500, survival=100.000%, return=[-11.793146064985194, 1333.8749826997519, -165.61621746739547, -241.5714285714281]
SPS=90
Eval at step 1375000, survival=100.000%, return=[-11.94507186114303, 1333.348339959979, -148.92777547019554, -235.95238095237994]
SPS=90
Eval at step 1375500, survival=100.000%, return=[-12.203673326963326, 1328.9338713288307, -152.5945300872263, -233.09523809523705]
SPS=90
Eval at step 1376000, survival=100.000%, return=[-12.248583357577445, 1322.4345449507236, -172.7015550503893, -239.04761904761827]
SPS=90
Eval at step 1376500, survival=100.000%, return=[-12.493831694489927, 1315.0178171470761, -184.27927023258235, -238.99999999999955]
SPS=90
Eval at step 1377000, survival=100.000%, return=[-17.782020673640847, 1220.543592646718, -330.9862074602036, -255.57142857143023]
SPS=90
Eval at step 1377500, survival=100.000%, return=[-12.16915146036384, 1324.270728374521, -178.7682272127131, -241.9841269841273]
SPS=90
Eval at step 1378000, survival=48.165%, return=[-3.6119495810125954, 740.8041376173496, -126.85013205598807, -283.7619047619041]
SPS=90
Eval at step 1378500, survival=48.115%, return=[-3.515123549324926, 760.7118094861507, -134.21258600981673, -297.333333333332]
SPS=90
Eval at step 1379000, survival=48.165%, return=[-3.513201014488004, 742.0017038583755, -117.21468926261878, -283.8095238095231]
SPS=90
Eval at step 1379500, survival=48.165%, return=[-3.495768876746297, 742.0559108257294, -115.0692539368174, -284.19047619047547]
SPS=90
Eval at step 1380000, survival=100.000%, return=[-10.352094849396963, 1368.2480188161135, -126.34552054769301, -364.0476190476145]
SPS=90
Eval at step 1380500, survival=100.000%, return=[-12.742199306250162, 1313.8052955170472, -176.9614653528879, -229.85714285714246]
SPS=90
Eval at step 1381000, survival=100.000%, return=[-13.52488112206629, 1299.7902409806848, -220.35351551265194, -227.76190476190575]
SPS=90
Eval at step 1381500, survival=100.000%, return=[-16.55777049023891, 1246.7819728702307, -306.78473563886655, -246.38095238095403]
SPS=90
Eval at step 1382000, survival=100.000%, return=[-12.441823673754698, 1324.9741683900356, -192.5348406896228, -234.14285714285697]
SPS=90
Eval at step 1382500, survival=100.000%, return=[-11.414941573748365, 1340.7015686631203, -164.395401182137, -296.6190476190461]
SPS=90
Eval at step 1383000, survival=100.000%, return=[-11.364268216915661, 1342.1431526839733, -148.554434589405, -295.04761904761716]
SPS=90
Eval at step 1383500, survival=100.000%, return=[-8.464664500264917, 1579.235369950533, -17.129976872820407, -471.8095238095214]
SPS=90
Eval at step 1384000, survival=100.000%, return=[-12.14800272147113, 1337.0013018846512, -162.6540805840341, -226.9047619047609]
SPS=90
Eval at step 1384500, survival=100.000%, return=[-12.219529303969466, 1331.599108889699, -153.85128905894817, -226.76190476190422]
SPS=90
Eval at step 1385000, survival=100.000%, return=[-12.262780624398147, 1328.8621336072683, -154.1086773576535, -226.61904761904728]
SPS=90
Eval at step 1385500, survival=100.000%, return=[-8.487829061128044, 1577.4803209702175, -14.840523721650243, -471.84126984126743]
SPS=90
Eval at step 1386000, survival=100.000%, return=[-12.262068216048647, 1327.8762704879045, -151.80664692008577, -225.9523809523804]
SPS=90
Eval at step 1386500, survival=100.000%, return=[-12.158558003327926, 1332.8240285813808, -142.98594230604067, -224.47619047618988]
SPS=90
Eval at step 1387000, survival=100.000%, return=[-15.36332334530016, 1275.1308114230633, -227.2328080314037, -244.33333333333425]
SPS=90
Eval at step 1387500, survival=100.000%, return=[-11.359650633035926, 1357.9795571640134, -128.48517591650307, -274.0952380952368]
SPS=90
Eval at step 1388000, survival=100.000%, return=[-15.594562993530417, 1269.5754416286945, -231.3389244898705, -245.2063492063502]
SPS=90
Eval at step 1388500, survival=100.000%, return=[-8.675085696100723, 1570.2875804007053, -12.979072233720217, -471.1428571428548]
SPS=90
Eval at step 1389000, survival=100.000%, return=[-11.774060712006758, 1346.7272484451532, -139.33746329590576, -298.238095238094]
SPS=90
Eval at step 1389500, survival=100.000%, return=[-8.412341684219427, 1581.1363875865936, -13.22871872689575, -482.571428571426]
SPS=90
Eval at step 1390000, survival=100.000%, return=[-8.491310814744793, 1578.0210375785828, -16.727827780414373, -472.38095238095]
SPS=90
Eval at step 1390500, survival=100.000%, return=[-8.47462790820282, 1578.4103735685349, -16.994798919185996, -472.28571428571195]
SPS=90
Eval at step 1391000, survival=100.000%, return=[-15.63867587185329, 1269.6428118695815, -234.747405181879, -244.6190476190485]
SPS=90
Eval at step 1391500, survival=100.000%, return=[-12.20337418957206, 1331.8263753056526, -140.26726293745014, -225.47619047618943]
SPS=90
Eval at step 1392000, survival=100.000%, return=[-12.25357313118002, 1333.7026253342628, -150.433216568199, -229.61904761904668]
SPS=90
Eval at step 1392500, survival=100.000%, return=[-12.297201573048369, 1331.986934542656, -150.0566510383578, -229.57142857142767]
SPS=90
Eval at step 1393000, survival=100.000%, return=[-12.040145042177755, 1334.9738603681326, -155.41540608201103, -235.85714285714263]
SPS=90
Eval at step 1393500, survival=100.000%, return=[-12.23941230167111, 1324.9636965294678, -192.82044853362095, -240.52380952380963]
SPS=90
Eval at step 1394000, survival=73.462%, return=[-9.499877445196034, 969.7950040896734, -147.5411609837344, -177.71428571428567]
SPS=90
Eval at step 1394500, survival=100.000%, return=[-12.741117703888449, 1310.0904035642743, -199.5210440138908, -237.61904761904748]
SPS=90
Eval at step 1395000, survival=21.230%, return=[-4.4743351834476925, 265.7521195411682, -67.19308306084713, -55.66666666666675]
SPS=90
Eval at step 1395500, survival=100.000%, return=[-12.720909500945709, 1301.6817441359162, -171.4107341331328, -240.09523809523884]
SPS=90
Eval at step 1396000, survival=100.000%, return=[-8.435955924243899, 1575.6281515657902, -11.342942012124695, -475.57142857142617]
SPS=90
Eval at step 1396500, survival=100.000%, return=[-8.455963630811311, 1574.8047132790089, -11.526850823429413, -475.428571428569]
SPS=90
Eval at step 1397000, survival=100.000%, return=[-8.410144717403455, 1582.7734200656414, -12.633096868521534, -487.76190476190214]
SPS=90
Eval at step 1397500, survival=100.000%, return=[-11.310267911040379, 1371.202102124691, -143.0682197213173, -310.55555555555304]
SPS=90
Eval at step 1398000, survival=21.230%, return=[-4.463354577746941, 263.94156590104103, -75.62910256150644, -57.66666666666678]
SPS=90
Eval at step 1398500, survival=21.230%, return=[-4.436899329943117, 263.5760501921177, -73.25047668477055, -58.09523809523821]
SPS=90
Eval at step 1399000, survival=48.165%, return=[-5.084881736693205, 697.0584112405777, -153.2501436007442, -237.38095238095283]
SPS=90
Eval at step 1399500, survival=100.000%, return=[-11.543316506707924, 1337.2218147926033, -153.32231980246434, -303.4761904761885]
SPS=90
Eval at step 1400000, survival=100.000%, return=[-11.927657673756281, 1324.9245377716918, -176.92955115269191, -327.39682539682263]
SPS=90
Eval at step 1400500, survival=100.000%, return=[-11.905128119207802, 1339.9958666414022, -207.08692125044763, -321.9523809523795]
SPS=90
Eval at step 1401000, survival=100.000%, return=[-16.183706705599132, 1237.3863493514557, -335.0989360424804, -261.5238095238128]
SPS=89
Eval at step 1401500, survival=100.000%, return=[-12.650598282067222, 1297.9303773343563, -249.04908835465903, -249.0476190476205]
SPS=89
Eval at step 1402000, survival=21.230%, return=[-4.512633054982871, 261.696928948164, -70.61385723645799, -56.857142857142975]
SPS=89
Eval at step 1402500, survival=100.000%, return=[-12.539084177304176, 1300.1015801802278, -252.75377577263498, -253.47619047619267]
SPS=89
Eval at step 1403000, survival=21.230%, return=[-4.601069886906771, 258.72671246528625, -77.4871923669707, -57.952380952381056]
SPS=89
Eval at step 1403500, survival=55.903%, return=[-9.459066231560428, 681.5150625556707, -165.8296282327501, -134.85714285714323]
SPS=89
Eval at step 1404000, survival=100.000%, return=[-8.389762562903343, 1584.420469135046, -14.13242297800025, -487.28571428571166]
SPS=89
Eval at step 1404500, survival=100.000%, return=[-11.667285581905162, 1326.703844908625, -227.750301380147, -255.80952380952567]
SPS=89
Eval at step 1405000, survival=100.000%, return=[-7.885836529865628, 1613.6045122146606, -21.363272666931152, -516.8571428571399]
SPS=89
Eval at step 1405500, survival=56.349%, return=[-9.660307126963744, 688.680525995791, -189.83282269371557, -132.33333333333388]
SPS=89
Eval at step 1406000, survival=56.399%, return=[-9.771106882195454, 684.6809747871011, -189.0491237482638, -130.52380952381017]
SPS=89
Eval at step 1406500, survival=100.000%, return=[-13.28285304933282, 1291.0532384676237, -263.3677953656297, -236.1269841269847]
SPS=89
Eval at step 1407000, survival=39.931%, return=[-3.802401021384867, 605.9490347802639, -32.35908086702693, -166.00000000000082]
SPS=89
Eval at step 1407500, survival=100.000%, return=[-11.898587496732944, 1349.7090267315507, -192.71547320613536, -300.047619047618]
SPS=89
Eval at step 1408000, survival=39.931%, return=[-4.420577364799101, 599.1548616886139, -29.935426544980146, -156.14285714285816]
SPS=89
Eval at step 1408500, survival=100.000%, return=[-12.36010005134934, 1313.4437779237826, -190.77871465982147, -240.50793650793756]
SPS=89
Eval at step 1409000, survival=100.000%, return=[-11.498094002439757, 1355.690378293395, -158.78999407972515, -303.523809523808]
SPS=89
Eval at step 1409500, survival=33.333%, return=[-3.3823339461232536, 482.0475372970104, -42.53905361838406, -151.6190476190479]
SPS=89
Eval at step 1410000, survival=100.000%, return=[-8.489577845699387, 1576.105942517519, -23.353714466211386, -474.4761904761881]
SPS=89
Eval at step 1410500, survival=100.000%, return=[-8.558393085026182, 1575.0502315461636, -26.393666378571652, -473.57142857142617]
SPS=89
Eval at step 1411000, survival=100.000%, return=[-8.603311761602527, 1574.2046593427658, -28.908189575304277, -472.95238095237863]
SPS=89
Eval at step 1411500, survival=100.000%, return=[-13.127572899335064, 1328.5750574618578, -228.58357487275498, -290.66666666666697]
SPS=89
Eval at step 1412000, survival=100.000%, return=[-13.283781732388888, 1300.306377068162, -258.60317160326304, -232.33333333333485]
SPS=89
Eval at step 1412500, survival=100.000%, return=[-12.911320962026366, 1308.878248438239, -216.06043441652218, -233.52380952381012]
SPS=89
Eval at step 1413000, survival=100.000%, return=[-4.457893217064945, 1499.2983711361885, -9.307352349715075, -492.1904761904786]
SPS=89
Eval at step 1413500, survival=100.000%, return=[-4.406219627140672, 1501.6411980092525, -8.33049862892949, -493.19047619047865]
SPS=89
Eval at step 1414000, survival=99.058%, return=[-5.503521033519064, 1479.031751960516, -15.617908740096027, -491.31746031746235]
SPS=89
Eval at step 1414500, survival=100.000%, return=[-8.427372739562998, 1578.4352836608887, -9.904489163891412, -473.1428571428548]
SPS=89
Eval at step 1415000, survival=100.000%, return=[-12.118235967020155, 1353.9484975486994, -211.63224150892347, -283.95238095238074]
SPS=89
Eval at step 1415500, survival=100.000%, return=[-13.624405408772873, 1292.0268983840942, -250.52530049928464, -234.42857142857304]
SPS=89
Eval at step 1416000, survival=100.000%, return=[-12.687736859807046, 1305.96034193784, -225.1843973283576, -241.8095238095252]
SPS=89
Eval at step 1416500, survival=100.000%, return=[-13.241862531208122, 1298.659098363171, -208.5119010403711, -234.0476190476205]
SPS=89
Eval at step 1417000, survival=100.000%, return=[-13.34024900449731, 1297.785464964807, -216.27354388387175, -231.71428571428828]
SPS=89
Eval at step 1417500, survival=44.940%, return=[-7.176635076844832, 570.9217583984137, -105.51507073803805, -102.28571428571514]
SPS=89
Eval at step 1418000, survival=44.891%, return=[-7.593646466906648, 562.7652776837349, -107.16412850364577, -99.23809523809639]
SPS=89
Eval at step 1418500, survival=59.276%, return=[-10.427034608903341, 721.0498242229223, -176.60450503792163, -132.47619047619162]
SPS=89
Eval at step 1419000, survival=100.000%, return=[-11.333061978511978, 1379.4503236413002, -86.33433762151981, -453.5238095238083]
SPS=89
Eval at step 1419500, survival=100.000%, return=[-12.147377590605174, 1318.978969924152, -171.8783063387491, -299.1904761904765]
SPS=89
Eval at step 1420000, survival=100.000%, return=[-11.614544872325496, 1358.7766247838736, -142.09460329722788, -311.4761904761876]
SPS=89
Eval at step 1420500, survival=42.956%, return=[-4.750301086984109, 611.7738221883774, -40.480544213205576, -134.6190476190486]
SPS=89
Eval at step 1421000, survival=56.300%, return=[-11.887465330015402, 663.5259786993265, -146.47578670439543, -211.38095238095556]
SPS=89
Eval at step 1421500, survival=48.611%, return=[-9.162582110264339, 602.4928584098816, -50.938700854894705, -178.71428571428797]
SPS=89
Eval at step 1422000, survival=48.462%, return=[-8.950531437963946, 612.6949855387211, -60.01876360780443, -177.47619047619267]
SPS=89
Eval at step 1422500, survival=21.230%, return=[-4.478496340685524, 264.83273833990097, -75.13747899094597, -55.33333333333345]
SPS=89
Eval at step 1423000, survival=34.325%, return=[-3.696113592508482, 487.9257684350014, -28.63942614698317, -87.23809523809547]
SPS=89
Eval at step 1423500, survival=34.325%, return=[-3.5586556234629825, 492.60801485180855, -27.660446200170554, -87.38095238095259]
SPS=89
Eval at step 1424000, survival=48.512%, return=[-4.362963461258914, 701.0721528828144, -25.538271752011497, -154.33333333333456]
SPS=89
Eval at step 1424500, survival=34.573%, return=[-3.6484159906976856, 491.2827923297882, -21.857016559806652, -88.5238095238097]
SPS=89
Eval at step 1425000, survival=20.387%, return=[-3.9426896950462833, 260.6101923882961, -52.27415851666592, -53.57142857142865]
SPS=89
Eval at step 1425500, survival=20.387%, return=[-3.9873656496056356, 259.731222897768, -56.144012291915715, -53.523809523809604]
SPS=89
Eval at step 1426000, survival=100.000%, return=[-6.852782626277379, 1431.0892600913842, -27.236507473668706, -489.3492063492013]
SPS=89
Eval at step 1426500, survival=100.000%, return=[-6.904529850221782, 1434.6115881105263, -40.77754711732268, -552.9682539682511]
SPS=89
Eval at step 1427000, survival=49.008%, return=[-9.330413407937158, 606.5437218248844, -68.71210074561532, -183.3809523809547]
SPS=89
Eval at step 1427500, survival=100.000%, return=[-13.492308959088405, 1289.478576183319, -177.78877504968477, -289.33333333333354]
SPS=89
Eval at step 1428000, survival=100.000%, return=[-9.835069922274366, 1499.1281592945259, -80.82462639150133, -410.68253968253856]
SPS=89
Eval at step 1428500, survival=49.008%, return=[-9.047824626381043, 617.1751113533974, -77.06028816333856, -182.85714285714516]
SPS=90
Eval at step 1429000, survival=21.230%, return=[-4.555094579409342, 263.47147703170776, -81.73759173427243, -56.23809523809533]
SPS=90
Eval at step 1429500, survival=20.387%, return=[-4.137553744367324, 256.6698389053345, -66.66689551318996, -53.476190476190546]
SPS=90
Eval at step 1430000, survival=20.387%, return=[-4.168172100151423, 255.88376486301422, -68.75711964288105, -53.476190476190546]
SPS=90
Eval at step 1430500, survival=20.387%, return=[-4.223072390130255, 255.60279935598373, -69.31974506704137, -53.047619047619115]
SPS=90
Eval at step 1431000, survival=20.387%, return=[-4.288613149372395, 254.3531182706356, -69.09870590665378, -52.52380952380958]
SPS=90
Eval at step 1431500, survival=20.387%, return=[-4.3253917574184015, 253.26627787947655, -71.29480995703489, -51.85714285714291]
SPS=90
Eval at step 1432000, survival=100.000%, return=[-12.797314955794718, 1312.523825675249, -194.35096798575614, -278.7142857142866]
SPS=90
Eval at step 1432500, survival=52.877%, return=[-11.171939323539846, 660.4862636327744, -201.003433495207, -209.71428571428828]
SPS=90
Eval at step 1433000, survival=100.000%, return=[-12.00838121389097, 1336.1429986804724, -158.76379855202686, -284.7142857142844]
SPS=90
Eval at step 1433500, survival=100.000%, return=[-10.739097300262074, 1383.8673607856035, -139.2380740831868, -285.23809523809274]
SPS=90
Eval at step 1434000, survival=100.000%, return=[-10.919121960294433, 1377.2640042677522, -151.632434942876, -281.8095238095222]
SPS=90
Eval at step 1434500, survival=100.000%, return=[-11.616128380366717, 1342.5448025912046, -179.5640781881957, -239.6666666666671]
SPS=90
Eval at step 1435000, survival=100.000%, return=[-11.724547840218293, 1339.4718771800399, -180.63125819515335, -240.0000000000003]
SPS=90
Eval at step 1435500, survival=100.000%, return=[-11.265486758522457, 1365.3385772258043, -186.86580896386658, -281.23809523809444]
SPS=90
Eval at step 1436000, survival=44.940%, return=[-6.314535400597379, 594.2634401470423, -81.93700035357324, -108.04761904761976]
SPS=90
Eval at step 1436500, survival=100.000%, return=[-11.016018037480535, 1380.9472509473562, -175.43803027903778, -302.19047619047444]
SPS=90
Eval at step 1437000, survival=100.000%, return=[-10.98248556870385, 1376.8184410631657, -172.6148230677063, -288.61904761904606]
SPS=90
Eval at step 1437500, survival=100.000%, return=[-11.554449542643852, 1346.9267457351089, -171.73389869094535, -240.38095238095252]
SPS=90
Eval at step 1438000, survival=100.000%, return=[-8.464038567151874, 1578.5824122726917, -23.666539434343576, -472.95238095237863]
SPS=90
Eval at step 1438500, survival=100.000%, return=[-5.726995246969939, 1488.697435081005, -24.081406000380714, -508.5079365079291]
SPS=90
Eval at step 1439000, survival=100.000%, return=[-5.782271517047775, 1464.4905406534672, -27.025980848702602, -479.7619047619009]
SPS=90
Eval at step 1439500, survival=100.000%, return=[-5.7059203241175664, 1465.1594339708488, -26.252610524970805, -472.4920634920613]
SPS=90
Eval at step 1440000, survival=100.000%, return=[-5.413276672436041, 1474.9950988292694, -20.36715136957355, -457.3809523809534]
SPS=90
Eval at step 1440500, survival=100.000%, return=[-5.512372412791592, 1475.032487710317, -23.29907182579821, -480.9523809523768]
SPS=90
Eval at step 1441000, survival=100.000%, return=[-5.52449284416798, 1475.4617574214935, -22.715650829632068, -480.09523809523404]
SPS=90
Eval at step 1441500, survival=100.000%, return=[-5.4817289198254, 1475.6156230270863, -19.597179936390603, -471.9999999999961]
SPS=90
Eval at step 1442000, survival=100.000%, return=[-5.385136227341718, 1476.367684185505, -19.271899688901613, -457.33333333333434]
SPS=90
Eval at step 1442500, survival=100.000%, return=[-5.510720622633623, 1470.3422306478024, -20.510719032996956, -457.90476190476267]
SPS=90
Eval at step 1443000, survival=100.000%, return=[-6.632799257572818, 1432.4541949629784, -26.997917713742936, -462.03174603174597]
SPS=90
Eval at step 1443500, survival=34.077%, return=[-4.841133295674808, 459.75667694211006, -27.418873753631487, -116.71428571428606]
SPS=90
Eval at step 1444000, survival=100.000%, return=[-5.696078034787206, 1534.912439674139, -21.287338668480515, -524.2857142857075]
SPS=90
Eval at step 1444500, survival=100.000%, return=[-5.84865760372486, 1527.7010220189889, -20.19774526551676, -521.269841269835]
SPS=90
Eval at step 1445000, survival=100.000%, return=[-5.665388072229689, 1534.0825386047363, -11.432962194085121, -521.9999999999937]
SPS=90
Eval at step 1445500, survival=47.470%, return=[-3.6568518479471095, 730.8132339417934, -13.887711763381958, -208.80952380952553]
SPS=90
Eval at step 1446000, survival=100.000%, return=[-10.602833236654988, 1353.8807749003172, -109.80944026909128, -295.04761904761693]
SPS=90
Eval at step 1446500, survival=100.000%, return=[-10.563325480383355, 1355.6343876570463, -115.32268544608087, -297.42857142856917]
SPS=90
Eval at step 1447000, survival=100.000%, return=[-13.355235344914641, 1282.615693454941, -135.18043372343527, -243.42857142857085]
SPS=90
Eval at step 1447500, survival=77.662%, return=[-9.600571514902791, 1028.4063350707293, -87.95591536028951, -190.7142857142857]
SPS=90
Eval at step 1448000, survival=32.986%, return=[-6.9415431513334624, 379.6431348770857, -29.13232767379668, -81.57142857142898]
SPS=90
Eval at step 1448500, survival=40.228%, return=[-7.975253251943893, 478.3710141281287, -57.68115433718776, -129.85714285714337]
SPS=90
Eval at step 1449000, survival=33.135%, return=[-7.023907884955406, 379.4902432858944, -42.52324523491552, -82.3809523809528]
SPS=90
Eval at step 1449500, survival=39.931%, return=[-3.6449001493747346, 614.8536430597305, -29.052819311618805, -161.1428571428581]
SPS=90
Eval at step 1450000, survival=16.220%, return=[-2.7974057346000336, 214.95159953832626, -27.943659387528896, -41.14285714285713]
SPS=90
Eval at step 1450500, survival=30.655%, return=[-3.1360984753991943, 461.4565914273262, -29.055297786253504, -109.61904761904805]
SPS=90
Eval at step 1451000, survival=30.655%, return=[-3.131769959698431, 462.75878274440765, -28.950635415967554, -109.28571428571472]
SPS=90
Eval at step 1451500, survival=48.512%, return=[-3.6507502298627514, 746.964350104332, -28.368863874929957, -214.14285714285788]
SPS=90
Eval at step 1452000, survival=47.966%, return=[-3.6275104763917625, 738.8979223370552, -29.42108488146914, -212.28571428571504]
SPS=90
Eval at step 1452500, survival=47.817%, return=[-3.5818984536163043, 735.6895159780979, -21.28009891108377, -211.80952380952456]
SPS=90
Eval at step 1453000, survival=50.843%, return=[-3.6383137202938087, 781.0544909238815, -28.0305402277736, -231.47619047619116]
SPS=90
Eval at step 1453500, survival=100.000%, return=[-5.493598146713339, 1473.3514904677868, -28.98499462651671, -459.714285714287]
SPS=90
Eval at step 1454000, survival=33.532%, return=[-4.411939203710062, 421.57627660781145, -30.83080997574143, -148.1904761904764]
SPS=90
Eval at step 1454500, survival=98.562%, return=[-7.591983412576762, 1404.6384159326553, -57.3811411508359, -448.47619047619065]
SPS=90
Eval at step 1455000, survival=100.000%, return=[-6.899262844235636, 1414.4174992144108, -49.301812578196405, -461.6349206349194]
SPS=90
Eval at step 1455500, survival=19.097%, return=[-3.0265659893630072, 256.61693024635315, -22.445693335612305, -55.5238095238095]
SPS=90
Eval at step 1456000, survival=100.000%, return=[-5.129504795491812, 1487.635810136795, -10.661018979299115, -461.0476190476197]
SPS=90
Eval at step 1456500, survival=100.000%, return=[-6.202211201142442, 1444.70798822244, -35.618328099517385, -446.857142857144]
SPS=90
Eval at step 1457000, survival=100.000%, return=[-5.992102621157149, 1445.1516762574513, -30.365438812877983, -473.03174603174443]
SPS=90
Eval at step 1457500, survival=100.000%, return=[-6.073570089322554, 1440.778403063615, -31.432116230086347, -473.3333333333316]
SPS=90
Eval at step 1458000, survival=100.000%, return=[-5.558153960344498, 1466.914644420147, -20.46977013334981, -458.28571428571644]
SPS=90
Eval at step 1458500, survival=49.008%, return=[-8.762620707770111, 628.0277824997902, -52.0832164233434, -184.0952380952405]
SPS=90
Eval at step 1459000, survival=100.000%, return=[-5.27391054398322, 1482.262935578823, -16.0595663813001, -451.4603174603192]
SPS=90
Eval at step 1459500, survival=100.000%, return=[-5.328221317618348, 1483.5777130424976, -21.260321083391318, -447.1587301587322]
SPS=90
Eval at step 1460000, survival=35.913%, return=[-3.092454434343381, 552.2470608651638, -23.58441654010676, -146.00000000000037]
SPS=90
Eval at step 1460500, survival=36.062%, return=[-3.1412636482855305, 550.6299237906933, -19.312754406710155, -146.80952380952417]
SPS=90
Eval at step 1461000, survival=33.532%, return=[-4.415325660898816, 452.34604958444834, -26.8456291774055, -127.5238095238098]
SPS=90
Eval at step 1461500, survival=100.000%, return=[-7.083291298695258, 1411.6156059503555, -23.18583680797019, -456.1904761904773]
SPS=90
Eval at step 1462000, survival=33.532%, return=[-4.449330862931674, 451.3640114143491, -28.463380820758175, -127.95238095238123]
SPS=90
Eval at step 1462500, survival=33.284%, return=[-4.6994473975209985, 437.9507815390825, -36.18076517479494, -124.38095238095265]
SPS=90
Eval at step 1463000, survival=100.000%, return=[-5.9056018875708105, 1453.034319728613, -24.540874844387872, -456.190476190478]
SPS=90
Eval at step 1463500, survival=33.284%, return=[-4.442003977863351, 412.45977549254894, -22.994289601047058, -143.2857142857145]
SPS=90
Eval at step 1464000, survival=100.000%, return=[-6.376989550160943, 1434.0421581566334, -38.3242474423605, -459.0476190476193]
SPS=90
Eval at step 1464500, survival=100.000%, return=[-6.255090848057686, 1439.0529117981594, -39.252252555597806, -462.9682539682542]
SPS=90
Eval at step 1465000, survival=100.000%, return=[-5.908428500697482, 1452.3581476807594, -27.450627255166182, -461.76190476190504]
SPS=90
Eval at step 1465500, survival=100.000%, return=[-5.914018095107167, 1454.331148147583, -35.50665071248659, -458.666666666667]
SPS=90
Eval at step 1466000, survival=100.000%, return=[-6.1323846523300745, 1446.9254179894924, -30.288509787787916, -454.0952380952378]
SPS=90
Eval at step 1466500, survival=100.000%, return=[-12.295494261663407, 1327.294145077467, -225.48486613697605, -276.57142857142907]
SPS=90
Eval at step 1467000, survival=100.000%, return=[-12.435598797092098, 1322.2030927985907, -237.99182501921678, -229.00000000000054]
SPS=90
Eval at step 1467500, survival=100.000%, return=[-6.4556800693681, 1436.8131529092789, -37.04906457118341, -432.80952380952414]
SPS=90
Eval at step 1468000, survival=100.000%, return=[-6.374500109697692, 1438.3459860682487, -27.032651339977747, -441.00000000000017]
SPS=90
Eval at step 1468500, survival=100.000%, return=[-6.303832133024116, 1439.9046584367752, -37.66625370568363, -451.00000000000074]
SPS=90
Eval at step 1469000, survival=100.000%, return=[-7.587037992998376, 1386.8182127475739, -31.462829724041512, -431.61904761904697]
SPS=90
Eval at step 1469500, survival=100.000%, return=[-7.41363540085149, 1387.4895893335342, -23.48936055364902, -438.85714285714215]
SPS=90
Eval at step 1470000, survival=100.000%, return=[-6.198648986319313, 1410.8712904453278, -18.803414170979522, -477.8571428571375]
SPS=90
Eval at step 1470500, survival=33.036%, return=[-6.995236006216146, 381.62554942816496, -37.66190942929825, -81.71428571428612]
SPS=90
Eval at step 1471000, survival=100.000%, return=[-20.366431045084028, 1151.076428823173, -378.1566007821675, -264.9047619047655]
SPS=90
Eval at step 1471500, survival=100.000%, return=[-12.516818896183395, 1304.7583927698433, -234.98915424686857, -244.8095238095256]
SPS=90
Eval at step 1472000, survival=39.286%, return=[-5.874170918425079, 507.5889222025871, -78.65277950986638, -92.28571428571463]
SPS=90
Eval at step 1472500, survival=39.187%, return=[-6.287766760127852, 497.56731287389994, -88.970741355879, -89.66666666666724]
SPS=90
Eval at step 1473000, survival=33.433%, return=[-7.385779654287035, 377.95350527763367, -47.97878268553177, -82.52380952380989]
SPS=90
Eval at step 1473500, survival=41.468%, return=[-6.604508698219433, 524.5646862834692, -85.52932898674044, -94.2380952380958]
SPS=90
Eval at step 1474000, survival=42.361%, return=[-6.6505655437358655, 536.4760936647654, -90.55502172966953, -96.90476190476262]
SPS=90
Eval at step 1474500, survival=42.956%, return=[-6.147826773900306, 565.6061630472541, -88.79805606848095, -103.47619047619112]
SPS=90
Eval at step 1475000, survival=100.000%, return=[-12.348794831006671, 1334.2856501489878, -207.97596171614714, -325.1904761904787]
SPS=90
Eval at step 1475500, survival=100.000%, return=[-5.813755374168977, 1526.0412487983704, -36.83503068576101, -637.1904761904915]
SPS=90
Eval at step 1476000, survival=100.000%, return=[-5.798124068659187, 1526.337384025256, -35.35493044221463, -637.5079365079517]
SPS=90
Eval at step 1476500, survival=100.000%, return=[-5.892588190676179, 1524.3839410543442, -38.4662694769213, -637.0476190476343]
SPS=90
Eval at step 1477000, survival=37.450%, return=[-5.594019647047389, 487.12334138154984, -66.19532161086681, -86.95238095238174]
SPS=90
Eval at step 1477500, survival=42.361%, return=[-6.5452177717816085, 553.7646759599447, -86.3746264151996, -98.00000000000131]
SPS=90
Eval at step 1478000, survival=100.000%, return=[-7.447266311898905, 1399.3844876786072, -33.371329267538385, -460.69841269841254]
SPS=90
Eval at step 1478500, survival=100.000%, return=[-7.072284469099638, 1371.6454195876915, -33.61333350801336, -481.6507936507862]
SPS=90
Eval at step 1479000, survival=100.000%, return=[-13.633531567941342, 1272.3769723375638, -236.78111101985755, -295.68253968254044]
SPS=90
Eval at step 1479500, survival=100.000%, return=[-13.385519321876927, 1290.6901576519012, -240.76871201241374, -233.38095238095343]
SPS=90
Eval at step 1480000, survival=100.000%, return=[-12.59158943775401, 1308.641227260232, -239.65577314369511, -241.33333333333448]
SPS=90
Eval at step 1480500, survival=56.647%, return=[-12.006749350461178, 632.1090991646051, -153.56421449178015, -136.80952380952428]
SPS=90
Eval at step 1481000, survival=100.000%, return=[-7.525910141528584, 1403.848111063242, -32.420117974543246, -448.4761904761902]
SPS=90
Eval at step 1481500, survival=100.000%, return=[-7.22745338146342, 1411.8160835802555, -34.660003573662834, -451.57142857142884]
SPS=90
Eval at step 1482000, survival=21.230%, return=[-4.6446334816282615, 257.3367038965225, -73.61048382415902, -57.142857142857245]
SPS=90
Eval at step 1482500, survival=21.230%, return=[-4.709207255684305, 256.15935322642326, -76.33915681071812, -56.57142857142866]
SPS=90
Eval at step 1483000, survival=100.000%, return=[-17.913559130887734, 1197.275172457099, -383.2060971388455, -266.57142857143253]
SPS=90
Eval at step 1483500, survival=21.230%, return=[-4.783845832047518, 254.58622816205025, -76.4876346901292, -55.52380952380961]
SPS=90
Eval at step 1484000, survival=100.000%, return=[-16.82899541599909, 1197.1273132450879, -298.48963454443947, -246.80952380952598]
SPS=90
Eval at step 1484500, survival=48.562%, return=[-6.956592536473181, 667.4545849859715, -42.00452130196936, -178.85714285714653]
SPS=90
Eval at step 1485000, survival=100.000%, return=[-15.606738085931283, 1216.7042119577527, -249.09306346487938, -236.33333333333556]
SPS=90
Eval at step 1485500, survival=100.000%, return=[-13.607583702760166, 1255.6496163774282, -252.85090902523734, -293.85714285714334]
SPS=90
Eval at step 1486000, survival=100.000%, return=[-14.4931353017746, 1251.8773976452649, -250.54500897053003, -293.04761904762114]
SPS=90
Eval at step 1486500, survival=100.000%, return=[-14.813262790587032, 1253.8939255401492, -267.06749652143117, -228.04761904762185]
SPS=90
Eval at step 1487000, survival=100.000%, return=[-13.588905461801914, 1278.4828283712268, -265.93731550121447, -240.3333333333339]
SPS=90
Eval at step 1487500, survival=100.000%, return=[-13.367374235327588, 1279.6537572406232, -260.0056167850198, -243.38095238095343]
SPS=90
Eval at step 1488000, survival=100.000%, return=[-16.512160493904958, 1230.503550246358, -323.88881013175705, -256.38095238095593]
SPS=90
Eval at step 1488500, survival=100.000%, return=[-16.375384480357752, 1234.2906142622232, -328.6951406545995, -256.7142857142895]
SPS=90
Eval at step 1489000, survival=100.000%, return=[-17.788993316547323, 1209.9229169016082, -366.58392040718655, -259.82539682540124]
SPS=90
Eval at step 1489500, survival=20.387%, return=[-4.214444153622026, 252.83184450864792, -58.161398940719664, -53.14285714285722]
SPS=90
Eval at step 1490000, survival=33.433%, return=[-7.543609509826638, 380.7127959728241, -64.09824550792109, -84.2380952380956]
SPS=90
Eval at step 1490500, survival=100.000%, return=[-15.859147312497953, 1245.826503161341, -339.1010297568573, -256.80952380952647]
SPS=90
Eval at step 1491000, survival=56.349%, return=[-9.247831696091453, 695.9660232253373, -184.03635992566706, -132.71428571428612]
SPS=90
Eval at step 1491500, survival=21.230%, return=[-4.511698573624017, 265.19080674648285, -68.34254712448455, -54.57142857142865]
SPS=90
Eval at step 1492000, survival=21.230%, return=[-4.4674908899372285, 264.4464924434821, -64.18005064207439, -55.063492063492134]
SPS=90
Eval at step 1492500, survival=100.000%, return=[-5.765058775985381, 1527.8552993237972, -22.74012446287088, -635.3809523809674]
SPS=90
Eval at step 1493000, survival=100.000%, return=[-12.94856104317781, 1311.1181517839432, -228.96719088904015, -353.65079365079595]
SPS=90
Eval at step 1493500, survival=100.000%, return=[-12.867745978068948, 1303.0692706741393, -217.14345561415635, -306.6190476190469]
SPS=90
Eval at step 1494000, survival=100.000%, return=[-13.212699499854352, 1293.0951371490955, -250.564637187872, -240.09523809523816]
SPS=90
Eval at step 1494500, survival=100.000%, return=[-14.045243105007103, 1265.361454039812, -286.13119115601876, -236.61904761904827]
SPS=90
Eval at step 1495000, survival=100.000%, return=[-13.836619191657519, 1280.4384354054928, -264.89466975705, -274.2857142857146]
SPS=90
Eval at step 1495500, survival=100.000%, return=[-13.481979409426762, 1274.5704706087708, -237.44116439978825, -306.66666666666805]
SPS=90
Eval at step 1496000, survival=100.000%, return=[-12.742593447634135, 1327.9607997909188, -228.55379782175078, -296.04761904761904]
SPS=90
Eval at step 1496500, survival=100.000%, return=[-11.91805808377103, 1359.082933664322, -179.3717205631583, -328.5238095238107]
SPS=90
Eval at step 1497000, survival=45.585%, return=[-6.047102856304264, 634.7724271714687, -32.72652729821857, -170.76190476190808]
SPS=90
Eval at step 1497500, survival=100.000%, return=[-12.522242235252634, 1327.3858109861612, -234.42288273268787, -283.42857142857105]
SPS=90
Eval at step 1498000, survival=100.000%, return=[-12.410695182634905, 1331.0140034457047, -233.26303629233735, -283.80952380952334]
SPS=90
Eval at step 1498500, survival=100.000%, return=[-12.581380864954554, 1333.3553038686514, -230.47253300081138, -297.76190476190436]
SPS=90
Eval at step 1499000, survival=100.000%, return=[-13.40792564972071, 1307.5700516998768, -258.3202854560841, -276.76190476190504]
SPS=90
Eval at step 1499500, survival=100.000%, return=[-13.3162559952616, 1316.1383535787463, -262.3143995715691, -270.38095238095315]
SPS=90
Eval at step 1500000, survival=100.000%, return=[-13.48642136871058, 1292.8558479994535, -215.69411677070093, -319.4761904761934]
SPS=90
Eval at step 1500500, survival=100.000%, return=[-13.496953678652062, 1289.2626285851002, -213.46354318120575, -320.6190476190504]
SPS=90
Eval at step 1501000, survival=100.000%, return=[-13.429134584061103, 1288.7120223343372, -240.29915998713477, -233.52380952381034]
SPS=90
Eval at step 1501500, survival=100.000%, return=[-13.605879720620578, 1279.8520585298538, -248.79385046369862, -232.38095238095335]
SPS=90
Eval at step 1502000, survival=100.000%, return=[-13.4956791720615, 1287.4908355623484, -248.55703983095736, -231.80952380952485]
SPS=90
Eval at step 1502500, survival=100.000%, return=[-13.400037811821676, 1291.7329936474562, -257.7675042662365, -232.47619047619196]
SPS=90
Eval at step 1503000, survival=100.000%, return=[-13.829652068190626, 1282.875106677413, -288.10067965003327, -231.23809523809663]
SPS=90
Eval at step 1503500, survival=55.952%, return=[-10.235792599705746, 668.6583784073591, -210.96321637975052, -127.38095238095308]
SPS=90
Eval at step 1504000, survival=56.151%, return=[-9.96467478966224, 666.6335814148188, -171.8647815563054, -131.09523809523864]
SPS=90
Eval at step 1504500, survival=100.000%, return=[-10.52545787433337, 1299.915011689067, -118.15478964374051, -389.80952380952095]
SPS=90
Eval at step 1505000, survival=100.000%, return=[-5.938485566798287, 1521.2010233501594, -23.43848656125677, -635.2380952381103]
SPS=90
Eval at step 1505500, survival=33.532%, return=[-4.313090855866903, 406.1107339337468, -26.909021397586912, -177.00000000000037]
SPS=90
Eval at step 1506000, survival=100.000%, return=[-5.752930177899543, 1527.8994631171227, -14.182829076889902, -644.1428571428729]
SPS=90
Eval at step 1506500, survival=100.000%, return=[-13.508659843879286, 1291.478621557355, -262.23017182328476, -238.57142857142853]
SPS=90
Eval at step 1507000, survival=100.000%, return=[-13.837812161936503, 1286.7756685093045, -264.9015930658364, -232.66666666666674]
SPS=90
Eval at step 1507500, survival=100.000%, return=[-13.793150302080903, 1285.4761488884687, -260.14269960063757, -232.95238095238116]
SPS=90
Eval at step 1508000, survival=100.000%, return=[-13.824668513523648, 1285.3479140053194, -259.4328233797387, -234.52380952381]
SPS=90
Eval at step 1508500, survival=100.000%, return=[-13.30186571602826, 1292.1826505512, -255.34853559936892, -238.0952380952381]
SPS=90
Eval at step 1509000, survival=100.000%, return=[-13.126680909641436, 1292.215489603579, -253.10050426124994, -241.46031746031758]
SPS=90
Eval at step 1509500, survival=100.000%, return=[-12.96895142600988, 1295.4837130196393, -238.93967232283103, -238.3333333333338]
SPS=90
Eval at step 1510000, survival=100.000%, return=[-13.116974549368024, 1292.4301081225276, -238.17206213179816, -237.76190476190536]
SPS=90
Eval at step 1510500, survival=100.000%, return=[-12.665898930514231, 1309.2090255767107, -215.67502597299608, -282.47619047619196]
SPS=90
Eval at step 1511000, survival=98.562%, return=[-13.737932795280358, 1282.5892460867763, -237.88167001992406, -275.14285714285853]
SPS=90
Eval at step 1511500, survival=100.000%, return=[-13.514768781460589, 1285.3808036521077, -255.98402875963075, -234.66666666666708]
SPS=90
Eval at step 1512000, survival=100.000%, return=[-13.65329130437749, 1279.6565260067582, -262.39150708715897, -235.85714285714354]
SPS=90
Eval at step 1512500, survival=100.000%, return=[-12.859791058396999, 1309.7251089029014, -243.49857837764526, -281.80952380952584]
SPS=90
Eval at step 1513000, survival=100.000%, return=[-13.602786856921739, 1277.9358234778047, -267.70594368595994, -238.04761904761986]
SPS=90
Eval at step 1513500, survival=100.000%, return=[-12.933233382587787, 1292.2126712873578, -235.3444201701859, -294.0952380952381]
SPS=90
Eval at step 1514000, survival=100.000%, return=[-13.763244549569208, 1290.783731840551, -249.7637008790116, -352.6190476190499]
SPS=90
Eval at step 1514500, survival=100.000%, return=[-6.058935169072356, 1453.4312978088856, -31.419460278993938, -455.19047619047643]
SPS=90
Eval at step 1515000, survival=100.000%, return=[-5.874591995830997, 1460.0654416680336, -26.667240103852237, -457.3333333333334]
SPS=90
Eval at step 1515500, survival=100.000%, return=[-6.079465138653177, 1441.6890980303288, -26.540999705612194, -457.42857142857207]
SPS=90
Eval at step 1516000, survival=100.000%, return=[-5.8428512039390625, 1458.643418143193, -29.506993152172072, -458.079365079365]
SPS=90
Eval at step 1516500, survival=100.000%, return=[-12.187138239387423, 1328.5950467437506, -247.48232716141501, -290.2857142857154]
SPS=90
Eval at step 1517000, survival=100.000%, return=[-13.416482392611215, 1296.7447787399094, -249.21056564703272, -356.63492063492305]
SPS=90
Eval at step 1517500, survival=100.000%, return=[-12.430867671384476, 1323.0342687517405, -243.45443157246336, -287.8571428571447]
SPS=90
Eval at step 1518000, survival=100.000%, return=[-13.414867794257589, 1292.9956500033538, -234.53170410555686, -354.90476190476437]
SPS=90
Eval at step 1518500, survival=100.000%, return=[-5.948286842321977, 1523.047775030136, -25.732268498977646, -634.8571428571579]
SPS=90
Eval at step 1519000, survival=100.000%, return=[-6.090157188416924, 1519.1899487376213, -41.004909962648526, -635.3333333333484]
SPS=90
Eval at step 1519500, survival=47.371%, return=[-6.770187656860799, 655.4471961259842, -56.7135096291895, -178.33333333333678]
SPS=90
Eval at step 1520000, survival=47.272%, return=[-6.597030264238128, 657.9624602645636, -45.37067258148454, -178.3809523809558]
SPS=90
Eval at step 1520500, survival=100.000%, return=[-12.37971878204553, 1354.9335649932425, -223.2195963005688, -398.92063492063835]
SPS=90
Eval at step 1521000, survival=100.000%, return=[-11.54267550187069, 1379.7888678759336, -233.86456591942988, -351.8095238095243]
SPS=90
Eval at step 1521500, survival=100.000%, return=[-13.848477199848276, 1290.6714905202389, -270.15448065518285, -355.4761904761937]
SPS=90
Eval at step 1522000, survival=100.000%, return=[-13.503828613524092, 1306.3739354709785, -255.57288702916898, -357.42857142857457]
SPS=90
Eval at step 1522500, survival=100.000%, return=[-13.039695050450973, 1330.1583185146253, -265.95847445132677, -298.12698412698404]
SPS=90
Eval at step 1523000, survival=100.000%, return=[-6.279350190437981, 1451.1084747985005, -74.27918602974387, -449.9047619047622]
SPS=90
Eval at step 1523500, survival=100.000%, return=[-6.530477600885206, 1445.932624526322, -85.53802997383173, -442.85714285714374]
SPS=90
Eval at step 1524000, survival=49.702%, return=[-6.986797804594971, 682.5834676995873, -140.90966948191635, -193.1428571428602]
SPS=90
Eval at step 1524500, survival=47.520%, return=[-6.845031257291946, 663.0783175403873, -96.497857029705, -182.25396825397027]
SPS=90
Eval at step 1525000, survival=42.361%, return=[-5.613606715196511, 612.3455736786127, -75.34877642727224, -177.7142857142868]
SPS=90
Eval at step 1525500, survival=100.000%, return=[-11.584717905847356, 1396.525642938912, -235.76122771570226, -383.4761904761911]
SPS=90
Eval at step 1526000, survival=82.887%, return=[-9.798029438747713, 1161.886964696149, -171.22217918629758, -321.5238095238123]
SPS=90
Eval at step 1526500, survival=48.661%, return=[-7.2208085469319485, 669.9750716388226, -71.97086916305125, -181.95238095238437]
SPS=90
Eval at step 1527000, survival=48.562%, return=[-6.693141487223329, 676.5953142940998, -52.7655286305162, -183.76190476190837]
SPS=90
Eval at step 1527500, survival=100.000%, return=[-14.861787597988345, 1350.8605033357937, -144.9811682005869, -347.9365079365234]
SPS=90
Eval at step 1528000, survival=100.000%, return=[-12.430056554818293, 1352.9821972548962, -124.35476787904918, -331.09523809525336]
SPS=90
Eval at step 1528500, survival=100.000%, return=[-15.232735100958962, 1273.2705542221665, -354.62531584576936, -234.0476190476195]
SPS=90
Eval at step 1529000, survival=100.000%, return=[-15.040184004416611, 1278.343811025222, -344.78575077753095, -233.42857142857176]
SPS=90
Eval at step 1529500, survival=100.000%, return=[-15.389524018013617, 1275.7594867870212, -337.1079295410891, -233.14285714285845]
SPS=90
Eval at step 1530000, survival=100.000%, return=[-15.334254449728178, 1275.387992888689, -310.3528442194511, -235.00000000000216]
SPS=90
Eval at step 1530500, survival=49.802%, return=[-9.607992681732867, 598.8802646994591, -186.36194425193025, -110.38095238095389]
SPS=90
Eval at step 1531000, survival=48.214%, return=[-7.559248612378724, 647.915470443666, -112.86180220602546, -185.09523809524137]
SPS=90
Eval at step 1531500, survival=100.000%, return=[-14.317817633889112, 1283.9613577028115, -315.4813797783572, -232.82539682539823]
SPS=90
Eval at step 1532000, survival=100.000%, return=[-14.030444221018115, 1300.2771655097604, -324.9742485185561, -282.4285714285747]
SPS=90
Eval at step 1532500, survival=100.000%, return=[-13.706934657413512, 1298.5616513937712, -300.0427871264401, -233.42857142857278]
SPS=90
Eval at step 1533000, survival=100.000%, return=[-13.301859358412912, 1294.7729846835136, -275.7289717263484, -243.52380952381063]
SPS=90
Eval at step 1533500, survival=100.000%, return=[-13.087452775653219, 1300.186579465866, -243.88773384212982, -240.52380952381034]
SPS=90
Eval at step 1534000, survival=100.000%, return=[-13.113236103391197, 1295.5771611730258, -247.90883139818712, -239.4285714285733]
SPS=90
Eval at step 1534500, survival=100.000%, return=[-13.051237485196907, 1299.2602810263634, -243.78136283834465, -240.80952380952567]
SPS=90
Eval at step 1535000, survival=100.000%, return=[-13.534750849299598, 1291.695407629013, -281.9605646461423, -244.14285714285836]
SPS=90
Eval at step 1535500, survival=100.000%, return=[-13.442918928912453, 1295.5893400659163, -261.4836212050189, -244.03174603174762]
SPS=90
Eval at step 1536000, survival=100.000%, return=[-13.135444658168126, 1315.6481974522274, -269.07630644340924, -279.555555555558]
SPS=90
Eval at step 1536500, survival=100.000%, return=[-13.197775151347741, 1297.2809177339077, -260.3807967338071, -243.09523809523986]
SPS=90
Eval at step 1537000, survival=100.000%, return=[-12.57944964984199, 1308.2579482719302, -265.4172381175158, -249.60317460317444]
SPS=90
Eval at step 1537500, survival=100.000%, return=[-12.530786501505645, 1313.0847667306662, -255.16572219081354, -244.09523809523844]
SPS=90
Eval at step 1538000, survival=100.000%, return=[-8.821547478582943, 1422.899973243475, -64.81735914756428, -392.3333333333455]
SPS=90
Eval at step 1538500, survival=100.000%, return=[-12.419452895017457, 1325.1418408304453, -278.88141104887836, -283.42857142857065]
SPS=90
Eval at step 1539000, survival=100.000%, return=[-10.620382077681521, 1398.3328101386626, -71.43646741077343, -366.0634920635091]
SPS=90
Eval at step 1539500, survival=100.000%, return=[-12.002571852441179, 1353.8780946855743, -241.7188348019105, -302.3809523809507]
SPS=90
Eval at step 1540000, survival=100.000%, return=[-11.970572824007832, 1354.8228289559484, -237.897369513812, -302.80952380952215]
SPS=90
Eval at step 1540500, survival=47.569%, return=[-6.671670679235831, 657.1119545698166, -41.380683236930054, -166.09523809524154]
SPS=90
Eval at step 1541000, survival=100.000%, return=[-12.56398728971059, 1368.3278691669304, -97.45240339263546, -356.23809523811457]
SPS=90
Eval at step 1541500, survival=100.000%, return=[-11.274317734598299, 1371.8084658533335, -226.93742651856155, -300.7142857142836]
SPS=90
Eval at step 1542000, survival=100.000%, return=[-11.060437276377343, 1382.1654535382986, -220.6718060942876, -306.6190476190466]
SPS=90
Eval at step 1542500, survival=49.950%, return=[-7.305142608907772, 679.1484123319387, -68.79788152549736, -169.6666666666707]
SPS=90
Eval at step 1543000, survival=100.000%, return=[-11.708268625676283, 1395.5581513494253, -139.47655392661545, -343.9047619047686]
SPS=90
Eval at step 1543500, survival=100.000%, return=[-11.860502745956182, 1356.9317281097174, -251.50315267435872, -302.1904761904746]
SPS=90
Eval at step 1544000, survival=100.000%, return=[-11.310459031514862, 1411.3715151349704, -90.56085982579437, -368.66666666667356]
SPS=90
Eval at step 1544500, survival=100.000%, return=[-12.181511608956498, 1340.42217104882, -259.82536464493023, -283.8095238095222]
SPS=90
Eval at step 1545000, survival=100.000%, return=[-15.086251016386086, 1273.2802394330502, -75.87117787494208, -319.90476190477085]
SPS=90
Eval at step 1545500, survival=100.000%, return=[-14.543839751422638, 1279.9530886511009, -87.92011596879699, -312.8730158730243]
SPS=90
Eval at step 1546000, survival=100.000%, return=[-10.991879511008543, 1421.3208030462265, -104.08492752419988, -376.3015873015938]
SPS=90
Eval at step 1546500, survival=100.000%, return=[-6.643036796871456, 1429.247774829467, -54.539258512177184, -435.57142857142935]
SPS=90
Eval at step 1547000, survival=100.000%, return=[-11.35559822130017, 1389.9890530258417, -143.98104902080377, -323.71428571430243]
SPS=90
Eval at step 1547500, survival=100.000%, return=[-8.02340024249861, 1363.0437281131744, -82.21416938176844, -430.38095238094996]
SPS=90
Eval at step 1548000, survival=100.000%, return=[-8.94957787480962, 1350.1019633114338, -80.75527389155468, -416.7619047619053]
SPS=90
Eval at step 1548500, survival=25.843%, return=[-3.820075874478789, 347.2738555073738, -50.92736723832786, -61.76190476190516]
SPS=90
Eval at step 1549000, survival=100.000%, return=[-7.644415521067761, 1394.936755180359, -87.05175189956208, -407.809523809525]
SPS=90
Eval at step 1549500, survival=100.000%, return=[-7.234751130396035, 1410.4054987430573, -48.96578799627605, -458.4761904761903]
SPS=90
Eval at step 1550000, survival=100.000%, return=[-6.348119469927042, 1427.4050904214382, -39.136228934221435, -449.23809523809655]
SPS=90
Eval at step 1550500, survival=18.750%, return=[-3.0197901265637483, 250.76170897483826, -17.06270987080643, -55.38095238095241]
SPS=90
Eval at step 1551000, survival=33.284%, return=[-4.282472208782565, 420.93782798945904, -16.51369608764071, -146.5714285714288]
SPS=90
Eval at step 1551500, survival=18.800%, return=[-2.947991714841919, 256.07363361120224, -15.668727737502195, -52.85714285714288]
SPS=90
Eval at step 1552000, survival=100.000%, return=[-7.756448540763813, 1390.1094403862953, -84.2023464817612, -405.00000000000165]
SPS=90
Eval at step 1552500, survival=98.760%, return=[-8.449685825020424, 1382.0830212831497, -80.75262719969032, -399.2380952380966]
SPS=90
Eval at step 1553000, survival=98.611%, return=[-8.701920953695662, 1370.9820238947868, -74.29713706325856, -400.19047619047706]
SPS=90
Eval at step 1553500, survival=47.520%, return=[-6.6204102795163635, 655.720786228776, -44.010803815144754, -163.5238095238129]
SPS=90
Eval at step 1554000, survival=33.532%, return=[-3.499107819632627, 489.6039337590337, -28.299879893893376, -127.33333333333393]
SPS=90
Eval at step 1554500, survival=100.000%, return=[-6.335403897523065, 1445.8567433953285, -50.70654110633768, -452.61904761904816]
SPS=90
Eval at step 1555000, survival=98.909%, return=[-7.299327548767906, 1426.470975458622, -59.77373632311355, -453.71428571428584]
SPS=90
Eval at step 1555500, survival=34.970%, return=[-3.7256007755640894, 514.5690069297949, -58.46337756025605, -136.04761904761997]
SPS=90
Eval at step 1556000, survival=34.838%, return=[-3.463112195614182, 521.900525306662, -52.098542326324, -135.23809523809612]
SPS=91
Eval at step 1556500, survival=100.000%, return=[-6.217590394910076, 1452.7709087580442, -52.74411033009528, -449.95238095238193]
SPS=91
Eval at step 1557000, survival=100.000%, return=[-6.230224690967589, 1452.6848204284906, -53.433438352367375, -449.42857142857247]
SPS=91
Eval at step 1557500, survival=18.651%, return=[-2.938434390933253, 252.39104110002518, -18.095896146114683, -54.0]
SPS=91
Eval at step 1558000, survival=18.800%, return=[-3.1432546454307158, 247.20466527342796, -19.806651250546565, -53.23809523809526]
SPS=91
Eval at step 1558500, survival=18.899%, return=[-3.0033652020210866, 255.4228490293026, -20.04142613703152, -53.09523809523812]
SPS=91
Eval at step 1559000, survival=18.601%, return=[-2.967044155491749, 250.43343847990036, -18.98222541756695, -51.80952380952383]
SPS=91
Eval at step 1559500, survival=18.700%, return=[-2.951604224042967, 251.80559274554253, -14.993987207853934, -51.3809523809524]
SPS=91
Eval at step 1560000, survival=48.562%, return=[-6.804968153272057, 667.9826265871525, -48.885819457173056, -164.8571428571467]
SPS=91
Eval at step 1560500, survival=100.000%, return=[-11.618341079622041, 1367.8358900621533, -145.81402519215771, -289.09523809523574]
SPS=91
Eval at step 1561000, survival=48.760%, return=[-6.890127079299418, 669.4914240539074, -46.1062727965691, -164.14285714286092]
SPS=91
Eval at step 1561500, survival=100.000%, return=[-9.346629007719457, 1377.9009986817837, -80.58206953821355, -349.95238095238307]
SPS=91
Eval at step 1562000, survival=48.562%, return=[-6.894886380556272, 663.6360537707806, -44.38311615300336, -165.76190476190865]
SPS=91
Eval at step 1562500, survival=48.760%, return=[-6.955040305067087, 666.9611258804798, -48.31281969945849, -167.4761904761945]
SPS=91
Eval at step 1563000, survival=100.000%, return=[-7.651702093586209, 1396.5430171191692, -67.35724764395854, -399.7619047619068]
SPS=91
Eval at step 1563500, survival=48.611%, return=[-7.036310387862613, 666.4510720074177, -56.04235622475244, -169.80952380952755]
SPS=91
Eval at step 1564000, survival=100.000%, return=[-7.780273195530754, 1389.245518952608, -69.13612764226855, -400.7619047619064]
SPS=91
Eval at step 1564500, survival=48.611%, return=[-7.033239465061342, 665.9609029591084, -47.395010324216855, -169.19047619047979]
SPS=91
Eval at step 1565000, survival=100.000%, return=[-7.339269128453452, 1404.7243802547455, -58.09481828051503, -409.9523809523817]
SPS=91
Eval at step 1565500, survival=48.313%, return=[-6.806440215121256, 667.0093308985233, -45.39579698259331, -170.04761904762276]
SPS=91
Eval at step 1566000, survival=48.462%, return=[-7.1099694282747805, 660.6493229866028, -50.1431412995953, -169.09523809524174]
SPS=91
Eval at step 1566500, survival=48.611%, return=[-7.145575612958055, 662.6465807855129, -51.57711835952796, -169.00000000000355]
SPS=91
Eval at step 1567000, survival=100.000%, return=[-7.565655642742058, 1440.4795695841312, -76.92553934131865, -407.3809523809521]
SPS=91
Eval at step 1567500, survival=100.000%, return=[-7.422638022418444, 1445.0622498790424, -72.56256848709502, -409.4603174603171]
SPS=91
Eval at step 1568000, survival=47.569%, return=[-6.746552048716694, 654.0873755514622, -39.62924898845813, -174.71428571428933]
SPS=91
Eval at step 1568500, survival=47.569%, return=[-6.746552048716694, 654.0873755514622, -39.62924898845813, -174.71428571428933]
SPS=91
Eval at step 1569000, survival=48.661%, return=[-7.039822453487432, 666.8443210721016, -43.76439234660211, -177.47619047619435]
SPS=91
Eval at step 1569500, survival=48.661%, return=[-7.158522498968523, 661.110037535429, -49.728222396624915, -168.66666666667024]
SPS=91
Eval at step 1570000, survival=48.661%, return=[-7.129911827127216, 663.1312620639801, -49.5042625422866, -168.52380952381304]
SPS=91
Eval at step 1570500, survival=48.661%, return=[-7.113843911123695, 663.250486344099, -45.72779073536367, -168.04761904762253]
SPS=91
Eval at step 1571000, survival=48.661%, return=[-7.130329782929039, 664.70713275671, -44.143848665517, -176.28571428571817]
SPS=91
Eval at step 1571500, survival=48.611%, return=[-7.152181206969544, 663.8047040104866, -47.020689412274805, -175.3809523809562]
SPS=91
Eval at step 1572000, survival=36.905%, return=[-5.407214069884503, 485.2522129416466, -73.80893753108467, -92.30158730158776]
SPS=91
Eval at step 1572500, survival=48.661%, return=[-7.0826415233023, 664.6771100759506, -43.44832595856133, -176.90476190476582]
SPS=91
Eval at step 1573000, survival=36.905%, return=[-5.57295138554764, 478.1952603161335, -80.42733930540635, -89.76190476190504]
SPS=91
Eval at step 1573500, survival=36.905%, return=[-5.5401646419777535, 479.2493838965893, -77.74412376189503, -89.61904761904793]
SPS=91
Eval at step 1574000, survival=36.855%, return=[-5.428211855527479, 482.69433507323265, -72.00513176061577, -89.14285714285764]
SPS=91
Eval at step 1574500, survival=48.611%, return=[-7.021375275799073, 666.4192940294743, -41.36019009540178, -175.47619047619432]
SPS=91
Eval at step 1575000, survival=48.611%, return=[-6.967988636674515, 667.4202221035957, -33.010857846929866, -175.53968253968637]
SPS=91
Eval at step 1575500, survival=48.611%, return=[-6.968086564350718, 667.2768365740776, -32.1155448969148, -175.31746031746414]
SPS=91
Eval at step 1576000, survival=48.661%, return=[-7.133402213949012, 662.4937218427658, -47.63292550964252, -166.23809523809868]
SPS=91
Eval at step 1576500, survival=48.661%, return=[-8.942273239808856, 621.0382125079632, -33.570860796025954, -151.9523809523808]
SPS=91
Eval at step 1577000, survival=48.661%, return=[-8.937326729181223, 621.1830676496029, -33.570860796025954, -152.142857142857]
SPS=91
Eval at step 1577500, survival=35.417%, return=[-4.50826052595706, 475.66517201066017, -52.06099706952955, -122.5238095238106]
SPS=91
Eval at step 1578000, survival=34.772%, return=[-4.111052913300227, 473.6971495896578, -30.677862918601022, -139.7619047619058]
SPS=91
Eval at step 1578500, survival=35.119%, return=[-4.14084324327996, 478.01991006731987, -55.36390441488038, -142.00000000000105]
SPS=91
Eval at step 1579000, survival=48.562%, return=[-6.8471886502811685, 666.5927273333073, -37.528548507652886, -173.2857142857185]
SPS=91
Eval at step 1579500, survival=35.714%, return=[-5.548711199546233, 474.5394364595413, -14.447470240993425, -110.33333333333279]
SPS=91
Eval at step 1580000, survival=20.437%, return=[-3.284115760383429, 270.4561011195183, -12.175071516539901, -59.523809523809575]
SPS=91
Eval at step 1580500, survival=48.562%, return=[-6.972475520597072, 661.642315685749, -46.400227601516235, -164.23809523809905]
SPS=91
Eval at step 1581000, survival=34.871%, return=[-4.709132367221173, 468.50499437749386, -66.69859839224955, -83.52380952380993]
SPS=91
Eval at step 1581500, survival=48.859%, return=[-7.133207924285671, 663.8481542766094, -50.05150223190867, -167.61904761905117]
SPS=91
Eval at step 1582000, survival=39.931%, return=[-6.438359844440129, 528.9424650222063, -26.5651885283296, -121.42857142857086]
SPS=91
Eval at step 1582500, survival=34.821%, return=[-3.9490866092965007, 485.4230767339468, -42.53666666139907, -140.38095238095354]
SPS=91
Eval at step 1583000, survival=100.000%, return=[-10.963273679371923, 1376.9228547662497, -170.62129257643392, -353.47619047618895]
SPS=91
Eval at step 1583500, survival=100.000%, return=[-11.022954185653361, 1375.1816545575857, -196.0053017736209, -355.66666666666566]
SPS=91
Eval at step 1584000, survival=48.710%, return=[-7.108813834900502, 664.4741811454296, -49.93966590191121, -179.0952380952418]
SPS=91
Eval at step 1584500, survival=100.000%, return=[-11.473974892141996, 1356.3947898447514, -197.15911806488293, -336.38095238095167]
SPS=91
Eval at step 1585000, survival=47.222%, return=[-6.449234739353415, 656.4792783558369, -32.431862978846766, -174.28571428571786]
SPS=91
Eval at step 1585500, survival=47.222%, return=[-6.604919671837706, 651.6617023944855, -30.189688318932895, -172.7619047619083]
SPS=91
Eval at step 1586000, survival=47.222%, return=[-6.718289928656304, 648.1542786955833, -35.815720013633836, -162.61904761905072]
SPS=91
Eval at step 1586500, survival=47.321%, return=[-6.552107282215729, 658.784853965044, -29.052502243139315, -177.14285714286044]
SPS=91
Eval at step 1587000, survival=42.361%, return=[-5.493143142841291, 600.3000121712685, -25.081133088096976, -161.95238095238352]
SPS=91
Eval at step 1587500, survival=48.810%, return=[-6.811989643552806, 688.0750007033348, -38.930721543583786, -187.52380952381233]
SPS=91
Eval at step 1588000, survival=47.421%, return=[-6.402843032206874, 667.1813205480576, -28.945348031120375, -177.80952380952704]
SPS=91
Eval at step 1588500, survival=47.421%, return=[-6.7424077942851, 652.1339052021503, -29.88687239238061, -172.57142857143208]
SPS=91
Eval at step 1589000, survival=47.222%, return=[-6.686786879785359, 649.5804628133774, -28.072703475190792, -171.23809523809874]
SPS=91
Eval at step 1589500, survival=47.173%, return=[-6.602800910332007, 652.1435110569, -29.239272420818452, -171.8571428571464]
SPS=91
Eval at step 1590000, survival=47.173%, return=[-6.604322449449683, 652.7835811972618, -42.650949402013794, -174.14285714286066]
SPS=91
Eval at step 1590500, survival=47.272%, return=[-6.510856654407689, 657.991768091917, -42.75320766988443, -175.09523809524163]
SPS=91
Eval at step 1591000, survival=47.272%, return=[-6.64474315525149, 652.634235650301, -53.34302193165058, -165.5238095238129]
SPS=91
Eval at step 1591500, survival=47.272%, return=[-6.64521586560295, 655.2261514365673, -41.817135242163204, -176.38095238095585]
SPS=91
Eval at step 1592000, survival=100.000%, return=[-11.88335918833036, 1395.3331638276577, -113.28547324999818, -383.33333333334105]
SPS=91
Eval at step 1592500, survival=47.371%, return=[-6.836871813167818, 647.0914296209812, -40.08147682790877, -163.33333333333647]
SPS=91
Eval at step 1593000, survival=47.421%, return=[-6.843044216191629, 646.2548280954361, -36.71125693508657, -163.0476190476222]
SPS=91
Eval at step 1593500, survival=47.272%, return=[-6.613429166114656, 654.2701412141323, -31.372409736795817, -175.57142857143208]
SPS=91
Eval at step 1594000, survival=49.058%, return=[-7.330794321169378, 664.5375110358, -62.88856490788021, -167.80952380952732]
SPS=91
Eval at step 1594500, survival=50.546%, return=[-7.577854049653979, 679.1529324650764, -67.35009537831502, -171.00000000000418]
SPS=91
Eval at step 1595000, survival=50.645%, return=[-7.4501841661694925, 688.6646645367146, -65.04522216415353, -183.85714285714744]
SPS=91
Eval at step 1595500, survival=49.107%, return=[-7.302617351786466, 665.3852683901787, -60.483631760835124, -167.1904761904797]
SPS=91
Eval at step 1596000, survival=49.157%, return=[-7.317081133107422, 667.0915933847427, -60.97603498270473, -168.523809523813]
SPS=91
Eval at step 1596500, survival=46.743%, return=[-6.976337717176648, 616.894823551178, -52.83898968781917, -122.39682539682686]
SPS=91
Eval at step 1597000, survival=49.157%, return=[-7.009415655542398, 681.830912977457, -58.10183037257957, -181.57142857143245]
SPS=91
Eval at step 1597500, survival=100.000%, return=[-5.539946416945895, 1467.9500714838505, -19.342688063625246, -473.04761904761807]
SPS=91
Eval at step 1598000, survival=100.000%, return=[-5.705742354524166, 1460.9715123971303, -18.24697957233487, -469.96825396825324]
SPS=91
Eval at step 1598500, survival=100.000%, return=[-5.722185130827711, 1463.1640058755875, -18.01473156447173, -465.14285714285666]
SPS=91
Eval at step 1599000, survival=100.000%, return=[-5.508002506806709, 1471.4736985564232, -17.19402214148431, -466.9206349206344]
SPS=91
Eval at step 1599500, survival=64.633%, return=[-10.51438330221572, 840.0452076047659, -103.93585439564049, -214.2380952381021]
SPS=91
Eval at step 1600000, survival=100.000%, return=[-6.1717693047200255, 1439.1214902500312, -24.04968821933532, -444.4126984126984]
SPS=91
Eval at step 1600500, survival=100.000%, return=[-5.647763962420868, 1462.6000840067863, -16.204710615566, -468.76190476190396]
SPS=91
Eval at step 1601000, survival=100.000%, return=[-5.647664093849016, 1461.8545109033585, -14.861593500245363, -469.5714285714278]
SPS=91
Eval at step 1601500, survival=100.000%, return=[-5.637759605408064, 1464.374402999878, -15.423085958900629, -466.9523809523802]
SPS=91
Eval at step 1602000, survival=100.000%, return=[-6.358822665919433, 1440.8281167447567, -31.014183803927153, -429.71428571428686]
SPS=91
Eval at step 1602500, survival=21.577%, return=[-3.2989268762175925, 288.91108617186546, -23.842506137734745, -51.90476190476203]
SPS=91
Eval at step 1603000, survival=20.486%, return=[-3.1307642607716843, 274.507577419281, -24.75018638331676, -50.476190476190624]
SPS=91
Eval at step 1603500, survival=100.000%, return=[-11.268250259643537, 1405.6397332549095, -105.86222325244307, -354.95238095239023]
SPS=91
Eval at step 1604000, survival=100.000%, return=[-5.373527171526803, 1476.9656789898872, -7.911342058650916, -460.6190476190479]
SPS=91
Eval at step 1604500, survival=100.000%, return=[-5.387914910592372, 1476.0737641453743, -7.530298859346658, -460.8095238095241]
SPS=91
Eval at step 1605000, survival=100.000%, return=[-5.313497533948976, 1480.031041264534, -7.515188743564067, -462.4285714285714]
SPS=91
Eval at step 1605500, survival=100.000%, return=[-5.392149308041553, 1477.0828771988552, -7.011314884293824, -459.1904761904764]
SPS=91
Eval at step 1606000, survival=100.000%, return=[-5.764932313861209, 1458.835736900568, -15.870083008339861, -464.9523809523807]
SPS=91
Eval at step 1606500, survival=100.000%, return=[-5.357217162803863, 1477.4259177446365, -7.027604108443484, -466.8095238095236]
SPS=91
Eval at step 1607000, survival=100.000%, return=[-5.3646622349479, 1476.101614177227, -6.952626829734072, -468.4285714285713]
SPS=91
Eval at step 1607500, survival=100.000%, return=[-5.3429623868869385, 1476.0011212825775, -7.740771012904588, -469.0952380952378]
SPS=91
Eval at step 1608000, survival=100.000%, return=[-5.309966311659082, 1477.762224316597, -9.934926585992798, -471.380952380952]
SPS=91
Eval at step 1608500, survival=100.000%, return=[-5.552388524331036, 1467.6779337227345, -17.472120702732354, -472.38095238095184]
SPS=91
Eval at step 1609000, survival=100.000%, return=[-5.5299666401260765, 1467.7523610889912, -17.653469754150137, -472.71428571428515]
SPS=91
Eval at step 1609500, survival=100.000%, return=[-5.64287376847642, 1461.8995695710182, -17.647699430963257, -469.42857142857093]
SPS=91
Eval at step 1610000, survival=47.966%, return=[-6.586423073458718, 663.4356328547001, -58.58352127135731, -176.952380952384]
SPS=91
Eval at step 1610500, survival=100.000%, return=[-5.398862242087489, 1467.4120002388954, -18.589436488837237, -467.047619047619]
SPS=91
Eval at step 1611000, survival=48.165%, return=[-6.8066169682424515, 661.8447797894478, -63.414493962191045, -176.85714285714593]
SPS=91
Eval at step 1611500, survival=100.000%, return=[-5.312728931719903, 1476.6482581794262, -8.250610247632721, -461.5714285714289]
SPS=91
Eval at step 1612000, survival=100.000%, return=[-5.316876530458103, 1477.024406671524, -7.941246765258256, -461.5714285714289]
SPS=91
Eval at step 1612500, survival=100.000%, return=[-5.231232147561968, 1481.0708208084106, -8.36265491132508, -461.57142857142867]
SPS=91
Eval at step 1613000, survival=48.661%, return=[-8.216967092565028, 630.6967158019543, -22.552280750969658, -157.90476190476264]
SPS=91
Eval at step 1613500, survival=100.000%, return=[-11.659541406406788, 1315.839649260044, -89.6704617748037, -388.666666666671]
SPS=91
Eval at step 1614000, survival=47.222%, return=[-6.599177722790046, 649.9256435632706, -35.26499433326535, -162.90476190476508]
SPS=91
Eval at step 1614500, survival=48.661%, return=[-8.361685964890057, 626.1483729481697, -22.983931228664005, -157.23809523809587]
SPS=91
Eval at step 1615000, survival=48.661%, return=[-8.31233426099061, 632.1087422668934, -25.33931498983293, -155.6190476190481]
SPS=91
Eval at step 1615500, survival=48.661%, return=[-7.889923924143659, 638.6341355741024, -28.47791288411827, -166.3809523809537]
SPS=91
Eval at step 1616000, survival=39.831%, return=[-6.3181929235094385, 524.9550430327654, -51.81586404127302, -127.3650793650791]
SPS=91
Eval at step 1616500, survival=48.562%, return=[-8.55538608757585, 625.2077194154263, -41.993810640560696, -151.0793650793653]
SPS=92
Eval at step 1617000, survival=48.462%, return=[-8.607712048135, 618.8674033284187, -49.18914986948948, -151.47619047619077]
SPS=92
Eval at step 1617500, survival=55.837%, return=[-9.458510595655147, 693.4994220559796, -234.99938450879804, -192.6190476190478]
SPS=92
Eval at step 1618000, survival=48.611%, return=[-8.271784600918181, 628.9228470921516, -49.40660715161357, -154.6190476190479]
SPS=92
Eval at step 1618500, survival=40.327%, return=[-6.708525169146014, 526.6701475828886, -57.057961997634266, -118.95238095238057]
SPS=92
Eval at step 1619000, survival=45.238%, return=[-7.143283742712811, 581.4825777038932, -177.01358942926163, -144.95238095238057]
SPS=92
Eval at step 1619500, survival=44.841%, return=[-7.161379310215125, 576.9044773578644, -164.46005912614055, -140.90476190476164]
SPS=92
Eval at step 1620000, survival=100.000%, return=[-12.314367965562269, 1226.4037560336292, -24.10108508749545, -358.71428571429516]
SPS=92
Eval at step 1620500, survival=49.008%, return=[-8.660754048381932, 637.1964836269617, -57.66995496325156, -160.79365079365095]
SPS=92
Eval at step 1621000, survival=100.000%, return=[-7.250856489466969, 1496.2547287493944, -35.002443837875035, -435.28571428571667]
SPS=92
Eval at step 1621500, survival=40.228%, return=[-6.221978078450775, 539.7881782650948, -43.920361361524556, -122.23809523809467]
SPS=92
Eval at step 1622000, survival=62.302%, return=[-9.261225539725274, 821.773219704628, -114.55033037269459, -228.80952380952735]
SPS=92
Eval at step 1622500, survival=32.937%, return=[-6.22860632443917, 397.32725471258163, -14.805704453247017, -84.42857142857191]
SPS=92
Eval at step 1623000, survival=59.623%, return=[-10.297932624962414, 733.1951589621603, -343.8100771367317, -202.99999999999923]
SPS=92
Eval at step 1623500, survival=48.661%, return=[-6.570520375612735, 671.7241688072681, -46.37345484603429, -180.5714285714313]
SPS=92
Eval at step 1624000, survival=100.000%, return=[-5.319317774512456, 1477.159926444292, -8.594913245324278, -461.6666666666668]
SPS=92
Eval at step 1624500, survival=47.619%, return=[-6.353652572026476, 667.278914630413, -45.42902185115963, -188.5238095238127]
SPS=92
Eval at step 1625000, survival=100.000%, return=[-5.270316510446719, 1479.4131678640842, -11.207274285843596, -460.6190476190488]
SPS=92
Eval at step 1625500, survival=100.000%, return=[-5.288973452275968, 1480.117401510477, -7.342249085340882, -458.809523809525]
SPS=92
Eval at step 1626000, survival=100.000%, return=[-5.333103586381185, 1479.2460057735443, -8.932801450137049, -458.57142857142895]
SPS=92
Eval at step 1626500, survival=100.000%, return=[-5.323366119482671, 1479.738176971674, -11.63119299817481, -460.38095238095246]
SPS=92
Eval at step 1627000, survival=100.000%, return=[-6.148099668716895, 1448.74558198452, -38.956924805097515, -450.19047619047745]
SPS=92
Eval at step 1627500, survival=100.000%, return=[-6.466848060537207, 1445.671204517285, -39.27750345726963, -439.8253968253985]
SPS=92
Eval at step 1628000, survival=100.000%, return=[-6.477007297604966, 1445.528723071019, -37.80498730979161, -437.96825396825574]
SPS=92
Eval at step 1628500, survival=100.000%, return=[-6.448697765095858, 1444.2614381412666, -37.43047633484821, -439.634920634922]
SPS=92
Eval at step 1629000, survival=100.000%, return=[-6.034760245015302, 1439.9546167055767, -13.133352118748007, -477.19047619047143]
SPS=92
Eval at step 1629500, survival=100.000%, return=[-7.095517709366201, 1410.392868846655, -51.728840588815125, -427.19047619047757]
SPS=92
Eval at step 1630000, survival=100.000%, return=[-12.279351737743127, 1332.69733799994, -192.72196472113137, -291.23809523809524]
SPS=92
Eval at step 1630500, survival=48.462%, return=[-7.1384897817333695, 667.954536318779, -36.90927213654504, -185.90476190476454]
SPS=92
Eval at step 1631000, survival=34.970%, return=[-5.426345366577152, 465.7537440806627, -15.521767775644548, -104.42857142857103]
SPS=92
Eval at step 1631500, survival=100.000%, return=[-11.693750551974517, 1358.227178345124, -143.12924644196755, -325.2380952380951]
SPS=92
Eval at step 1632000, survival=35.466%, return=[-5.575942382827634, 467.3576814234257, -18.402516327623744, -107.61904761904718]
SPS=92
Eval at step 1632500, survival=81.597%, return=[-6.84623265407087, 1147.9473579525948, -48.18841190766155, -337.77777777778033]
SPS=92
Eval at step 1633000, survival=100.000%, return=[-6.562738627447591, 1437.575675566991, -39.93231323373038, -445.74603174603226]
SPS=92
Eval at step 1633500, survival=100.000%, return=[-6.488708040720667, 1439.1657446622849, -37.25528855997254, -444.47619047619105]
SPS=92
Eval at step 1634000, survival=100.000%, return=[-7.098377043007834, 1414.5222700039546, -57.26209058979293, -439.1269841269847]
SPS=92
Eval at step 1634500, survival=100.000%, return=[-7.168675814124678, 1377.6429596245289, -38.126992646139115, -452.9206349206367]
SPS=92
Eval at step 1635000, survival=100.000%, return=[-7.046720769038075, 1425.3710828125477, -57.66796201860416, -426.8095238095272]
SPS=92
Eval at step 1635500, survival=100.000%, return=[-6.865859032026492, 1385.5135493973892, -21.189323973085266, -459.2539682539709]
SPS=92
Eval at step 1636000, survival=100.000%, return=[-6.623350365111643, 1403.843540161848, -20.03514371928759, -469.26984126984166]
SPS=92
Eval at step 1636500, survival=100.000%, return=[-11.577720688728732, 1353.0299708992243, -159.43107735787635, -279.33333333333553]
SPS=92
Eval at step 1637000, survival=100.000%, return=[-5.544448339860537, 1479.8700897991657, -15.224702695704764, -464.2380952380957]
SPS=92
Eval at step 1637500, survival=100.000%, return=[-5.805939913281084, 1460.6511083145936, -23.169489804568002, -454.42857142857264]
SPS=92
Eval at step 1638000, survival=100.000%, return=[-6.862651328818174, 1433.3561483621597, -60.29155140146031, -441.2857142857177]
SPS=92
Eval at step 1638500, survival=39.831%, return=[-7.833528978837421, 474.5861573815346, -62.9881481648772, -125.19047619047716]
SPS=92
Eval at step 1639000, survival=39.881%, return=[-7.637464231200283, 473.02720084786415, -65.30518337487592, -118.38095238095345]
SPS=92
Eval at step 1639500, survival=48.611%, return=[-9.397708565200446, 578.4965577423573, -125.59630237585225, -172.38095238095363]
SPS=92
Eval at step 1640000, survival=100.000%, return=[-12.69722601804824, 1321.6512096375227, -218.08192049933496, -251.38095238095192]
SPS=92
Eval at step 1640500, survival=100.000%, return=[-6.045514819867094, 1460.002685457468, -30.49390348372981, -461.0952380952383]
SPS=92
Eval at step 1641000, survival=100.000%, return=[-6.216497009925661, 1454.2966068387032, -31.51189069452812, -455.33333333333434]
SPS=92
Eval at step 1641500, survival=100.000%, return=[-13.865959403468878, 1299.303877979517, -169.9167305554632, -276.49206349206816]
SPS=92
Eval at step 1642000, survival=52.679%, return=[-8.524657614500029, 668.1998919397593, -86.04255248879781, -139.00000000000185]
SPS=92
Eval at step 1642500, survival=100.000%, return=[-13.9344409830519, 1285.6832046359777, -157.74810174181766, -271.666666666669]
SPS=92
Eval at step 1643000, survival=100.000%, return=[-13.640042028622702, 1288.1141516268253, -198.1992658438321, -253.3333333333353]
SPS=92
Eval at step 1643500, survival=100.000%, return=[-13.790737675502896, 1287.5800858139992, -205.32258021114103, -268.7619047619075]
SPS=92
Eval at step 1644000, survival=47.073%, return=[-7.251513169758255, 600.0275472104549, -75.8787931362167, -109.7619047619054]
SPS=92
Eval at step 1644500, survival=100.000%, return=[-5.437497447303031, 1481.0456700921059, -14.676901576749515, -468.9047619047621]
SPS=92
Eval at step 1645000, survival=100.000%, return=[-5.450366866905824, 1478.8700175583363, -13.189989749662345, -469.6190476190477]
SPS=92
Eval at step 1645500, survival=100.000%, return=[-5.465079161935137, 1477.0793325603008, -13.50038203629083, -470.57142857142844]
SPS=92
Eval at step 1646000, survival=100.000%, return=[-5.37206817608967, 1473.527999818325, -22.25489836811903, -467.8571428571425]
SPS=92
Eval at step 1646500, survival=100.000%, return=[-5.418769662792329, 1469.8374453783035, -22.309469214378623, -470.2857142857137]
SPS=92
Eval at step 1647000, survival=100.000%, return=[-13.905584292020649, 1276.088992267847, -183.32668625642327, -257.2857142857176]
SPS=92
Eval at step 1647500, survival=100.000%, return=[-13.725042967795162, 1295.7242080569267, -207.6583539852254, -265.8095238095269]
SPS=92
Eval at step 1648000, survival=100.000%, return=[-12.734215462303837, 1329.685820773244, -191.1309976350458, -295.7142857142875]
SPS=92
Eval at step 1648500, survival=48.710%, return=[-8.481105346727418, 628.5444286465645, -33.10288335691439, -163.00000000000082]
SPS=92
Eval at step 1649000, survival=47.321%, return=[-7.5131481393182185, 594.8102604150772, -76.89006809858256, -118.71428571428648]
SPS=92
Eval at step 1649500, survival=49.157%, return=[-8.409247001400217, 629.4316468387842, -37.38465522590559, -169.71428571428672]
SPS=92
Eval at step 1650000, survival=49.157%, return=[-8.464199318841565, 629.5733379870653, -41.60380973306019, -168.95238095238193]
SPS=92
Eval at step 1650500, survival=48.710%, return=[-8.651069300627569, 616.5577783882618, -24.90529369271826, -159.6666666666675]
SPS=92
Eval at step 1651000, survival=100.000%, return=[-6.018536376451569, 1454.2679431140423, -30.42402497958392, -454.99999999999955]
SPS=92
Eval at step 1651500, survival=100.000%, return=[-5.490217933154781, 1477.7387289702892, -16.616949952440336, -471.42857142857116]
SPS=92
Eval at step 1652000, survival=36.607%, return=[-5.283064791467041, 496.7699368596077, -30.355311959865503, -113.47619047619027]
SPS=92
Eval at step 1652500, survival=34.921%, return=[-5.453137967560906, 462.0292323976755, -17.18302759429207, -105.95238095238055]
SPS=92
Eval at step 1653000, survival=100.000%, return=[-13.213759599791956, 1333.3651099105675, -172.99663112309645, -314.01587301587887]
SPS=92
Eval at step 1653500, survival=48.760%, return=[-8.505727165786084, 620.181986540556, -30.28268310634303, -162.71428571428643]
SPS=92
Eval at step 1654000, survival=100.000%, return=[-11.74325987008342, 1361.3099088519812, -172.8539350612118, -326.666666666672]
SPS=92
Eval at step 1654500, survival=49.107%, return=[-8.378607300449707, 626.7926840633154, -36.020723265586035, -167.3015873015883]
SPS=92
Eval at step 1655000, survival=49.157%, return=[-8.361733646917855, 628.2677917778492, -34.64165267534554, -167.66666666666768]
SPS=92
Eval at step 1655500, survival=49.157%, return=[-8.334060540859355, 632.4240522682667, -38.02937822722015, -167.61904761904853]
SPS=92
Eval at step 1656000, survival=49.008%, return=[-8.802344010066008, 628.2301603257656, -42.49942124894005, -159.28571428571453]
SPS=92
Eval at step 1656500, survival=48.661%, return=[-8.840585343365092, 625.9283119738102, -44.1883016731299, -154.00000000000003]
SPS=92
Eval at step 1657000, survival=36.409%, return=[-5.859314301575068, 481.33447939157486, -27.391222495934926, -110.85714285714238]
SPS=92
Eval at step 1657500, survival=34.970%, return=[-5.377077097888105, 464.79813788831234, -23.587274795863777, -100.2857142857141]
SPS=92
Eval at step 1658000, survival=48.562%, return=[-7.6278817743004765, 632.6879141628742, -134.11480384325841, -177.85714285714312]
SPS=92
Eval at step 1658500, survival=36.756%, return=[-5.2963558383635245, 501.27978989481926, -37.98423677566461, -138.09523809523867]
SPS=92
Eval at step 1659000, survival=100.000%, return=[-7.279162933002226, 1407.0645889937878, -29.220140769321006, -439.95238095238136]
SPS=92
Eval at step 1659500, survival=100.000%, return=[-5.981068572829827, 1463.8940615952015, -22.622114408150082, -457.57142857142884]
SPS=92
Eval at step 1660000, survival=100.000%, return=[-6.228044454779592, 1456.324177891016, -19.397781075822422, -462.57142857142827]
SPS=92
Eval at step 1660500, survival=100.000%, return=[-6.240596377363545, 1455.2567428648472, -20.4470344389847, -464.61904761904725]
SPS=92
Eval at step 1661000, survival=100.000%, return=[-6.170147591343266, 1450.245882898569, -13.650051075528609, -458.6190476190473]
SPS=92
Eval at step 1661500, survival=100.000%, return=[-6.176332424642169, 1450.2115457355976, -15.160587480932008, -454.4285714285714]
SPS=92
Eval at step 1662000, survival=100.000%, return=[-6.157408861050499, 1455.0307804048061, -12.906876973574981, -448.9523809523815]
SPS=92
Eval at step 1662500, survival=100.000%, return=[-5.947172841246356, 1461.3873908519745, -20.419451206398662, -444.85714285714363]
SPS=92
Eval at step 1663000, survival=49.157%, return=[-8.269161459582392, 633.0864848047495, -40.881395550095476, -154.04761904762026]
SPS=92
Eval at step 1663500, survival=49.157%, return=[-8.823847693391144, 624.5057228654623, -38.203590677003376, -160.71428571428638]
SPS=92
Eval at step 1664000, survival=49.058%, return=[-8.80604227386842, 632.6024147917827, -39.92516189997938, -159.9682539682543]
SPS=92
Eval at step 1664500, survival=49.008%, return=[-9.15094660181785, 622.6000688523054, -42.05012771373731, -150.69841269841265]
SPS=92
Eval at step 1665000, survival=48.859%, return=[-8.762857629636224, 626.38653348883, -42.85460128909714, -151.07936507936532]
SPS=92
Eval at step 1665500, survival=48.909%, return=[-8.64682179535157, 625.538346350193, -35.25831031729467, -153.00000000000048]
SPS=92
Eval at step 1666000, survival=48.710%, return=[-8.590998856176157, 621.6192129850388, -24.316735247557517, -153.28571428571493]
SPS=92
Eval at step 1666500, survival=48.710%, return=[-8.683953551546438, 617.2279527485371, -19.96381208417006, -158.28571428571507]
SPS=92
Eval at step 1667000, survival=48.710%, return=[-8.694805100967642, 615.9491945207119, -19.512023102724925, -158.9523809523818]
SPS=92
Eval at step 1667500, survival=100.000%, return=[-13.371976245296537, 1294.4353747218847, -249.6663534968684, -239.04761904761844]
SPS=92
Eval at step 1668000, survival=100.000%, return=[-13.06233801409932, 1299.0839085926611, -207.0830748358761, -236.88888888888945]
SPS=92
Eval at step 1668500, survival=59.821%, return=[-10.207387983449735, 726.503885731101, -111.79569160056417, -128.19047619047717]
SPS=92
Eval at step 1669000, survival=49.008%, return=[-8.999334306427045, 626.2584255933762, -38.88277232545079, -152.80952380952382]
SPS=92
Eval at step 1669500, survival=49.058%, return=[-8.984289411862846, 628.8677728623152, -40.51643160171807, -152.3809523809524]
SPS=92
Eval at step 1670000, survival=49.008%, return=[-8.846518173765313, 626.7810231049856, -33.173088277350566, -153.41269841269857]
SPS=92
Eval at step 1670500, survival=49.008%, return=[-9.009870104520814, 627.642807379365, -41.62022228745627, -151.09523809523805]
SPS=92
Eval at step 1671000, survival=49.058%, return=[-9.115834828175139, 628.5626189857721, -45.78306531708222, -150.0952380952379]
SPS=92
Eval at step 1671500, survival=49.058%, return=[-9.090119140833849, 628.3908480852842, -44.22238087921869, -150.71428571428555]
SPS=92
Eval at step 1672000, survival=49.058%, return=[-8.98218444889062, 630.6326536685228, -43.311761953518726, -152.99999999999991]
SPS=92
Eval at step 1672500, survival=49.008%, return=[-8.677592935836097, 636.5456760972738, -38.992369351375, -158.87301587301607]
SPS=92
Eval at step 1673000, survival=49.058%, return=[-8.560055809270125, 634.6851845234632, -33.652795230736956, -161.6190476190481]
SPS=92
Eval at step 1673500, survival=49.008%, return=[-8.486715727398405, 634.4732940942049, -32.5882837640529, -163.1428571428577]
SPS=92
Eval at step 1674000, survival=49.058%, return=[-8.632732381753158, 630.5438901335001, -31.347101912251674, -159.04761904761963]
SPS=92
Eval at step 1674500, survival=49.008%, return=[-8.736885860581728, 621.8891485879818, -34.77744067713502, -159.0952380952388]
SPS=92
Eval at step 1675000, survival=48.661%, return=[-8.609067027020501, 622.4728411436081, -23.537275359994965, -165.76190476190567]
SPS=92
Eval at step 1675500, survival=48.710%, return=[-8.415735798131209, 623.9299555122852, -21.089993421337567, -162.14285714285802]
SPS=92
Eval at step 1676000, survival=13.740%, return=[-2.9164968044497073, 174.24299654364586, -18.405350555840414, -39.04761904761899]
SPS=92
Eval at step 1676500, survival=77.397%, return=[-9.595155400049407, 1042.3894692957401, -142.7664380458494, -234.28571428571823]
SPS=92
Eval at step 1677000, survival=100.000%, return=[-12.131191155325117, 1352.2816929171483, -173.7278763918463, -298.1587301587394]
SPS=92
Eval at step 1677500, survival=48.793%, return=[-8.87355099854176, 622.5834800849358, -34.64730625744172, -163.28571428571482]
SPS=92
Eval at step 1678000, survival=48.958%, return=[-8.907882577041164, 632.0463979542255, -49.46166799622006, -161.47619047619077]
SPS=92
Eval at step 1678500, survival=49.008%, return=[-9.052079242072068, 631.7737025171518, -50.852030521054985, -163.33333333333343]
SPS=92
Eval at step 1679000, survival=49.008%, return=[-9.11780972609995, 628.4646612554789, -51.87281593520311, -161.3333333333334]
SPS=92
Eval at step 1679500, survival=49.058%, return=[-9.140991948981537, 624.0206957608461, -55.0778118064045, -156.66666666666663]
SPS=92
Eval at step 1680000, survival=48.859%, return=[-9.12313125419314, 622.4237257540226, -52.79833831911674, -155.80952380952377]
SPS=92
Eval at step 1680500, survival=48.810%, return=[-8.8523688276764, 625.6819246411324, -66.2708737210778, -148.38095238095246]
SPS=92
Eval at step 1681000, survival=48.810%, return=[-8.927801318699494, 628.4709711968899, -50.11088913641288, -157.4761904761906]
SPS=92
Eval at step 1681500, survival=100.000%, return=[-4.2470557357155485, 1511.7689914306004, -20.227448876782244, -494.73015873015896]
SPS=92
Eval at step 1682000, survival=100.000%, return=[-4.247133638811647, 1511.8900449872017, -17.671253369335318, -493.6190476190479]
SPS=92
Eval at step 1682500, survival=100.000%, return=[-5.3203156596088474, 1479.660268386205, -8.215124211759152, -463.1111111111115]
SPS=92
Eval at step 1683000, survival=100.000%, return=[-4.561194975511171, 1497.6877745687962, -18.01543358946219, -493.2857142857144]
SPS=92
Eval at step 1683500, survival=100.000%, return=[-4.582383233083722, 1496.1536174913247, -18.39314453784027, -493.90476190476176]
SPS=92
Eval at step 1684000, survival=100.000%, return=[-6.41405869841401, 1444.9992048740387, -40.33410640753573, -462.09523809523824]
SPS=92
Eval at step 1684500, survival=100.000%, return=[-4.479302000472671, 1501.8467192649841, -13.957733402494341, -490.2857142857143]
SPS=92
Eval at step 1685000, survival=100.000%, return=[-4.2514189987123245, 1508.3980954289436, -13.661354130599648, -496.190476190476]
SPS=92
Eval at step 1685500, survival=100.000%, return=[-4.28445795045991, 1505.8518471717834, -14.276860991958529, -497.2857142857138]
SPS=92
Eval at step 1686000, survival=100.000%, return=[-13.718072786665289, 1294.9008127897978, -170.85564811888617, -275.5714285714342]
SPS=92
Eval at step 1686500, survival=48.958%, return=[-9.062849647947587, 625.5592229366302, -51.159121985547245, -157.42857142857142]
SPS=92
Eval at step 1687000, survival=48.958%, return=[-9.197667453205213, 622.4113710522652, -54.78975957405055, -154.19047619047612]
SPS=92
Eval at step 1687500, survival=48.810%, return=[-8.342123169655679, 630.5124938189983, -66.14173423193279, -148.90476190476295]
SPS=92
Eval at step 1688000, survival=48.810%, return=[-8.363447110285051, 629.2739941974481, -65.09175862646468, -148.84126984127087]
SPS=92
Eval at step 1688500, survival=48.859%, return=[-9.015646612795535, 627.436251282692, -49.54529133596225, -156.1428571428571]
SPS=92
Eval at step 1689000, survival=49.058%, return=[-8.994300209073117, 631.3315958529711, -48.75314389268169, -157.5238095238095]
SPS=92
Eval at step 1689500, survival=49.058%, return=[-8.941812364530051, 630.6144879609346, -47.528788164199796, -158.2857142857144]
SPS=92
Eval at step 1690000, survival=48.942%, return=[-8.694990456608744, 629.2950507601103, -52.05788897229164, -163.96825396825454]
SPS=92
Eval at step 1690500, survival=48.710%, return=[-8.503253885011267, 625.3051820298036, -38.77125284256181, -164.68253968254044]
SPS=92
Eval at step 1691000, survival=48.710%, return=[-7.846342738659587, 637.8976574838161, -50.58997646410717, -168.57142857143063]
SPS=92
Eval at step 1691500, survival=48.710%, return=[-8.231921251746826, 623.7948696315289, -45.0573874762631, -171.09523809523924]
SPS=92
Eval at step 1692000, survival=48.710%, return=[-8.161575918920184, 625.7393235067526, -38.29754898091778, -172.65079365079487]
SPS=92
Eval at step 1692500, survival=48.710%, return=[-8.246949336520629, 627.2553836107254, -42.041589820873924, -171.71428571428683]
SPS=92
Eval at step 1693000, survival=48.710%, return=[-8.380437478685053, 624.4844779372215, -29.1366575480788, -167.19047619047717]
SPS=92
Eval at step 1693500, survival=48.710%, return=[-8.374941576621495, 625.9123092591763, -25.474819620139897, -166.95238095238193]
SPS=92
Eval at step 1694000, survival=48.710%, return=[-8.489787665894255, 625.6578602492809, -27.40733117592754, -165.00000000000082]
SPS=92
Eval at step 1694500, survival=48.710%, return=[-8.561437699303497, 625.6565028131008, -26.60051484941505, -162.57142857142924]
SPS=92
Eval at step 1695000, survival=49.504%, return=[-7.474646275688428, 648.5780391097069, -93.2641467434587, -151.190476190477]
SPS=92
Eval at step 1695500, survival=48.661%, return=[-7.555012970376993, 647.7657555639744, -22.06244416141999, -178.14285714285975]
SPS=92
Eval at step 1696000, survival=48.661%, return=[-7.805791064398363, 631.4593850374222, -17.81667777468101, -166.4285714285726]
SPS=92
Eval at step 1696500, survival=48.661%, return=[-8.479894736141432, 621.5575939913591, -17.861239284053834, -160.96825396825466]
SPS=92
Eval at step 1697000, survival=48.710%, return=[-8.556128117100647, 625.0705604155859, -25.64472496431942, -162.57142857142915]
SPS=93
Eval at step 1697500, survival=100.000%, return=[-5.721086077828659, 1465.1370450556278, -21.42853447352536, -464.52380952380946]
SPS=93
Eval at step 1698000, survival=100.000%, return=[-6.257017800657195, 1455.454178005457, -31.608256033359794, -458.38095238095343]
SPS=93
Eval at step 1698500, survival=100.000%, return=[-6.361846743180649, 1450.9680349230766, -29.693103964818874, -455.1904761904772]
SPS=93
Eval at step 1699000, survival=100.000%, return=[-7.044645678062807, 1409.8662556111813, -42.277021964400774, -461.33333333333206]
SPS=93
Eval at step 1699500, survival=100.000%, return=[-6.7443929231182365, 1431.0984923442204, -54.155112461933946, -482.6984126984133]
SPS=92
Eval at step 1700000, survival=48.810%, return=[-8.39930693663579, 623.7601804832617, -21.408532710629515, -165.14285714285813]
SPS=93
Eval at step 1700500, survival=48.760%, return=[-6.654534973834719, 674.773274987936, -25.18724973066128, -231.96825396825636]
SPS=93
Eval at step 1701000, survival=100.000%, return=[-9.625298757397104, 1398.3399076759815, -95.53283203335013, -368.00000000000404]
SPS=93
Eval at step 1701500, survival=100.000%, return=[-6.591571028504404, 1429.7175335288048, -36.38645609651576, -454.3809523809527]
SPS=93
Eval at step 1702000, survival=100.000%, return=[-11.464805760309295, 1377.2427896559238, -192.8657123791345, -332.095238095241]
SPS=93
Eval at step 1702500, survival=100.000%, return=[-7.098820293613244, 1420.445717215538, -44.6303718200943, -444.5714285714296]
SPS=93
Eval at step 1703000, survival=100.000%, return=[-6.350757333857473, 1447.5405284017324, -22.043646848323988, -467.9999999999978]
SPS=93
Eval at step 1703500, survival=48.810%, return=[-8.392582861357369, 626.2596713602543, -27.282770246674772, -167.76190476190578]
SPS=93
Eval at step 1704000, survival=48.810%, return=[-8.591785896423971, 624.3047902882099, -26.07099558430491, -161.52380952381017]
SPS=93
Eval at step 1704500, survival=100.000%, return=[-13.29632532488904, 1311.8787677884102, -157.99138811475132, -296.2857142857224]
SPS=93
Eval at step 1705000, survival=42.163%, return=[-6.57245562740718, 549.3310177624226, -95.36433927030885, -148.09523809523927]
SPS=93
Eval at step 1705500, survival=35.169%, return=[-5.483051004644949, 467.90824750065804, -18.882161275541876, -106.80952380952336]
SPS=93
Eval at step 1706000, survival=100.000%, return=[-5.945411216176581, 1459.6474654078484, -13.402105417335406, -468.2380952380941]
SPS=93
Eval at step 1706500, survival=100.000%, return=[-5.832026900839992, 1458.9542867541313, -19.276018137461506, -454.23809523809496]
SPS=93
Eval at step 1707000, survival=100.000%, return=[-5.385770451757708, 1474.202886968851, -8.24092169670621, -466.80952380952317]
SPS=93
Eval at step 1707500, survival=48.661%, return=[-7.884310307825217, 629.3322259783745, -45.84004159856704, -137.52380952381029]
SPS=93
Eval at step 1708000, survival=100.000%, return=[-5.416969324185629, 1474.6985787451267, -14.290860069304472, -464.95238095238045]
SPS=93
Eval at step 1708500, survival=100.000%, return=[-5.452107153163524, 1472.8871468305588, -16.93797874293523, -466.5714285714278]
SPS=93
Eval at step 1709000, survival=100.000%, return=[-5.379244300973369, 1480.965272217989, -19.420690194092458, -477.5714285714277]
SPS=93
Eval at step 1709500, survival=55.010%, return=[-9.819021569390316, 695.635229870677, -50.51198845991166, -195.28571428571618]
SPS=93
Eval at step 1710000, survival=100.000%, return=[-5.344390032987576, 1482.3160501420498, -11.549649992666673, -475.857142857142]
SPS=93
Eval at step 1710500, survival=100.000%, return=[-5.4175831011477085, 1472.7801151474316, -12.041591120650992, -467.5238095238089]
SPS=93
Eval at step 1711000, survival=57.986%, return=[-9.784758577909088, 729.6517099738121, -101.6048385666727, -168.00000000000279]
SPS=93
Eval at step 1711500, survival=100.000%, return=[-4.206839601829415, 1510.4785437583923, -9.828211257699877, -502.28571428571286]
SPS=93
Eval at step 1712000, survival=100.000%, return=[-5.455429484078195, 1474.4321306049824, -23.21441124222474, -475.571428571427]
SPS=93
Eval at step 1712500, survival=100.000%, return=[-5.487247886533926, 1472.2509977718194, -9.976100154599408, -468.39682539682434]
SPS=93
Eval at step 1713000, survival=48.810%, return=[-8.535712371056434, 621.1834175288677, -30.831484560039826, -164.71428571428666]
SPS=93
Eval at step 1713500, survival=100.000%, return=[-5.477713522763224, 1472.477501342694, -8.240998958208365, -467.8095238095228]
SPS=93
Eval at step 1714000, survival=100.000%, return=[-5.460863004831481, 1472.872835189104, -7.8478833043482155, -466.7619047619039]
SPS=93
Eval at step 1714500, survival=100.000%, return=[-5.452667414516327, 1472.8152500987053, -8.564068110426888, -465.9523809523803]
SPS=93
Eval at step 1715000, survival=100.000%, return=[-5.469970121761435, 1473.367077499628, -9.978181471087737, -464.9999999999995]
SPS=93
Eval at step 1715500, survival=100.000%, return=[-5.759168899123324, 1461.9014820754528, -19.347437019605422, -466.76190476190385]
SPS=93
Eval at step 1716000, survival=100.000%, return=[-5.450820474026841, 1474.291966855526, -12.727196656633168, -466.95238095238005]
SPS=93
Eval at step 1716500, survival=100.000%, return=[-5.416630752370111, 1474.480867455403, -8.800925817340612, -465.31746031745973]
SPS=93
Eval at step 1717000, survival=48.909%, return=[-7.09945414782851, 642.7422836124897, -89.45569605974015, -116.66666666666727]
SPS=93
Eval at step 1717500, survival=100.000%, return=[-5.693281081257737, 1465.7962964177132, -16.05013559004874, -455.5714285714284]
SPS=93
Eval at step 1718000, survival=100.000%, return=[-5.331021541016526, 1477.9629991948605, -5.384328541258583, -466.47619047618974]
SPS=93
Eval at step 1718500, survival=100.000%, return=[-5.404045029208646, 1474.9649557769299, -3.8913407851941884, -466.66666666666606]
SPS=93
Eval at step 1719000, survival=100.000%, return=[-5.459279361661174, 1472.9228358864784, -4.616496857634047, -464.2857142857137]
SPS=93
Eval at step 1719500, survival=100.000%, return=[-5.441553733049659, 1475.1830629706383, -8.09149497668841, -463.80952380952345]
SPS=93
Eval at step 1720000, survival=100.000%, return=[-5.4450424489041325, 1474.472485780716, -5.1245262373413425, -462.61904761904725]
SPS=93
Eval at step 1720500, survival=100.000%, return=[-5.250607972571743, 1527.944318463405, -6.779187565407483, -560.3333333333348]
SPS=93
Eval at step 1721000, survival=48.760%, return=[-8.652186703402549, 624.7832556962967, -26.992465698713204, -177.33333333333465]
SPS=93
Eval at step 1721500, survival=48.760%, return=[-8.698118191328831, 624.8698506057262, -34.208903232211014, -177.09523809523935]
SPS=93
Eval at step 1722000, survival=100.000%, return=[-5.325755082987598, 1483.1054756939411, -29.500793565966887, -469.2380952380947]
SPS=93
Eval at step 1722500, survival=100.000%, return=[-5.331973399966955, 1550.067835599184, -22.1349485963583, -608.2857142857171]
SPS=93
Eval at step 1723000, survival=100.000%, return=[-5.318363711121492, 1550.7282980382442, -23.30049142241478, -609.190476190479]
SPS=93
Eval at step 1723500, survival=100.000%, return=[-5.29924364562612, 1551.2116226255894, -21.00283496081829, -609.7619047619077]
SPS=93
Eval at step 1724000, survival=100.000%, return=[-5.296066986843168, 1550.792246689399, -19.292900823056698, -609.6507936507966]
SPS=93
Eval at step 1724500, survival=100.000%, return=[-5.365353622037219, 1478.211750715971, -3.81978191100643, -464.80952380952294]
SPS=93
Eval at step 1725000, survival=100.000%, return=[-5.393943207280245, 1477.0177439153194, -3.81978191100643, -464.8095238095228]
SPS=93
Eval at step 1725500, survival=48.810%, return=[-8.249411299446365, 615.2265529036522, -12.373838613857515, -171.09523809523952]
SPS=93
Eval at step 1726000, survival=48.760%, return=[-8.305792787083192, 618.7241990566254, -12.397549099841854, -168.4285714285726]
SPS=93
Eval at step 1726500, survival=100.000%, return=[-5.319531106739305, 1550.1348385810852, -17.090049237012863, -607.8095238095265]
SPS=93
Eval at step 1727000, survival=48.710%, return=[-8.45846276381053, 619.2719151675701, -10.120655908249319, -163.7619047619056]
SPS=93
Eval at step 1727500, survival=48.661%, return=[-8.455572170147207, 619.3587578833103, -10.723709863232216, -162.76190476190556]
SPS=93
Eval at step 1728000, survival=48.710%, return=[-8.473839431826491, 619.5324153006077, -10.378962497925386, -163.38095238095318]
SPS=93
Eval at step 1728500, survival=48.859%, return=[-8.958297339171017, 628.3518263200918, -36.3171374029965, -170.82539682539775]
SPS=93
Eval at step 1729000, survival=40.327%, return=[-5.246702480624663, 537.2001206129789, -23.17768825672829, -147.2380952380958]
SPS=93
Eval at step 1729500, survival=100.000%, return=[-8.473182269614577, 1455.2494694118698, -63.17178446536369, -432.82539682540454]
SPS=93
Eval at step 1730000, survival=39.881%, return=[-5.202579467906617, 529.4026077985764, -15.42747232138936, -143.90476190476295]
SPS=93
Eval at step 1730500, survival=48.760%, return=[-8.522735509934137, 620.9167947471142, -19.47680556346313, -162.61904761904833]
SPS=93
Eval at step 1731000, survival=48.760%, return=[-8.95630783366505, 627.1955391168594, -34.21482859921525, -170.28571428571522]
SPS=93
Eval at step 1731500, survival=48.760%, return=[-8.563733538176166, 619.6436032056808, -33.22222709786729, -163.14285714285793]
SPS=93
Eval at step 1732000, survival=48.810%, return=[-8.537826095009223, 619.9228465855122, -31.885137565841433, -164.33333333333422]
SPS=93
Eval at step 1732500, survival=46.925%, return=[-7.558618959107359, 622.1641820420822, -41.11019788280828, -171.14285714285882]
SPS=93
Eval at step 1733000, survival=100.000%, return=[-5.327086800942197, 1551.0985715091228, -21.81699551641941, -608.5714285714313]
SPS=93
Eval at step 1733500, survival=100.000%, return=[-5.310862883925438, 1550.8347819149494, -21.81699551641941, -609.0476190476219]
SPS=93
Eval at step 1734000, survival=100.000%, return=[-5.301948469306808, 1550.814778059721, -19.747060164809227, -609.0952380952409]
SPS=93
Eval at step 1734500, survival=100.000%, return=[-5.301948469306808, 1550.814778059721, -19.747060164809227, -609.0952380952409]
SPS=93
Eval at step 1735000, survival=100.000%, return=[-5.788870798656717, 1536.714374884963, -37.04038902069442, -597.0476190476202]
SPS=93
Eval at step 1735500, survival=100.000%, return=[-5.319051283411682, 1550.8559710085392, -23.00237827003002, -609.190476190479]
SPS=93
Eval at step 1736000, survival=100.000%, return=[-5.779587556608021, 1535.909191839397, -27.569895854685456, -595.8095238095248]
SPS=93
Eval at step 1736500, survival=48.859%, return=[-8.514453404553933, 621.7682624906301, -34.61604777039611, -166.85714285714377]
SPS=93
Eval at step 1737000, survival=100.000%, return=[-5.84556963685706, 1535.845244211455, -23.58931866066996, -546.6031746031696]
SPS=93
Eval at step 1737500, survival=100.000%, return=[-5.929935079979866, 1532.4938949396212, -38.591100156190805, -541.4285714285656]
SPS=93
Eval at step 1738000, survival=100.000%, return=[-5.847689645452192, 1535.7512906640768, -39.65139941719826, -541.0476190476132]
SPS=93
Eval at step 1738500, survival=48.760%, return=[-8.743938924220856, 619.613549053669, -57.840119087923085, -163.95238095238162]
SPS=93
Eval at step 1739000, survival=39.236%, return=[-6.629247859091265, 506.0768581032753, -45.99308457603911, -119.6190476190473]
SPS=93
Eval at step 1739500, survival=48.760%, return=[-9.078001067449804, 619.3560628443956, -62.644980903569376, -158.0476190476191]
SPS=93
Eval at step 1740000, survival=48.760%, return=[-9.254897318198346, 629.7126428484917, -44.11530195895466, -165.4285714285718]
SPS=93
Eval at step 1740500, survival=48.760%, return=[-8.869786182379661, 631.9073892931143, -47.42317645563162, -166.730158730159]
SPS=93
Eval at step 1741000, survival=48.760%, return=[-9.181257853876255, 618.8955334375302, -66.90507351095827, -153.74603174603166]
SPS=93
Eval at step 1741500, survival=48.810%, return=[-8.993861347436905, 632.8213488142937, -53.06556944487966, -165.28571428571442]
SPS=93
Eval at step 1742000, survival=48.810%, return=[-9.182910947158234, 619.7842181455344, -71.63246181895374, -156.80952380952382]
SPS=93
Eval at step 1742500, survival=48.810%, return=[-9.128796245582635, 619.1214524060488, -61.140252643381245, -157.57142857142864]
SPS=93
Eval at step 1743000, survival=39.187%, return=[-4.434000797366025, 588.0514642745256, -50.66193014907185, -173.7142857142875]
SPS=93
Eval at step 1743500, survival=48.760%, return=[-9.043193687946768, 621.0177159383893, -59.754935268865665, -156.85714285714292]
SPS=93
Eval at step 1744000, survival=39.187%, return=[-4.407921826496022, 586.6608145982027, -33.9722866617376, -171.80952380952564]
SPS=93
Eval at step 1744500, survival=48.810%, return=[-11.233532810525503, 551.3552043586969, -52.19469365576515, -137.95238095238093]
SPS=93
Eval at step 1745000, survival=100.000%, return=[-12.095451094821328, 1399.7473354935646, -124.45526664625504, -374.3809523809594]
SPS=93
Eval at step 1745500, survival=100.000%, return=[-17.292216861465324, 1210.2269538740318, -109.61637338521541, -290.6984126984204]
SPS=93
Eval at step 1746000, survival=100.000%, return=[-8.865499272244051, 1462.4466443061829, -44.73381676943973, -502.4285714285633]
SPS=93
Eval at step 1746500, survival=48.810%, return=[-11.528106868907344, 551.5345949530602, -52.30739758146228, -140.00000000000014]
SPS=93
Eval at step 1747000, survival=100.000%, return=[-11.393521801626775, 1395.400656029582, -183.9178162083408, -361.38095238095633]
SPS=93
Eval at step 1747500, survival=48.760%, return=[-9.413960963720456, 630.4037915468216, -53.78380558613571, -162.95238095238116]
SPS=93
Eval at step 1748000, survival=61.409%, return=[-10.034586983063491, 791.0624742433429, -185.39837572079705, -203.42857142857352]
SPS=93
Eval at step 1748500, survival=48.810%, return=[-8.93033380995621, 633.2832518517971, -52.504700702556875, -164.76190476190493]
SPS=93
Eval at step 1749000, survival=100.000%, return=[-11.560129016521387, 1399.364188797772, -203.65151615842478, -376.3333333333344]
SPS=93
Eval at step 1749500, survival=48.760%, return=[-9.048966822068905, 624.4180829972029, -67.31284504334326, -156.90476190476184]
SPS=93
Eval at step 1750000, survival=48.760%, return=[-9.004650723043596, 624.8494929820299, -58.24302566688857, -155.71428571428564]
SPS=93
Eval at step 1750500, survival=48.760%, return=[-9.060061548778322, 624.7347023934126, -58.166250972863054, -154.095238095238]
SPS=93
Eval at step 1751000, survival=48.810%, return=[-9.190971870208159, 621.535411760211, -58.33406904421281, -152.66666666666654]
SPS=93
Eval at step 1751500, survival=100.000%, return=[-5.470208166312659, 1476.6778127402067, -32.33427988248877, -471.1428571428557]
SPS=93
Eval at step 1752000, survival=100.000%, return=[-5.460827370610787, 1476.7034830451012, -21.995341269357596, -468.9999999999986]
SPS=93
Eval at step 1752500, survival=100.000%, return=[-5.506276759755565, 1475.9702770411968, -27.581547008594498, -467.42857142857036]
SPS=93
Eval at step 1753000, survival=100.000%, return=[-5.464541977067711, 1478.4613291621208, -27.9830308855162, -471.809523809522]
SPS=93
Eval at step 1753500, survival=100.000%, return=[-5.3486344869597815, 1482.1582841575146, -25.225325627543498, -480.47619047618815]
SPS=93
Eval at step 1754000, survival=100.000%, return=[-5.286194818414515, 1483.4907830655575, -21.828202449396485, -478.23809523809314]
SPS=93
Eval at step 1754500, survival=100.000%, return=[-5.3348505250614835, 1481.1800236403942, -19.55267778248526, -471.57142857142713]
SPS=93
Eval at step 1755000, survival=100.000%, return=[-5.377101565458967, 1478.7087206840515, -20.347401887120213, -468.3492063492052]
SPS=93
Eval at step 1755500, survival=100.000%, return=[-5.435525126231369, 1476.2701441645622, -21.398343486944214, -464.66666666666583]
SPS=93
Eval at step 1756000, survival=48.760%, return=[-8.998082913924009, 623.5787260830402, -47.05286723197787, -155.5714285714285]
SPS=93
Eval at step 1756500, survival=48.760%, return=[-9.045656844886253, 624.2502980306745, -60.63976769000874, -156.28571428571422]
SPS=93
Eval at step 1757000, survival=48.760%, return=[-9.132144692121074, 629.0272845923901, -52.415217477682745, -160.42857142857156]
SPS=93
Eval at step 1757500, survival=100.000%, return=[-5.308638947142754, 1551.48495849967, -24.973706305027008, -609.6666666666696]
SPS=93
Eval at step 1758000, survival=100.000%, return=[-5.308638947142754, 1551.48495849967, -24.973706305027008, -609.6666666666696]
SPS=93
Eval at step 1758500, survival=48.562%, return=[-7.47220019181259, 639.0419899001718, -41.720957051438745, -165.09523809523938]
SPS=93
Eval at step 1759000, survival=48.810%, return=[-8.546857335866662, 620.1635752692819, -41.433255049341824, -166.09523809523907]
SPS=93
Eval at step 1759500, survival=48.810%, return=[-8.436586840776727, 626.1586908400059, -35.98717411456164, -165.2857142857152]
SPS=93
Eval at step 1760000, survival=48.810%, return=[-8.726641733403085, 619.8824998289347, -49.16384054289665, -163.88888888888962]
SPS=93
Eval at step 1760500, survival=48.909%, return=[-8.804431802796898, 620.8567384630442, -55.00754046195652, -160.80952380952434]
SPS=93
Eval at step 1761000, survival=48.810%, return=[-9.018862911354518, 621.3176699727774, -58.79379983001854, -157.00000000000009]
SPS=93
Eval at step 1761500, survival=48.810%, return=[-8.999727171234554, 621.2428917537133, -57.992007641781434, -157.34920634920647]
SPS=93
Eval at step 1762000, survival=48.760%, return=[-7.866492188593838, 652.7832981199026, -58.10324897887767, -167.380952380953]
SPS=93
Eval at step 1762500, survival=48.810%, return=[-9.0079261927458, 622.199381813407, -58.00294231332373, -158.95238095238108]
SPS=93
Eval at step 1763000, survival=100.000%, return=[-4.218063836233341, 1520.2370099127293, -27.567959861044073, -493.5714285714278]
SPS=93
Eval at step 1763500, survival=100.000%, return=[-4.219115400890587, 1520.3451351821423, -27.567959861044073, -493.61904761904685]
SPS=93
Eval at step 1764000, survival=100.000%, return=[-5.521484524972038, 1475.6911306207378, -33.481493858853355, -465.5238095238088]
SPS=93
Eval at step 1764500, survival=50.198%, return=[-8.514930484176148, 646.2228567302227, -61.663019501684175, -152.90476190476355]
SPS=93
Eval at step 1765000, survival=57.589%, return=[-10.953936410689494, 709.475625783205, -340.07995817864867, -184.33333333333613]
SPS=93
Eval at step 1765500, survival=57.589%, return=[-11.278978775342694, 700.2587295696139, -358.3406127235139, -182.52380952381228]
SPS=93
Eval at step 1766000, survival=33.631%, return=[-3.121579401253257, 497.6927273571491, -75.43457900872454, -185.98412698412758]
SPS=93
Eval at step 1766500, survival=55.456%, return=[-10.913229032303207, 679.3463807404041, -122.35214503889438, -159.38095238095227]
SPS=93
Eval at step 1767000, survival=33.681%, return=[-3.277365887615209, 496.9765106042226, -80.47404258880609, -185.1587301587309]
SPS=93
Eval at step 1767500, survival=100.000%, return=[-5.313668067974504, 1551.090667128563, -24.940425604581833, -609.2857142857172]
SPS=93
Eval at step 1768000, survival=48.958%, return=[-8.65887102659326, 628.0169370472431, -44.747950326272985, -170.33333333333437]
SPS=93
Eval at step 1768500, survival=57.887%, return=[-11.743927821788626, 703.7172740499178, -390.49725650989177, -208.26984126984374]
SPS=93
Eval at step 1769000, survival=55.688%, return=[-6.549729452293832, 768.1281295120716, -44.56715471492013, -225.8571428571411]
SPS=93
Eval at step 1769500, survival=57.837%, return=[-11.709091854223516, 697.3510380238295, -385.408621612587, -201.66666666666893]
SPS=93
Eval at step 1770000, survival=59.028%, return=[-9.66459874282009, 729.4672889014086, -301.229999766947, -217.8253968253971]
SPS=93
Eval at step 1770500, survival=100.000%, return=[-8.121854826036724, 1433.9106034239132, -61.26038664932518, -453.41269841270673]
SPS=93
Eval at step 1771000, survival=100.000%, return=[-8.74146907166869, 1415.2047769924004, -59.04393234076755, -445.3492063492146]
SPS=93
Eval at step 1771500, survival=48.909%, return=[-8.730583192256745, 621.7518777251244, -43.94769198202994, -160.95238095238147]
SPS=93
Eval at step 1772000, survival=100.000%, return=[-5.304038646048866, 1550.6784515082836, -20.502721518278122, -609.0000000000028]
SPS=93
Eval at step 1772500, survival=100.000%, return=[-5.304038646048866, 1550.6784515082836, -20.502721518278122, -609.0000000000028]
SPS=93
Eval at step 1773000, survival=100.000%, return=[-14.00660329562379, 1288.8482746183872, -177.28174027801288, -294.28571428572064]
SPS=93
Eval at step 1773500, survival=100.000%, return=[-14.422313219494148, 1283.7698106318712, -191.99489530602781, -258.4285714285753]
SPS=93
Eval at step 1774000, survival=100.000%, return=[-13.377942645834992, 1299.1580507010221, -198.80674366431776, -267.90476190476625]
SPS=93
Eval at step 1774500, survival=58.829%, return=[-10.36432381629129, 722.4082877933979, -313.7872487185814, -203.76190476190402]
SPS=93
Eval at step 1775000, survival=58.730%, return=[-10.333478870277759, 721.9692212045193, -309.6038856364612, -203.71428571428498]
SPS=93
Eval at step 1775500, survival=100.000%, return=[-14.315974447861663, 1293.9049066454172, -176.21370992870652, -285.6190476190521]
SPS=93
Eval at step 1776000, survival=34.921%, return=[-5.5628807279863395, 462.47467778623104, -32.278721765615046, -103.47619047619007]
SPS=93
Eval at step 1776500, survival=44.643%, return=[-6.425578479276737, 565.1145576536655, -292.21973212270314, -156.7142857142855]
SPS=93
Eval at step 1777000, survival=32.341%, return=[-2.3166665422031656, 500.5738477110863, -33.05558237800142, -182.61904761904802]
SPS=93
Eval at step 1777500, survival=44.692%, return=[-6.65693441737676, 561.0662460848689, -329.1735845990479, -158.90476190476159]
SPS=93
Eval at step 1778000, survival=51.141%, return=[-9.931167426519096, 634.7096918101112, -174.54423716660435, -169.53968253968338]
SPS=93
Eval at step 1778500, survival=51.736%, return=[-9.840414624690311, 646.0870563834906, -171.91208855772857, -173.7619047619058]
SPS=93
Eval at step 1779000, survival=51.290%, return=[-9.597375759340744, 643.8439467946688, -146.28855318544083, -174.44444444444548]
SPS=93
Eval at step 1779500, survival=48.958%, return=[-8.722544227726758, 626.7186625003815, -50.28882721424452, -163.80952380952434]
SPS=93
Eval at step 1780000, survival=36.260%, return=[-5.770469899308712, 483.089938690265, -37.44294925854774, -113.42857142857089]
SPS=93
Eval at step 1780500, survival=49.950%, return=[-8.74150443263352, 638.8547101318836, -58.077946330849954, -153.00000000000145]
SPS=93
Eval at step 1781000, survival=100.000%, return=[-16.79702921860735, 1229.7232195734978, -73.1617277265832, -290.7142857142916]
SPS=93
Eval at step 1781500, survival=50.198%, return=[-8.57358823803952, 650.9103554869071, -61.40600880837155, -154.52380952381094]
SPS=93
Eval at step 1782000, survival=100.000%, return=[-16.5973672469554, 1234.5045059025288, -80.19592491724325, -288.0000000000062]
SPS=93
Eval at step 1782500, survival=87.649%, return=[-15.366431212925818, 1079.9946628188093, -84.89806054769967, -261.0158730158778]
SPS=93
Eval at step 1783000, survival=100.000%, return=[-18.580014265608042, 1186.509230658412, -172.61241453652474, -261.47619047619173]
SPS=93
Eval at step 1783500, survival=48.760%, return=[-9.011129104027836, 628.1312592482815, -60.72588598370203, -156.99999999999994]
SPS=93
Eval at step 1784000, survival=100.000%, return=[-5.320230942743365, 1551.2600218355656, -26.1866907030344, -609.3333333333362]
SPS=93
Eval at step 1784500, survival=4.067%, return=[-1.4579915523645468, 54.09586030244827, -26.238728389143944, -11.428571428571429]
SPS=93
Eval at step 1785000, survival=4.067%, return=[-1.4579915523645468, 54.09586030244827, -26.238728389143944, -11.428571428571429]
SPS=93
Eval at step 1785500, survival=4.067%, return=[-1.4579915523645468, 54.09586030244827, -26.238728389143944, -11.428571428571429]
SPS=93
Eval at step 1786000, survival=4.067%, return=[-1.4579915523645468, 54.09586030244827, -26.238728389143944, -11.428571428571429]
SPS=93
Eval at step 1786500, survival=4.067%, return=[-1.4579915523645468, 54.09586030244827, -26.238728389143944, -11.428571428571429]
SPS=93
Eval at step 1787000, survival=48.810%, return=[-9.205850969359744, 625.6349383872002, -64.1552290416439, -158.61904761904765]
SPS=93
Eval at step 1787500, survival=50.198%, return=[-11.926652345980983, 542.8105473602191, -105.8781246397848, -131.00000000000153]
SPS=93
Eval at step 1788000, survival=48.810%, return=[-9.487167528190184, 629.2902568280697, -58.38919267014717, -162.80952380952397]
SPS=93
Eval at step 1788500, survival=100.000%, return=[-5.324180694471579, 1551.5914860963821, -29.02323879301548, -609.6190476190505]
SPS=93
Eval at step 1789000, survival=4.216%, return=[-1.4890405343612656, 57.75259625911713, -35.24468906223774, -12.285714285714283]
SPS=93
Eval at step 1789500, survival=48.909%, return=[-7.516611732765644, 643.6116569340229, -65.75654988215926, -173.68253968254112]
SPS=93
Eval at step 1790000, survival=4.067%, return=[-1.4658932628226466, 55.25186362862587, -32.103281915187836, -11.809523809523808]
SPS=93
Eval at step 1790500, survival=4.067%, return=[-1.4658932628226466, 55.25186362862587, -32.103281915187836, -11.809523809523808]
SPS=93
Eval at step 1791000, survival=4.067%, return=[-1.4658932628226466, 55.25186362862587, -32.103281915187836, -11.809523809523808]
SPS=94
Eval at step 1791500, survival=4.067%, return=[-1.4658932628226466, 55.25186362862587, -32.103281915187836, -11.809523809523808]
SPS=94
Eval at step 1792000, survival=4.067%, return=[-1.4658932628226466, 55.25186362862587, -32.103281915187836, -11.809523809523808]
SPS=94
Eval at step 1792500, survival=4.067%, return=[-1.4658932628226466, 55.25186362862587, -32.103281915187836, -11.809523809523808]
SPS=94
Eval at step 1793000, survival=4.216%, return=[-1.4890405343612656, 57.75259625911713, -35.24468906223774, -12.285714285714283]
SPS=94
Eval at step 1793500, survival=4.216%, return=[-1.4890405343612656, 57.75259625911713, -35.24468906223774, -12.285714285714283]
SPS=94
Eval at step 1794000, survival=4.067%, return=[-1.4695009441347793, 55.872448444366455, -35.09416118264198, -11.999999999999998]
SPS=94
Eval at step 1794500, survival=59.325%, return=[-6.588829007232562, 862.8095656633377, -324.27325698474306, -285.8571428571448]
SPS=94
Eval at step 1795000, survival=58.383%, return=[-7.725296908436576, 810.9004603326321, -319.5198571868241, -250.42857142857397]
SPS=94
Eval at step 1795500, survival=32.292%, return=[-3.2333347578532994, 412.13090083003044, -54.96644833270693, -198.00000000000043]
SPS=94
Eval at step 1796000, survival=4.067%, return=[-1.4695009441347793, 55.872448444366455, -35.09416118264198, -11.999999999999998]
SPS=94
Eval at step 1796500, survival=4.067%, return=[-1.4695009441347793, 55.872448444366455, -35.09416118264198, -11.999999999999998]
SPS=94
Eval at step 1797000, survival=4.067%, return=[-1.4695009441347793, 55.872448444366455, -35.09416118264198, -11.999999999999998]
SPS=94
Eval at step 1797500, survival=100.000%, return=[-13.474258625064977, 1310.9339610934258, -242.8384778228792, -290.61904761905527]
SPS=94
Eval at step 1798000, survival=20.089%, return=[-3.2383354981720913, 269.0357793569565, -45.20086447999347, -61.90476190476185]
SPS=94
Eval at step 1798500, survival=39.435%, return=[-4.356824252919371, 502.9800165047248, -556.5129680904405, -177.66666666666688]
SPS=94
Eval at step 1799000, survival=36.409%, return=[-4.625981602963293, 504.2993020862341, -54.06985478650313, -124.7142857142856]
SPS=94
Eval at step 1799500, survival=100.000%, return=[-4.508180454247243, 1500.7561227182548, -41.077242757892236, -512.3333333333308]
SPS=94
Eval at step 1800000, survival=48.760%, return=[-8.908372463600244, 621.1419260402521, -54.881991679916005, -161.0476190476194]
SPS=94
Eval at step 1800500, survival=48.810%, return=[-8.877735164617965, 622.4242303073406, -52.75821897783317, -161.49206349206383]
SPS=94
Eval at step 1801000, survival=48.760%, return=[-9.02617896461743, 620.2060560286045, -58.044185695180204, -158.8888888888891]
SPS=94
Eval at step 1801500, survival=48.727%, return=[-8.943067719306176, 623.3256386717161, -56.19218616038173, -159.38095238095255]
SPS=94
Eval at step 1802000, survival=32.391%, return=[-2.2239416886586696, 518.0037592947483, -38.421281445771456, -157.0952380952388]
SPS=94
Eval at step 1802500, survival=33.631%, return=[-3.0790080891844505, 500.99157577753067, -65.10222846176475, -182.9206349206357]
SPS=94
Eval at step 1803000, survival=32.341%, return=[-3.2247735608834773, 412.58616441488266, -54.14811412949348, -196.61904761904802]
SPS=94
Eval at step 1803500, survival=32.341%, return=[-2.336443347245222, 498.06501430273056, -38.28980888793012, -181.28571428571468]
SPS=94
Eval at step 1804000, survival=100.000%, return=[-4.262591695034644, 1513.395102083683, -33.85770622873679, -505.52380952380776]
SPS=94
Eval at step 1804500, survival=100.000%, return=[-4.268056730215903, 1513.2035052776337, -33.85770622873679, -504.4285714285699]
SPS=94
Eval at step 1805000, survival=100.000%, return=[-4.2788237354058465, 1513.5253532926242, -33.85770622873679, -500.285714285713]
SPS=94
Eval at step 1805500, survival=100.000%, return=[-4.28508994288859, 1514.1099026799202, -33.80856624353328, -496.52380952380867]
SPS=94
Eval at step 1806000, survival=100.000%, return=[-4.272814466288158, 1521.4967525601387, -33.80856624353328, -485.0634920634932]
SPS=94
Eval at step 1806500, survival=37.748%, return=[-2.579883344558766, 612.5070075392723, -35.7781246304512, -180.71428571428635]
SPS=94
Eval at step 1807000, survival=38.542%, return=[-2.668692803243175, 624.5751782655716, -37.97724669333547, -183.38095238095312]
SPS=94
Eval at step 1807500, survival=100.000%, return=[-3.5258323040034156, 1610.9618815581005, -48.65770112606697, -550.0317460317426]
SPS=94
Eval at step 1808000, survival=100.000%, return=[-3.829335479909787, 1587.2293101549149, -55.04008675809018, -564.5714285714268]
SPS=94
Eval at step 1808500, survival=100.000%, return=[-3.756871535636795, 1609.4737119997542, -69.52484630281106, -539.095238095233]
SPS=94
Eval at step 1809000, survival=65.873%, return=[-3.527682774050239, 1042.1747922499974, -35.92335590714356, -370.4920634920613]
SPS=94
Eval at step 1809500, survival=32.341%, return=[-2.3062389515980612, 502.8185828924179, -38.28980888793012, -183.19047619047652]
SPS=94
Eval at step 1810000, survival=100.000%, return=[-4.674202148307813, 1578.7077652812004, -30.817531822249293, -477.92063492064034]
SPS=94
Eval at step 1810500, survival=100.000%, return=[-4.293609885207843, 1518.8094674944878, -33.85770622873679, -484.9523809523824]
SPS=94
Eval at step 1811000, survival=27.331%, return=[-2.5903693712316453, 417.64466828107834, -35.38591594900936, -126.95238095238172]
SPS=94
Eval at step 1811500, survival=32.391%, return=[-2.315991326671792, 500.6247065961361, -35.43961672898149, -180.8571428571432]
SPS=94
Eval at step 1812000, survival=100.000%, return=[-4.2990051567030605, 1514.0015891194344, -31.707911775592947, -493.571428571428]
SPS=94
Eval at step 1812500, survival=100.000%, return=[-4.29469749861164, 1513.6755737662315, -32.737643853906775, -495.23809523809456]
SPS=94
Eval at step 1813000, survival=100.000%, return=[-4.28701923994231, 1517.8230543732643, -32.737643853906775, -487.5238095238106]
SPS=94
Eval at step 1813500, survival=100.000%, return=[-4.286591267242329, 1517.742162823677, -32.737643853906775, -487.85714285714386]
SPS=94
Eval at step 1814000, survival=100.000%, return=[-4.293679389942554, 1516.3317211270332, -32.737643853906775, -491.76190476190436]
SPS=94
Eval at step 1814500, survival=100.000%, return=[-4.2676231556833955, 1521.4708460569382, -31.573799441102892, -489.47619047618997]
SPS=94
Eval at step 1815000, survival=100.000%, return=[-4.278998619469348, 1522.2678523659706, -32.786783839110285, -487.9999999999998]
SPS=94
Eval at step 1815500, survival=100.000%, return=[-5.266098756789385, 1474.24042203029, -36.41565277823247, -523.9047619047558]
SPS=94
Eval at step 1816000, survival=33.681%, return=[-3.0195735773595516, 499.2098306119442, -80.89430888765492, -189.33333333333385]
SPS=94
Eval at step 1816500, survival=36.111%, return=[-5.774624390061945, 481.6741377413273, -34.928745650686324, -116.28571428571392]
SPS=94
Eval at step 1817000, survival=35.714%, return=[-5.841976067400537, 477.9552925080061, -36.591870202100836, -113.76190476190425]
SPS=94
Eval at step 1817500, survival=48.859%, return=[-9.081353847985156, 627.5546960234642, -54.364446500403574, -162.04761904761938]
SPS=94
Eval at step 1818000, survival=48.859%, return=[-9.046437781575756, 628.2512642045816, -55.813210734874396, -162.22222222222254]
SPS=94
Eval at step 1818500, survival=99.554%, return=[-5.352598006691551, 1566.223530928294, -32.960541859210934, -584.3174603174613]
SPS=94
Eval at step 1819000, survival=100.000%, return=[-4.489145520337236, 1566.3005951046944, -27.873164832999464, -585.6984126984138]
SPS=94
Eval at step 1819500, survival=100.000%, return=[-4.498248081819232, 1571.6013099948566, -27.873164832999464, -580.126984126985]
SPS=94
Eval at step 1820000, survival=85.119%, return=[-6.941267814836465, 1243.1228634417057, -51.14582127745962, -388.42857142857065]
SPS=94
Eval at step 1820500, survival=48.859%, return=[-8.846913051907904, 627.6539941430092, -49.262520499614766, -166.66666666666742]
SPS=94
Eval at step 1821000, survival=100.000%, return=[-6.6793066757090855, 1432.8436340093613, -36.483087110100314, -503.52380952380605]
SPS=94
Eval at step 1821500, survival=4.216%, return=[-1.4890405343612656, 57.75259625911713, -35.24468906223774, -12.285714285714283]
SPS=94
Eval at step 1822000, survival=48.661%, return=[-9.41860774718225, 628.384847164154, -55.55222074777703, -162.52380952380972]
SPS=94
Eval at step 1822500, survival=4.067%, return=[-1.4695009441347793, 55.872448444366455, -35.09416118264198, -11.999999999999998]
SPS=94
Eval at step 1823000, survival=4.067%, return=[-1.4695009441347793, 55.872448444366455, -35.09416118264198, -11.999999999999998]
SPS=94
Eval at step 1823500, survival=4.067%, return=[-1.4695009441347793, 55.872448444366455, -35.09416118264198, -11.999999999999998]
SPS=94
Eval at step 1824000, survival=4.067%, return=[-1.4695009441347793, 55.872448444366455, -35.09416118264198, -11.999999999999998]
SPS=94
Eval at step 1824500, survival=4.067%, return=[-1.4695009441347793, 55.872448444366455, -35.09416118264198, -11.999999999999998]
SPS=94
Eval at step 1825000, survival=100.000%, return=[-5.324180694471579, 1551.5914860963821, -29.02323879301548, -609.6190476190505]
SPS=94
Eval at step 1825500, survival=48.512%, return=[-8.535130573669448, 622.9037438929081, -36.25911183175049, -171.5714285714299]
SPS=94
Eval at step 1826000, survival=48.760%, return=[-8.556268273387104, 625.6987564563751, -43.743756259646034, -173.14285714285845]
SPS=94
Eval at step 1826500, survival=100.000%, return=[-4.283021954790456, 1521.3781117200851, -32.786783839110285, -488.90476190476153]
SPS=94
Eval at step 1827000, survival=48.512%, return=[-8.688877347274683, 622.8900964558125, -38.24360436046845, -167.57142857142958]
SPS=94
Eval at step 1827500, survival=33.681%, return=[-3.264251403908323, 494.2547878623009, -73.61719568783883, -185.82539682539763]
SPS=94
Eval at step 1828000, survival=48.512%, return=[-8.783991219010204, 623.4746286571026, -39.0918161450827, -165.71428571428655]
SPS=94
Eval at step 1828500, survival=48.512%, return=[-8.737910144263878, 623.2951886157194, -38.5118342837571, -166.126984126985]
SPS=94
Eval at step 1829000, survival=48.512%, return=[-8.676729296916164, 622.7419133782387, -37.192259998846566, -167.71428571428672]
SPS=94
Eval at step 1829500, survival=48.562%, return=[-8.53076615970349, 622.9204007387161, -37.307049682422075, -171.95238095238224]
SPS=94
Eval at step 1830000, survival=48.562%, return=[-8.481543136702385, 622.4178231954575, -37.307049682422075, -170.85714285714414]
SPS=94
Eval at step 1830500, survival=48.512%, return=[-8.533683985704556, 621.6762262582779, -35.995485773164546, -171.28571428571558]
SPS=94
Eval at step 1831000, survival=48.512%, return=[-8.52939900313504, 622.311048835516, -37.05941594191245, -171.33333333333462]
SPS=94
Eval at step 1831500, survival=48.512%, return=[-8.542908508796245, 622.3568525016308, -37.05941594191245, -171.61904761904893]
SPS=94
Eval at step 1832000, survival=48.760%, return=[-8.698598239803687, 625.8136987090111, -44.61948594995192, -169.7619047619058]
SPS=94
Eval at step 1832500, survival=48.760%, return=[-8.708134934073314, 626.5313861966133, -46.412884066667175, -169.57142857142958]
SPS=94
Eval at step 1833000, survival=48.810%, return=[-8.760728561144788, 626.9591786563396, -44.762583189003635, -169.14285714285813]
SPS=94
Eval at step 1833500, survival=48.760%, return=[-8.984653321211226, 628.6453316807747, -45.19573905781726, -172.2380952380962]
SPS=94
Eval at step 1834000, survival=100.000%, return=[-5.317114308651071, 1552.1553265154362, -30.81453576683998, -610.2380952380983]
SPS=94
Eval at step 1834500, survival=100.000%, return=[-5.487579590670066, 1546.669919848442, -32.51224728533998, -602.7142857142876]
SPS=94
Eval at step 1835000, survival=100.000%, return=[-5.379831189202378, 1548.859649837017, -30.529868572484702, -601.142857142858]
SPS=94
Eval at step 1835500, survival=33.681%, return=[-3.180796768302874, 496.2414376735687, -76.82987292627028, -186.85714285714366]
SPS=94
Eval at step 1836000, survival=48.512%, return=[-8.58198548387736, 622.1345019837221, -35.995485773164546, -171.0634920634933]
SPS=94
Eval at step 1836500, survival=48.512%, return=[-8.596119308533767, 622.1961217224598, -35.995485773164546, -170.793650793652]
SPS=94
Eval at step 1837000, survival=48.512%, return=[-8.769676777378967, 623.0019913812479, -37.33125272774487, -166.5079365079374]
SPS=94
Eval at step 1837500, survival=48.512%, return=[-8.768557609873824, 623.7398608624935, -36.39369434196851, -166.5238095238104]
SPS=94
Eval at step 1838000, survival=48.512%, return=[-8.757773073584152, 623.8551967640718, -38.527549812036646, -166.65079365079453]
SPS=94
Eval at step 1838500, survival=33.681%, return=[-3.034953144029714, 499.36578983068466, -79.12657844484784, -188.61904761904825]
SPS=94
Eval at step 1839000, survival=33.631%, return=[-3.083882771577919, 497.09505675236386, -78.75924255233258, -187.95238095238156]
SPS=94
Eval at step 1839500, survival=33.631%, return=[-3.062072136429682, 497.6355455716451, -79.03800316853449, -188.22222222222283]
SPS=94
Eval at step 1840000, survival=100.000%, return=[-5.746830543648684, 1537.0594870448112, -36.48631178046344, -543.0476190476136]
SPS=94
Eval at step 1840500, survival=48.562%, return=[-8.330174547270872, 619.9162405431271, -39.447673816466704, -167.04761904762017]
SPS=94
Eval at step 1841000, survival=48.562%, return=[-8.303977025410859, 621.4607847034931, -38.18362765799975, -166.1428571428583]
SPS=94
Eval at step 1841500, survival=48.562%, return=[-7.526873293070821, 635.1702562272549, -44.11332792486064, -173.28571428571618]
SPS=94
Eval at step 1842000, survival=100.000%, return=[-6.033632364968071, 1529.1601858139038, -38.28980322519783, -567.4761904761867]
SPS=94
Eval at step 1842500, survival=100.000%, return=[-6.032483079703525, 1528.5765924453735, -38.14144225616474, -567.4285714285676]
SPS=94
Eval at step 1843000, survival=100.000%, return=[-6.0294208210640745, 1528.9240620334942, -39.97833457076922, -567.4285714285676]
SPS=94
Eval at step 1843500, survival=100.000%, return=[-6.105455682380125, 1523.41381624341, -31.160655359271914, -568.1904761904733]
SPS=94
Eval at step 1844000, survival=48.512%, return=[-7.106695908820257, 642.1914753615856, -44.98811754005146, -175.71428571428768]
SPS=94
Eval at step 1844500, survival=33.631%, return=[-3.377027406861695, 489.31532910466194, -71.10566642911483, -185.0952380952389]
SPS=94
Eval at step 1845000, survival=100.000%, return=[-5.977536965501106, 1533.2011347015698, -33.81552529618299, -572.8412698412676]
SPS=94
Eval at step 1845500, survival=100.000%, return=[-5.960894157236908, 1533.754593372345, -33.9845037960913, -572.9047619047597]
SPS=94
Eval at step 1846000, survival=100.000%, return=[-6.688689870279632, 1441.014055877924, -43.299982182797976, -434.8571428571476]
SPS=94
Eval at step 1846500, survival=100.000%, return=[-7.427703698835103, 1385.2308345139027, -42.33868765892112, -455.38095238095303]
SPS=94
Eval at step 1847000, survival=48.462%, return=[-7.538811497535789, 652.4360756278038, -72.69962380509241, -188.7619047619072]
SPS=94
Eval at step 1847500, survival=48.512%, return=[-8.497072024882073, 613.8842148184776, -32.34727260292857, -165.52380952381074]
SPS=94
Eval at step 1848000, survival=32.986%, return=[-6.319651877594879, 372.1537609398365, -32.259966244746465, -123.71428571428517]
SPS=94
Eval at step 1848500, survival=32.986%, return=[-6.232628849655157, 374.6052485704422, -27.74582225625636, -123.76190476190429]
SPS=94
Eval at step 1849000, survival=100.000%, return=[-9.941098076019747, 1363.7051901022594, -53.05958138577504, -395.6031746031892]
SPS=94
Eval at step 1849500, survival=100.000%, return=[-6.451502325071488, 1429.1619219779968, -28.414064013632014, -508.14285714285296]
SPS=94
Eval at step 1850000, survival=100.000%, return=[-8.889772944428842, 1387.8060223460197, -86.95739613763483, -399.30158730159377]
SPS=94
Eval at step 1850500, survival=33.929%, return=[-3.992708436475368, 499.3061161339283, -77.0185709247744, -106.6190476190478]
SPS=94
Eval at step 1851000, survival=100.000%, return=[-12.172253363576601, 1362.9540002793074, -258.5865019119228, -336.19047619047296]
SPS=94
Eval at step 1851500, survival=100.000%, return=[-5.005154949700227, 1568.9225101172924, -70.13401397387497, -498.2857142857152]
SPS=94
Eval at step 1852000, survival=48.512%, return=[-7.145066262106411, 637.5719044655561, -41.74896410186193, -174.38095238095403]
SPS=94
Eval at step 1852500, survival=48.512%, return=[-7.1527973317715805, 638.9850216805935, -38.82342268349021, -173.1428571428587]
SPS=94
Eval at step 1853000, survival=100.000%, return=[-12.640174291940639, 1350.7428212314844, -287.77078339015134, -297.6666666666733]
SPS=94
Eval at step 1853500, survival=48.512%, return=[-7.267656319512753, 647.0458685010672, -117.11992658645613, -157.7619047619055]
SPS=94
Eval at step 1854000, survival=100.000%, return=[-4.713820971082896, 1573.9961678087711, -27.56384880573023, -540.0476190476122]
SPS=94
Eval at step 1854500, survival=100.000%, return=[-4.756541306890237, 1575.3733347256978, -29.71029657172039, -541.8412698412632]
SPS=94
Eval at step 1855000, survival=100.000%, return=[-4.939105402775264, 1567.6784083793561, -39.41712914704112, -532.2539682539599]
SPS=94
Eval at step 1855500, survival=100.000%, return=[-4.664461184564668, 1577.020068983237, -32.879123987222556, -532.4920634920552]
SPS=94
Eval at step 1856000, survival=48.562%, return=[-9.308892371074762, 584.2289685308933, -19.98940452176612, -155.47619047619193]
SPS=94
Eval at step 1856500, survival=48.562%, return=[-6.929383343085647, 642.1430486440659, -19.5397207752103, -173.90476190476372]
SPS=94
Eval at step 1857000, survival=100.000%, return=[-4.0439747536244495, 1592.9881489972274, -4.027512497268617, -572.2063492063462]
SPS=94
Eval at step 1857500, survival=48.760%, return=[-8.137677348655416, 628.0660632550716, -20.554275502072414, -167.19047619047726]
SPS=94
Eval at step 1858000, survival=100.000%, return=[-6.460713361331727, 1430.7829580406349, -13.477430427835012, -492.15873015872256]
SPS=94
Eval at step 1858500, survival=55.754%, return=[-4.680951936907756, 802.7721102312207, -27.03149302629754, -247.15873015872762]
SPS=94
Eval at step 1859000, survival=18.998%, return=[-3.4131381401384715, 241.70450171083212, -19.393838208634406, -47.38095238095233]
SPS=95
Eval at step 1859500, survival=48.562%, return=[-8.31165762260207, 618.9795620143414, -18.103179993340746, -166.52380952381066]
SPS=95
Eval at step 1860000, survival=100.000%, return=[-4.825961395050399, 1569.0748074054718, -18.863703293609433, -523.4761904761824]
SPS=95
Eval at step 1860500, survival=33.631%, return=[-3.0072197729023173, 495.39233314991, -46.72514969483018, -180.5714285714291]
SPS=95
Eval at step 1861000, survival=33.681%, return=[-2.803093601629371, 503.0334897041321, -46.16536030196585, -185.14285714285765]
SPS=95
Eval at step 1861500, survival=18.651%, return=[-3.6232859622396063, 229.5184985473752, -18.91822207311634, -47.57142857142861]
SPS=95
Eval at step 1862000, survival=100.000%, return=[-3.9983234088576864, 1597.3443400164444, -19.53923578024842, -574.6031746031717]
SPS=95
Eval at step 1862500, survival=100.000%, return=[-4.678967405692674, 1579.2092553675175, -27.184378187909413, -548.7777777777719]
SPS=95
Eval at step 1863000, survival=100.000%, return=[-4.673476044010992, 1574.5233635579546, -31.44016829202883, -557.5555555555507]
SPS=95
Eval at step 1863500, survival=100.000%, return=[-4.685329491553905, 1574.3835243160527, -30.645658630334463, -559.7619047619004]
SPS=95
Eval at step 1864000, survival=33.631%, return=[-2.9132727576070465, 499.2512478530407, -63.3579106326215, -186.57142857142904]
SPS=95
Eval at step 1864500, survival=100.000%, return=[-6.390765689497736, 1519.090885353585, -16.42182496054981, -520.7460317460228]
SPS=95
Eval at step 1865000, survival=100.000%, return=[-5.0220520920993295, 1563.4414780884981, -30.375799114299298, -563.190476190471]
SPS=95
Eval at step 1865500, survival=100.000%, return=[-11.585013450108818, 1393.8333023190498, -223.0185922657256, -343.8095238095214]
SPS=95
Eval at step 1866000, survival=100.000%, return=[-11.706769091077149, 1390.008373633027, -224.99431723786984, -342.42857142856855]
SPS=95
Eval at step 1866500, survival=100.000%, return=[-5.063884319698748, 1562.357131620248, -50.78039990272373, -508.42857142856747]
SPS=95
Eval at step 1867000, survival=100.000%, return=[-4.924339416000294, 1564.8978323539097, -27.14740390802035, -548.9047619047554]
SPS=95
Eval at step 1867500, survival=100.000%, return=[-4.910839011349405, 1563.0861729284127, -24.39629699802026, -548.7142857142794]
SPS=95
Eval at step 1868000, survival=100.000%, return=[-5.589316616378103, 1538.5043334762256, -24.22758284432348, -565.9999999999958]
SPS=95
Eval at step 1868500, survival=100.000%, return=[-5.67656576418085, 1536.659527003765, -26.66078998357989, -566.2857142857101]
SPS=95
Eval at step 1869000, survival=100.000%, return=[-4.895457128470298, 1563.9457753002644, -28.70021864771843, -607.7619047619057]
SPS=95
Eval at step 1869500, survival=100.000%, return=[-4.527752266789321, 1575.6717436611652, -28.70021864771843, -601.857142857143]
SPS=95
Eval at step 1870000, survival=65.030%, return=[-10.339819370827172, 828.3707549199462, -184.8452782024833, -240.28571428571658]
SPS=95
Eval at step 1870500, survival=35.714%, return=[-7.220823598501738, 421.5115526467562, -42.71398965931439, -102.57142857142891]
SPS=95
Eval at step 1871000, survival=100.000%, return=[-13.031021714268718, 1333.3138116002083, -197.92671769981098, -343.09523809523563]
SPS=95
Eval at step 1871500, survival=65.708%, return=[-9.35731450363528, 866.631124044458, -91.5289834361344, -239.12698412698492]
SPS=95
Eval at step 1872000, survival=48.661%, return=[-9.454394654545467, 583.5914683938026, -72.9461130913478, -143.6666666666678]
SPS=95
Eval at step 1872500, survival=100.000%, return=[-9.362840048692306, 1435.5529504319031, -67.17651991543487, -398.73015873016857]
SPS=95
Eval at step 1873000, survival=35.516%, return=[-8.323115715931635, 386.29983027279377, -60.971045170444995, -88.04761904761953]
SPS=95
Eval at step 1873500, survival=100.000%, return=[-13.788517195702298, 1307.550258219242, -218.04288871382596, -286.2380952380996]
SPS=95
Eval at step 1874000, survival=100.000%, return=[-13.715628525969805, 1309.137047375242, -213.28021057503065, -285.84126984127397]
SPS=95
Eval at step 1874500, survival=33.681%, return=[-2.978850434330525, 500.37906829516095, -64.26757672918029, -184.428571428572]
SPS=95
Eval at step 1875000, survival=33.631%, return=[-2.9310615877329838, 501.32371114691097, -60.67687798058614, -184.2539682539689]
SPS=95
Eval at step 1875500, survival=33.631%, return=[-2.8981349697666396, 502.35926233728725, -65.74792184634134, -186.1746031746038]
SPS=95
Eval at step 1876000, survival=33.631%, return=[-2.863132457685424, 503.1643417775631, -66.79777453420684, -186.61904761904816]
SPS=95
Eval at step 1876500, survival=33.631%, return=[-2.9563078916980885, 500.2174044549465, -77.8122020396404, -189.00000000000045]
SPS=95
Eval at step 1877000, survival=35.979%, return=[-4.93994067866394, 487.67408777525026, -41.58843332571754, -129.23809523809547]
SPS=95
Eval at step 1877500, survival=49.702%, return=[-7.719599739706609, 643.1163091510534, -108.40184587228578, -157.04761904761924]
SPS=95
Eval at step 1878000, survival=38.988%, return=[-4.238626008164526, 558.586343973875, -70.33556830244682, -172.25396825396874]
SPS=95
Eval at step 1878500, survival=49.702%, return=[-7.164113173261285, 656.5262980386615, -106.96845690079499, -154.5714285714289]
SPS=95
Eval at step 1879000, survival=48.661%, return=[-6.999326943361666, 639.9988110661507, -87.38115734799067, -154.19047619047655]
SPS=95
Eval at step 1879500, survival=48.958%, return=[-7.246611380551864, 639.8434547682604, -42.67605350469239, -185.73015873016098]
SPS=95
Eval at step 1880000, survival=48.810%, return=[-7.094601759919897, 644.2692793607712, -44.53340725594899, -183.0476190476213]
SPS=95
Eval at step 1880500, survival=48.810%, return=[-7.279499964788556, 636.2967666089535, -42.42424099647906, -182.80952380952598]
SPS=95
Eval at step 1881000, survival=48.810%, return=[-7.429625456366921, 627.4701663702726, -41.522816933575086, -178.80952380952579]
SPS=95
Eval at step 1881500, survival=65.774%, return=[-11.074578351574019, 803.8600678443909, -172.23056254995754, -197.76190476190627]
SPS=95
Eval at step 1882000, survival=48.810%, return=[-7.5053738249407616, 626.4274864047766, -45.065517982584424, -178.38095238095434]
SPS=95
Eval at step 1882500, survival=33.631%, return=[-3.8051561186439358, 482.91056552529335, -55.18571481399704, -137.76190476190493]
SPS=95
Eval at step 1883000, survival=48.562%, return=[-6.626039063528879, 661.4461899772286, -40.063860447262414, -214.57142857143197]
SPS=95
Eval at step 1883500, survival=36.260%, return=[-8.693778391112573, 384.34398666769266, -57.53697920037666, -96.76190476190533]
SPS=95
Eval at step 1884000, survival=34.921%, return=[-5.891864727309439, 433.8193745240569, -42.719663497045985, -109.76190476190493]
SPS=95
Eval at step 1884500, survival=35.962%, return=[-4.876981051813345, 484.34255857765675, -49.664437168394215, -113.66666666666681]
SPS=95
Eval at step 1885000, survival=36.359%, return=[-6.089553893194534, 476.06258422881365, -48.845958133460954, -115.85714285714248]
SPS=95
Eval at step 1885500, survival=100.000%, return=[-4.154336105741095, 1588.4030870596569, -29.84496471239254, -570.5079365079332]
SPS=95
Eval at step 1886000, survival=100.000%, return=[-4.069328189594671, 1591.534938454628, -29.84496471239254, -570.2857142857114]
SPS=95
Eval at step 1886500, survival=100.000%, return=[-5.023773840221111, 1558.968704501788, -37.125150696665514, -525.269841269833]
SPS=95
Eval at step 1887000, survival=100.000%, return=[-5.072023622245372, 1556.7879943028092, -37.28665409173118, -527.0952380952297]
SPS=95
Eval at step 1887500, survival=48.710%, return=[-7.485237077722559, 621.8761473968625, -122.30448186543072, -135.42857142857233]
SPS=95
Eval at step 1888000, survival=100.000%, return=[-5.199807656016977, 1553.190229634444, -39.85104578809114, -531.1269841269753]
SPS=95
Eval at step 1888500, survival=100.000%, return=[-4.988555874403876, 1560.6327294111252, -35.78090934781358, -532.0793650793563]
SPS=95
Eval at step 1889000, survival=100.000%, return=[-5.049603641382419, 1559.30372235924, -37.191948449471965, -534.1587301587215]
SPS=95
Eval at step 1889500, survival=100.000%, return=[-5.066842522743779, 1558.9338277628024, -37.63017264689552, -535.0317460317376]
SPS=95
Eval at step 1890000, survival=100.000%, return=[-5.038947282009758, 1559.7414834052324, -36.8309490106185, -532.2380952380865]
SPS=95
Eval at step 1890500, survival=100.000%, return=[-5.014556886958114, 1561.7138576358557, -38.25474353070604, -529.9999999999911]
SPS=95
Eval at step 1891000, survival=100.000%, return=[-4.982545379549265, 1564.2128704190254, -38.378135843086056, -527.9523809523722]
SPS=95
Eval at step 1891500, survival=100.000%, return=[-4.631377010664437, 1577.06207477053, -33.868028601282276, -526.2222222222139]
SPS=95
Eval at step 1892000, survival=33.631%, return=[-3.7780034388415515, 489.7495302930474, -55.74616281024646, -121.57142857142894]
SPS=95
Eval at step 1892500, survival=33.631%, return=[-3.750215248495806, 491.53613102436066, -54.68457004550146, -121.14285714285752]
SPS=95
Eval at step 1893000, survival=100.000%, return=[-7.561813744629035, 1518.646836946408, -57.30207931359473, -460.66666666666634]
SPS=95
Eval at step 1893500, survival=35.119%, return=[-4.962689058913384, 475.7433234974742, -44.36828617443098, -128.76190476190573]
SPS=95
Eval at step 1894000, survival=48.512%, return=[-8.082051273891315, 610.3052220443884, -35.02086572984505, -179.4444444444467]
SPS=95
Eval at step 1894500, survival=100.000%, return=[-5.148634390498046, 1561.444014499585, -35.57765508943703, -541.4126984126905]
SPS=95
Eval at step 1895000, survival=100.000%, return=[-5.3138134215842, 1558.2419066131115, -36.27207716868725, -539.09523809523]
SPS=95
Eval at step 1895500, survival=100.000%, return=[-5.108992707663371, 1563.7312329808872, -37.86470120714512, -535.396825396817]
SPS=95
Eval at step 1896000, survival=100.000%, return=[-6.108525393472519, 1521.8096539154649, -36.309119194047526, -511.38095238094405]
SPS=95
Eval at step 1896500, survival=100.000%, return=[-6.20388361987231, 1521.1677785540621, -37.56224114797078, -504.7619047618966]
SPS=95
Eval at step 1897000, survival=100.000%, return=[-5.19265200351947, 1535.1419738680124, -23.930511639046017, -511.3809523809441]
SPS=95
Eval at step 1897500, survival=34.425%, return=[-5.400677941914182, 452.12846843898296, -26.575015177077148, -101.76190476190453]
SPS=95
Eval at step 1898000, survival=34.325%, return=[-4.5243076517460095, 462.65685186783475, -31.872715743083972, -111.2222222222224]
SPS=95
Eval at step 1898500, survival=100.000%, return=[-5.289051544377192, 1536.795602100591, -25.186438149539754, -511.15873015872194]
SPS=95
Eval at step 1899000, survival=100.000%, return=[-4.776789054575299, 1563.274463782708, -33.194366015086416, -531.9682539682456]
SPS=95
Eval at step 1899500, survival=34.722%, return=[-3.9638377311639488, 497.4610923528671, -46.94554955029162, -138.04761904761966]
SPS=95
Eval at step 1900000, survival=100.000%, return=[-4.235649210391178, 1593.3555144568284, -37.256276317639276, -555.3809523809476]
SPS=95
Eval at step 1900500, survival=100.000%, return=[-4.9779070883717695, 1562.8258563280106, -38.06271870533237, -524.8730158730076]
SPS=95
Eval at step 1901000, survival=100.000%, return=[-5.039832620706875, 1560.5993855297565, -41.78515472449362, -526.0952380952298]
SPS=95
Eval at step 1901500, survival=100.000%, return=[-5.019947180514767, 1562.1577642709017, -40.17362515325658, -523.8095238095153]
SPS=95
Eval at step 1902000, survival=100.000%, return=[-6.682574444285517, 1511.9328089455764, -45.37806560401805, -499.49206349205525]
SPS=95
Eval at step 1902500, survival=34.375%, return=[-4.54577746722498, 462.5364945679903, -67.16035403678688, -122.42857142857262]
SPS=95
Eval at step 1903000, survival=100.000%, return=[-5.069268656487111, 1559.1972158700228, -47.51884622848593, -525.3333333333252]
SPS=95
Eval at step 1903500, survival=100.000%, return=[-5.042564448910222, 1559.42579455177, -35.3844048792962, -522.7142857142773]
SPS=95
Eval at step 1904000, survival=100.000%, return=[-5.054199308865161, 1558.1009553869565, -36.688667984465916, -527.8412698412612]
SPS=95
Eval at step 1904500, survival=100.000%, return=[-5.112248560830873, 1557.4341873327892, -40.901009137160145, -526.6984126984046]
SPS=95
Eval at step 1905000, survival=35.516%, return=[-5.741043746500509, 455.85964803397655, -58.00597477937117, -109.80952380952415]
SPS=95
Eval at step 1905500, survival=33.631%, return=[-3.9197709756845143, 486.010984711349, -58.304413912119344, -128.23809523809547]
SPS=95
Eval at step 1906000, survival=33.631%, return=[-3.905626362480689, 486.51955293118954, -59.72242372925393, -127.90476190476214]
SPS=95
Eval at step 1906500, survival=34.623%, return=[-5.500797159940703, 449.4044424444437, -50.14168586953019, -105.47619047619077]
SPS=95
Eval at step 1907000, survival=35.863%, return=[-5.776214312005322, 476.3551436364651, -47.11023749317974, -109.04761904761853]
SPS=95
Eval at step 1907500, survival=100.000%, return=[-9.056432546601476, 1456.3344736720126, -51.52474804879603, -460.93650793650204]
SPS=95
Eval at step 1908000, survival=35.962%, return=[-5.235143926576711, 480.61843153834343, -51.87814431992592, -114.85714285714282]
SPS=95
Eval at step 1908500, survival=48.909%, return=[-7.751492642768426, 634.6559041365981, -79.8624578980889, -148.38095238095391]
SPS=95
Eval at step 1909000, survival=34.722%, return=[-4.5243306475749705, 474.02835515141487, -49.523948911810294, -106.61904761904776]
SPS=95
Eval at step 1909500, survival=34.524%, return=[-4.465376760548679, 471.3947316110134, -47.07914327853359, -106.19047619047633]
SPS=95
Eval at step 1910000, survival=34.524%, return=[-4.445484880154254, 472.03483229875565, -47.22114067320945, -106.76190476190489]
SPS=95
Eval at step 1910500, survival=34.722%, return=[-4.5537753185781185, 473.8391830176115, -50.97049211763078, -106.71428571428585]
SPS=95
Eval at step 1911000, survival=35.962%, return=[-5.9089966193714645, 456.7412558197975, -76.03127261441841, -104.14285714285764]
SPS=95
Eval at step 1911500, survival=35.962%, return=[-6.181794591422658, 451.31281496584415, -70.33576085603272, -106.19047619047653]
SPS=95
Eval at step 1912000, survival=35.516%, return=[-6.131365253357217, 445.0418514609337, -68.96134233094926, -104.00000000000036]
SPS=95
Eval at step 1912500, survival=35.516%, return=[-5.868231066007866, 455.63509127497673, -84.471268905545, -103.47619047619101]
SPS=95
Eval at step 1913000, survival=35.516%, return=[-8.569639342895243, 379.48088896274567, -71.55967734957812, -86.8095238095243]
SPS=95
Eval at step 1913500, survival=34.474%, return=[-3.712432765751146, 505.82311460375786, -60.952064417360816, -104.47619047619077]
SPS=95
Eval at step 1914000, survival=35.119%, return=[-4.877072357281577, 479.8678112477064, -37.66321776231052, -105.52380952380935]
SPS=95
Eval at step 1914500, survival=100.000%, return=[-6.57479579851497, 1499.0756351053715, -98.59131896344479, -411.4761904761974]
SPS=95
Eval at step 1915000, survival=100.000%, return=[-5.737647094079875, 1530.1192029118538, -74.40729124704376, -447.1428571428625]
SPS=95
Eval at step 1915500, survival=100.000%, return=[-6.1395776336964145, 1502.7824945723016, -84.62632363953162, -410.5873015873079]
SPS=95
Eval at step 1916000, survival=33.681%, return=[-5.191793262890617, 434.2697735627492, -49.8970128667861, -92.74603174603207]
SPS=95
Eval at step 1916500, survival=33.532%, return=[-5.080341871449491, 438.0979693830013, -47.46276821941137, -95.1428571428575]
SPS=95
Eval at step 1917000, survival=33.829%, return=[-5.07819606360863, 440.9241209626198, -45.312412824714556, -97.38095238095288]
SPS=95
Eval at step 1917500, survival=6.200%, return=[-1.7945293741649948, 79.37768584489822, -30.527027111966163, -15.523809523809504]
SPS=95
Eval at step 1918000, survival=6.200%, return=[-1.7932270262972452, 79.44471898674965, -30.203941421350464, -15.523809523809506]
SPS=95
Eval at step 1918500, survival=6.250%, return=[-1.8367678175563924, 79.51536229252815, -36.23983775032684, -15.80952380952379]
SPS=95
Eval at step 1919000, survival=6.250%, return=[-1.8435905536753125, 79.31333240866661, -37.15787675930187, -15.85714285714284]
SPS=95
Eval at step 1919500, survival=6.250%, return=[-1.829033715359401, 78.69481009244919, -35.12626143870875, -15.761904761904745]
SPS=95
Eval at step 1920000, survival=6.250%, return=[-1.8324908032082021, 78.10229527950287, -33.16881311824545, -15.47619047619046]
SPS=95
Eval at step 1920500, survival=33.631%, return=[-3.005535314868515, 498.40296132365864, -56.29793149419129, -185.42857142857204]
SPS=95
Eval at step 1921000, survival=100.000%, return=[-6.098673704036628, 1509.321864143014, -38.53863590135006, -474.14285714285467]
SPS=95
Eval at step 1921500, survival=100.000%, return=[-8.020010369174997, 1472.4639458730817, -55.56810833117197, -429.33333333333644]
SPS=95
Eval at step 1922000, survival=100.000%, return=[-5.669252046063775, 1475.1080392375588, -56.14497387490701, -478.33333333333104]
SPS=95
Eval at step 1922500, survival=33.631%, return=[-2.3184317564300727, 531.4932242631912, -27.00573828537017, -165.4285714285726]
SPS=95
Eval at step 1923000, survival=6.300%, return=[-1.9230206432403065, 77.64197703450918, -33.727700762683526, -14.952380952380937]
SPS=95
Eval at step 1923500, survival=5.952%, return=[-1.8023980121943168, 75.00580357015133, -28.897058811271563, -14.238095238095221]
SPS=95
Eval at step 1924000, survival=33.730%, return=[-5.199073202064028, 437.39222472161055, -92.11355591658503, -81.7142857142859]
SPS=95
Eval at step 1924500, survival=39.236%, return=[-5.147216371289687, 529.4547999848922, -67.1868287024942, -116.95238095238142]
SPS=95
Eval at step 1925000, survival=39.484%, return=[-5.097001632646425, 550.6599697321653, -100.23742629215121, -120.2380952380958]
SPS=95
Eval at step 1925500, survival=100.000%, return=[-5.307313572906423, 1535.3579182475805, -37.32901430601487, -473.1904761904753]
SPS=95
Eval at step 1926000, survival=34.425%, return=[-4.493618061445886, 467.057798281312, -34.084219707001466, -104.42857142857157]
SPS=95
Eval at step 1926500, survival=100.000%, return=[-5.593925223627593, 1534.685959905386, -68.80252088711131, -489.904761904761]
SPS=95
Eval at step 1927000, survival=100.000%, return=[-5.524753548495937, 1533.0077611133456, -83.56330188747961, -458.71428571429004]
SPS=95
Eval at step 1927500, survival=100.000%, return=[-5.586857507218762, 1539.3289012114208, -25.24673247768078, -533.8412698412609]
SPS=95
Eval at step 1928000, survival=100.000%, return=[-5.713581892855776, 1533.9136651257675, -69.71091504470678, -469.49206349206565]
SPS=95
Eval at step 1928500, survival=34.028%, return=[-4.350305152329383, 480.2037355750799, -64.22088732200791, -98.95238095238112]
SPS=95
Eval at step 1929000, survival=34.028%, return=[-4.476843084645225, 472.25567169487476, -61.96166353387525, -93.52380952380973]
SPS=95
Eval at step 1929500, survival=34.425%, return=[-4.5642312659474555, 480.1156737357378, -65.05234455689788, -103.2380952380958]
SPS=95
Eval at step 1930000, survival=34.028%, return=[-4.906382863438921, 452.96780863404274, -53.71506966810557, -89.04761904761968]
SPS=95
Eval at step 1930500, survival=33.681%, return=[-3.870762167876819, 477.9981406033039, -65.05810132424813, -148.5714285714289]
SPS=95
Eval at step 1931000, survival=33.681%, return=[-3.8653163720155135, 476.99077251553535, -55.20340583345387, -147.9523809523813]
SPS=95
Eval at step 1931500, survival=33.631%, return=[-3.4780335474351887, 491.9657012820244, -35.08692104180227, -138.5238095238099]
SPS=95
Eval at step 1932000, survival=34.077%, return=[-4.123807836382184, 489.7901598215103, -56.50478979718173, -103.19047619047639]
SPS=95
Eval at step 1932500, survival=34.077%, return=[-4.13399494253099, 490.2981838285923, -53.88284632615978, -102.38095238095258]
SPS=95
Eval at step 1933000, survival=34.127%, return=[-4.1650624943722505, 488.6604263186455, -50.195168457285035, -105.38095238095262]
SPS=95
Eval at step 1933500, survival=34.077%, return=[-4.162823592807399, 485.53715458512306, -48.979013950156514, -109.52380952380999]
SPS=95
Eval at step 1934000, survival=34.127%, return=[-4.20687212429281, 486.35627325127524, -49.913805502292234, -108.07936507936546]
SPS=96
Eval at step 1934500, survival=34.077%, return=[-4.200586060556816, 487.2019990980625, -58.715173142263666, -103.95238095238112]
SPS=96
Eval at step 1935000, survival=34.077%, return=[-4.1404237879032735, 490.6614750921726, -57.99210938508622, -102.66666666666681]
SPS=96
Eval at step 1935500, survival=34.077%, return=[-4.176230398326879, 490.7612616419792, -64.60551142808981, -103.47619047619067]
SPS=96
Eval at step 1936000, survival=33.681%, return=[-4.006782953889342, 471.4081692993641, -65.76055725628976, -153.80952380952428]
SPS=96
Eval at step 1936500, survival=33.631%, return=[-3.8053701271419413, 480.00417399406433, -57.26748210610822, -148.0000000000004]
SPS=96
Eval at step 1937000, survival=33.631%, return=[-3.6468025745416526, 490.4795292317867, -43.744422137970105, -138.90476190476213]
SPS=96
Eval at step 1937500, survival=33.631%, return=[-3.906573914195178, 477.75634902715683, -49.00504547404125, -144.95238095238122]
SPS=96
Eval at step 1938000, survival=33.631%, return=[-4.222582674003206, 464.5534484386444, -45.43092190637253, -151.4285714285719]
SPS=96
Eval at step 1938500, survival=34.077%, return=[-4.086009534919867, 493.08395141363144, -57.43022772396216, -104.23809523809537]
SPS=96
Eval at step 1939000, survival=33.631%, return=[-3.68878915294772, 490.7371634840965, -47.900149278575554, -138.47619047619068]
SPS=96
Eval at step 1939500, survival=33.681%, return=[-3.878803625382716, 477.0074449777603, -64.11470069753705, -158.23809523809567]
SPS=96
Eval at step 1940000, survival=33.631%, return=[-3.7018076790554915, 481.2525328248739, -69.08358796870743, -165.66666666666708]
SPS=96
Eval at step 1940500, survival=33.681%, return=[-3.5519148391031194, 495.01003950834274, -44.77176163170952, -139.5238095238098]
SPS=96
Eval at step 1941000, survival=33.631%, return=[-3.784854182478739, 478.4544183909893, -63.131428048436646, -157.52380952380972]
SPS=96
Eval at step 1941500, survival=33.681%, return=[-3.8039894654939417, 477.88321313261986, -60.0301269616466, -157.47619047619068]
SPS=96
Eval at step 1942000, survival=33.631%, return=[-3.836744427360827, 475.583792924881, -59.38268009056628, -156.57142857142878]
SPS=96
Eval at step 1942500, survival=33.681%, return=[-3.896564462891547, 473.5477664768696, -59.47413216577843, -153.3333333333335]
SPS=96
Eval at step 1943000, survival=33.681%, return=[-3.8437038873380516, 479.2458945810795, -53.102685236372054, -145.28571428571453]
SPS=96
Eval at step 1943500, survival=33.681%, return=[-3.860106436778248, 473.6363465686639, -52.83799571101554, -156.5079365079368]
SPS=96
Eval at step 1944000, survival=33.631%, return=[-3.868780680553755, 472.97848185896873, -42.30885072793171, -148.57142857142884]
SPS=96
Eval at step 1944500, survival=33.631%, return=[-3.661170898092678, 480.625874876976, -39.7147887940082, -152.80952380952394]
SPS=96
Eval at step 1945000, survival=33.681%, return=[-3.5478162209134703, 491.6946490605672, -36.99481062901517, -142.55555555555577]
SPS=96
Eval at step 1945500, survival=5.605%, return=[-1.5902836242457852, 75.05006918311119, -26.46133564412594, -18.952380952380956]
SPS=96
Eval at step 1946000, survival=33.681%, return=[-3.8309271962207276, 478.4089254438877, -48.543963682604954, -144.8095238095241]
SPS=96
Eval at step 1946500, survival=100.000%, return=[-5.795495663624024, 1513.5863272845745, -52.979937468189746, -477.904761904759]
SPS=96
Eval at step 1947000, survival=33.631%, return=[-3.0856571740005165, 498.58477172255516, -98.90121193318919, -190.85714285714337]
SPS=96
Eval at step 1947500, survival=33.681%, return=[-3.757854906260036, 488.52055537700653, -52.20710608526133, -135.66666666666686]
SPS=96
Eval at step 1948000, survival=100.000%, return=[-6.851624694012571, 1466.7739607393742, -24.194683728273958, -434.76190476190715]
SPS=96
Eval at step 1948500, survival=100.000%, return=[-7.252799242647598, 1464.5924649635951, -14.814951515509165, -443.22222222222507]
SPS=96
Eval at step 1949000, survival=34.127%, return=[-4.806733515375527, 456.83814761042595, -32.150628679955844, -83.80952380952424]
SPS=96
Eval at step 1949500, survival=100.000%, return=[-6.576152495399583, 1485.0498362779617, -31.907426953839604, -422.1428571428617]
SPS=96
Eval at step 1950000, survival=33.482%, return=[-4.1816042022255715, 461.38035187870264, -27.436859166482463, -105.38095238095225]
SPS=96
Eval at step 1950500, survival=48.512%, return=[-6.088363798568025, 650.4335838332772, -152.32390525517985, -120.76190476190614]
SPS=96
Eval at step 1951000, survival=18.700%, return=[-3.360202572104754, 237.7695334032178, -24.783491721900646, -40.380952380952394]
SPS=96
Eval at step 1951500, survival=33.631%, return=[-4.571683565853164, 454.9436379522085, -28.030064870836213, -102.99999999999973]
SPS=96
Eval at step 1952000, survival=100.000%, return=[-7.841343977420668, 1438.7225837806861, -19.644927298941184, -419.2063492063485]
SPS=96
Eval at step 1952500, survival=34.425%, return=[-4.771665618231054, 462.07737766206264, -30.8010022866074, -106.19047619047599]
SPS=96
Eval at step 1953000, survival=34.474%, return=[-4.760677460988518, 462.305257499218, -30.46824992459733, -107.71428571428554]
SPS=96
Eval at step 1953500, survival=33.681%, return=[-3.663011960918084, 489.3426158130169, -44.70746009377763, -136.80952380952405]
SPS=96
Eval at step 1954000, survival=18.750%, return=[-3.3267141592223197, 239.5723159313202, -28.530711297644302, -42.33333333333338]
SPS=96
Eval at step 1954500, survival=18.750%, return=[-2.777625152870314, 258.33577328920364, -26.164747960865498, -63.14285714285726]
SPS=96
Eval at step 1955000, survival=100.000%, return=[-6.999605768127367, 1394.2866740524769, -63.18932097259676, -488.04761904761]
SPS=96
Eval at step 1955500, survival=100.000%, return=[-7.190317625267198, 1398.063528974851, -65.52194173680618, -491.5079365079273]
SPS=96
Eval at step 1956000, survival=100.000%, return=[-7.159331296206801, 1403.3272489507992, -48.858707640029024, -446.80952380952004]
SPS=96
Eval at step 1956500, survival=18.651%, return=[-3.0336586244229693, 245.62951842695475, -36.54417069978081, -44.90476190476199]
SPS=96
Eval at step 1957000, survival=100.000%, return=[-5.526625485819143, 1473.2030118654172, -50.24071541047306, -472.19047619047507]
SPS=96
Eval at step 1957500, survival=100.000%, return=[-6.2115583265258465, 1442.613599896431, -53.35580240964191, -474.9523809523784]
SPS=96
Eval at step 1958000, survival=33.631%, return=[-3.2347708526649512, 485.71654576063156, -86.00848549693183, -194.0000000000003]
SPS=96
Eval at step 1958500, survival=18.700%, return=[-3.4569928079436067, 236.18323835730553, -43.95738592284033, -44.14285714285728]
SPS=96
Eval at step 1959000, survival=100.000%, return=[-7.279795186885167, 1401.7349855303764, -52.23575638621696, -425.99999999999983]
SPS=96
Eval at step 1959500, survival=48.462%, return=[-6.019625371234724, 659.2011976838112, -150.6752280118235, -134.8095238095253]
SPS=96
Eval at step 1960000, survival=43.700%, return=[-3.44071669204277, 660.7344310283661, -109.83299171086401, -239.28571428571476]
SPS=96
Eval at step 1960500, survival=33.631%, return=[-2.970656612655148, 494.58869618177414, -63.940401609943365, -188.6190476190479]
SPS=96
Eval at step 1961000, survival=33.631%, return=[-2.9128481976222247, 498.16033989191055, -64.45598691418127, -188.4285714285717]
SPS=96
Eval at step 1961500, survival=34.028%, return=[-4.115802562184399, 467.1516690775752, -26.800742699560942, -108.90476190476191]
SPS=96
Eval at step 1962000, survival=34.375%, return=[-4.702785686706193, 467.1102869734168, -49.321444743836764, -92.90476190476214]
SPS=96
Eval at step 1962500, survival=100.000%, return=[-14.803685741921072, 1268.9829762466252, -194.33363907213788, -264.1428571428591]
SPS=96
Eval at step 1963000, survival=18.750%, return=[-3.0984072749561165, 249.6988736242056, -20.631698984943796, -51.71428571428569]
SPS=96
Eval at step 1963500, survival=48.562%, return=[-7.683547034743242, 625.10967618227, -21.88263839634601, -159.90476190476375]
SPS=96
Eval at step 1964000, survival=37.202%, return=[-5.341121319652302, 492.2444326877594, -54.13850950455526, -93.66666666666708]
SPS=96
Eval at step 1964500, survival=43.502%, return=[-4.626983215945074, 622.2948260307312, -105.6983159808442, -202.66666666666694]
SPS=96
Eval at step 1965000, survival=33.631%, return=[-2.9095121763530187, 497.32746890187263, -58.381486504295026, -187.66666666666697]
SPS=96
Eval at step 1965500, survival=33.631%, return=[-2.967477666155901, 495.6919284760952, -67.56597005478397, -187.714285714286]
SPS=96
Eval at step 1966000, survival=100.000%, return=[-7.621013307827525, 1372.7181679308414, -41.336348885379266, -455.85714285713476]
SPS=96
Eval at step 1966500, survival=18.998%, return=[-3.4800435764482245, 234.44067600369453, -23.326598601415753, -43.23809523809527]
SPS=96
Eval at step 1967000, survival=19.048%, return=[-3.45413079901482, 238.02489510178566, -25.018176628509536, -43.761904761904844]
SPS=96
Eval at step 1967500, survival=37.252%, return=[-5.906930034718243, 464.0247399508953, -43.21847430604976, -107.66666666666703]
SPS=96
Eval at step 1968000, survival=48.859%, return=[-8.196006019046763, 596.6724978964776, -111.99416948424187, -134.9047619047627]
SPS=96
Eval at step 1968500, survival=48.512%, return=[-6.600759620496926, 628.7337602178255, -146.72725370755265, -146.25396825397036]
SPS=96
Eval at step 1969000, survival=100.000%, return=[-7.166769382417745, 1455.0967229902744, -54.48752490650804, -454.2857142857133]
SPS=96
Eval at step 1969500, survival=79.365%, return=[-6.256010279777304, 1189.45545805494, -35.52969541400671, -409.44444444443894]
SPS=96
Eval at step 1970000, survival=100.000%, return=[-7.718955859047128, 1507.1367966458201, -65.42397635697853, -471.66666666666447]
SPS=96
Eval at step 1970500, survival=48.661%, return=[-8.190742749895435, 600.7107551395893, -98.97281019992079, -112.3809523809531]
SPS=96
Eval at step 1971000, survival=23.512%, return=[-3.956117973837536, 295.70809119939804, -20.59947541099973, -53.90476190476196]
SPS=96
Eval at step 1971500, survival=100.000%, return=[-7.812427619966911, 1365.1234703660011, -59.10658135791891, -459.42857142856275]
SPS=96
Eval at step 1972000, survival=33.631%, return=[-3.004123360151425, 498.5216001371543, -86.05025325618044, -188.5396825396829]
SPS=96
Eval at step 1972500, survival=100.000%, return=[-6.307503871183144, 1432.315781533718, -49.00478689713054, -501.6190476190382]
SPS=96
Eval at step 1973000, survival=33.631%, return=[-3.6441933044989128, 497.52095353603363, -52.42669928178657, -124.80952380952424]
SPS=96
Eval at step 1973500, survival=34.077%, return=[-4.285261296638055, 461.1705083847046, -37.69730882078875, -114.47619047619064]
SPS=96
Eval at step 1974000, survival=18.899%, return=[-3.8166090288432315, 222.2174718081951, -50.79597984207794, -43.00000000000003]
SPS=96
Eval at step 1974500, survival=18.849%, return=[-3.5150002668378875, 232.8180605173111, -35.6542691658251, -41.857142857142854]
SPS=96
Eval at step 1975000, survival=34.077%, return=[-4.513159669790184, 448.6917356848717, -44.868053421378136, -109.38095238095248]
SPS=96
Eval at step 1975500, survival=18.948%, return=[-3.360013331286609, 245.64106596261263, -43.173332618316635, -49.33333333333338]
SPS=96
Eval at step 1976000, survival=34.077%, return=[-4.218121218465967, 468.28442749381065, -40.744285507826135, -125.99999999999999]
SPS=96
Eval at step 1976500, survival=19.048%, return=[-2.6898482988472097, 267.2217706441879, -30.493392390781082, -82.47619047619055]
SPS=96
Eval at step 1977000, survival=22.569%, return=[-3.99161897378508, 279.91295623779297, -35.672253734082915, -50.66666666666671]
SPS=96
Eval at step 1977500, survival=34.673%, return=[-4.425579532515258, 473.50420916080475, -39.07456247412483, -114.71428571428605]
SPS=96
Eval at step 1978000, survival=48.810%, return=[-8.764660298038507, 637.3583987951279, -67.24650950258365, -168.52380952381165]
SPS=96
Eval at step 1978500, survival=48.810%, return=[-8.472101337683853, 654.1499834656715, -66.31337866245303, -187.8571428571453]
SPS=96
Eval at step 1979000, survival=33.482%, return=[-5.050738762744004, 461.7533162534237, -43.095398851146456, -128.28571428571468]
SPS=96
Eval at step 1979500, survival=5.655%, return=[-1.5900254503358155, 74.22245022654533, -18.385788816958666, -17.761904761904766]
SPS=96
Eval at step 1980000, survival=100.000%, return=[-8.398455767106498, 1472.988783299923, -70.2198704334296, -555.9523809523793]
SPS=96
Eval at step 1980500, survival=5.804%, return=[-1.6004589903750457, 76.80426266789436, -23.21990964235738, -19.38095238095238]
SPS=96
Eval at step 1981000, survival=45.685%, return=[-5.280717100802576, 674.9694356620312, -58.547734867897816, -216.38095238095346]
SPS=96
Eval at step 1981500, survival=33.631%, return=[-2.65695668142871, 512.0368076761564, -54.20184978776282, -182.00000000000043]
SPS=96
Eval at step 1982000, survival=33.631%, return=[-2.717278426280245, 509.9274423122406, -57.87587348476033, -182.2222222222227]
SPS=96
Eval at step 1982500, survival=31.696%, return=[-2.4291025899389447, 485.66230402390164, -35.70324890742389, -170.46031746031778]
SPS=96
Eval at step 1983000, survival=100.000%, return=[-5.990903258381877, 1443.1683840453625, -27.13971781966393, -504.38095238094394]
SPS=96
Eval at step 1983500, survival=100.000%, return=[-6.002160203905078, 1443.6764475405216, -33.555033840530086, -504.8571428571343]
SPS=96
Eval at step 1984000, survival=100.000%, return=[-8.995056822149005, 1390.201785127322, -68.57798263212317, -465.5396825396817]
SPS=96
Eval at step 1984500, survival=100.000%, return=[-8.665242829709314, 1400.8224312663078, -66.72720442526042, -473.04761904761625]
SPS=96
Eval at step 1985000, survival=5.605%, return=[-1.548138253041543, 76.13774934411049, -20.09598062839359, -18.523809523809522]
SPS=96
Eval at step 1985500, survival=100.000%, return=[-12.755641814903356, 1392.622003287077, -183.15357021150703, -453.1428571428565]
SPS=96
Eval at step 1986000, survival=100.000%, return=[-6.105396984989056, 1459.6153068840504, -40.63606157680624, -472.38095238094996]
SPS=96
Eval at step 1986500, survival=34.127%, return=[-4.031951974728145, 494.7682399749756, -43.43625626876019, -126.61904761904763]
SPS=96
Eval at step 1987000, survival=100.000%, return=[-7.753996160827228, 1427.1658083796501, -56.07527951593511, -450.90476190476016]
SPS=96
Eval at step 1987500, survival=41.022%, return=[-6.306957974447869, 509.43308794498444, -102.93332499291864, -98.42857142857214]
SPS=96
Eval at step 1988000, survival=100.000%, return=[-5.919389110039144, 1524.4067851553361, -19.55875704625214, -576.9047619047586]
SPS=96
Eval at step 1988500, survival=100.000%, return=[-6.359486397074458, 1484.8322089711826, -28.5219496274658, -538.0317460317417]
SPS=96
Eval at step 1989000, survival=34.127%, return=[-4.901365409634309, 450.87155915796757, -51.23046758817509, -106.76190476190492]
SPS=97
Eval at step 1989500, survival=100.000%, return=[-4.602829348179512, 1517.4407403469086, -16.29645811583032, -514.4285714285687]
SPS=97
Eval at step 1990000, survival=100.000%, return=[-4.6133911678916775, 1517.658765733242, -15.616211625747383, -513.9682539682512]
SPS=97
Eval at step 1990500, survival=100.000%, return=[-6.555231787322555, 1435.174728885293, -38.55319037567824, -457.19047619047296]
SPS=96
Eval at step 1991000, survival=100.000%, return=[-4.639317651453894, 1516.8495425879955, -12.971877006348222, -514.9047619047589]
SPS=96
Eval at step 1991500, survival=19.444%, return=[-2.462360067787813, 281.2156788110733, -25.60241842578762, -83.38095238095234]
SPS=97
Eval at step 1992000, survival=19.841%, return=[-2.47991718412959, 288.7777251601219, -29.359694301674608, -87.52380952380935]
SPS=97
Eval at step 1992500, survival=18.998%, return=[-2.4992613567446824, 274.5770492553711, -26.574376347416546, -79.1904761904759]
SPS=97
Eval at step 1993000, survival=100.000%, return=[-5.1976587040019995, 1548.9612624247868, -35.47791450924706, -524.9206349206269]
SPS=97
Eval at step 1993500, survival=100.000%, return=[-5.5429147637429805, 1515.8015023767948, -41.151671228775136, -501.03174603174375]
SPS=97
Eval at step 1994000, survival=100.000%, return=[-5.37105225843455, 1537.7149310509365, -20.810996970394626, -546.4761904761833]
SPS=97
Eval at step 1994500, survival=18.750%, return=[-3.209631669247756, 240.82018491625786, -26.317916444095317, -46.4761904761906]
SPS=97
Eval at step 1995000, survival=100.000%, return=[-5.203806037131774, 1483.5199455022812, -47.225860149628716, -496.1904761904777]
SPS=97
Eval at step 1995500, survival=7.391%, return=[-1.5827756808139384, 106.23198729753494, -21.16518157243263, -29.23809523809518]
SPS=97
Eval at step 1996000, survival=18.899%, return=[-3.7141473282827064, 224.37622538208961, -40.36718703166116, -43.28571428571431]
SPS=97
Eval at step 1996500, survival=18.899%, return=[-3.3278774969512597, 240.04054453969002, -24.686059033265337, -57.6190476190477]
SPS=97
Eval at step 1997000, survival=33.284%, return=[-4.603851456427947, 404.10501841828227, -37.448419503634796, -160.95238095238102]
SPS=97
Eval at step 1997500, survival=18.849%, return=[-3.4070055838965345, 237.82701951265335, -24.762721569277346, -42.61904761904767]
SPS=97
Eval at step 1998000, survival=5.655%, return=[-1.1825232169940136, 87.60223722457886, -7.092403285205364, -29.523809523809476]
SPS=97
Eval at step 1998500, survival=100.000%, return=[-4.296851280028932, 1538.9368022680283, -17.41545159369707, -467.0476190476215]
SPS=97
Eval at step 1999000, survival=100.000%, return=[-4.308810866083756, 1538.8548978964488, -18.60633505275473, -471.68253968254203]
SPS=97
Eval at step 1999500, survival=34.425%, return=[-4.938325768598588, 450.7685901224613, -55.79361478477949, -83.09523809523833]
SPS=97
