Initializing the distributed action 'mapper'... (takes a while with big action spaces)
[S-REINFORCE] SR feature mask selected: 20 features
[S-REINFORCE] symbolic tree refit at rollout 2 | imitation_acc=0.428
|--- feature_1 <= 0.25
|   |--- feature_1 <= -0.73
|   |   |--- feature_4 <= -0.81
|   |   |   |--- feature_11 <= -0.09
|   |   |   |   |--- class: 48
|   |   |   |--- feature_11 >  -0.09
|   |   |   |   |--- truncated branch of depth 2
|   |   |--- feature_4 >  -0.81
|   |   |   |--- feature_2 <= 1.20
|   |   |   |   |--- truncated branch of depth 5
|   |   |   |--- feature_2 >  1.20
|   |   |   |   |--- truncated branch of depth 3
|   |--- feature_1 >  -0.73
|   |   |--- feature_4 <= -0.63
|   |   |   |--- class: 18
|   |   |--- feature_4 >  -0.63
|   |   |   |--- feature_7 <= -0.08
|   |   |   |   |--- truncated branch of depth 4
|   |   |   |--- feature_7 >  -0.08
|   |   |   |   |--- truncated branch of depth 4
|--- feature_1 >  0.25
|   |--- feature_5 <= 0.59
|   |   |--- feature_12 <= 0.56
|   |   |   |--- feature_14 <= -0.23
|   |   |   |   |--- truncated branch of depth 5
|   |   |   |--- feature_14 >  -0.23
|   |   |   |   |--- truncated branch of depth 4
|   |   |--- feature_12 >  0.56
|   |   |   |--- feature_15 <= -0.61
|   |   |   |   |--- truncated branch of depth 5
|   |   |   |--- feature_15 >  -0.61
|   |   |   |   |--- truncated branch of depth 3
|   |--- feature_5 >  0.59
|   |   |--- feature_13 <= 2.31
|   |   |   |--- feature_19 <= 2.22
|   |   |   |   |--- truncated branch of depth 5
|   |   |   |--- feature_19 >  2.22
|   |   |   |   |--- truncated branch of depth 3
|   |   |--- feature_13 >  2.31
|   |   |   |--- feature_17 <= 0.04
|   |   |   |   |--- truncated branch of depth 3
|   |   |   |--- feature_17 >  0.04
|   |   |   |   |--- truncated branch of depth 3

[S-REINFORCE] symbolic-policy agreement=0.074
[S-REINFORCE] symbolic-policy agreement=0.035
[S-REINFORCE] symbolic tree refit at rollout 4 | imitation_acc=0.356
|--- feature_5 <= -0.90
|   |--- feature_19 <= -0.53
|   |   |--- feature_16 <= -0.29
|   |   |   |--- feature_11 <= -0.08
|   |   |   |   |--- truncated branch of depth 2
|   |   |   |--- feature_11 >  -0.08
|   |   |   |   |--- class: 7
|   |   |--- feature_16 >  -0.29
|   |   |   |--- feature_13 <= -0.67
|   |   |   |   |--- class: 6
|   |   |   |--- feature_13 >  -0.67
|   |   |   |   |--- truncated branch of depth 3
|   |--- feature_19 >  -0.53
|   |   |--- feature_17 <= -1.06
|   |   |   |--- feature_18 <= -0.41
|   |   |   |   |--- truncated branch of depth 3
|   |   |   |--- feature_18 >  -0.41
|   |   |   |   |--- truncated branch of depth 3
|   |   |--- feature_17 >  -1.06
|   |   |   |--- feature_5 <= -1.14
|   |   |   |   |--- truncated branch of depth 4
|   |   |   |--- feature_5 >  -1.14
|   |   |   |   |--- class: 27
|--- feature_5 >  -0.90
|   |--- feature_5 <= 0.09
|   |   |--- feature_12 <= 0.87
|   |   |   |--- feature_11 <= -0.07
|   |   |   |   |--- truncated branch of depth 3
|   |   |   |--- feature_11 >  -0.07
|   |   |   |   |--- truncated branch of depth 3
|   |   |--- feature_12 >  0.87
|   |   |   |--- feature_7 <= -0.07
|   |   |   |   |--- truncated branch of depth 2
|   |   |   |--- feature_7 >  -0.07
|   |   |   |   |--- class: 8
|   |--- feature_5 >  0.09
|   |   |--- feature_5 <= 0.38
|   |   |   |--- feature_14 <= -0.25
|   |   |   |   |--- truncated branch of depth 3
|   |   |   |--- feature_14 >  -0.25
|   |   |   |   |--- truncated branch of depth 2
|   |   |--- feature_5 >  0.38
|   |   |   |--- feature_3 <= 0.09
|   |   |   |   |--- truncated branch of depth 4
|   |   |   |--- feature_3 >  0.09
|   |   |   |   |--- truncated branch of depth 5

[S-REINFORCE] symbolic-policy agreement=0.060
[S-REINFORCE] symbolic-policy agreement=0.022
[S-REINFORCE] symbolic tree refit at rollout 6 | imitation_acc=0.391
|--- feature_6 <= -0.06
|   |--- feature_19 <= -0.43
|   |   |--- feature_4 <= -0.43
|   |   |   |--- class: 30
|   |   |--- feature_4 >  -0.43
|   |   |   |--- feature_14 <= -0.27
|   |   |   |   |--- class: 34
|   |   |   |--- feature_14 >  -0.27
|   |   |   |   |--- class: 30
|   |--- feature_19 >  -0.43
|   |   |--- feature_7 <= -0.06
|   |   |   |--- feature_17 <= -0.70
|   |   |   |   |--- truncated branch of depth 5
|   |   |   |--- feature_17 >  -0.70
|   |   |   |   |--- truncated branch of depth 3
|   |   |--- feature_7 >  -0.06
|   |   |   |--- feature_6 <= -0.06
|   |   |   |   |--- truncated branch of depth 2
|   |   |   |--- feature_6 >  -0.06
|   |   |   |   |--- truncated branch of depth 3
|--- feature_6 >  -0.06
|   |--- feature_14 <= -0.27
|   |   |--- feature_3 <= 1.53
|   |   |   |--- feature_16 <= -0.74
|   |   |   |   |--- truncated branch of depth 3
|   |   |   |--- feature_16 >  -0.74
|   |   |   |   |--- truncated branch of depth 5
|   |   |--- feature_3 >  1.53
|   |   |   |--- feature_14 <= -0.27
|   |   |   |   |--- truncated branch of depth 3
|   |   |   |--- feature_14 >  -0.27
|   |   |   |   |--- truncated branch of depth 3
|   |--- feature_14 >  -0.27
|   |   |--- feature_9 <= -0.06
|   |   |   |--- feature_14 <= -0.27
|   |   |   |   |--- truncated branch of depth 3
|   |   |   |--- feature_14 >  -0.27
|   |   |   |   |--- truncated branch of depth 3
|   |   |--- feature_9 >  -0.06
|   |   |   |--- feature_8 <= -0.06
|   |   |   |   |--- truncated branch of depth 5
|   |   |   |--- feature_8 >  -0.06
|   |   |   |   |--- truncated branch of depth 2

[S-REINFORCE] symbolic-policy agreement=0.065
[S-REINFORCE] symbolic-policy agreement=0.054
[S-REINFORCE] symbolic tree refit at rollout 8 | imitation_acc=0.445
|--- feature_5 <= 0.03
|   |--- feature_7 <= -0.06
|   |   |--- feature_16 <= -0.62
|   |   |   |--- class: 0
|   |   |--- feature_16 >  -0.62
|   |   |   |--- feature_11 <= -0.07
|   |   |   |   |--- truncated branch of depth 4
|   |   |   |--- feature_11 >  -0.07
|   |   |   |   |--- truncated branch of depth 2
|   |--- feature_7 >  -0.06
|   |   |--- feature_5 <= -0.66
|   |   |   |--- feature_3 <= -1.07
|   |   |   |   |--- truncated branch of depth 4
|   |   |   |--- feature_3 >  -1.07
|   |   |   |   |--- truncated branch of depth 5
|   |   |--- feature_5 >  -0.66
|   |   |   |--- feature_3 <= -0.60
|   |   |   |   |--- truncated branch of depth 5
|   |   |   |--- feature_3 >  -0.60
|   |   |   |   |--- truncated branch of depth 5
|--- feature_5 >  0.03
|   |--- feature_12 <= -0.25
|   |   |--- feature_8 <= -0.06
|   |   |   |--- feature_14 <= -0.27
|   |   |   |   |--- truncated branch of depth 4
|   |   |   |--- feature_14 >  -0.27
|   |   |   |   |--- class: 0
|   |   |--- feature_8 >  -0.06
|   |   |   |--- feature_12 <= -0.38
|   |   |   |   |--- truncated branch of depth 2
|   |   |   |--- feature_12 >  -0.38
|   |   |   |   |--- truncated branch of depth 4
|   |--- feature_12 >  -0.25
|   |   |--- feature_14 <= -0.27
|   |   |   |--- feature_14 <= -0.27
|   |   |   |   |--- class: 12
|   |   |   |--- feature_14 >  -0.27
|   |   |   |   |--- truncated branch of depth 4
|   |   |--- feature_14 >  -0.27
|   |   |   |--- feature_19 <= -0.33
|   |   |   |   |--- truncated branch of depth 5
|   |   |   |--- feature_19 >  -0.33
|   |   |   |   |--- truncated branch of depth 3

[S-REINFORCE] symbolic-policy agreement=0.077
[S-REINFORCE] symbolic-policy agreement=0.037
Eval at step 10000, survival=6.252%, return=[-387.73721528033883, -312.02677642601634, -1944.3179747571257, -389.0282485875705]
SPS=3
[S-REINFORCE] symbolic tree refit at rollout 10 | imitation_acc=0.453
|--- feature_19 <= 2.34
|   |--- feature_12 <= -0.27
|   |   |--- feature_1 <= -0.02
|   |   |   |--- feature_13 <= -0.89
|   |   |   |   |--- truncated branch of depth 5
|   |   |   |--- feature_13 >  -0.89
|   |   |   |   |--- truncated branch of depth 5
|   |   |--- feature_1 >  -0.02
|   |   |   |--- feature_12 <= -0.70
|   |   |   |   |--- truncated branch of depth 2
|   |   |   |--- feature_12 >  -0.70
|   |   |   |   |--- truncated branch of depth 5
|   |--- feature_12 >  -0.27
|   |   |--- feature_4 <= 1.86
|   |   |   |--- feature_6 <= -0.07
|   |   |   |   |--- truncated branch of depth 5
|   |   |   |--- feature_6 >  -0.07
|   |   |   |   |--- truncated branch of depth 4
|   |   |--- feature_4 >  1.86
|   |   |   |--- feature_7 <= -0.07
|   |   |   |   |--- truncated branch of depth 2
|   |   |   |--- feature_7 >  -0.07
|   |   |   |   |--- truncated branch of depth 4
|--- feature_19 >  2.34
|   |--- feature_4 <= -0.50
|   |   |--- feature_17 <= -0.65
|   |   |   |--- feature_0 <= -0.80
|   |   |   |   |--- truncated branch of depth 2
|   |   |   |--- feature_0 >  -0.80
|   |   |   |   |--- class: 37
|   |   |--- feature_17 >  -0.65
|   |   |   |--- feature_2 <= 1.76
|   |   |   |   |--- class: 7
|   |   |   |--- feature_2 >  1.76
|   |   |   |   |--- class: 34
|   |--- feature_4 >  -0.50
|   |   |--- feature_1 <= -0.05
|   |   |   |--- feature_9 <= -0.07
|   |   |   |   |--- truncated branch of depth 2
|   |   |   |--- feature_9 >  -0.07
|   |   |   |   |--- truncated branch of depth 4
|   |   |--- feature_1 >  -0.05
|   |   |   |--- feature_15 <= 3.99
|   |   |   |   |--- truncated branch of depth 5
|   |   |   |--- feature_15 >  3.99
|   |   |   |   |--- truncated branch of depth 4

[S-REINFORCE] symbolic-policy agreement=0.084
[S-REINFORCE] symbolic-policy agreement=0.055
[S-REINFORCE] symbolic tree refit at rollout 12 | imitation_acc=0.419
|--- feature_12 <= 0.56
|   |--- feature_1 <= 0.36
|   |   |--- feature_7 <= -0.07
|   |   |   |--- feature_1 <= -0.07
|   |   |   |   |--- truncated branch of depth 5
|   |   |   |--- feature_1 >  -0.07
|   |   |   |   |--- truncated branch of depth 5
|   |   |--- feature_7 >  -0.07
|   |   |   |--- feature_6 <= -0.07
|   |   |   |   |--- truncated branch of depth 5
|   |   |   |--- feature_6 >  -0.07
|   |   |   |   |--- truncated branch of depth 5
|   |--- feature_1 >  0.36
|   |   |--- feature_8 <= -0.07
|   |   |   |--- feature_3 <= 0.52
|   |   |   |   |--- truncated branch of depth 4
|   |   |   |--- feature_3 >  0.52
|   |   |   |   |--- truncated branch of depth 3
|   |   |--- feature_8 >  -0.07
|   |   |   |--- feature_2 <= 1.83
|   |   |   |   |--- class: 0
|   |   |   |--- feature_2 >  1.83
|   |   |   |   |--- class: 0
|--- feature_12 >  0.56
|   |--- feature_19 <= -0.45
|   |   |--- feature_6 <= -0.07
|   |   |   |--- feature_14 <= -0.29
|   |   |   |   |--- class: 12
|   |   |   |--- feature_14 >  -0.29
|   |   |   |   |--- class: 28
|   |   |--- feature_6 >  -0.07
|   |   |   |--- feature_19 <= -0.45
|   |   |   |   |--- class: 0
|   |   |   |--- feature_19 >  -0.45
|   |   |   |   |--- class: 47
|   |--- feature_19 >  -0.45
|   |   |--- feature_3 <= 0.75
|   |   |   |--- class: 20
|   |   |--- feature_3 >  0.75
|   |   |   |--- feature_17 <= -0.59
|   |   |   |   |--- truncated branch of depth 3
|   |   |   |--- feature_17 >  -0.59
|   |   |   |   |--- truncated branch of depth 2

[S-REINFORCE] symbolic-policy agreement=0.120
[S-REINFORCE] symbolic-policy agreement=0.065
[S-REINFORCE] symbolic tree refit at rollout 14 | imitation_acc=0.480
|--- feature_5 <= 1.79
|   |--- feature_1 <= 0.12
|   |   |--- feature_4 <= -0.68
|   |   |   |--- feature_11 <= -0.08
|   |   |   |   |--- truncated branch of depth 2
|   |   |   |--- feature_11 >  -0.08
|   |   |   |   |--- truncated branch of depth 4
|   |   |--- feature_4 >  -0.68
|   |   |   |--- feature_14 <= -0.30
|   |   |   |   |--- truncated branch of depth 5
|   |   |   |--- feature_14 >  -0.30
|   |   |   |   |--- truncated branch of depth 5
|   |--- feature_1 >  0.12
|   |   |--- feature_12 <= -0.08
|   |   |   |--- feature_14 <= -0.31
|   |   |   |   |--- truncated branch of depth 4
|   |   |   |--- feature_14 >  -0.31
|   |   |   |   |--- truncated branch of depth 5
|   |   |--- feature_12 >  -0.08
|   |   |   |--- feature_10 <= -0.07
|   |   |   |   |--- truncated branch of depth 5
|   |   |   |--- feature_10 >  -0.07
|   |   |   |   |--- class: 25
|--- feature_5 >  1.79
|   |--- feature_4 <= 0.76
|   |   |--- feature_8 <= -0.07
|   |   |   |--- feature_4 <= 0.42
|   |   |   |   |--- class: 4
|   |   |   |--- feature_4 >  0.42
|   |   |   |   |--- class: 4
|   |   |--- feature_8 >  -0.07
|   |   |   |--- class: 4
|   |--- feature_4 >  0.76
|   |   |--- feature_4 <= 1.47
|   |   |   |--- feature_18 <= 2.70
|   |   |   |   |--- class: 25
|   |   |   |--- feature_18 >  2.70
|   |   |   |   |--- truncated branch of depth 3
|   |   |--- feature_4 >  1.47
|   |   |   |--- feature_18 <= 2.59
|   |   |   |   |--- truncated branch of depth 3
|   |   |   |--- feature_18 >  2.59
|   |   |   |   |--- truncated branch of depth 4

[S-REINFORCE] symbolic-policy agreement=0.126
[S-REINFORCE] symbolic-policy agreement=0.017
[S-REINFORCE] symbolic tree refit at rollout 16 | imitation_acc=0.495
|--- feature_4 <= -0.62
|   |--- feature_15 <= -0.59
|   |   |--- feature_5 <= -0.65
|   |   |   |--- feature_12 <= -0.67
|   |   |   |   |--- truncated branch of depth 5
|   |   |   |--- feature_12 >  -0.67
|   |   |   |   |--- truncated branch of depth 5
|   |   |--- feature_5 >  -0.65
|   |   |   |--- feature_10 <= -0.07
|   |   |   |   |--- truncated branch of depth 5
|   |   |   |--- feature_10 >  -0.07
|   |   |   |   |--- truncated branch of depth 5
|   |--- feature_15 >  -0.59
|   |   |--- feature_16 <= 1.15
|   |   |   |--- feature_1 <= 1.17
|   |   |   |   |--- class: 0
|   |   |   |--- feature_1 >  1.17
|   |   |   |   |--- class: 9
|   |   |--- feature_16 >  1.15
|   |   |   |--- feature_1 <= 0.40
|   |   |   |   |--- truncated branch of depth 5
|   |   |   |--- feature_1 >  0.40
|   |   |   |   |--- truncated branch of depth 5
|--- feature_4 >  -0.62
|   |--- feature_17 <= -0.59
|   |   |--- feature_18 <= 2.59
|   |   |   |--- feature_14 <= -0.33
|   |   |   |   |--- class: 7
|   |   |   |--- feature_14 >  -0.33
|   |   |   |   |--- class: 28
|   |   |--- feature_18 >  2.59
|   |   |   |--- class: 30
|   |--- feature_17 >  -0.59
|   |   |--- feature_14 <= 2.53
|   |   |   |--- feature_18 <= 2.53
|   |   |   |   |--- truncated branch of depth 4
|   |   |   |--- feature_18 >  2.53
|   |   |   |   |--- class: 30
|   |   |--- feature_14 >  2.53
|   |   |   |--- feature_13 <= 2.02
|   |   |   |   |--- class: 30
|   |   |   |--- feature_13 >  2.02
|   |   |   |   |--- class: 30

[S-REINFORCE] symbolic-policy agreement=0.199
[S-REINFORCE] symbolic-policy agreement=0.091
[S-REINFORCE] symbolic tree refit at rollout 18 | imitation_acc=0.480
|--- feature_5 <= 1.52
|   |--- feature_1 <= 0.37
|   |   |--- feature_10 <= -0.07
|   |   |   |--- feature_1 <= -1.80
|   |   |   |   |--- class: 0
|   |   |   |--- feature_1 >  -1.80
|   |   |   |   |--- class: 0
|   |   |--- feature_10 >  -0.07
|   |   |   |--- feature_14 <= -0.34
|   |   |   |   |--- truncated branch of depth 5
|   |   |   |--- feature_14 >  -0.34
|   |   |   |   |--- truncated branch of depth 5
|   |--- feature_1 >  0.37
|   |   |--- feature_16 <= -0.57
|   |   |   |--- feature_19 <= 1.62
|   |   |   |   |--- class: 30
|   |   |   |--- feature_19 >  1.62
|   |   |   |   |--- truncated branch of depth 5
|   |   |--- feature_16 >  -0.57
|   |   |   |--- feature_11 <= -0.08
|   |   |   |   |--- truncated branch of depth 4
|   |   |   |--- feature_11 >  -0.08
|   |   |   |   |--- class: 0
|--- feature_5 >  1.52
|   |--- feature_13 <= 2.41
|   |   |--- feature_18 <= 1.76
|   |   |   |--- feature_6 <= -0.07
|   |   |   |   |--- truncated branch of depth 2
|   |   |   |--- feature_6 >  -0.07
|   |   |   |   |--- truncated branch of depth 5
|   |   |--- feature_18 >  1.76
|   |   |   |--- feature_19 <= 1.64
|   |   |   |   |--- truncated branch of depth 4
|   |   |   |--- feature_19 >  1.64
|   |   |   |   |--- class: 35
|   |--- feature_13 >  2.41
|   |   |--- feature_4 <= 1.50
|   |   |   |--- class: 0
|   |   |--- feature_4 >  1.50
|   |   |   |--- feature_14 <= -0.35
|   |   |   |   |--- truncated branch of depth 2
|   |   |   |--- feature_14 >  -0.35
|   |   |   |   |--- class: 12

[S-REINFORCE] symbolic-policy agreement=0.229
[S-REINFORCE] symbolic-policy agreement=0.242
Eval at step 20000, survival=23.737%, return=[-1146.8861846457683, -675.1781802615318, -5878.063944857851, -1161.80979284369]
SPS=3
[S-REINFORCE] symbolic tree refit at rollout 20 | imitation_acc=0.534
|--- feature_14 <= -0.35
|   |--- feature_2 <= 0.87
|   |   |--- feature_13 <= 1.47
|   |   |   |--- feature_1 <= 0.20
|   |   |   |   |--- class: 0
|   |   |   |--- feature_1 >  0.20
|   |   |   |   |--- truncated branch of depth 5
|   |   |--- feature_13 >  1.47
|   |   |   |--- feature_1 <= 1.14
|   |   |   |   |--- truncated branch of depth 4
|   |   |   |--- feature_1 >  1.14
|   |   |   |   |--- class: 0
|   |--- feature_2 >  0.87
|   |   |--- feature_10 <= -0.07
|   |   |   |--- class: 0
|   |   |--- feature_10 >  -0.07
|   |   |   |--- feature_13 <= 0.71
|   |   |   |   |--- class: 26
|   |   |   |--- feature_13 >  0.71
|   |   |   |   |--- class: 44
|--- feature_14 >  -0.35
|   |--- feature_4 <= -0.73
|   |   |--- feature_14 <= -0.35
|   |   |   |--- feature_8 <= -0.07
|   |   |   |   |--- class: 46
|   |   |   |--- feature_8 >  -0.07
|   |   |   |   |--- class: 46
|   |   |--- feature_14 >  -0.35
|   |   |   |--- feature_4 <= -0.73
|   |   |   |   |--- class: 48
|   |   |   |--- feature_4 >  -0.73
|   |   |   |   |--- class: 30
|   |--- feature_4 >  -0.73
|   |   |--- feature_3 <= -0.24
|   |   |   |--- feature_19 <= -0.58
|   |   |   |   |--- truncated branch of depth 2
|   |   |   |--- feature_19 >  -0.58
|   |   |   |   |--- class: 40
|   |   |--- feature_3 >  -0.24
|   |   |   |--- feature_5 <= 0.06
|   |   |   |   |--- truncated branch of depth 5
|   |   |   |--- feature_5 >  0.06
|   |   |   |   |--- truncated branch of depth 5

[S-REINFORCE] symbolic-policy agreement=0.454
[S-REINFORCE] symbolic-policy agreement=0.223
[S-REINFORCE] symbolic tree refit at rollout 22 | imitation_acc=0.520
|--- feature_12 <= 0.48
|   |--- feature_6 <= -0.07
|   |   |--- feature_0 <= -0.74
|   |   |   |--- feature_6 <= -0.07
|   |   |   |   |--- truncated branch of depth 5
|   |   |   |--- feature_6 >  -0.07
|   |   |   |   |--- truncated branch of depth 5
|   |   |--- feature_0 >  -0.74
|   |   |   |--- feature_14 <= -0.34
|   |   |   |   |--- truncated branch of depth 5
|   |   |   |--- feature_14 >  -0.34
|   |   |   |   |--- truncated branch of depth 5
|   |--- feature_6 >  -0.07
|   |   |--- feature_3 <= -0.31
|   |   |   |--- feature_14 <= -0.34
|   |   |   |   |--- class: 42
|   |   |   |--- feature_14 >  -0.34
|   |   |   |   |--- truncated branch of depth 2
|   |   |--- feature_3 >  -0.31
|   |   |   |--- feature_3 <= 0.25
|   |   |   |   |--- class: 22
|   |   |   |--- feature_3 >  0.25
|   |   |   |   |--- class: 0
|--- feature_12 >  0.48
|   |--- feature_15 <= -0.66
|   |   |--- feature_18 <= 1.06
|   |   |   |--- feature_12 <= 1.76
|   |   |   |   |--- class: 0
|   |   |   |--- feature_12 >  1.76
|   |   |   |   |--- truncated branch of depth 3
|   |   |--- feature_18 >  1.06
|   |   |   |--- feature_3 <= 1.48
|   |   |   |   |--- truncated branch of depth 2
|   |   |   |--- feature_3 >  1.48
|   |   |   |   |--- truncated branch of depth 4
|   |--- feature_15 >  -0.66
|   |   |--- feature_19 <= 1.73
|   |   |   |--- feature_3 <= 1.48
|   |   |   |   |--- truncated branch of depth 4
|   |   |   |--- feature_3 >  1.48
|   |   |   |   |--- truncated branch of depth 3
|   |   |--- feature_19 >  1.73
|   |   |   |--- feature_3 <= 2.21
|   |   |   |   |--- truncated branch of depth 3
|   |   |   |--- feature_3 >  2.21
|   |   |   |   |--- class: 1

[S-REINFORCE] symbolic-policy agreement=0.376
[S-REINFORCE] symbolic-policy agreement=0.429
[S-REINFORCE] symbolic tree refit at rollout 24 | imitation_acc=0.601
|--- feature_12 <= -0.07
|   |--- feature_19 <= -0.67
|   |   |--- feature_16 <= -0.49
|   |   |   |--- feature_13 <= -0.91
|   |   |   |   |--- truncated branch of depth 3
|   |   |   |--- feature_13 >  -0.91
|   |   |   |   |--- truncated branch of depth 3
|   |   |--- feature_16 >  -0.49
|   |   |   |--- feature_0 <= -0.18
|   |   |   |   |--- truncated branch of depth 2
|   |   |   |--- feature_0 >  -0.18
|   |   |   |   |--- truncated branch of depth 2
|   |--- feature_19 >  -0.67
|   |   |--- feature_1 <= 0.07
|   |   |   |--- feature_5 <= -1.25
|   |   |   |   |--- truncated branch of depth 3
|   |   |   |--- feature_5 >  -1.25
|   |   |   |   |--- truncated branch of depth 5
|   |   |--- feature_1 >  0.07
|   |   |   |--- feature_1 <= 0.37
|   |   |   |   |--- truncated branch of depth 5
|   |   |   |--- feature_1 >  0.37
|   |   |   |   |--- truncated branch of depth 5
|--- feature_12 >  -0.07
|   |--- feature_3 <= -0.51
|   |   |--- feature_0 <= -0.34
|   |   |   |--- feature_7 <= -0.06
|   |   |   |   |--- class: 30
|   |   |   |--- feature_7 >  -0.06
|   |   |   |   |--- class: 33
|   |   |--- feature_0 >  -0.34
|   |   |   |--- class: 30
|   |--- feature_3 >  -0.51
|   |   |--- feature_0 <= -0.13
|   |   |   |--- feature_8 <= -0.07
|   |   |   |   |--- class: 1
|   |   |   |--- feature_8 >  -0.07
|   |   |   |   |--- truncated branch of depth 4
|   |   |--- feature_0 >  -0.13
|   |   |   |--- feature_14 <= -0.33
|   |   |   |   |--- truncated branch of depth 3
|   |   |   |--- feature_14 >  -0.33
|   |   |   |   |--- class: 0

[S-REINFORCE] symbolic-policy agreement=0.350
[S-REINFORCE] symbolic-policy agreement=0.205
[S-REINFORCE] symbolic tree refit at rollout 26 | imitation_acc=0.614
|--- feature_3 <= 0.34
|   |--- feature_2 <= 0.28
|   |   |--- feature_5 <= 1.38
|   |   |   |--- feature_11 <= -0.07
|   |   |   |   |--- truncated branch of depth 5
|   |   |   |--- feature_11 >  -0.07
|   |   |   |   |--- truncated branch of depth 5
|   |   |--- feature_5 >  1.38
|   |   |   |--- feature_14 <= -0.33
|   |   |   |   |--- truncated branch of depth 2
|   |   |   |--- feature_14 >  -0.33
|   |   |   |   |--- truncated branch of depth 3
|   |--- feature_2 >  0.28
|   |   |--- feature_14 <= -0.33
|   |   |   |--- feature_12 <= -0.19
|   |   |   |   |--- truncated branch of depth 2
|   |   |   |--- feature_12 >  -0.19
|   |   |   |   |--- class: 0
|   |   |--- feature_14 >  -0.33
|   |   |   |--- feature_1 <= 0.24
|   |   |   |   |--- class: 0
|   |   |   |--- feature_1 >  0.24
|   |   |   |   |--- class: 0
|--- feature_3 >  0.34
|   |--- feature_14 <= -0.33
|   |   |--- feature_3 <= 0.58
|   |   |   |--- feature_2 <= -0.74
|   |   |   |   |--- class: 0
|   |   |   |--- feature_2 >  -0.74
|   |   |   |   |--- class: 0
|   |   |--- feature_3 >  0.58
|   |   |   |--- feature_3 <= 2.57
|   |   |   |   |--- truncated branch of depth 2
|   |   |   |--- feature_3 >  2.57
|   |   |   |   |--- truncated branch of depth 2
|   |--- feature_14 >  -0.33
|   |   |--- feature_6 <= -0.07
|   |   |   |--- feature_18 <= 2.12
|   |   |   |   |--- truncated branch of depth 3
|   |   |   |--- feature_18 >  2.12
|   |   |   |   |--- truncated branch of depth 5
|   |   |--- feature_6 >  -0.07
|   |   |   |--- feature_6 <= -0.07
|   |   |   |   |--- truncated branch of depth 2
|   |   |   |--- feature_6 >  -0.07
|   |   |   |   |--- truncated branch of depth 5

[S-REINFORCE] symbolic-policy agreement=0.406
[S-REINFORCE] symbolic-policy agreement=0.121
[S-REINFORCE] symbolic tree refit at rollout 28 | imitation_acc=0.468
|--- feature_7 <= -0.06
|   |--- feature_6 <= -0.07
|   |   |--- feature_16 <= 0.85
|   |   |   |--- class: 32
|   |   |--- feature_16 >  0.85
|   |   |   |--- feature_11 <= -0.07
|   |   |   |   |--- class: 0
|   |   |   |--- feature_11 >  -0.07
|   |   |   |   |--- class: 0
|   |--- feature_6 >  -0.07
|   |   |--- feature_6 <= -0.07
|   |   |   |--- feature_0 <= -0.02
|   |   |   |   |--- truncated branch of depth 3
|   |   |   |--- feature_0 >  -0.02
|   |   |   |   |--- truncated branch of depth 2
|   |   |--- feature_6 >  -0.07
|   |   |   |--- feature_0 <= -0.97
|   |   |   |   |--- truncated branch of depth 2
|   |   |   |--- feature_0 >  -0.97
|   |   |   |   |--- truncated branch of depth 2
|--- feature_7 >  -0.06
|   |--- feature_3 <= 0.98
|   |   |--- feature_16 <= 0.41
|   |   |   |--- feature_18 <= 0.51
|   |   |   |   |--- truncated branch of depth 2
|   |   |   |--- feature_18 >  0.51
|   |   |   |   |--- class: 0
|   |   |--- feature_16 >  0.41
|   |   |   |--- feature_2 <= 0.29
|   |   |   |   |--- truncated branch of depth 5
|   |   |   |--- feature_2 >  0.29
|   |   |   |   |--- truncated branch of depth 5
|   |--- feature_3 >  0.98
|   |   |--- feature_5 <= 2.52
|   |   |   |--- feature_13 <= -1.03
|   |   |   |   |--- truncated branch of depth 5
|   |   |   |--- feature_13 >  -1.03
|   |   |   |   |--- truncated branch of depth 5
|   |   |--- feature_5 >  2.52
|   |   |   |--- feature_17 <= -0.63
|   |   |   |   |--- class: 32
|   |   |   |--- feature_17 >  -0.63
|   |   |   |   |--- truncated branch of depth 2

[S-REINFORCE] symbolic-policy agreement=0.345
[S-REINFORCE] symbolic-policy agreement=0.319
Eval at step 30000, survival=49.206%, return=[-1903.1148742028163, -630.1648063259671, -10015.173093578547, -1944.9077212805648]
SPS=3
[S-REINFORCE] symbolic tree refit at rollout 30 | imitation_acc=0.549
|--- feature_7 <= -0.06
|   |--- feature_3 <= -1.18
|   |   |--- feature_15 <= 1.98
|   |   |   |--- feature_11 <= -0.07
|   |   |   |   |--- class: 0
|   |   |   |--- feature_11 >  -0.07
|   |   |   |   |--- class: 0
|   |   |--- feature_15 >  1.98
|   |   |   |--- feature_14 <= -0.31
|   |   |   |   |--- truncated branch of depth 2
|   |   |   |--- feature_14 >  -0.31
|   |   |   |   |--- truncated branch of depth 5
|   |--- feature_3 >  -1.18
|   |   |--- feature_1 <= -0.10
|   |   |   |--- feature_7 <= -0.06
|   |   |   |   |--- truncated branch of depth 5
|   |   |   |--- feature_7 >  -0.06
|   |   |   |   |--- truncated branch of depth 4
|   |   |--- feature_1 >  -0.10
|   |   |   |--- feature_19 <= -0.82
|   |   |   |   |--- truncated branch of depth 2
|   |   |   |--- feature_19 >  -0.82
|   |   |   |   |--- truncated branch of depth 5
|--- feature_7 >  -0.06
|   |--- feature_6 <= -0.06
|   |   |--- feature_1 <= -2.19
|   |   |   |--- feature_14 <= -0.31
|   |   |   |   |--- truncated branch of depth 2
|   |   |   |--- feature_14 >  -0.31
|   |   |   |   |--- class: 32
|   |   |--- feature_1 >  -2.19
|   |   |   |--- feature_1 <= -1.96
|   |   |   |   |--- class: 32
|   |   |   |--- feature_1 >  -1.96
|   |   |   |   |--- class: 32
|   |--- feature_6 >  -0.06
|   |   |--- feature_0 <= 0.52
|   |   |   |--- class: 0
|   |   |--- feature_0 >  0.52
|   |   |   |--- class: 0

[S-REINFORCE] symbolic-policy agreement=0.357
[S-REINFORCE] symbolic-policy agreement=0.409
[S-REINFORCE] symbolic tree refit at rollout 32 | imitation_acc=0.533
|--- feature_7 <= -0.06
|   |--- feature_19 <= -0.77
|   |   |--- feature_12 <= -0.60
|   |   |   |--- feature_11 <= -0.07
|   |   |   |   |--- truncated branch of depth 2
|   |   |   |--- feature_11 >  -0.07
|   |   |   |   |--- truncated branch of depth 4
|   |   |--- feature_12 >  -0.60
|   |   |   |--- feature_12 <= 1.57
|   |   |   |   |--- truncated branch of depth 5
|   |   |   |--- feature_12 >  1.57
|   |   |   |   |--- truncated branch of depth 5
|   |--- feature_19 >  -0.77
|   |   |--- feature_3 <= -0.52
|   |   |   |--- feature_6 <= -0.06
|   |   |   |   |--- truncated branch of depth 5
|   |   |   |--- feature_6 >  -0.06
|   |   |   |   |--- truncated branch of depth 3
|   |   |--- feature_3 >  -0.52
|   |   |   |--- feature_11 <= -0.06
|   |   |   |   |--- truncated branch of depth 5
|   |   |   |--- feature_11 >  -0.06
|   |   |   |   |--- truncated branch of depth 2
|--- feature_7 >  -0.06
|   |--- feature_7 <= -0.06
|   |   |--- class: 5
|   |--- feature_7 >  -0.06
|   |   |--- feature_6 <= -0.06
|   |   |   |--- class: 0
|   |   |--- feature_6 >  -0.06
|   |   |   |--- feature_14 <= -0.31
|   |   |   |   |--- class: 0
|   |   |   |--- feature_14 >  -0.31
|   |   |   |   |--- class: 0

[S-REINFORCE] symbolic-policy agreement=0.358
[S-REINFORCE] symbolic-policy agreement=0.362
[S-REINFORCE] symbolic tree refit at rollout 34 | imitation_acc=0.484
|--- feature_3 <= 0.45
|   |--- feature_3 <= -0.61
|   |   |--- feature_3 <= -1.51
|   |   |   |--- feature_11 <= -0.06
|   |   |   |   |--- class: 0
|   |   |   |--- feature_11 >  -0.06
|   |   |   |   |--- truncated branch of depth 4
|   |   |--- feature_3 >  -1.51
|   |   |   |--- feature_0 <= -0.41
|   |   |   |   |--- truncated branch of depth 3
|   |   |   |--- feature_0 >  -0.41
|   |   |   |   |--- truncated branch of depth 5
|   |--- feature_3 >  -0.61
|   |   |--- feature_18 <= -0.61
|   |   |   |--- feature_2 <= -1.39
|   |   |   |   |--- truncated branch of depth 4
|   |   |   |--- feature_2 >  -1.39
|   |   |   |   |--- truncated branch of depth 4
|   |   |--- feature_18 >  -0.61
|   |   |   |--- feature_19 <= -0.73
|   |   |   |   |--- truncated branch of depth 2
|   |   |   |--- feature_19 >  -0.73
|   |   |   |   |--- truncated branch of depth 5
|--- feature_3 >  0.45
|   |--- feature_8 <= -0.06
|   |   |--- feature_12 <= 0.11
|   |   |   |--- feature_18 <= -0.61
|   |   |   |   |--- truncated branch of depth 4
|   |   |   |--- feature_18 >  -0.61
|   |   |   |   |--- truncated branch of depth 5
|   |   |--- feature_12 >  0.11
|   |   |   |--- feature_19 <= -0.74
|   |   |   |   |--- truncated branch of depth 4
|   |   |   |--- feature_19 >  -0.74
|   |   |   |   |--- truncated branch of depth 5
|   |--- feature_8 >  -0.06
|   |   |--- feature_0 <= 0.05
|   |   |   |--- feature_5 <= -1.16
|   |   |   |   |--- truncated branch of depth 2
|   |   |   |--- feature_5 >  -1.16
|   |   |   |   |--- truncated branch of depth 3
|   |   |--- feature_0 >  0.05
|   |   |   |--- feature_14 <= -0.30
|   |   |   |   |--- class: 31
|   |   |   |--- feature_14 >  -0.30
|   |   |   |   |--- truncated branch of depth 4

[S-REINFORCE] symbolic-policy agreement=0.221
[S-REINFORCE] symbolic-policy agreement=0.340
[S-REINFORCE] symbolic tree refit at rollout 36 | imitation_acc=0.635
|--- feature_12 <= 0.11
|   |--- feature_3 <= -1.50
|   |   |--- feature_13 <= -0.88
|   |   |   |--- feature_11 <= -0.06
|   |   |   |   |--- class: 0
|   |   |   |--- feature_11 >  -0.06
|   |   |   |   |--- class: 0
|   |   |--- feature_13 >  -0.88
|   |   |   |--- feature_1 <= -3.07
|   |   |   |   |--- truncated branch of depth 2
|   |   |   |--- feature_1 >  -3.07
|   |   |   |   |--- truncated branch of depth 2
|   |--- feature_3 >  -1.50
|   |   |--- feature_14 <= -0.30
|   |   |   |--- feature_11 <= -0.06
|   |   |   |   |--- truncated branch of depth 2
|   |   |   |--- feature_11 >  -0.06
|   |   |   |   |--- class: 0
|   |   |--- feature_14 >  -0.30
|   |   |   |--- feature_17 <= -0.73
|   |   |   |   |--- truncated branch of depth 5
|   |   |   |--- feature_17 >  -0.73
|   |   |   |   |--- truncated branch of depth 3
|--- feature_12 >  0.11
|   |--- feature_2 <= -0.38
|   |   |--- feature_3 <= 1.02
|   |   |   |--- feature_3 <= -0.27
|   |   |   |   |--- class: 12
|   |   |   |--- feature_3 >  -0.27
|   |   |   |   |--- truncated branch of depth 2
|   |   |--- feature_3 >  1.02
|   |   |   |--- feature_13 <= 1.10
|   |   |   |   |--- truncated branch of depth 2
|   |   |   |--- feature_13 >  1.10
|   |   |   |   |--- truncated branch of depth 2
|   |--- feature_2 >  -0.38
|   |   |--- feature_1 <= 0.84
|   |   |   |--- feature_15 <= -0.69
|   |   |   |   |--- class: 0
|   |   |   |--- feature_15 >  -0.69
|   |   |   |   |--- class: 0
|   |   |--- feature_1 >  0.84
|   |   |   |--- feature_0 <= -0.09
|   |   |   |   |--- class: 0
|   |   |   |--- feature_0 >  -0.09
|   |   |   |   |--- truncated branch of depth 2

[S-REINFORCE] symbolic-policy agreement=0.388
[S-REINFORCE] symbolic-policy agreement=0.317
[S-REINFORCE] symbolic tree refit at rollout 38 | imitation_acc=0.606
|--- feature_11 <= -0.06
|   |--- feature_7 <= -0.06
|   |   |--- feature_16 <= -0.55
|   |   |   |--- feature_12 <= -0.69
|   |   |   |   |--- truncated branch of depth 3
|   |   |   |--- feature_12 >  -0.69
|   |   |   |   |--- class: 0
|   |   |--- feature_16 >  -0.55
|   |   |   |--- class: 0
|   |--- feature_7 >  -0.06
|   |   |--- feature_5 <= 1.43
|   |   |   |--- feature_4 <= -0.54
|   |   |   |   |--- truncated branch of depth 5
|   |   |   |--- feature_4 >  -0.54
|   |   |   |   |--- truncated branch of depth 5
|   |   |--- feature_5 >  1.43
|   |   |   |--- feature_16 <= -0.55
|   |   |   |   |--- truncated branch of depth 4
|   |   |   |--- feature_16 >  -0.55
|   |   |   |   |--- truncated branch of depth 4
|--- feature_11 >  -0.06
|   |--- feature_15 <= -0.68
|   |   |--- feature_14 <= 1.24
|   |   |   |--- feature_5 <= -0.22
|   |   |   |   |--- class: 0
|   |   |   |--- feature_5 >  -0.22
|   |   |   |   |--- class: 0
|   |   |--- feature_14 >  1.24
|   |   |   |--- class: 0
|   |--- feature_15 >  -0.68
|   |   |--- feature_18 <= -0.58
|   |   |   |--- feature_13 <= 0.97
|   |   |   |   |--- class: 0
|   |   |   |--- feature_13 >  0.97
|   |   |   |   |--- class: 0
|   |   |--- feature_18 >  -0.58
|   |   |   |--- feature_9 <= -0.06
|   |   |   |   |--- truncated branch of depth 5
|   |   |   |--- feature_9 >  -0.06
|   |   |   |   |--- truncated branch of depth 2

[S-REINFORCE] symbolic-policy agreement=0.353
[S-REINFORCE] symbolic-policy agreement=0.315
Eval at step 40000, survival=41.975%, return=[-1970.954858612434, -1086.1199827531198, -10222.81504134523, -1998.0960451977546]
SPS=3
[S-REINFORCE] symbolic tree refit at rollout 40 | imitation_acc=0.584
|--- feature_7 <= -0.06
|   |--- feature_12 <= 0.96
|   |   |--- feature_16 <= -0.27
|   |   |   |--- class: 7
|   |   |--- feature_16 >  -0.27
|   |   |   |--- feature_11 <= -0.06
|   |   |   |   |--- truncated branch of depth 2
|   |   |   |--- feature_11 >  -0.06
|   |   |   |   |--- truncated branch of depth 3
|   |--- feature_12 >  0.96
|   |   |--- feature_8 <= -0.06
|   |   |   |--- class: 16
|   |   |--- feature_8 >  -0.06
|   |   |   |--- feature_14 <= -0.30
|   |   |   |   |--- class: 0
|   |   |   |--- feature_14 >  -0.30
|   |   |   |   |--- truncated branch of depth 2
|--- feature_7 >  -0.06
|   |--- feature_19 <= 1.27
|   |   |--- feature_13 <= 1.74
|   |   |   |--- feature_7 <= -0.06
|   |   |   |   |--- truncated branch of depth 5
|   |   |   |--- feature_7 >  -0.06
|   |   |   |   |--- truncated branch of depth 4
|   |   |--- feature_13 >  1.74
|   |   |   |--- feature_19 <= 1.26
|   |   |   |   |--- truncated branch of depth 2
|   |   |   |--- feature_19 >  1.26
|   |   |   |   |--- truncated branch of depth 3
|   |--- feature_19 >  1.27
|   |   |--- feature_13 <= -0.54
|   |   |   |--- feature_18 <= 1.49
|   |   |   |   |--- truncated branch of depth 2
|   |   |   |--- feature_18 >  1.49
|   |   |   |   |--- truncated branch of depth 5
|   |   |--- feature_13 >  -0.54
|   |   |   |--- feature_14 <= -0.30
|   |   |   |   |--- truncated branch of depth 2
|   |   |   |--- feature_14 >  -0.30
|   |   |   |   |--- class: 0

[S-REINFORCE] symbolic-policy agreement=0.417
[S-REINFORCE] symbolic-policy agreement=0.144
[S-REINFORCE] symbolic tree refit at rollout 42 | imitation_acc=0.495
|--- feature_1 <= 1.01
|   |--- feature_5 <= 2.42
|   |   |--- feature_2 <= -1.35
|   |   |   |--- feature_12 <= -0.72
|   |   |   |   |--- class: 0
|   |   |   |--- feature_12 >  -0.72
|   |   |   |   |--- truncated branch of depth 2
|   |   |--- feature_2 >  -1.35
|   |   |   |--- feature_1 <= 0.85
|   |   |   |   |--- truncated branch of depth 5
|   |   |   |--- feature_1 >  0.85
|   |   |   |   |--- truncated branch of depth 5
|   |--- feature_5 >  2.42
|   |   |--- feature_19 <= 1.19
|   |   |   |--- class: 0
|   |   |--- feature_19 >  1.19
|   |   |   |--- class: 0
|--- feature_1 >  1.01
|   |--- feature_14 <= -0.30
|   |   |--- class: 32
|   |--- feature_14 >  -0.30
|   |   |--- feature_14 <= -0.30
|   |   |   |--- feature_5 <= 2.37
|   |   |   |   |--- truncated branch of depth 5
|   |   |   |--- feature_5 >  2.37
|   |   |   |   |--- truncated branch of depth 2
|   |   |--- feature_14 >  -0.30
|   |   |   |--- feature_0 <= -0.22
|   |   |   |   |--- truncated branch of depth 5
|   |   |   |--- feature_0 >  -0.22
|   |   |   |   |--- truncated branch of depth 4

[S-REINFORCE] symbolic-policy agreement=0.328
[S-REINFORCE] symbolic-policy agreement=0.016
[S-REINFORCE] symbolic tree refit at rollout 44 | imitation_acc=0.520
|--- feature_1 <= 0.55
|   |--- feature_14 <= -0.30
|   |   |--- feature_6 <= -0.06
|   |   |   |--- class: 30
|   |   |--- feature_6 >  -0.06
|   |   |   |--- feature_10 <= -0.06
|   |   |   |   |--- truncated branch of depth 5
|   |   |   |--- feature_10 >  -0.06
|   |   |   |   |--- truncated branch of depth 4
|   |--- feature_14 >  -0.30
|   |   |--- feature_4 <= 1.94
|   |   |   |--- feature_11 <= -0.06
|   |   |   |   |--- truncated branch of depth 5
|   |   |   |--- feature_11 >  -0.06
|   |   |   |   |--- truncated branch of depth 5
|   |   |--- feature_4 >  1.94
|   |   |   |--- feature_15 <= -0.81
|   |   |   |   |--- truncated branch of depth 2
|   |   |   |--- feature_15 >  -0.81
|   |   |   |   |--- truncated branch of depth 3
|--- feature_1 >  0.55
|   |--- feature_14 <= -0.30
|   |   |--- feature_8 <= -0.06
|   |   |   |--- feature_14 <= -0.30
|   |   |   |   |--- class: 0
|   |   |   |--- feature_14 >  -0.30
|   |   |   |   |--- truncated branch of depth 5
|   |   |--- feature_8 >  -0.06
|   |   |   |--- class: 30
|   |--- feature_14 >  -0.30
|   |   |--- feature_7 <= -0.05
|   |   |   |--- feature_7 <= -0.05
|   |   |   |   |--- truncated branch of depth 3
|   |   |   |--- feature_7 >  -0.05
|   |   |   |   |--- truncated branch of depth 5
|   |   |--- feature_7 >  -0.05
|   |   |   |--- feature_18 <= -0.67
|   |   |   |   |--- truncated branch of depth 2
|   |   |   |--- feature_18 >  -0.67
|   |   |   |   |--- class: 16

[S-REINFORCE] symbolic-policy agreement=0.461
[S-REINFORCE] symbolic-policy agreement=0.326
[S-REINFORCE] symbolic tree refit at rollout 46 | imitation_acc=0.585
|--- feature_11 <= -0.06
|   |--- feature_14 <= -0.30
|   |   |--- feature_16 <= 3.18
|   |   |   |--- feature_11 <= -0.06
|   |   |   |   |--- class: 0
|   |   |   |--- feature_11 >  -0.06
|   |   |   |   |--- truncated branch of depth 3
|   |   |--- feature_16 >  3.18
|   |   |   |--- class: 0
|   |--- feature_14 >  -0.30
|   |   |--- feature_4 <= -0.57
|   |   |   |--- class: 0
|   |   |--- feature_4 >  -0.57
|   |   |   |--- class: 0
|--- feature_11 >  -0.06
|   |--- feature_14 <= -0.31
|   |   |--- feature_0 <= -0.04
|   |   |   |--- feature_3 <= 0.85
|   |   |   |   |--- class: 48
|   |   |   |--- feature_3 >  0.85
|   |   |   |   |--- class: 48
|   |   |--- feature_0 >  -0.04
|   |   |   |--- class: 48
|   |--- feature_14 >  -0.31
|   |   |--- feature_9 <= -0.05
|   |   |   |--- feature_1 <= 0.52
|   |   |   |   |--- truncated branch of depth 5
|   |   |   |--- feature_1 >  0.52
|   |   |   |   |--- truncated branch of depth 4
|   |   |--- feature_9 >  -0.05
|   |   |   |--- feature_3 <= -0.57
|   |   |   |   |--- truncated branch of depth 3
|   |   |   |--- feature_3 >  -0.57
|   |   |   |   |--- truncated branch of depth 2

[S-REINFORCE] symbolic-policy agreement=0.374
[S-REINFORCE] symbolic-policy agreement=0.602
[S-REINFORCE] symbolic tree refit at rollout 48 | imitation_acc=0.624
|--- feature_7 <= -0.05
|   |--- feature_19 <= 1.18
|   |   |--- feature_3 <= -0.37
|   |   |   |--- class: 0
|   |   |--- feature_3 >  -0.37
|   |   |   |--- feature_5 <= 0.64
|   |   |   |   |--- class: 0
|   |   |   |--- feature_5 >  0.64
|   |   |   |   |--- class: 0
|   |--- feature_19 >  1.18
|   |   |--- feature_7 <= -0.05
|   |   |   |--- feature_3 <= -1.53
|   |   |   |   |--- truncated branch of depth 3
|   |   |   |--- feature_3 >  -1.53
|   |   |   |   |--- truncated branch of depth 2
|   |   |--- feature_7 >  -0.05
|   |   |   |--- feature_12 <= -0.19
|   |   |   |   |--- truncated branch of depth 5
|   |   |   |--- feature_12 >  -0.19
|   |   |   |   |--- truncated branch of depth 3
|--- feature_7 >  -0.05
|   |--- feature_10 <= -0.06
|   |   |--- feature_13 <= 1.33
|   |   |   |--- feature_1 <= -1.67
|   |   |   |   |--- class: 0
|   |   |   |--- feature_1 >  -1.67
|   |   |   |   |--- class: 0
|   |   |--- feature_13 >  1.33
|   |   |   |--- feature_8 <= -0.06
|   |   |   |   |--- truncated branch of depth 4
|   |   |   |--- feature_8 >  -0.06
|   |   |   |   |--- class: 31
|   |--- feature_10 >  -0.06
|   |   |--- feature_7 <= -0.05
|   |   |   |--- feature_6 <= -0.06
|   |   |   |   |--- truncated branch of depth 4
|   |   |   |--- feature_6 >  -0.06
|   |   |   |   |--- truncated branch of depth 4
|   |   |--- feature_7 >  -0.05
|   |   |   |--- feature_5 <= 0.04
|   |   |   |   |--- truncated branch of depth 5
|   |   |   |--- feature_5 >  0.04
|   |   |   |   |--- truncated branch of depth 5

[S-REINFORCE] symbolic-policy agreement=0.408
[S-REINFORCE] symbolic-policy agreement=0.600
Eval at step 50000, survival=5.937%, return=[-116.84903465812386, 129.29766032792324, -593.9050091255853, -118.99811676082828]
SPS=3
[S-REINFORCE] symbolic tree refit at rollout 50 | imitation_acc=0.682
|--- feature_1 <= -1.16
|   |--- feature_14 <= -0.30
|   |   |--- feature_13 <= -0.37
|   |   |   |--- feature_13 <= -0.65
|   |   |   |   |--- truncated branch of depth 5
|   |   |   |--- feature_13 >  -0.65
|   |   |   |   |--- truncated branch of depth 5
|   |   |--- feature_13 >  -0.37
|   |   |   |--- feature_13 <= -0.03
|   |   |   |   |--- truncated branch of depth 3
|   |   |   |--- feature_13 >  -0.03
|   |   |   |   |--- class: 0
|   |--- feature_14 >  -0.30
|   |   |--- feature_12 <= -0.42
|   |   |   |--- feature_4 <= -0.56
|   |   |   |   |--- class: 0
|   |   |   |--- feature_4 >  -0.56
|   |   |   |   |--- truncated branch of depth 4
|   |   |--- feature_12 >  -0.42
|   |   |   |--- feature_6 <= -0.06
|   |   |   |   |--- truncated branch of depth 3
|   |   |   |--- feature_6 >  -0.06
|   |   |   |   |--- truncated branch of depth 4
|--- feature_1 >  -1.16
|   |--- feature_10 <= -0.06
|   |   |--- feature_0 <= 1.75
|   |   |   |--- feature_5 <= 0.48
|   |   |   |   |--- truncated branch of depth 4
|   |   |   |--- feature_5 >  0.48
|   |   |   |   |--- truncated branch of depth 5
|   |   |--- feature_0 >  1.75
|   |   |   |--- feature_8 <= -0.06
|   |   |   |   |--- class: 0
|   |   |   |--- feature_8 >  -0.06
|   |   |   |   |--- class: 0
|   |--- feature_10 >  -0.06
|   |   |--- feature_0 <= 1.88
|   |   |   |--- feature_13 <= 0.74
|   |   |   |   |--- truncated branch of depth 5
|   |   |   |--- feature_13 >  0.74
|   |   |   |   |--- truncated branch of depth 2
|   |   |--- feature_0 >  1.88
|   |   |   |--- class: 0

[S-REINFORCE] symbolic-policy agreement=0.675
[S-REINFORCE] symbolic-policy agreement=0.551
[S-REINFORCE] symbolic tree refit at rollout 52 | imitation_acc=0.689
|--- feature_1 <= 0.12
|   |--- feature_7 <= -0.06
|   |   |--- feature_16 <= -0.51
|   |   |   |--- feature_13 <= -0.48
|   |   |   |   |--- truncated branch of depth 4
|   |   |   |--- feature_13 >  -0.48
|   |   |   |   |--- class: 0
|   |   |--- feature_16 >  -0.51
|   |   |   |--- feature_5 <= -0.66
|   |   |   |   |--- truncated branch of depth 3
|   |   |   |--- feature_5 >  -0.66
|   |   |   |   |--- truncated branch of depth 5
|   |--- feature_7 >  -0.06
|   |   |--- feature_10 <= -0.06
|   |   |   |--- feature_11 <= -0.06
|   |   |   |   |--- truncated branch of depth 3
|   |   |   |--- feature_11 >  -0.06
|   |   |   |   |--- truncated branch of depth 4
|   |   |--- feature_10 >  -0.06
|   |   |   |--- class: 0
|--- feature_1 >  0.12
|   |--- feature_11 <= -0.06
|   |   |--- feature_12 <= -0.26
|   |   |   |--- feature_16 <= 1.09
|   |   |   |   |--- truncated branch of depth 3
|   |   |   |--- feature_16 >  1.09
|   |   |   |   |--- truncated branch of depth 3
|   |   |--- feature_12 >  -0.26
|   |   |   |--- feature_6 <= -0.06
|   |   |   |   |--- truncated branch of depth 3
|   |   |   |--- feature_6 >  -0.06
|   |   |   |   |--- truncated branch of depth 4
|   |--- feature_11 >  -0.06
|   |   |--- feature_18 <= 1.96
|   |   |   |--- feature_6 <= -0.06
|   |   |   |   |--- truncated branch of depth 4
|   |   |   |--- feature_6 >  -0.06
|   |   |   |   |--- truncated branch of depth 4
|   |   |--- feature_18 >  1.96
|   |   |   |--- feature_11 <= -0.06
|   |   |   |   |--- class: 0
|   |   |   |--- feature_11 >  -0.06
|   |   |   |   |--- truncated branch of depth 3

[S-REINFORCE] symbolic-policy agreement=0.596
[S-REINFORCE] symbolic-policy agreement=0.622
[S-REINFORCE] symbolic tree refit at rollout 54 | imitation_acc=0.708
|--- feature_3 <= -0.97
|   |--- feature_14 <= -0.30
|   |   |--- feature_10 <= -0.06
|   |   |   |--- feature_13 <= -0.77
|   |   |   |   |--- class: 0
|   |   |   |--- feature_13 >  -0.77
|   |   |   |   |--- truncated branch of depth 3
|   |   |--- feature_10 >  -0.06
|   |   |   |--- feature_4 <= -0.58
|   |   |   |   |--- class: 0
|   |   |   |--- feature_4 >  -0.58
|   |   |   |   |--- truncated branch of depth 2
|   |--- feature_14 >  -0.30
|   |   |--- feature_13 <= -0.65
|   |   |   |--- feature_0 <= 0.93
|   |   |   |   |--- class: 0
|   |   |   |--- feature_0 >  0.93
|   |   |   |   |--- class: 0
|   |   |--- feature_13 >  -0.65
|   |   |   |--- feature_12 <= -0.54
|   |   |   |   |--- class: 0
|   |   |   |--- feature_12 >  -0.54
|   |   |   |   |--- class: 0
|--- feature_3 >  -0.97
|   |--- feature_13 <= 0.38
|   |   |--- feature_13 <= -0.39
|   |   |   |--- feature_3 <= -0.68
|   |   |   |   |--- truncated branch of depth 5
|   |   |   |--- feature_3 >  -0.68
|   |   |   |   |--- truncated branch of depth 5
|   |   |--- feature_13 >  -0.39
|   |   |   |--- feature_1 <= -1.48
|   |   |   |   |--- truncated branch of depth 5
|   |   |   |--- feature_1 >  -1.48
|   |   |   |   |--- truncated branch of depth 5
|   |--- feature_13 >  0.38
|   |   |--- feature_5 <= 1.06
|   |   |   |--- feature_15 <= -0.61
|   |   |   |   |--- class: 30
|   |   |   |--- feature_15 >  -0.61
|   |   |   |   |--- truncated branch of depth 4
|   |   |--- feature_5 >  1.06
|   |   |   |--- feature_3 <= 1.34
|   |   |   |   |--- class: 30
|   |   |   |--- feature_3 >  1.34
|   |   |   |   |--- truncated branch of depth 2

[S-REINFORCE] symbolic-policy agreement=0.629
[S-REINFORCE] symbolic-policy agreement=0.576
[S-REINFORCE] symbolic tree refit at rollout 56 | imitation_acc=0.694
|--- feature_3 <= -1.01
|   |--- feature_13 <= -0.71
|   |   |--- feature_13 <= -0.77
|   |   |   |--- class: 0
|   |   |--- feature_13 >  -0.77
|   |   |   |--- feature_11 <= -0.07
|   |   |   |   |--- class: 0
|   |   |   |--- feature_11 >  -0.07
|   |   |   |   |--- class: 0
|   |--- feature_13 >  -0.71
|   |   |--- feature_0 <= 0.30
|   |   |   |--- feature_3 <= -1.06
|   |   |   |   |--- truncated branch of depth 4
|   |   |   |--- feature_3 >  -1.06
|   |   |   |   |--- class: 0
|   |   |--- feature_0 >  0.30
|   |   |   |--- feature_5 <= -0.76
|   |   |   |   |--- class: 0
|   |   |   |--- feature_5 >  -0.76
|   |   |   |   |--- truncated branch of depth 3
|--- feature_3 >  -1.01
|   |--- feature_13 <= 0.20
|   |   |--- feature_5 <= -0.60
|   |   |   |--- feature_13 <= -0.39
|   |   |   |   |--- truncated branch of depth 5
|   |   |   |--- feature_13 >  -0.39
|   |   |   |   |--- class: 0
|   |   |--- feature_5 >  -0.60
|   |   |   |--- feature_1 <= -1.22
|   |   |   |   |--- truncated branch of depth 5
|   |   |   |--- feature_1 >  -1.22
|   |   |   |   |--- truncated branch of depth 5
|   |--- feature_13 >  0.20
|   |   |--- feature_12 <= 0.64
|   |   |   |--- feature_9 <= -0.06
|   |   |   |   |--- class: 28
|   |   |   |--- feature_9 >  -0.06
|   |   |   |   |--- class: 37
|   |   |--- feature_12 >  0.64
|   |   |   |--- feature_12 <= 0.99
|   |   |   |   |--- truncated branch of depth 3
|   |   |   |--- feature_12 >  0.99
|   |   |   |   |--- class: 0

[S-REINFORCE] symbolic-policy agreement=0.643
[S-REINFORCE] symbolic-policy agreement=0.512
[S-REINFORCE] symbolic tree refit at rollout 58 | imitation_acc=0.594
|--- feature_13 <= -0.65
|   |--- feature_13 <= -0.71
|   |   |--- class: 0
|   |--- feature_13 >  -0.71
|   |   |--- feature_2 <= 0.99
|   |   |   |--- class: 0
|   |   |--- feature_2 >  0.99
|   |   |   |--- class: 0
|--- feature_13 >  -0.65
|   |--- feature_12 <= 0.27
|   |   |--- feature_12 <= -0.20
|   |   |   |--- feature_5 <= -0.60
|   |   |   |   |--- truncated branch of depth 5
|   |   |   |--- feature_5 >  -0.60
|   |   |   |   |--- truncated branch of depth 5
|   |   |--- feature_12 >  -0.20
|   |   |   |--- feature_1 <= -1.30
|   |   |   |   |--- truncated branch of depth 4
|   |   |   |--- feature_1 >  -1.30
|   |   |   |   |--- truncated branch of depth 5
|   |--- feature_12 >  0.27
|   |   |--- feature_1 <= 0.62
|   |   |   |--- feature_0 <= -0.68
|   |   |   |   |--- class: 9
|   |   |   |--- feature_0 >  -0.68
|   |   |   |   |--- class: 39
|   |   |--- feature_1 >  0.62
|   |   |   |--- feature_3 <= 1.46
|   |   |   |   |--- truncated branch of depth 2
|   |   |   |--- feature_3 >  1.46
|   |   |   |   |--- class: 0

[S-REINFORCE] symbolic-policy agreement=0.548
[S-REINFORCE] symbolic-policy agreement=0.467
Eval at step 60000, survival=4.767%, return=[-142.78313731064068, 24.35213305641264, -716.8985353060866, -144.87758945386074]
SPS=3
[S-REINFORCE] symbolic tree refit at rollout 60 | imitation_acc=0.563
|--- feature_5 <= 0.50
|   |--- feature_14 <= -0.29
|   |   |--- feature_5 <= -0.36
|   |   |   |--- feature_11 <= -0.07
|   |   |   |   |--- class: 0
|   |   |   |--- feature_11 >  -0.07
|   |   |   |   |--- class: 0
|   |   |--- feature_5 >  -0.36
|   |   |   |--- feature_0 <= -0.22
|   |   |   |   |--- class: 0
|   |   |   |--- feature_0 >  -0.22
|   |   |   |   |--- class: 0
|   |--- feature_14 >  -0.29
|   |   |--- feature_5 <= -0.54
|   |   |   |--- feature_11 <= -0.07
|   |   |   |   |--- truncated branch of depth 2
|   |   |   |--- feature_11 >  -0.07
|   |   |   |   |--- truncated branch of depth 5
|   |   |--- feature_5 >  -0.54
|   |   |   |--- feature_1 <= -1.14
|   |   |   |   |--- truncated branch of depth 5
|   |   |   |--- feature_1 >  -1.14
|   |   |   |   |--- truncated branch of depth 5
|--- feature_5 >  0.50
|   |--- feature_0 <= 1.47
|   |   |--- feature_3 <= 0.49
|   |   |   |--- feature_12 <= 0.22
|   |   |   |   |--- truncated branch of depth 5
|   |   |   |--- feature_12 >  0.22
|   |   |   |   |--- truncated branch of depth 4
|   |   |--- feature_3 >  0.49
|   |   |   |--- feature_10 <= -0.06
|   |   |   |   |--- class: 2
|   |   |   |--- feature_10 >  -0.06
|   |   |   |   |--- truncated branch of depth 5
|   |--- feature_0 >  1.47
|   |   |--- feature_15 <= -0.72
|   |   |   |--- feature_6 <= -0.07
|   |   |   |   |--- class: 38
|   |   |   |--- feature_6 >  -0.07
|   |   |   |   |--- truncated branch of depth 2
|   |   |--- feature_15 >  -0.72
|   |   |   |--- feature_3 <= 0.10
|   |   |   |   |--- class: 38
|   |   |   |--- feature_3 >  0.10
|   |   |   |   |--- class: 46

[S-REINFORCE] symbolic-policy agreement=0.441
[S-REINFORCE] symbolic-policy agreement=0.511
[S-REINFORCE] symbolic tree refit at rollout 62 | imitation_acc=0.567
|--- feature_1 <= 0.13
|   |--- feature_18 <= -0.28
|   |   |--- feature_10 <= -0.06
|   |   |   |--- feature_11 <= -0.07
|   |   |   |   |--- class: 0
|   |   |   |--- feature_11 >  -0.07
|   |   |   |   |--- class: 0
|   |   |--- feature_10 >  -0.06
|   |   |   |--- feature_7 <= -0.06
|   |   |   |   |--- truncated branch of depth 4
|   |   |   |--- feature_7 >  -0.06
|   |   |   |   |--- truncated branch of depth 5
|   |--- feature_18 >  -0.28
|   |   |--- feature_4 <= -0.60
|   |   |   |--- feature_11 <= -0.07
|   |   |   |   |--- class: 0
|   |   |   |--- feature_11 >  -0.07
|   |   |   |   |--- class: 0
|   |   |--- feature_4 >  -0.60
|   |   |   |--- class: 0
|--- feature_1 >  0.13
|   |--- feature_2 <= 1.65
|   |   |--- feature_4 <= -0.60
|   |   |   |--- feature_8 <= -0.06
|   |   |   |   |--- truncated branch of depth 4
|   |   |   |--- feature_8 >  -0.06
|   |   |   |   |--- truncated branch of depth 2
|   |   |--- feature_4 >  -0.60
|   |   |   |--- feature_5 <= 0.48
|   |   |   |   |--- truncated branch of depth 5
|   |   |   |--- feature_5 >  0.48
|   |   |   |   |--- truncated branch of depth 5
|   |--- feature_2 >  1.65
|   |   |--- feature_15 <= -0.71
|   |   |   |--- feature_4 <= 1.66
|   |   |   |   |--- truncated branch of depth 2
|   |   |   |--- feature_4 >  1.66
|   |   |   |   |--- class: 38
|   |   |--- feature_15 >  -0.71
|   |   |   |--- feature_15 <= -0.71
|   |   |   |   |--- class: 39
|   |   |   |--- feature_15 >  -0.71
|   |   |   |   |--- class: 38

[S-REINFORCE] symbolic-policy agreement=0.420
[S-REINFORCE] symbolic-policy agreement=0.409
[S-REINFORCE] symbolic tree refit at rollout 64 | imitation_acc=0.518
|--- feature_5 <= 0.41
|   |--- feature_13 <= -0.70
|   |   |--- feature_3 <= -1.44
|   |   |   |--- feature_0 <= 1.72
|   |   |   |   |--- truncated branch of depth 5
|   |   |   |--- feature_0 >  1.72
|   |   |   |   |--- truncated branch of depth 3
|   |   |--- feature_3 >  -1.44
|   |   |   |--- feature_0 <= 1.10
|   |   |   |   |--- class: 0
|   |   |   |--- feature_0 >  1.10
|   |   |   |   |--- class: 0
|   |--- feature_13 >  -0.70
|   |   |--- feature_1 <= -1.39
|   |   |   |--- feature_5 <= -0.68
|   |   |   |   |--- truncated branch of depth 5
|   |   |   |--- feature_5 >  -0.68
|   |   |   |   |--- truncated branch of depth 5
|   |   |--- feature_1 >  -1.39
|   |   |   |--- feature_14 <= -0.30
|   |   |   |   |--- truncated branch of depth 3
|   |   |   |--- feature_14 >  -0.30
|   |   |   |   |--- truncated branch of depth 5
|--- feature_5 >  0.41
|   |--- feature_0 <= 0.47
|   |   |--- feature_3 <= 0.18
|   |   |   |--- feature_12 <= 0.28
|   |   |   |   |--- truncated branch of depth 2
|   |   |   |--- feature_12 >  0.28
|   |   |   |   |--- truncated branch of depth 3
|   |   |--- feature_3 >  0.18
|   |   |   |--- feature_12 <= 0.89
|   |   |   |   |--- truncated branch of depth 4
|   |   |   |--- feature_12 >  0.89
|   |   |   |   |--- truncated branch of depth 4
|   |--- feature_0 >  0.47
|   |   |--- feature_6 <= -0.07
|   |   |   |--- feature_12 <= -0.03
|   |   |   |   |--- truncated branch of depth 4
|   |   |   |--- feature_12 >  -0.03
|   |   |   |   |--- class: 9
|   |   |--- feature_6 >  -0.07
|   |   |   |--- feature_2 <= 1.81
|   |   |   |   |--- class: 38
|   |   |   |--- feature_2 >  1.81
|   |   |   |   |--- class: 0

[S-REINFORCE] symbolic-policy agreement=0.364
[S-REINFORCE] symbolic-policy agreement=0.360
[S-REINFORCE] symbolic tree refit at rollout 66 | imitation_acc=0.500
|--- feature_5 <= 0.11
|   |--- feature_1 <= -1.35
|   |   |--- feature_12 <= -0.70
|   |   |   |--- feature_0 <= 1.81
|   |   |   |   |--- truncated branch of depth 5
|   |   |   |--- feature_0 >  1.81
|   |   |   |   |--- truncated branch of depth 3
|   |   |--- feature_12 >  -0.70
|   |   |   |--- feature_5 <= -0.68
|   |   |   |   |--- truncated branch of depth 5
|   |   |   |--- feature_5 >  -0.68
|   |   |   |   |--- truncated branch of depth 4
|   |--- feature_1 >  -1.35
|   |   |--- feature_5 <= -0.71
|   |   |   |--- feature_2 <= -0.65
|   |   |   |   |--- class: 0
|   |   |   |--- feature_2 >  -0.65
|   |   |   |   |--- class: 0
|   |   |--- feature_5 >  -0.71
|   |   |   |--- feature_3 <= -0.16
|   |   |   |   |--- truncated branch of depth 5
|   |   |   |--- feature_3 >  -0.16
|   |   |   |   |--- truncated branch of depth 5
|--- feature_5 >  0.11
|   |--- feature_0 <= 0.83
|   |   |--- feature_13 <= -0.21
|   |   |   |--- feature_5 <= 0.49
|   |   |   |   |--- truncated branch of depth 2
|   |   |   |--- feature_5 >  0.49
|   |   |   |   |--- truncated branch of depth 3
|   |   |--- feature_13 >  -0.21
|   |   |   |--- feature_12 <= 0.29
|   |   |   |   |--- truncated branch of depth 3
|   |   |   |--- feature_12 >  0.29
|   |   |   |   |--- truncated branch of depth 4
|   |--- feature_0 >  0.83
|   |   |--- feature_7 <= -0.06
|   |   |   |--- feature_14 <= -0.30
|   |   |   |   |--- class: 38
|   |   |   |--- feature_14 >  -0.30
|   |   |   |   |--- truncated branch of depth 2
|   |   |--- feature_7 >  -0.06
|   |   |   |--- feature_19 <= 1.25
|   |   |   |   |--- class: 3
|   |   |   |--- feature_19 >  1.25
|   |   |   |   |--- class: 0

[S-REINFORCE] symbolic-policy agreement=0.400
[S-REINFORCE] symbolic-policy agreement=0.278
[S-REINFORCE] symbolic tree refit at rollout 68 | imitation_acc=0.455
|--- feature_5 <= -0.15
|   |--- feature_19 <= -0.79
|   |   |--- feature_3 <= -1.33
|   |   |   |--- class: 11
|   |   |--- feature_3 >  -1.33
|   |   |   |--- feature_11 <= -0.07
|   |   |   |   |--- class: 36
|   |   |   |--- feature_11 >  -0.07
|   |   |   |   |--- truncated branch of depth 2
|   |--- feature_19 >  -0.79
|   |   |--- feature_17 <= -0.61
|   |   |   |--- feature_0 <= -0.79
|   |   |   |   |--- truncated branch of depth 2
|   |   |   |--- feature_0 >  -0.79
|   |   |   |   |--- truncated branch of depth 2
|   |   |--- feature_17 >  -0.61
|   |   |   |--- feature_5 <= -0.62
|   |   |   |   |--- truncated branch of depth 5
|   |   |   |--- feature_5 >  -0.62
|   |   |   |   |--- truncated branch of depth 5
|--- feature_5 >  -0.15
|   |--- feature_12 <= -0.01
|   |   |--- feature_5 <= 0.64
|   |   |   |--- feature_14 <= -0.30
|   |   |   |   |--- truncated branch of depth 4
|   |   |   |--- feature_14 >  -0.30
|   |   |   |   |--- truncated branch of depth 5
|   |   |--- feature_5 >  0.64
|   |   |   |--- feature_17 <= -0.61
|   |   |   |   |--- class: 33
|   |   |   |--- feature_17 >  -0.61
|   |   |   |   |--- truncated branch of depth 4
|   |--- feature_12 >  -0.01
|   |   |--- feature_1 <= 0.72
|   |   |   |--- feature_15 <= -0.69
|   |   |   |   |--- truncated branch of depth 4
|   |   |   |--- feature_15 >  -0.69
|   |   |   |   |--- class: 48
|   |   |--- feature_1 >  0.72
|   |   |   |--- feature_3 <= 1.55
|   |   |   |   |--- truncated branch of depth 2
|   |   |   |--- feature_3 >  1.55
|   |   |   |   |--- class: 0

[S-REINFORCE] symbolic-policy agreement=0.365
[S-REINFORCE] symbolic-policy agreement=0.296
Eval at step 70000, survival=4.738%, return=[-116.81088815980668, 58.21575669877935, -626.5049625066955, -124.3088512241058]
SPS=3
[S-REINFORCE] symbolic tree refit at rollout 70 | imitation_acc=0.483
|--- feature_1 <= 0.19
|   |--- feature_19 <= 1.28
|   |   |--- feature_0 <= 0.65
|   |   |   |--- feature_11 <= -0.07
|   |   |   |   |--- truncated branch of depth 3
|   |   |   |--- feature_11 >  -0.07
|   |   |   |   |--- truncated branch of depth 5
|   |   |--- feature_0 >  0.65
|   |   |   |--- feature_1 <= 0.12
|   |   |   |   |--- truncated branch of depth 5
|   |   |   |--- feature_1 >  0.12
|   |   |   |   |--- truncated branch of depth 2
|   |--- feature_19 >  1.28
|   |   |--- feature_4 <= 1.65
|   |   |   |--- feature_1 <= -2.20
|   |   |   |   |--- class: 0
|   |   |   |--- feature_1 >  -2.20
|   |   |   |   |--- class: 0
|   |   |--- feature_4 >  1.65
|   |   |   |--- class: 0
|--- feature_1 >  0.19
|   |--- feature_5 <= -0.65
|   |   |--- feature_3 <= -1.19
|   |   |   |--- feature_3 <= -1.34
|   |   |   |   |--- class: 12
|   |   |   |--- feature_3 >  -1.34
|   |   |   |   |--- truncated branch of depth 2
|   |   |--- feature_3 >  -1.19
|   |   |   |--- feature_14 <= -0.30
|   |   |   |   |--- class: 38
|   |   |   |--- feature_14 >  -0.30
|   |   |   |   |--- truncated branch of depth 3
|   |--- feature_5 >  -0.65
|   |   |--- feature_5 <= -0.22
|   |   |   |--- feature_0 <= -0.32
|   |   |   |   |--- truncated branch of depth 2
|   |   |   |--- feature_0 >  -0.32
|   |   |   |   |--- truncated branch of depth 5
|   |   |--- feature_5 >  -0.22
|   |   |   |--- feature_0 <= 1.43
|   |   |   |   |--- truncated branch of depth 5
|   |   |   |--- feature_0 >  1.43
|   |   |   |   |--- truncated branch of depth 4

[S-REINFORCE] symbolic-policy agreement=0.375
[S-REINFORCE] symbolic-policy agreement=0.417
[S-REINFORCE] symbolic tree refit at rollout 72 | imitation_acc=0.551
|--- feature_1 <= 0.19
|   |--- feature_12 <= -0.76
|   |   |--- feature_16 <= -0.49
|   |   |   |--- class: 0
|   |   |--- feature_16 >  -0.49
|   |   |   |--- feature_1 <= -2.43
|   |   |   |   |--- class: 0
|   |   |   |--- feature_1 >  -2.43
|   |   |   |   |--- truncated branch of depth 3
|   |--- feature_12 >  -0.76
|   |   |--- feature_3 <= -1.02
|   |   |   |--- feature_14 <= -0.30
|   |   |   |   |--- class: 30
|   |   |   |--- feature_14 >  -0.30
|   |   |   |   |--- truncated branch of depth 2
|   |   |--- feature_3 >  -1.02
|   |   |   |--- feature_3 <= -0.63
|   |   |   |   |--- truncated branch of depth 5
|   |   |   |--- feature_3 >  -0.63
|   |   |   |   |--- class: 30
|--- feature_1 >  0.19
|   |--- feature_0 <= 0.63
|   |   |--- feature_17 <= 1.62
|   |   |   |--- feature_14 <= -0.30
|   |   |   |   |--- truncated branch of depth 5
|   |   |   |--- feature_14 >  -0.30
|   |   |   |   |--- truncated branch of depth 5
|   |   |--- feature_17 >  1.62
|   |   |   |--- feature_8 <= -0.07
|   |   |   |   |--- truncated branch of depth 5
|   |   |   |--- feature_8 >  -0.07
|   |   |   |   |--- class: 49
|   |--- feature_0 >  0.63
|   |   |--- feature_12 <= -0.16
|   |   |   |--- feature_6 <= -0.07
|   |   |   |   |--- truncated branch of depth 2
|   |   |   |--- feature_6 >  -0.07
|   |   |   |   |--- truncated branch of depth 5
|   |   |--- feature_12 >  -0.16
|   |   |   |--- feature_1 <= 0.50
|   |   |   |   |--- truncated branch of depth 3
|   |   |   |--- feature_1 >  0.50
|   |   |   |   |--- truncated branch of depth 2

[S-REINFORCE] symbolic-policy agreement=0.347
[S-REINFORCE] symbolic-policy agreement=0.284
[S-REINFORCE] symbolic tree refit at rollout 74 | imitation_acc=0.430
|--- feature_1 <= 0.17
|   |--- feature_3 <= -0.61
|   |   |--- feature_6 <= -0.07
|   |   |   |--- feature_15 <= -0.66
|   |   |   |   |--- truncated branch of depth 3
|   |   |   |--- feature_15 >  -0.66
|   |   |   |   |--- truncated branch of depth 4
|   |   |--- feature_6 >  -0.07
|   |   |   |--- feature_8 <= -0.07
|   |   |   |   |--- truncated branch of depth 4
|   |   |   |--- feature_8 >  -0.07
|   |   |   |   |--- truncated branch of depth 5
|   |--- feature_3 >  -0.61
|   |   |--- feature_13 <= -0.25
|   |   |   |--- feature_3 <= -0.48
|   |   |   |   |--- truncated branch of depth 2
|   |   |   |--- feature_3 >  -0.48
|   |   |   |   |--- truncated branch of depth 2
|   |   |--- feature_13 >  -0.25
|   |   |   |--- feature_1 <= 0.03
|   |   |   |   |--- class: 4
|   |   |   |--- feature_1 >  0.03
|   |   |   |   |--- class: 4
|--- feature_1 >  0.17
|   |--- feature_5 <= -0.14
|   |   |--- feature_0 <= 0.42
|   |   |   |--- feature_12 <= -0.57
|   |   |   |   |--- truncated branch of depth 2
|   |   |   |--- feature_12 >  -0.57
|   |   |   |   |--- truncated branch of depth 5
|   |   |--- feature_0 >  0.42
|   |   |   |--- feature_1 <= 0.44
|   |   |   |   |--- truncated branch of depth 5
|   |   |   |--- feature_1 >  0.44
|   |   |   |   |--- truncated branch of depth 4
|   |--- feature_5 >  -0.14
|   |   |--- feature_13 <= 0.37
|   |   |   |--- feature_19 <= -0.77
|   |   |   |   |--- class: 0
|   |   |   |--- feature_19 >  -0.77
|   |   |   |   |--- truncated branch of depth 5
|   |   |--- feature_13 >  0.37
|   |   |   |--- feature_13 <= 1.04
|   |   |   |   |--- truncated branch of depth 4
|   |   |   |--- feature_13 >  1.04
|   |   |   |   |--- truncated branch of depth 2

[S-REINFORCE] symbolic-policy agreement=0.268
[S-REINFORCE] symbolic-policy agreement=0.169
[S-REINFORCE] symbolic tree refit at rollout 76 | imitation_acc=0.440
|--- feature_5 <= -0.29
|   |--- feature_1 <= 0.19
|   |   |--- feature_12 <= -0.76
|   |   |   |--- feature_1 <= -2.28
|   |   |   |   |--- class: 47
|   |   |   |--- feature_1 >  -2.28
|   |   |   |   |--- truncated branch of depth 5
|   |   |--- feature_12 >  -0.76
|   |   |   |--- feature_3 <= -1.10
|   |   |   |   |--- truncated branch of depth 3
|   |   |   |--- feature_3 >  -1.10
|   |   |   |   |--- truncated branch of depth 5
|   |--- feature_1 >  0.19
|   |   |--- feature_19 <= 1.31
|   |   |   |--- feature_12 <= -0.37
|   |   |   |   |--- truncated branch of depth 5
|   |   |   |--- feature_12 >  -0.37
|   |   |   |   |--- truncated branch of depth 5
|   |   |--- feature_19 >  1.31
|   |   |   |--- class: 30
|--- feature_5 >  -0.29
|   |--- feature_12 <= 0.38
|   |   |--- feature_5 <= 0.37
|   |   |   |--- feature_12 <= 0.02
|   |   |   |   |--- truncated branch of depth 5
|   |   |   |--- feature_12 >  0.02
|   |   |   |   |--- truncated branch of depth 4
|   |   |--- feature_5 >  0.37
|   |   |   |--- feature_0 <= -0.20
|   |   |   |   |--- truncated branch of depth 3
|   |   |   |--- feature_0 >  -0.20
|   |   |   |   |--- truncated branch of depth 5
|   |--- feature_12 >  0.38
|   |   |--- feature_4 <= -0.63
|   |   |   |--- feature_14 <= -0.30
|   |   |   |   |--- class: 6
|   |   |   |--- feature_14 >  -0.30
|   |   |   |   |--- truncated branch of depth 3
|   |   |--- feature_4 >  -0.63
|   |   |   |--- class: 0

[S-REINFORCE] symbolic-policy agreement=0.226
[S-REINFORCE] symbolic-policy agreement=0.276
[S-REINFORCE] symbolic tree refit at rollout 78 | imitation_acc=0.455
|--- feature_13 <= 0.42
|   |--- feature_5 <= -0.14
|   |   |--- feature_12 <= -0.76
|   |   |   |--- feature_0 <= 1.16
|   |   |   |   |--- truncated branch of depth 4
|   |   |   |--- feature_0 >  1.16
|   |   |   |   |--- truncated branch of depth 3
|   |   |--- feature_12 >  -0.76
|   |   |   |--- feature_3 <= -1.00
|   |   |   |   |--- truncated branch of depth 5
|   |   |   |--- feature_3 >  -1.00
|   |   |   |   |--- truncated branch of depth 5
|   |--- feature_5 >  -0.14
|   |   |--- feature_3 <= 0.44
|   |   |   |--- feature_0 <= 0.64
|   |   |   |   |--- truncated branch of depth 5
|   |   |   |--- feature_0 >  0.64
|   |   |   |   |--- truncated branch of depth 4
|   |   |--- feature_3 >  0.44
|   |   |   |--- feature_0 <= -1.15
|   |   |   |   |--- class: 0
|   |   |   |--- feature_0 >  -1.15
|   |   |   |   |--- truncated branch of depth 4
|--- feature_13 >  0.42
|   |--- feature_3 <= 1.20
|   |   |--- feature_4 <= -0.62
|   |   |   |--- feature_2 <= 0.03
|   |   |   |   |--- class: 0
|   |   |   |--- feature_2 >  0.03
|   |   |   |   |--- class: 18
|   |   |--- feature_4 >  -0.62
|   |   |   |--- feature_2 <= -0.37
|   |   |   |   |--- truncated branch of depth 2
|   |   |   |--- feature_2 >  -0.37
|   |   |   |   |--- class: 42
|   |--- feature_3 >  1.20
|   |   |--- feature_6 <= -0.07
|   |   |   |--- class: 17
|   |   |--- feature_6 >  -0.07
|   |   |   |--- class: 17

[S-REINFORCE] symbolic-policy agreement=0.279
[S-REINFORCE] symbolic-policy agreement=0.292
Eval at step 80000, survival=4.738%, return=[-158.48189641295176, -16.883058134650838, -823.2567717376273, -167.76459510357833]
SPS=3
[S-REINFORCE] symbolic tree refit at rollout 80 | imitation_acc=0.447
|--- feature_12 <= 0.40
|   |--- feature_5 <= 0.31
|   |   |--- feature_13 <= -0.70
|   |   |   |--- feature_11 <= -0.07
|   |   |   |   |--- truncated branch of depth 3
|   |   |   |--- feature_11 >  -0.07
|   |   |   |   |--- truncated branch of depth 5
|   |   |--- feature_13 >  -0.70
|   |   |   |--- feature_5 <= -0.13
|   |   |   |   |--- truncated branch of depth 5
|   |   |   |--- feature_5 >  -0.13
|   |   |   |   |--- truncated branch of depth 5
|   |--- feature_5 >  0.31
|   |   |--- feature_3 <= 0.53
|   |   |   |--- feature_0 <= 2.02
|   |   |   |   |--- truncated branch of depth 5
|   |   |   |--- feature_0 >  2.02
|   |   |   |   |--- truncated branch of depth 2
|   |   |--- feature_3 >  0.53
|   |   |   |--- feature_2 <= -1.11
|   |   |   |   |--- class: 0
|   |   |   |--- feature_2 >  -1.11
|   |   |   |   |--- truncated branch of depth 2
|--- feature_12 >  0.40
|   |--- feature_13 <= 0.99
|   |   |--- feature_0 <= -0.86
|   |   |   |--- feature_12 <= 0.56
|   |   |   |   |--- class: 32
|   |   |   |--- feature_12 >  0.56
|   |   |   |   |--- class: 2
|   |   |--- feature_0 >  -0.86
|   |   |   |--- feature_14 <= -0.30
|   |   |   |   |--- truncated branch of depth 2
|   |   |   |--- feature_14 >  -0.30
|   |   |   |   |--- class: 40
|   |--- feature_13 >  0.99
|   |   |--- feature_4 <= -0.63
|   |   |   |--- class: 26
|   |   |--- feature_4 >  -0.63
|   |   |   |--- feature_3 <= 1.61
|   |   |   |   |--- class: 13
|   |   |   |--- feature_3 >  1.61
|   |   |   |   |--- class: 38

[S-REINFORCE] symbolic-policy agreement=0.316
[S-REINFORCE] symbolic-policy agreement=0.256
[S-REINFORCE] symbolic tree refit at rollout 82 | imitation_acc=0.469
|--- feature_12 <= 0.40
|   |--- feature_5 <= 0.27
|   |   |--- feature_12 <= -0.76
|   |   |   |--- feature_0 <= 1.43
|   |   |   |   |--- truncated branch of depth 4
|   |   |   |--- feature_0 >  1.43
|   |   |   |   |--- truncated branch of depth 5
|   |   |--- feature_12 >  -0.76
|   |   |   |--- feature_3 <= -1.01
|   |   |   |   |--- truncated branch of depth 5
|   |   |   |--- feature_3 >  -1.01
|   |   |   |   |--- truncated branch of depth 5
|   |--- feature_5 >  0.27
|   |   |--- feature_16 <= -0.47
|   |   |   |--- feature_3 <= 0.56
|   |   |   |   |--- truncated branch of depth 5
|   |   |   |--- feature_3 >  0.56
|   |   |   |   |--- class: 0
|   |   |--- feature_16 >  -0.47
|   |   |   |--- feature_15 <= -0.65
|   |   |   |   |--- class: 38
|   |   |   |--- feature_15 >  -0.65
|   |   |   |   |--- truncated branch of depth 3
|--- feature_12 >  0.40
|   |--- feature_0 <= -1.08
|   |   |--- feature_15 <= 0.05
|   |   |   |--- feature_1 <= 0.88
|   |   |   |   |--- class: 23
|   |   |   |--- feature_1 >  0.88
|   |   |   |   |--- class: 23
|   |   |--- feature_15 >  0.05
|   |   |   |--- class: 6
|   |--- feature_0 >  -1.08
|   |   |--- feature_3 <= 1.73
|   |   |   |--- feature_3 <= 0.28
|   |   |   |   |--- truncated branch of depth 2
|   |   |   |--- feature_3 >  0.28
|   |   |   |   |--- truncated branch of depth 3
|   |   |--- feature_3 >  1.73
|   |   |   |--- class: 2

[S-REINFORCE] symbolic-policy agreement=0.432
[S-REINFORCE] symbolic-policy agreement=0.264
[S-REINFORCE] symbolic tree refit at rollout 84 | imitation_acc=0.445
|--- feature_2 <= 1.48
|   |--- feature_5 <= -0.13
|   |   |--- feature_1 <= 0.29
|   |   |   |--- feature_3 <= -0.29
|   |   |   |   |--- truncated branch of depth 5
|   |   |   |--- feature_3 >  -0.29
|   |   |   |   |--- truncated branch of depth 4
|   |   |--- feature_1 >  0.29
|   |   |   |--- feature_5 <= -0.31
|   |   |   |   |--- truncated branch of depth 5
|   |   |   |--- feature_5 >  -0.31
|   |   |   |   |--- truncated branch of depth 4
|   |--- feature_5 >  -0.13
|   |   |--- feature_12 <= 0.41
|   |   |   |--- feature_11 <= -0.08
|   |   |   |   |--- truncated branch of depth 5
|   |   |   |--- feature_11 >  -0.08
|   |   |   |   |--- truncated branch of depth 3
|   |   |--- feature_12 >  0.41
|   |   |   |--- feature_13 <= 0.89
|   |   |   |   |--- truncated branch of depth 2
|   |   |   |--- feature_13 >  0.89
|   |   |   |   |--- truncated branch of depth 2
|--- feature_2 >  1.48
|   |--- feature_13 <= -0.70
|   |   |--- feature_0 <= 1.80
|   |   |   |--- feature_15 <= -0.64
|   |   |   |   |--- class: 0
|   |   |   |--- feature_15 >  -0.64
|   |   |   |   |--- class: 0
|   |   |--- feature_0 >  1.80
|   |   |   |--- feature_19 <= 1.28
|   |   |   |   |--- truncated branch of depth 2
|   |   |   |--- feature_19 >  1.28
|   |   |   |   |--- class: 0
|   |--- feature_13 >  -0.70
|   |   |--- feature_18 <= 0.81
|   |   |   |--- feature_2 <= 1.75
|   |   |   |   |--- class: 0
|   |   |   |--- feature_2 >  1.75
|   |   |   |   |--- class: 0
|   |   |--- feature_18 >  0.81
|   |   |   |--- feature_2 <= 1.96
|   |   |   |   |--- class: 0
|   |   |   |--- feature_2 >  1.96
|   |   |   |   |--- class: 0

[S-REINFORCE] symbolic-policy agreement=0.353
[S-REINFORCE] symbolic-policy agreement=0.489
[S-REINFORCE] symbolic tree refit at rollout 86 | imitation_acc=0.497
|--- feature_5 <= -0.23
|   |--- feature_1 <= -1.36
|   |   |--- feature_2 <= 1.82
|   |   |   |--- feature_0 <= -0.85
|   |   |   |   |--- truncated branch of depth 3
|   |   |   |--- feature_0 >  -0.85
|   |   |   |   |--- truncated branch of depth 4
|   |   |--- feature_2 >  1.82
|   |   |   |--- class: 0
|   |--- feature_1 >  -1.36
|   |   |--- feature_12 <= -0.49
|   |   |   |--- feature_15 <= 0.52
|   |   |   |   |--- truncated branch of depth 5
|   |   |   |--- feature_15 >  0.52
|   |   |   |   |--- truncated branch of depth 2
|   |   |--- feature_12 >  -0.49
|   |   |   |--- feature_1 <= 0.15
|   |   |   |   |--- truncated branch of depth 5
|   |   |   |--- feature_1 >  0.15
|   |   |   |   |--- truncated branch of depth 5
|--- feature_5 >  -0.23
|   |--- feature_12 <= 0.42
|   |   |--- feature_5 <= 0.31
|   |   |   |--- feature_14 <= -0.30
|   |   |   |   |--- class: 0
|   |   |   |--- feature_14 >  -0.30
|   |   |   |   |--- truncated branch of depth 5
|   |   |--- feature_5 >  0.31
|   |   |   |--- feature_15 <= 0.43
|   |   |   |   |--- truncated branch of depth 5
|   |   |   |--- feature_15 >  0.43
|   |   |   |   |--- class: 0
|   |--- feature_12 >  0.42
|   |   |--- feature_3 <= 1.05
|   |   |   |--- feature_1 <= 0.64
|   |   |   |   |--- truncated branch of depth 2
|   |   |   |--- feature_1 >  0.64
|   |   |   |   |--- class: 0
|   |   |--- feature_3 >  1.05
|   |   |   |--- feature_3 <= 1.75
|   |   |   |   |--- truncated branch of depth 2
|   |   |   |--- feature_3 >  1.75
|   |   |   |   |--- class: 17

[S-REINFORCE] symbolic-policy agreement=0.283
[S-REINFORCE] symbolic-policy agreement=0.278
[S-REINFORCE] symbolic tree refit at rollout 88 | imitation_acc=0.506
|--- feature_5 <= 0.16
|   |--- feature_13 <= -0.35
|   |   |--- feature_1 <= -0.02
|   |   |   |--- feature_12 <= -0.83
|   |   |   |   |--- truncated branch of depth 5
|   |   |   |--- feature_12 >  -0.83
|   |   |   |   |--- truncated branch of depth 5
|   |   |--- feature_1 >  -0.02
|   |   |   |--- feature_14 <= 0.46
|   |   |   |   |--- truncated branch of depth 5
|   |   |   |--- feature_14 >  0.46
|   |   |   |   |--- truncated branch of depth 5
|   |--- feature_13 >  -0.35
|   |   |--- feature_3 <= -0.11
|   |   |   |--- feature_1 <= -1.23
|   |   |   |   |--- truncated branch of depth 2
|   |   |   |--- feature_1 >  -1.23
|   |   |   |   |--- truncated branch of depth 5
|   |   |--- feature_3 >  -0.11
|   |   |   |--- feature_17 <= 1.66
|   |   |   |   |--- truncated branch of depth 4
|   |   |   |--- feature_17 >  1.66
|   |   |   |   |--- truncated branch of depth 2
|--- feature_5 >  0.16
|   |--- feature_13 <= 0.88
|   |   |--- feature_2 <= 0.71
|   |   |   |--- feature_3 <= 0.47
|   |   |   |   |--- truncated branch of depth 5
|   |   |   |--- feature_3 >  0.47
|   |   |   |   |--- truncated branch of depth 5
|   |   |--- feature_2 >  0.71
|   |   |   |--- feature_5 <= 0.87
|   |   |   |   |--- truncated branch of depth 5
|   |   |   |--- feature_5 >  0.87
|   |   |   |   |--- class: 0
|   |--- feature_13 >  0.88
|   |   |--- feature_13 <= 1.08
|   |   |   |--- class: 6
|   |   |--- feature_13 >  1.08
|   |   |   |--- feature_18 <= -0.58
|   |   |   |   |--- truncated branch of depth 2
|   |   |   |--- feature_18 >  -0.58
|   |   |   |   |--- class: 30

[S-REINFORCE] symbolic-policy agreement=0.296
[S-REINFORCE] symbolic-policy agreement=0.361
Eval at step 90000, survival=4.738%, return=[-158.4733059045102, -16.631643012738206, -827.1275776505194, -166.03578154425622]
SPS=3
[S-REINFORCE] symbolic tree refit at rollout 90 | imitation_acc=0.529
|--- feature_5 <= 0.29
|   |--- feature_0 <= -0.57
|   |   |--- feature_5 <= 0.01
|   |   |   |--- feature_12 <= 0.06
|   |   |   |   |--- truncated branch of depth 5
|   |   |   |--- feature_12 >  0.06
|   |   |   |   |--- truncated branch of depth 4
|   |   |--- feature_5 >  0.01
|   |   |   |--- feature_3 <= -0.15
|   |   |   |   |--- truncated branch of depth 3
|   |   |   |--- feature_3 >  -0.15
|   |   |   |   |--- class: 36
|   |--- feature_0 >  -0.57
|   |   |--- feature_1 <= 0.34
|   |   |   |--- feature_1 <= -0.80
|   |   |   |   |--- truncated branch of depth 2
|   |   |   |--- feature_1 >  -0.80
|   |   |   |   |--- truncated branch of depth 5
|   |   |--- feature_1 >  0.34
|   |   |   |--- feature_13 <= -0.11
|   |   |   |   |--- truncated branch of depth 5
|   |   |   |--- feature_13 >  -0.11
|   |   |   |   |--- truncated branch of depth 2
|--- feature_5 >  0.29
|   |--- feature_13 <= 0.48
|   |   |--- feature_3 <= 0.50
|   |   |   |--- feature_5 <= 0.69
|   |   |   |   |--- class: 0
|   |   |   |--- feature_5 >  0.69
|   |   |   |   |--- truncated branch of depth 5
|   |   |--- feature_3 >  0.50
|   |   |   |--- feature_13 <= -0.28
|   |   |   |   |--- class: 0
|   |   |   |--- feature_13 >  -0.28
|   |   |   |   |--- truncated branch of depth 2
|   |--- feature_13 >  0.48
|   |   |--- feature_5 <= 1.41
|   |   |   |--- feature_14 <= 0.45
|   |   |   |   |--- truncated branch of depth 4
|   |   |   |--- feature_14 >  0.45
|   |   |   |   |--- truncated branch of depth 3
|   |   |--- feature_5 >  1.41
|   |   |   |--- class: 38

[S-REINFORCE] symbolic-policy agreement=0.403
[S-REINFORCE] symbolic-policy agreement=0.316
[S-REINFORCE] symbolic tree refit at rollout 92 | imitation_acc=0.524
|--- feature_5 <= 0.26
|   |--- feature_1 <= -1.26
|   |   |--- feature_16 <= -0.50
|   |   |   |--- feature_11 <= -0.08
|   |   |   |   |--- class: 30
|   |   |   |--- feature_11 >  -0.08
|   |   |   |   |--- class: 30
|   |   |--- feature_16 >  -0.50
|   |   |   |--- feature_12 <= -0.32
|   |   |   |   |--- truncated branch of depth 4
|   |   |   |--- feature_12 >  -0.32
|   |   |   |   |--- class: 27
|   |--- feature_1 >  -1.26
|   |   |--- feature_13 <= -0.00
|   |   |   |--- feature_2 <= -0.45
|   |   |   |   |--- truncated branch of depth 5
|   |   |   |--- feature_2 >  -0.45
|   |   |   |   |--- truncated branch of depth 5
|   |   |--- feature_13 >  -0.00
|   |   |   |--- feature_14 <= 0.44
|   |   |   |   |--- truncated branch of depth 4
|   |   |   |--- feature_14 >  0.44
|   |   |   |   |--- truncated branch of depth 3
|--- feature_5 >  0.26
|   |--- feature_12 <= 0.55
|   |   |--- feature_17 <= -0.60
|   |   |   |--- feature_15 <= -0.63
|   |   |   |   |--- class: 0
|   |   |   |--- feature_15 >  -0.63
|   |   |   |   |--- class: 0
|   |   |--- feature_17 >  -0.60
|   |   |   |--- feature_12 <= -0.14
|   |   |   |   |--- truncated branch of depth 2
|   |   |   |--- feature_12 >  -0.14
|   |   |   |   |--- truncated branch of depth 5
|   |--- feature_12 >  0.55
|   |   |--- feature_3 <= 0.78
|   |   |   |--- feature_14 <= 0.44
|   |   |   |   |--- truncated branch of depth 2
|   |   |   |--- feature_14 >  0.44
|   |   |   |   |--- class: 0
|   |   |--- feature_3 >  0.78
|   |   |   |--- feature_13 <= 1.04
|   |   |   |   |--- class: 38
|   |   |   |--- feature_13 >  1.04
|   |   |   |   |--- truncated branch of depth 3

[S-REINFORCE] symbolic-policy agreement=0.429
[S-REINFORCE] symbolic-policy agreement=0.349
[S-REINFORCE] symbolic tree refit at rollout 94 | imitation_acc=0.513
|--- feature_5 <= 0.34
|   |--- feature_12 <= -0.14
|   |   |--- feature_1 <= -0.10
|   |   |   |--- feature_3 <= -0.90
|   |   |   |   |--- truncated branch of depth 3
|   |   |   |--- feature_3 >  -0.90
|   |   |   |   |--- truncated branch of depth 3
|   |   |--- feature_1 >  -0.10
|   |   |   |--- feature_2 <= 1.50
|   |   |   |   |--- truncated branch of depth 5
|   |   |   |--- feature_2 >  1.50
|   |   |   |   |--- truncated branch of depth 5
|   |--- feature_12 >  -0.14
|   |   |--- feature_5 <= -0.11
|   |   |   |--- feature_14 <= 1.93
|   |   |   |   |--- truncated branch of depth 5
|   |   |   |--- feature_14 >  1.93
|   |   |   |   |--- truncated branch of depth 2
|   |   |--- feature_5 >  -0.11
|   |   |   |--- feature_7 <= -0.07
|   |   |   |   |--- truncated branch of depth 3
|   |   |   |--- feature_7 >  -0.07
|   |   |   |   |--- class: 27
|--- feature_5 >  0.34
|   |--- feature_13 <= 0.49
|   |   |--- feature_5 <= 0.60
|   |   |   |--- feature_7 <= -0.07
|   |   |   |   |--- class: 0
|   |   |   |--- feature_7 >  -0.07
|   |   |   |   |--- class: 0
|   |   |--- feature_5 >  0.60
|   |   |   |--- feature_0 <= 0.02
|   |   |   |   |--- class: 0
|   |   |   |--- feature_0 >  0.02
|   |   |   |   |--- truncated branch of depth 4
|   |--- feature_13 >  0.49
|   |   |--- feature_0 <= 0.01
|   |   |   |--- feature_6 <= -0.07
|   |   |   |   |--- class: 30
|   |   |   |--- feature_6 >  -0.07
|   |   |   |   |--- truncated branch of depth 3
|   |   |--- feature_0 >  0.01
|   |   |   |--- class: 30

[S-REINFORCE] symbolic-policy agreement=0.354
[S-REINFORCE] symbolic-policy agreement=0.379
[S-REINFORCE] symbolic tree refit at rollout 96 | imitation_acc=0.517
|--- feature_5 <= 0.35
|   |--- feature_13 <= -0.13
|   |   |--- feature_5 <= -0.68
|   |   |   |--- feature_12 <= -0.63
|   |   |   |   |--- truncated branch of depth 5
|   |   |   |--- feature_12 >  -0.63
|   |   |   |   |--- truncated branch of depth 5
|   |   |--- feature_5 >  -0.68
|   |   |   |--- feature_5 <= -0.55
|   |   |   |   |--- truncated branch of depth 5
|   |   |   |--- feature_5 >  -0.55
|   |   |   |   |--- truncated branch of depth 5
|   |--- feature_13 >  -0.13
|   |   |--- feature_5 <= 0.11
|   |   |   |--- feature_14 <= 0.42
|   |   |   |   |--- truncated branch of depth 5
|   |   |   |--- feature_14 >  0.42
|   |   |   |   |--- truncated branch of depth 4
|   |   |--- feature_5 >  0.11
|   |   |   |--- feature_4 <= -0.63
|   |   |   |   |--- class: 4
|   |   |   |--- feature_4 >  -0.63
|   |   |   |   |--- class: 35
|--- feature_5 >  0.35
|   |--- feature_13 <= 0.50
|   |   |--- feature_5 <= 0.60
|   |   |   |--- feature_2 <= -0.01
|   |   |   |   |--- truncated branch of depth 2
|   |   |   |--- feature_2 >  -0.01
|   |   |   |   |--- class: 0
|   |   |--- feature_5 >  0.60
|   |   |   |--- feature_12 <= -0.21
|   |   |   |   |--- truncated branch of depth 3
|   |   |   |--- feature_12 >  -0.21
|   |   |   |   |--- truncated branch of depth 5
|   |--- feature_13 >  0.50
|   |   |--- feature_14 <= 1.16
|   |   |   |--- feature_7 <= -0.07
|   |   |   |   |--- truncated branch of depth 3
|   |   |   |--- feature_7 >  -0.07
|   |   |   |   |--- class: 0
|   |   |--- feature_14 >  1.16
|   |   |   |--- feature_13 <= 0.89
|   |   |   |   |--- class: 0
|   |   |   |--- feature_13 >  0.89
|   |   |   |   |--- class: 38

[S-REINFORCE] symbolic-policy agreement=0.336
[S-REINFORCE] symbolic-policy agreement=0.278
[S-REINFORCE] symbolic tree refit at rollout 98 | imitation_acc=0.478
|--- feature_5 <= 0.40
|   |--- feature_0 <= -0.56
|   |   |--- feature_5 <= 0.10
|   |   |   |--- feature_13 <= -0.49
|   |   |   |   |--- truncated branch of depth 4
|   |   |   |--- feature_13 >  -0.49
|   |   |   |   |--- truncated branch of depth 5
|   |   |--- feature_5 >  0.10
|   |   |   |--- feature_15 <= 1.71
|   |   |   |   |--- truncated branch of depth 2
|   |   |   |--- feature_15 >  1.71
|   |   |   |   |--- class: 46
|   |--- feature_0 >  -0.56
|   |   |--- feature_13 <= -0.77
|   |   |   |--- feature_0 <= 1.40
|   |   |   |   |--- truncated branch of depth 4
|   |   |   |--- feature_0 >  1.40
|   |   |   |   |--- truncated branch of depth 3
|   |   |--- feature_13 >  -0.77
|   |   |   |--- feature_12 <= -0.34
|   |   |   |   |--- truncated branch of depth 5
|   |   |   |--- feature_12 >  -0.34
|   |   |   |   |--- truncated branch of depth 5
|--- feature_5 >  0.40
|   |--- feature_13 <= 0.51
|   |   |--- feature_5 <= 0.61
|   |   |   |--- feature_3 <= 0.80
|   |   |   |   |--- class: 0
|   |   |   |--- feature_3 >  0.80
|   |   |   |   |--- truncated branch of depth 2
|   |   |--- feature_5 >  0.61
|   |   |   |--- feature_17 <= 1.69
|   |   |   |   |--- truncated branch of depth 5
|   |   |   |--- feature_17 >  1.69
|   |   |   |   |--- truncated branch of depth 2
|   |--- feature_13 >  0.51
|   |   |--- feature_14 <= 0.41
|   |   |   |--- feature_19 <= -0.78
|   |   |   |   |--- class: 12
|   |   |   |--- feature_19 >  -0.78
|   |   |   |   |--- truncated branch of depth 5
|   |   |--- feature_14 >  0.41
|   |   |   |--- feature_13 <= 1.22
|   |   |   |   |--- truncated branch of depth 2
|   |   |   |--- feature_13 >  1.22
|   |   |   |   |--- class: 0

[S-REINFORCE] symbolic-policy agreement=0.325
[S-REINFORCE] symbolic-policy agreement=0.237
Eval at step 100000, survival=4.738%, return=[-279.39388277653296, -213.0212708491196, -1408.8144740975847, -281.58945386064016]
SPS=3
[S-REINFORCE] symbolic tree refit at rollout 100 | imitation_acc=0.464
|--- feature_1 <= 0.34
|   |--- feature_14 <= 2.55
|   |   |--- feature_13 <= -0.84
|   |   |   |--- feature_1 <= -0.77
|   |   |   |   |--- truncated branch of depth 4
|   |   |   |--- feature_1 >  -0.77
|   |   |   |   |--- truncated branch of depth 4
|   |   |--- feature_13 >  -0.84
|   |   |   |--- feature_3 <= -0.92
|   |   |   |   |--- truncated branch of depth 5
|   |   |   |--- feature_3 >  -0.92
|   |   |   |   |--- truncated branch of depth 5
|   |--- feature_14 >  2.55
|   |   |--- feature_3 <= -0.46
|   |   |   |--- feature_1 <= 0.07
|   |   |   |   |--- truncated branch of depth 3
|   |   |   |--- feature_1 >  0.07
|   |   |   |   |--- truncated branch of depth 2
|   |   |--- feature_3 >  -0.46
|   |   |   |--- feature_12 <= -0.13
|   |   |   |   |--- class: 0
|   |   |   |--- feature_12 >  -0.13
|   |   |   |   |--- class: 30
|--- feature_1 >  0.34
|   |--- feature_12 <= 0.01
|   |   |--- feature_0 <= -0.91
|   |   |   |--- feature_5 <= 0.49
|   |   |   |   |--- truncated branch of depth 3
|   |   |   |--- feature_5 >  0.49
|   |   |   |   |--- class: 0
|   |   |--- feature_0 >  -0.91
|   |   |   |--- feature_5 <= -0.71
|   |   |   |   |--- class: 30
|   |   |   |--- feature_5 >  -0.71
|   |   |   |   |--- truncated branch of depth 5
|   |--- feature_12 >  0.01
|   |   |--- feature_5 <= 0.89
|   |   |   |--- feature_4 <= -0.63
|   |   |   |   |--- truncated branch of depth 5
|   |   |   |--- feature_4 >  -0.63
|   |   |   |   |--- truncated branch of depth 2
|   |   |--- feature_5 >  0.89
|   |   |   |--- feature_1 <= 0.44
|   |   |   |   |--- truncated branch of depth 3
|   |   |   |--- feature_1 >  0.44
|   |   |   |   |--- truncated branch of depth 5

[S-REINFORCE] symbolic-policy agreement=0.315
[S-REINFORCE] symbolic-policy agreement=0.266
[S-REINFORCE] symbolic tree refit at rollout 102 | imitation_acc=0.471
|--- feature_13 <= -0.56
|   |--- feature_3 <= -0.94
|   |   |--- feature_2 <= 1.73
|   |   |   |--- feature_13 <= -0.70
|   |   |   |   |--- truncated branch of depth 5
|   |   |   |--- feature_13 >  -0.70
|   |   |   |   |--- truncated branch of depth 4
|   |   |--- feature_2 >  1.73
|   |   |   |--- feature_14 <= -0.33
|   |   |   |   |--- truncated branch of depth 3
|   |   |   |--- feature_14 >  -0.33
|   |   |   |   |--- class: 37
|   |--- feature_3 >  -0.94
|   |   |--- feature_10 <= -0.07
|   |   |   |--- feature_13 <= -0.66
|   |   |   |   |--- class: 14
|   |   |   |--- feature_13 >  -0.66
|   |   |   |   |--- class: 14
|   |   |--- feature_10 >  -0.07
|   |   |   |--- class: 30
|--- feature_13 >  -0.56
|   |--- feature_5 <= -0.52
|   |   |--- feature_5 <= -0.71
|   |   |   |--- feature_13 <= -0.20
|   |   |   |   |--- truncated branch of depth 5
|   |   |   |--- feature_13 >  -0.20
|   |   |   |   |--- class: 42
|   |   |--- feature_5 >  -0.71
|   |   |   |--- feature_9 <= -0.07
|   |   |   |   |--- truncated branch of depth 5
|   |   |   |--- feature_9 >  -0.07
|   |   |   |   |--- truncated branch of depth 2
|   |--- feature_5 >  -0.52
|   |   |--- feature_5 <= 0.38
|   |   |   |--- feature_5 <= -0.23
|   |   |   |   |--- truncated branch of depth 5
|   |   |   |--- feature_5 >  -0.23
|   |   |   |   |--- truncated branch of depth 4
|   |   |--- feature_5 >  0.38
|   |   |   |--- feature_2 <= 0.52
|   |   |   |   |--- truncated branch of depth 5
|   |   |   |--- feature_2 >  0.52
|   |   |   |   |--- truncated branch of depth 5

[S-REINFORCE] symbolic-policy agreement=0.256
[S-REINFORCE] symbolic-policy agreement=0.290
[S-REINFORCE] symbolic tree refit at rollout 104 | imitation_acc=0.469
|--- feature_13 <= -0.56
|   |--- feature_1 <= -0.01
|   |   |--- feature_14 <= -0.34
|   |   |   |--- feature_1 <= -1.55
|   |   |   |   |--- class: 30
|   |   |   |--- feature_1 >  -1.55
|   |   |   |   |--- class: 30
|   |   |--- feature_14 >  -0.34
|   |   |   |--- feature_2 <= 0.47
|   |   |   |   |--- truncated branch of depth 2
|   |   |   |--- feature_2 >  0.47
|   |   |   |   |--- truncated branch of depth 3
|   |--- feature_1 >  -0.01
|   |   |--- feature_14 <= -0.34
|   |   |   |--- feature_12 <= -0.85
|   |   |   |   |--- truncated branch of depth 3
|   |   |   |--- feature_12 >  -0.85
|   |   |   |   |--- truncated branch of depth 3
|   |   |--- feature_14 >  -0.34
|   |   |   |--- class: 0
|--- feature_13 >  -0.56
|   |--- feature_5 <= -0.58
|   |   |--- feature_15 <= 0.87
|   |   |   |--- feature_14 <= -0.34
|   |   |   |   |--- truncated branch of depth 3
|   |   |   |--- feature_14 >  -0.34
|   |   |   |   |--- truncated branch of depth 4
|   |   |--- feature_15 >  0.87
|   |   |   |--- feature_0 <= -0.85
|   |   |   |   |--- truncated branch of depth 3
|   |   |   |--- feature_0 >  -0.85
|   |   |   |   |--- truncated branch of depth 4
|   |--- feature_5 >  -0.58
|   |   |--- feature_12 <= 0.28
|   |   |   |--- feature_1 <= 0.41
|   |   |   |   |--- truncated branch of depth 5
|   |   |   |--- feature_1 >  0.41
|   |   |   |   |--- truncated branch of depth 5
|   |   |--- feature_12 >  0.28
|   |   |   |--- feature_5 <= 1.41
|   |   |   |   |--- truncated branch of depth 4
|   |   |   |--- feature_5 >  1.41
|   |   |   |   |--- truncated branch of depth 2

[S-REINFORCE] symbolic-policy agreement=0.310
[S-REINFORCE] symbolic-policy agreement=0.226
[S-REINFORCE] symbolic tree refit at rollout 106 | imitation_acc=0.471
|--- feature_14 <= 2.41
|   |--- feature_1 <= 0.34
|   |   |--- feature_12 <= -0.63
|   |   |   |--- feature_14 <= 1.02
|   |   |   |   |--- truncated branch of depth 5
|   |   |   |--- feature_14 >  1.02
|   |   |   |   |--- class: 40
|   |   |--- feature_12 >  -0.63
|   |   |   |--- feature_5 <= -0.45
|   |   |   |   |--- truncated branch of depth 5
|   |   |   |--- feature_5 >  -0.45
|   |   |   |   |--- truncated branch of depth 5
|   |--- feature_1 >  0.34
|   |   |--- feature_3 <= -0.31
|   |   |   |--- feature_5 <= -0.58
|   |   |   |   |--- truncated branch of depth 5
|   |   |   |--- feature_5 >  -0.58
|   |   |   |   |--- class: 42
|   |   |--- feature_3 >  -0.31
|   |   |   |--- feature_5 <= 0.10
|   |   |   |   |--- truncated branch of depth 4
|   |   |   |--- feature_5 >  0.10
|   |   |   |   |--- truncated branch of depth 5
|--- feature_14 >  2.41
|   |--- feature_11 <= -0.08
|   |   |--- feature_12 <= -0.19
|   |   |   |--- feature_12 <= -0.78
|   |   |   |   |--- class: 21
|   |   |   |--- feature_12 >  -0.78
|   |   |   |   |--- truncated branch of depth 5
|   |   |--- feature_12 >  -0.19
|   |   |   |--- feature_1 <= 0.31
|   |   |   |   |--- truncated branch of depth 2
|   |   |   |--- feature_1 >  0.31
|   |   |   |   |--- truncated branch of depth 3
|   |--- feature_11 >  -0.08
|   |   |--- feature_5 <= 1.15
|   |   |   |--- class: 0
|   |   |--- feature_5 >  1.15
|   |   |   |--- class: 0

[S-REINFORCE] symbolic-policy agreement=0.391
[S-REINFORCE] symbolic-policy agreement=0.300
[S-REINFORCE] symbolic tree refit at rollout 108 | imitation_acc=0.490
|--- feature_12 <= 0.25
|   |--- feature_13 <= -0.56
|   |   |--- feature_14 <= 1.00
|   |   |   |--- feature_17 <= -0.60
|   |   |   |   |--- truncated branch of depth 5
|   |   |   |--- feature_17 >  -0.60
|   |   |   |   |--- truncated branch of depth 2
|   |   |--- feature_14 >  1.00
|   |   |   |--- feature_19 <= -0.78
|   |   |   |   |--- class: 30
|   |   |   |--- feature_19 >  -0.78
|   |   |   |   |--- truncated branch of depth 2
|   |--- feature_13 >  -0.56
|   |   |--- feature_5 <= -0.49
|   |   |   |--- feature_1 <= 0.31
|   |   |   |   |--- truncated branch of depth 5
|   |   |   |--- feature_1 >  0.31
|   |   |   |   |--- truncated branch of depth 5
|   |   |--- feature_5 >  -0.49
|   |   |   |--- feature_8 <= -0.07
|   |   |   |   |--- truncated branch of depth 5
|   |   |   |--- feature_8 >  -0.07
|   |   |   |   |--- truncated branch of depth 4
|--- feature_12 >  0.25
|   |--- feature_3 <= 1.70
|   |   |--- feature_1 <= 0.59
|   |   |   |--- feature_12 <= 0.76
|   |   |   |   |--- truncated branch of depth 4
|   |   |   |--- feature_12 >  0.76
|   |   |   |   |--- class: 0
|   |   |--- feature_1 >  0.59
|   |   |   |--- feature_14 <= 1.00
|   |   |   |   |--- truncated branch of depth 2
|   |   |   |--- feature_14 >  1.00
|   |   |   |   |--- truncated branch of depth 2
|   |--- feature_3 >  1.70
|   |   |--- feature_15 <= -0.63
|   |   |   |--- class: 30
|   |   |--- feature_15 >  -0.63
|   |   |   |--- class: 42

[S-REINFORCE] symbolic-policy agreement=0.380
[S-REINFORCE] symbolic-policy agreement=0.305
Eval at step 110000, survival=4.738%, return=[-126.8059244084531, 41.296903590686576, -673.0508524296142, -133.7777777777778]
SPS=3
[S-REINFORCE] symbolic tree refit at rollout 110 | imitation_acc=0.412
|--- feature_16 <= -0.48
|   |--- feature_5 <= -0.49
|   |   |--- feature_14 <= -0.36
|   |   |   |--- feature_15 <= -0.63
|   |   |   |   |--- truncated branch of depth 2
|   |   |   |--- feature_15 >  -0.63
|   |   |   |   |--- truncated branch of depth 5
|   |   |--- feature_14 >  -0.36
|   |   |   |--- feature_8 <= -0.07
|   |   |   |   |--- truncated branch of depth 3
|   |   |   |--- feature_8 >  -0.07
|   |   |   |   |--- truncated branch of depth 5
|   |--- feature_5 >  -0.49
|   |   |--- feature_14 <= 0.98
|   |   |   |--- feature_2 <= 0.49
|   |   |   |   |--- truncated branch of depth 5
|   |   |   |--- feature_2 >  0.49
|   |   |   |   |--- truncated branch of depth 5
|   |   |--- feature_14 >  0.98
|   |   |   |--- feature_10 <= -0.07
|   |   |   |   |--- truncated branch of depth 3
|   |   |   |--- feature_10 >  -0.07
|   |   |   |   |--- truncated branch of depth 4
|--- feature_16 >  -0.48
|   |--- feature_8 <= -0.07
|   |   |--- feature_0 <= -0.91
|   |   |   |--- class: 0
|   |   |--- feature_0 >  -0.91
|   |   |   |--- class: 0
|   |--- feature_8 >  -0.07
|   |   |--- class: 0

[S-REINFORCE] symbolic-policy agreement=0.268
[S-REINFORCE] symbolic-policy agreement=0.244
[S-REINFORCE] symbolic tree refit at rollout 112 | imitation_acc=0.482
|--- feature_13 <= -0.56
|   |--- feature_14 <= 1.61
|   |   |--- feature_1 <= -2.48
|   |   |   |--- feature_5 <= -0.73
|   |   |   |   |--- class: 30
|   |   |   |--- feature_5 >  -0.73
|   |   |   |   |--- class: 1
|   |   |--- feature_1 >  -2.48
|   |   |   |--- feature_14 <= 0.95
|   |   |   |   |--- truncated branch of depth 5
|   |   |   |--- feature_14 >  0.95
|   |   |   |   |--- truncated branch of depth 2
|   |--- feature_14 >  1.61
|   |   |--- feature_0 <= -0.74
|   |   |   |--- class: 0
|   |   |--- feature_0 >  -0.74
|   |   |   |--- feature_6 <= -0.07
|   |   |   |   |--- class: 30
|   |   |   |--- feature_6 >  -0.07
|   |   |   |   |--- truncated branch of depth 3
|--- feature_13 >  -0.56
|   |--- feature_3 <= -0.44
|   |   |--- feature_11 <= -0.08
|   |   |   |--- feature_8 <= -0.07
|   |   |   |   |--- truncated branch of depth 5
|   |   |   |--- feature_8 >  -0.07
|   |   |   |   |--- class: 31
|   |   |--- feature_11 >  -0.08
|   |   |   |--- class: 0
|   |--- feature_3 >  -0.44
|   |   |--- feature_5 <= 0.88
|   |   |   |--- feature_1 <= 0.72
|   |   |   |   |--- truncated branch of depth 5
|   |   |   |--- feature_1 >  0.72
|   |   |   |   |--- truncated branch of depth 2
|   |   |--- feature_5 >  0.88
|   |   |   |--- feature_4 <= -0.61
|   |   |   |   |--- truncated branch of depth 5
|   |   |   |--- feature_4 >  -0.61
|   |   |   |   |--- truncated branch of depth 3

[S-REINFORCE] symbolic-policy agreement=0.373
[S-REINFORCE] symbolic-policy agreement=0.230
[S-REINFORCE] symbolic tree refit at rollout 114 | imitation_acc=0.456
|--- feature_14 <= 2.23
|   |--- feature_13 <= -0.48
|   |   |--- feature_14 <= -0.37
|   |   |   |--- feature_1 <= -0.01
|   |   |   |   |--- truncated branch of depth 3
|   |   |   |--- feature_1 >  -0.01
|   |   |   |   |--- truncated branch of depth 3
|   |   |--- feature_14 >  -0.37
|   |   |   |--- feature_11 <= -0.08
|   |   |   |   |--- truncated branch of depth 2
|   |   |   |--- feature_11 >  -0.08
|   |   |   |   |--- truncated branch of depth 3
|   |--- feature_13 >  -0.48
|   |   |--- feature_3 <= -0.51
|   |   |   |--- feature_7 <= -0.07
|   |   |   |   |--- truncated branch of depth 5
|   |   |   |--- feature_7 >  -0.07
|   |   |   |   |--- class: 0
|   |   |--- feature_3 >  -0.51
|   |   |   |--- feature_5 <= -0.55
|   |   |   |   |--- truncated branch of depth 4
|   |   |   |--- feature_5 >  -0.55
|   |   |   |   |--- truncated branch of depth 5
|--- feature_14 >  2.23
|   |--- feature_3 <= 0.57
|   |   |--- feature_3 <= -0.31
|   |   |   |--- feature_13 <= -0.48
|   |   |   |   |--- truncated branch of depth 5
|   |   |   |--- feature_13 >  -0.48
|   |   |   |   |--- truncated branch of depth 4
|   |   |--- feature_3 >  -0.31
|   |   |   |--- feature_6 <= -0.07
|   |   |   |   |--- truncated branch of depth 4
|   |   |   |--- feature_6 >  -0.07
|   |   |   |   |--- truncated branch of depth 2
|   |--- feature_3 >  0.57
|   |   |--- class: 3

[S-REINFORCE] symbolic-policy agreement=0.330
[S-REINFORCE] symbolic-policy agreement=0.278
[S-REINFORCE] symbolic tree refit at rollout 116 | imitation_acc=0.449
|--- feature_14 <= 0.91
|   |--- feature_1 <= 0.32
|   |   |--- feature_3 <= -0.47
|   |   |   |--- feature_12 <= -0.34
|   |   |   |   |--- truncated branch of depth 5
|   |   |   |--- feature_12 >  -0.34
|   |   |   |   |--- truncated branch of depth 3
|   |   |--- feature_3 >  -0.47
|   |   |   |--- feature_1 <= -0.07
|   |   |   |   |--- class: 30
|   |   |   |--- feature_1 >  -0.07
|   |   |   |   |--- truncated branch of depth 3
|   |--- feature_1 >  0.32
|   |   |--- feature_5 <= -0.55
|   |   |   |--- feature_3 <= -0.61
|   |   |   |   |--- truncated branch of depth 2
|   |   |   |--- feature_3 >  -0.61
|   |   |   |   |--- truncated branch of depth 4
|   |   |--- feature_5 >  -0.55
|   |   |   |--- feature_12 <= 0.52
|   |   |   |   |--- truncated branch of depth 5
|   |   |   |--- feature_12 >  0.52
|   |   |   |   |--- truncated branch of depth 5
|--- feature_14 >  0.91
|   |--- feature_12 <= 0.52
|   |   |--- feature_12 <= -0.89
|   |   |   |--- feature_19 <= 1.30
|   |   |   |   |--- class: 0
|   |   |   |--- feature_19 >  1.30
|   |   |   |   |--- class: 0
|   |   |--- feature_12 >  -0.89
|   |   |   |--- feature_17 <= -0.61
|   |   |   |   |--- class: 0
|   |   |   |--- feature_17 >  -0.61
|   |   |   |   |--- truncated branch of depth 5
|   |--- feature_12 >  0.52
|   |   |--- feature_1 <= 0.61
|   |   |   |--- class: 38
|   |   |--- feature_1 >  0.61
|   |   |   |--- feature_2 <= -0.92
|   |   |   |   |--- class: 19
|   |   |   |--- feature_2 >  -0.92
|   |   |   |   |--- class: 14

[S-REINFORCE] symbolic-policy agreement=0.344
[S-REINFORCE] symbolic-policy agreement=0.271
[S-REINFORCE] symbolic tree refit at rollout 118 | imitation_acc=0.475
|--- feature_14 <= 0.89
|   |--- feature_13 <= -0.63
|   |   |--- feature_3 <= -1.45
|   |   |   |--- feature_17 <= 1.66
|   |   |   |   |--- truncated branch of depth 2
|   |   |   |--- feature_17 >  1.66
|   |   |   |   |--- class: 30
|   |   |--- feature_3 >  -1.45
|   |   |   |--- feature_1 <= -2.64
|   |   |   |   |--- truncated branch of depth 2
|   |   |   |--- feature_1 >  -2.64
|   |   |   |   |--- truncated branch of depth 4
|   |--- feature_13 >  -0.63
|   |   |--- feature_1 <= 0.03
|   |   |   |--- feature_13 <= -0.26
|   |   |   |   |--- truncated branch of depth 3
|   |   |   |--- feature_13 >  -0.26
|   |   |   |   |--- truncated branch of depth 3
|   |   |--- feature_1 >  0.03
|   |   |   |--- feature_12 <= 0.30
|   |   |   |   |--- truncated branch of depth 5
|   |   |   |--- feature_12 >  0.30
|   |   |   |   |--- truncated branch of depth 5
|--- feature_14 >  0.89
|   |--- feature_5 <= 0.15
|   |   |--- feature_2 <= 1.47
|   |   |   |--- feature_0 <= -0.81
|   |   |   |   |--- truncated branch of depth 5
|   |   |   |--- feature_0 >  -0.81
|   |   |   |   |--- truncated branch of depth 5
|   |   |--- feature_2 >  1.47
|   |   |   |--- feature_3 <= -1.43
|   |   |   |   |--- class: 0
|   |   |   |--- feature_3 >  -1.43
|   |   |   |   |--- class: 36
|   |--- feature_5 >  0.15
|   |   |--- feature_6 <= -0.07
|   |   |   |--- feature_12 <= 0.60
|   |   |   |   |--- truncated branch of depth 3
|   |   |   |--- feature_12 >  0.60
|   |   |   |   |--- truncated branch of depth 2
|   |   |--- feature_6 >  -0.07
|   |   |   |--- class: 31

[S-REINFORCE] symbolic-policy agreement=0.372
[S-REINFORCE] symbolic-policy agreement=0.267
Eval at step 120000, survival=4.767%, return=[-242.73360455610478, -145.17202657531377, -1230.9749939121136, -246.0244821092276]
SPS=3
[S-REINFORCE] symbolic tree refit at rollout 120 | imitation_acc=0.429
|--- feature_14 <= 2.11
|   |--- feature_1 <= 0.35
|   |   |--- feature_2 <= -0.86
|   |   |   |--- feature_1 <= -1.46
|   |   |   |   |--- class: 30
|   |   |   |--- feature_1 >  -1.46
|   |   |   |   |--- truncated branch of depth 3
|   |   |--- feature_2 >  -0.86
|   |   |   |--- feature_1 <= 0.10
|   |   |   |   |--- truncated branch of depth 5
|   |   |   |--- feature_1 >  0.10
|   |   |   |   |--- truncated branch of depth 5
|   |--- feature_1 >  0.35
|   |   |--- feature_6 <= -0.08
|   |   |   |--- feature_5 <= -0.65
|   |   |   |   |--- truncated branch of depth 5
|   |   |   |--- feature_5 >  -0.65
|   |   |   |   |--- truncated branch of depth 3
|   |   |--- feature_6 >  -0.08
|   |   |   |--- feature_5 <= 0.67
|   |   |   |   |--- truncated branch of depth 5
|   |   |   |--- feature_5 >  0.67
|   |   |   |   |--- truncated branch of depth 5
|--- feature_14 >  2.11
|   |--- feature_5 <= 0.16
|   |   |--- feature_0 <= -0.63
|   |   |   |--- feature_13 <= -0.52
|   |   |   |   |--- truncated branch of depth 2
|   |   |   |--- feature_13 >  -0.52
|   |   |   |   |--- truncated branch of depth 3
|   |   |--- feature_0 >  -0.63
|   |   |   |--- feature_4 <= -0.62
|   |   |   |   |--- truncated branch of depth 5
|   |   |   |--- feature_4 >  -0.62
|   |   |   |   |--- truncated branch of depth 2
|   |--- feature_5 >  0.16
|   |   |--- feature_1 <= 0.92
|   |   |   |--- feature_0 <= -1.01
|   |   |   |   |--- class: 43
|   |   |   |--- feature_0 >  -1.01
|   |   |   |   |--- class: 39
|   |   |--- feature_1 >  0.92
|   |   |   |--- class: 14

[S-REINFORCE] symbolic-policy agreement=0.313
[S-REINFORCE] symbolic-policy agreement=0.244
[S-REINFORCE] symbolic tree refit at rollout 122 | imitation_acc=0.440
|--- feature_14 <= 2.08
|   |--- feature_1 <= 0.40
|   |   |--- feature_5 <= -0.69
|   |   |   |--- feature_13 <= -0.22
|   |   |   |   |--- truncated branch of depth 5
|   |   |   |--- feature_13 >  -0.22
|   |   |   |   |--- class: 0
|   |   |--- feature_5 >  -0.69
|   |   |   |--- feature_14 <= 0.22
|   |   |   |   |--- truncated branch of depth 4
|   |   |   |--- feature_14 >  0.22
|   |   |   |   |--- truncated branch of depth 5
|   |--- feature_1 >  0.40
|   |   |--- feature_3 <= 0.42
|   |   |   |--- feature_0 <= 0.18
|   |   |   |   |--- truncated branch of depth 5
|   |   |   |--- feature_0 >  0.18
|   |   |   |   |--- truncated branch of depth 5
|   |   |--- feature_3 >  0.42
|   |   |   |--- feature_0 <= 1.28
|   |   |   |   |--- truncated branch of depth 5
|   |   |   |--- feature_0 >  1.28
|   |   |   |   |--- class: 30
|--- feature_14 >  2.08
|   |--- feature_5 <= 0.34
|   |   |--- feature_0 <= -0.58
|   |   |   |--- feature_5 <= -0.17
|   |   |   |   |--- truncated branch of depth 2
|   |   |   |--- feature_5 >  -0.17
|   |   |   |   |--- truncated branch of depth 3
|   |   |--- feature_0 >  -0.58
|   |   |   |--- feature_12 <= -0.03
|   |   |   |   |--- truncated branch of depth 5
|   |   |   |--- feature_12 >  -0.03
|   |   |   |   |--- truncated branch of depth 2
|   |--- feature_5 >  0.34
|   |   |--- feature_5 <= 0.74
|   |   |   |--- class: 30
|   |   |--- feature_5 >  0.74
|   |   |   |--- feature_12 <= 1.03
|   |   |   |   |--- class: 22
|   |   |   |--- feature_12 >  1.03
|   |   |   |   |--- class: 14

[S-REINFORCE] symbolic-policy agreement=0.369
[S-REINFORCE] symbolic-policy agreement=0.271
[S-REINFORCE] symbolic tree refit at rollout 124 | imitation_acc=0.411
|--- feature_5 <= 0.53
|   |--- feature_14 <= 0.83
|   |   |--- feature_6 <= -0.08
|   |   |   |--- feature_14 <= -0.40
|   |   |   |   |--- truncated branch of depth 5
|   |   |   |--- feature_14 >  -0.40
|   |   |   |   |--- truncated branch of depth 5
|   |   |--- feature_6 >  -0.08
|   |   |   |--- feature_7 <= -0.07
|   |   |   |   |--- truncated branch of depth 3
|   |   |   |--- feature_7 >  -0.07
|   |   |   |   |--- truncated branch of depth 2
|   |--- feature_14 >  0.83
|   |   |--- feature_14 <= 2.07
|   |   |   |--- feature_1 <= 0.31
|   |   |   |   |--- truncated branch of depth 5
|   |   |   |--- feature_1 >  0.31
|   |   |   |   |--- truncated branch of depth 2
|   |   |--- feature_14 >  2.07
|   |   |   |--- feature_13 <= 0.20
|   |   |   |   |--- truncated branch of depth 5
|   |   |   |--- feature_13 >  0.20
|   |   |   |   |--- class: 0
|--- feature_5 >  0.53
|   |--- feature_15 <= 2.52
|   |   |--- feature_0 <= 0.64
|   |   |   |--- feature_17 <= -0.61
|   |   |   |   |--- truncated branch of depth 4
|   |   |   |--- feature_17 >  -0.61
|   |   |   |   |--- truncated branch of depth 5
|   |   |--- feature_0 >  0.64
|   |   |   |--- feature_13 <= 0.05
|   |   |   |   |--- truncated branch of depth 3
|   |   |   |--- feature_13 >  0.05
|   |   |   |   |--- truncated branch of depth 2
|   |--- feature_15 >  2.52
|   |   |--- feature_18 <= -0.60
|   |   |   |--- class: 36
|   |   |--- feature_18 >  -0.60
|   |   |   |--- feature_14 <= -0.40
|   |   |   |   |--- truncated branch of depth 3
|   |   |   |--- feature_14 >  -0.40
|   |   |   |   |--- truncated branch of depth 3

[S-REINFORCE] symbolic-policy agreement=0.337
[S-REINFORCE] symbolic-policy agreement=0.222
[S-REINFORCE] symbolic tree refit at rollout 126 | imitation_acc=0.414
|--- feature_5 <= 0.35
|   |--- feature_14 <= 0.20
|   |   |--- feature_3 <= -0.19
|   |   |   |--- feature_14 <= -0.41
|   |   |   |   |--- truncated branch of depth 5
|   |   |   |--- feature_14 >  -0.41
|   |   |   |   |--- truncated branch of depth 3
|   |   |--- feature_3 >  -0.19
|   |   |   |--- feature_12 <= 0.13
|   |   |   |   |--- truncated branch of depth 4
|   |   |   |--- feature_12 >  0.13
|   |   |   |   |--- class: 30
|   |--- feature_14 >  0.20
|   |   |--- feature_14 <= 2.04
|   |   |   |--- feature_13 <= 0.06
|   |   |   |   |--- truncated branch of depth 4
|   |   |   |--- feature_13 >  0.06
|   |   |   |   |--- truncated branch of depth 3
|   |   |--- feature_14 >  2.04
|   |   |   |--- feature_6 <= -0.08
|   |   |   |   |--- truncated branch of depth 2
|   |   |   |--- feature_6 >  -0.08
|   |   |   |   |--- truncated branch of depth 5
|--- feature_5 >  0.35
|   |--- feature_1 <= 0.53
|   |   |--- feature_17 <= -0.61
|   |   |   |--- feature_2 <= -0.67
|   |   |   |   |--- truncated branch of depth 2
|   |   |   |--- feature_2 >  -0.67
|   |   |   |   |--- truncated branch of depth 5
|   |   |--- feature_17 >  -0.61
|   |   |   |--- class: 38
|   |--- feature_1 >  0.53
|   |   |--- feature_14 <= 0.82
|   |   |   |--- feature_6 <= -0.08
|   |   |   |   |--- truncated branch of depth 3
|   |   |   |--- feature_6 >  -0.08
|   |   |   |   |--- truncated branch of depth 5
|   |   |--- feature_14 >  0.82
|   |   |   |--- feature_13 <= 1.09
|   |   |   |   |--- truncated branch of depth 3
|   |   |   |--- feature_13 >  1.09
|   |   |   |   |--- truncated branch of depth 2

[S-REINFORCE] symbolic-policy agreement=0.360
[S-REINFORCE] symbolic-policy agreement=0.277
[S-REINFORCE] symbolic tree refit at rollout 128 | imitation_acc=0.376
|--- feature_5 <= 0.32
|   |--- feature_14 <= 0.81
|   |   |--- feature_12 <= -0.48
|   |   |   |--- feature_1 <= 0.19
|   |   |   |   |--- truncated branch of depth 5
|   |   |   |--- feature_1 >  0.19
|   |   |   |   |--- truncated branch of depth 4
|   |   |--- feature_12 >  -0.48
|   |   |   |--- feature_6 <= -0.08
|   |   |   |   |--- truncated branch of depth 5
|   |   |   |--- feature_6 >  -0.08
|   |   |   |   |--- truncated branch of depth 5
|   |--- feature_14 >  0.81
|   |   |--- feature_9 <= -0.07
|   |   |   |--- feature_3 <= 0.25
|   |   |   |   |--- truncated branch of depth 5
|   |   |   |--- feature_3 >  0.25
|   |   |   |   |--- class: 0
|   |   |--- feature_9 >  -0.07
|   |   |   |--- class: 0
|--- feature_5 >  0.32
|   |--- feature_12 <= 1.09
|   |   |--- feature_5 <= 0.53
|   |   |   |--- feature_15 <= -0.63
|   |   |   |   |--- class: 33
|   |   |   |--- feature_15 >  -0.63
|   |   |   |   |--- class: 33
|   |   |--- feature_5 >  0.53
|   |   |   |--- feature_3 <= 0.40
|   |   |   |   |--- truncated branch of depth 5
|   |   |   |--- feature_3 >  0.40
|   |   |   |   |--- truncated branch of depth 5
|   |--- feature_12 >  1.09
|   |   |--- feature_3 <= 1.77
|   |   |   |--- feature_14 <= 0.20
|   |   |   |   |--- class: 30
|   |   |   |--- feature_14 >  0.20
|   |   |   |   |--- truncated branch of depth 2
|   |   |--- feature_3 >  1.77
|   |   |   |--- class: 31

[S-REINFORCE] symbolic-policy agreement=0.264
[S-REINFORCE] symbolic-policy agreement=0.291
Eval at step 130000, survival=4.763%, return=[-245.06239021763517, -148.6104328207023, -1240.8926804094328, -248.41431261770163]
SPS=3
[S-REINFORCE] symbolic tree refit at rollout 130 | imitation_acc=0.391
|--- feature_1 <= 0.34
|   |--- feature_14 <= 0.80
|   |   |--- feature_10 <= -0.07
|   |   |   |--- feature_0 <= -0.92
|   |   |   |   |--- truncated branch of depth 5
|   |   |   |--- feature_0 >  -0.92
|   |   |   |   |--- truncated branch of depth 5
|   |   |--- feature_10 >  -0.07
|   |   |   |--- feature_17 <= 1.62
|   |   |   |   |--- truncated branch of depth 5
|   |   |   |--- feature_17 >  1.62
|   |   |   |   |--- truncated branch of depth 4
|   |--- feature_14 >  0.80
|   |   |--- feature_2 <= 0.94
|   |   |   |--- feature_19 <= -0.78
|   |   |   |   |--- truncated branch of depth 4
|   |   |   |--- feature_19 >  -0.78
|   |   |   |   |--- truncated branch of depth 4
|   |   |--- feature_2 >  0.94
|   |   |   |--- feature_10 <= -0.07
|   |   |   |   |--- class: 0
|   |   |   |--- feature_10 >  -0.07
|   |   |   |   |--- class: 0
|--- feature_1 >  0.34
|   |--- feature_9 <= -0.07
|   |   |--- feature_14 <= 0.80
|   |   |   |--- feature_3 <= 0.37
|   |   |   |   |--- truncated branch of depth 5
|   |   |   |--- feature_3 >  0.37
|   |   |   |   |--- truncated branch of depth 4
|   |   |--- feature_14 >  0.80
|   |   |   |--- feature_6 <= -0.08
|   |   |   |   |--- class: 0
|   |   |   |--- feature_6 >  -0.08
|   |   |   |   |--- truncated branch of depth 3
|   |--- feature_9 >  -0.07
|   |   |--- feature_9 <= -0.07
|   |   |   |--- feature_3 <= 0.45
|   |   |   |   |--- truncated branch of depth 3
|   |   |   |--- feature_3 >  0.45
|   |   |   |   |--- truncated branch of depth 3
|   |   |--- feature_9 >  -0.07
|   |   |   |--- class: 12

[S-REINFORCE] symbolic-policy agreement=0.298
[S-REINFORCE] symbolic-policy agreement=0.254
[S-REINFORCE] symbolic tree refit at rollout 132 | imitation_acc=0.379
|--- feature_5 <= 0.39
|   |--- feature_14 <= 0.78
|   |   |--- feature_5 <= -0.59
|   |   |   |--- feature_12 <= -0.48
|   |   |   |   |--- truncated branch of depth 5
|   |   |   |--- feature_12 >  -0.48
|   |   |   |   |--- truncated branch of depth 5
|   |   |--- feature_5 >  -0.59
|   |   |   |--- feature_12 <= 0.06
|   |   |   |   |--- truncated branch of depth 4
|   |   |   |--- feature_12 >  0.06
|   |   |   |   |--- truncated branch of depth 3
|   |--- feature_14 >  0.78
|   |   |--- feature_0 <= -0.93
|   |   |   |--- feature_5 <= -0.08
|   |   |   |   |--- truncated branch of depth 2
|   |   |   |--- feature_5 >  -0.08
|   |   |   |   |--- truncated branch of depth 4
|   |   |--- feature_0 >  -0.93
|   |   |   |--- feature_1 <= 0.15
|   |   |   |   |--- truncated branch of depth 5
|   |   |   |--- feature_1 >  0.15
|   |   |   |   |--- truncated branch of depth 5
|--- feature_5 >  0.39
|   |--- feature_14 <= 0.78
|   |   |--- feature_3 <= 0.30
|   |   |   |--- feature_19 <= -0.78
|   |   |   |   |--- class: 42
|   |   |   |--- feature_19 >  -0.78
|   |   |   |   |--- truncated branch of depth 3
|   |   |--- feature_3 >  0.30
|   |   |   |--- feature_12 <= 1.46
|   |   |   |   |--- truncated branch of depth 3
|   |   |   |--- feature_12 >  1.46
|   |   |   |   |--- class: 22
|   |--- feature_14 >  0.78
|   |   |--- feature_6 <= -0.08
|   |   |   |--- feature_2 <= -0.43
|   |   |   |   |--- class: 0
|   |   |   |--- feature_2 >  -0.43
|   |   |   |   |--- truncated branch of depth 2
|   |   |--- feature_6 >  -0.08
|   |   |   |--- feature_6 <= -0.08
|   |   |   |   |--- class: 45
|   |   |   |--- feature_6 >  -0.08
|   |   |   |   |--- truncated branch of depth 2

[S-REINFORCE] symbolic-policy agreement=0.376
[S-REINFORCE] symbolic-policy agreement=0.250
[S-REINFORCE] symbolic tree refit at rollout 134 | imitation_acc=0.419
|--- feature_5 <= 0.41
|   |--- feature_14 <= 0.77
|   |   |--- feature_5 <= -0.59
|   |   |   |--- feature_3 <= -0.82
|   |   |   |   |--- truncated branch of depth 5
|   |   |   |--- feature_3 >  -0.82
|   |   |   |   |--- truncated branch of depth 5
|   |   |--- feature_5 >  -0.59
|   |   |   |--- feature_0 <= 0.39
|   |   |   |   |--- truncated branch of depth 4
|   |   |   |--- feature_0 >  0.39
|   |   |   |   |--- truncated branch of depth 3
|   |--- feature_14 >  0.77
|   |   |--- feature_0 <= -0.90
|   |   |   |--- feature_16 <= -0.46
|   |   |   |   |--- class: 0
|   |   |   |--- feature_16 >  -0.46
|   |   |   |   |--- truncated branch of depth 5
|   |   |--- feature_0 >  -0.90
|   |   |   |--- feature_1 <= 0.18
|   |   |   |   |--- truncated branch of depth 5
|   |   |   |--- feature_1 >  0.18
|   |   |   |   |--- truncated branch of depth 4
|--- feature_5 >  0.41
|   |--- feature_12 <= 0.18
|   |   |--- feature_14 <= 0.17
|   |   |   |--- feature_1 <= 0.55
|   |   |   |   |--- class: 38
|   |   |   |--- feature_1 >  0.55
|   |   |   |   |--- truncated branch of depth 3
|   |   |--- feature_14 >  0.17
|   |   |   |--- feature_5 <= 0.78
|   |   |   |   |--- truncated branch of depth 4
|   |   |   |--- feature_5 >  0.78
|   |   |   |   |--- truncated branch of depth 3
|   |--- feature_12 >  0.18
|   |   |--- feature_12 <= 0.53
|   |   |   |--- feature_9 <= -0.07
|   |   |   |   |--- truncated branch of depth 2
|   |   |   |--- feature_9 >  -0.07
|   |   |   |   |--- class: 20
|   |   |--- feature_12 >  0.53
|   |   |   |--- feature_2 <= -0.05
|   |   |   |   |--- truncated branch of depth 4
|   |   |   |--- feature_2 >  -0.05
|   |   |   |   |--- class: 30

[S-REINFORCE] symbolic-policy agreement=0.399
[S-REINFORCE] symbolic-policy agreement=0.261
[S-REINFORCE] symbolic tree refit at rollout 136 | imitation_acc=0.413
|--- feature_5 <= 0.41
|   |--- feature_14 <= 0.76
|   |   |--- feature_5 <= -0.65
|   |   |   |--- feature_0 <= -0.79
|   |   |   |   |--- truncated branch of depth 5
|   |   |   |--- feature_0 >  -0.79
|   |   |   |   |--- truncated branch of depth 5
|   |   |--- feature_5 >  -0.65
|   |   |   |--- feature_16 <= 2.40
|   |   |   |   |--- truncated branch of depth 5
|   |   |   |--- feature_16 >  2.40
|   |   |   |   |--- truncated branch of depth 3
|   |--- feature_14 >  0.76
|   |   |--- feature_5 <= -0.62
|   |   |   |--- feature_12 <= -0.79
|   |   |   |   |--- truncated branch of depth 2
|   |   |   |--- feature_12 >  -0.79
|   |   |   |   |--- class: 24
|   |   |--- feature_5 >  -0.62
|   |   |   |--- feature_1 <= 0.30
|   |   |   |   |--- truncated branch of depth 5
|   |   |   |--- feature_1 >  0.30
|   |   |   |   |--- truncated branch of depth 5
|--- feature_5 >  0.41
|   |--- feature_5 <= 0.87
|   |   |--- feature_14 <= 0.76
|   |   |   |--- feature_5 <= 0.67
|   |   |   |   |--- class: 30
|   |   |   |--- feature_5 >  0.67
|   |   |   |   |--- class: 30
|   |   |--- feature_14 >  0.76
|   |   |   |--- feature_5 <= 0.68
|   |   |   |   |--- truncated branch of depth 3
|   |   |   |--- feature_5 >  0.68
|   |   |   |   |--- truncated branch of depth 2
|   |--- feature_5 >  0.87
|   |   |--- feature_2 <= 0.73
|   |   |   |--- feature_1 <= 1.02
|   |   |   |   |--- truncated branch of depth 5
|   |   |   |--- feature_1 >  1.02
|   |   |   |   |--- truncated branch of depth 2
|   |   |--- feature_2 >  0.73
|   |   |   |--- feature_14 <= 0.16
|   |   |   |   |--- truncated branch of depth 2
|   |   |   |--- feature_14 >  0.16
|   |   |   |   |--- truncated branch of depth 3

[S-REINFORCE] symbolic-policy agreement=0.363
[S-REINFORCE] symbolic-policy agreement=0.262
[S-REINFORCE] symbolic tree refit at rollout 138 | imitation_acc=0.446
|--- feature_12 <= 2.19
|   |--- feature_5 <= 0.41
|   |   |--- feature_14 <= 0.16
|   |   |   |--- feature_11 <= -0.08
|   |   |   |   |--- truncated branch of depth 5
|   |   |   |--- feature_11 >  -0.08
|   |   |   |   |--- truncated branch of depth 5
|   |   |--- feature_14 >  0.16
|   |   |   |--- feature_17 <= -0.61
|   |   |   |   |--- class: 30
|   |   |   |--- feature_17 >  -0.61
|   |   |   |   |--- truncated branch of depth 5
|   |--- feature_5 >  0.41
|   |   |--- feature_3 <= 1.74
|   |   |   |--- feature_12 <= 0.31
|   |   |   |   |--- truncated branch of depth 5
|   |   |   |--- feature_12 >  0.31
|   |   |   |   |--- truncated branch of depth 5
|   |   |--- feature_3 >  1.74
|   |   |   |--- feature_3 <= 1.99
|   |   |   |   |--- truncated branch of depth 2
|   |   |   |--- feature_3 >  1.99
|   |   |   |   |--- class: 0
|--- feature_12 >  2.19
|   |--- feature_1 <= 1.14
|   |   |--- feature_2 <= -0.75
|   |   |   |--- feature_2 <= -1.01
|   |   |   |   |--- truncated branch of depth 3
|   |   |   |--- feature_2 >  -1.01
|   |   |   |   |--- class: 0
|   |   |--- feature_2 >  -0.75
|   |   |   |--- class: 0
|   |--- feature_1 >  1.14
|   |   |--- feature_1 <= 1.16
|   |   |   |--- class: 0
|   |   |--- feature_1 >  1.16
|   |   |   |--- class: 0

[S-REINFORCE] symbolic-policy agreement=0.406
[S-REINFORCE] symbolic-policy agreement=0.202
Eval at step 140000, survival=4.755%, return=[-222.74328156052798, -113.38134983007585, -1138.9920486811254, -226.32015065913262]
SPS=3
[S-REINFORCE] symbolic tree refit at rollout 140 | imitation_acc=0.431
|--- feature_5 <= 0.50
|   |--- feature_14 <= 0.15
|   |   |--- feature_5 <= -0.66
|   |   |   |--- feature_3 <= -1.37
|   |   |   |   |--- class: 30
|   |   |   |--- feature_3 >  -1.37
|   |   |   |   |--- truncated branch of depth 5
|   |   |--- feature_5 >  -0.66
|   |   |   |--- feature_5 <= 0.13
|   |   |   |   |--- truncated branch of depth 5
|   |   |   |--- feature_5 >  0.13
|   |   |   |   |--- class: 30
|   |--- feature_14 >  0.15
|   |   |--- feature_12 <= 0.07
|   |   |   |--- feature_3 <= 0.61
|   |   |   |   |--- truncated branch of depth 5
|   |   |   |--- feature_3 >  0.61
|   |   |   |   |--- class: 30
|   |   |--- feature_12 >  0.07
|   |   |   |--- feature_5 <= -0.15
|   |   |   |   |--- truncated branch of depth 3
|   |   |   |--- feature_5 >  -0.15
|   |   |   |   |--- truncated branch of depth 2
|--- feature_5 >  0.50
|   |--- feature_14 <= 1.32
|   |   |--- feature_3 <= 0.38
|   |   |   |--- feature_2 <= 0.48
|   |   |   |   |--- truncated branch of depth 3
|   |   |   |--- feature_2 >  0.48
|   |   |   |   |--- truncated branch of depth 2
|   |   |--- feature_3 >  0.38
|   |   |   |--- feature_3 <= 1.41
|   |   |   |   |--- truncated branch of depth 5
|   |   |   |--- feature_3 >  1.41
|   |   |   |   |--- truncated branch of depth 2
|   |--- feature_14 >  1.32
|   |   |--- feature_2 <= -0.40
|   |   |   |--- feature_1 <= 0.84
|   |   |   |   |--- truncated branch of depth 2
|   |   |   |--- feature_1 >  0.84
|   |   |   |   |--- class: 12
|   |   |--- feature_2 >  -0.40
|   |   |   |--- feature_5 <= 0.74
|   |   |   |   |--- class: 30
|   |   |   |--- feature_5 >  0.74
|   |   |   |   |--- truncated branch of depth 4

[S-REINFORCE] symbolic-policy agreement=0.387
[S-REINFORCE] symbolic-policy agreement=0.273
[S-REINFORCE] symbolic tree refit at rollout 142 | imitation_acc=0.451
|--- feature_5 <= 0.79
|   |--- feature_3 <= -0.82
|   |   |--- feature_14 <= -0.44
|   |   |   |--- feature_12 <= -0.79
|   |   |   |   |--- truncated branch of depth 4
|   |   |   |--- feature_12 >  -0.79
|   |   |   |   |--- truncated branch of depth 5
|   |   |--- feature_14 >  -0.44
|   |   |   |--- feature_15 <= -0.61
|   |   |   |   |--- class: 0
|   |   |   |--- feature_15 >  -0.61
|   |   |   |   |--- truncated branch of depth 4
|   |--- feature_3 >  -0.82
|   |   |--- feature_13 <= 0.08
|   |   |   |--- feature_14 <= 0.73
|   |   |   |   |--- truncated branch of depth 5
|   |   |   |--- feature_14 >  0.73
|   |   |   |   |--- truncated branch of depth 5
|   |   |--- feature_13 >  0.08
|   |   |   |--- feature_18 <= -0.59
|   |   |   |   |--- truncated branch of depth 5
|   |   |   |--- feature_18 >  -0.59
|   |   |   |   |--- class: 0
|--- feature_5 >  0.79
|   |--- feature_3 <= 0.38
|   |   |--- feature_13 <= 0.27
|   |   |   |--- feature_3 <= 0.07
|   |   |   |   |--- class: 32
|   |   |   |--- feature_3 >  0.07
|   |   |   |   |--- truncated branch of depth 2
|   |   |--- feature_13 >  0.27
|   |   |   |--- feature_0 <= -1.01
|   |   |   |   |--- truncated branch of depth 2
|   |   |   |--- feature_0 >  -1.01
|   |   |   |   |--- truncated branch of depth 3
|   |--- feature_3 >  0.38
|   |   |--- feature_14 <= 0.72
|   |   |   |--- feature_3 <= 1.36
|   |   |   |   |--- truncated branch of depth 3
|   |   |   |--- feature_3 >  1.36
|   |   |   |   |--- truncated branch of depth 3
|   |   |--- feature_14 >  0.72
|   |   |   |--- feature_0 <= 1.51
|   |   |   |   |--- truncated branch of depth 3
|   |   |   |--- feature_0 >  1.51
|   |   |   |   |--- truncated branch of depth 2

[S-REINFORCE] symbolic-policy agreement=0.321
[S-REINFORCE] symbolic-policy agreement=0.169
[S-REINFORCE] symbolic tree refit at rollout 144 | imitation_acc=0.392
|--- feature_14 <= 1.87
|   |--- feature_12 <= -0.87
|   |   |--- feature_3 <= -1.36
|   |   |   |--- feature_0 <= 0.89
|   |   |   |   |--- class: 30
|   |   |   |--- feature_0 >  0.89
|   |   |   |   |--- truncated branch of depth 2
|   |   |--- feature_3 >  -1.36
|   |   |   |--- feature_12 <= -0.88
|   |   |   |   |--- class: 30
|   |   |   |--- feature_12 >  -0.88
|   |   |   |   |--- class: 30
|   |--- feature_12 >  -0.87
|   |   |--- feature_1 <= 0.20
|   |   |   |--- feature_5 <= -0.48
|   |   |   |   |--- truncated branch of depth 5
|   |   |   |--- feature_5 >  -0.48
|   |   |   |   |--- truncated branch of depth 5
|   |   |--- feature_1 >  0.20
|   |   |   |--- feature_5 <= -0.69
|   |   |   |   |--- truncated branch of depth 5
|   |   |   |--- feature_5 >  -0.69
|   |   |   |   |--- truncated branch of depth 5
|--- feature_14 >  1.87
|   |--- feature_3 <= -0.78
|   |   |--- feature_12 <= -0.87
|   |   |   |--- feature_2 <= 0.80
|   |   |   |   |--- class: 12
|   |   |   |--- feature_2 >  0.80
|   |   |   |   |--- truncated branch of depth 3
|   |   |--- feature_12 >  -0.87
|   |   |   |--- feature_1 <= -1.38
|   |   |   |   |--- class: 49
|   |   |   |--- feature_1 >  -1.38
|   |   |   |   |--- class: 30
|   |--- feature_3 >  -0.78
|   |   |--- feature_2 <= 0.66
|   |   |   |--- feature_13 <= 0.24
|   |   |   |   |--- truncated branch of depth 5
|   |   |   |--- feature_13 >  0.24
|   |   |   |   |--- class: 0
|   |   |--- feature_2 >  0.66
|   |   |   |--- feature_7 <= -0.07
|   |   |   |   |--- class: 0
|   |   |   |--- feature_7 >  -0.07
|   |   |   |   |--- truncated branch of depth 2

[S-REINFORCE] symbolic-policy agreement=0.236
[S-REINFORCE] symbolic-policy agreement=0.171
[S-REINFORCE] symbolic tree refit at rollout 146 | imitation_acc=0.397
|--- feature_14 <= 0.71
|   |--- feature_1 <= 0.48
|   |   |--- feature_1 <= -1.27
|   |   |   |--- feature_14 <= 0.13
|   |   |   |   |--- truncated branch of depth 4
|   |   |   |--- feature_14 >  0.13
|   |   |   |   |--- truncated branch of depth 2
|   |   |--- feature_1 >  -1.27
|   |   |   |--- feature_2 <= 0.65
|   |   |   |   |--- truncated branch of depth 5
|   |   |   |--- feature_2 >  0.65
|   |   |   |   |--- truncated branch of depth 5
|   |--- feature_1 >  0.48
|   |   |--- feature_12 <= 0.16
|   |   |   |--- feature_0 <= -1.08
|   |   |   |   |--- truncated branch of depth 2
|   |   |   |--- feature_0 >  -1.08
|   |   |   |   |--- truncated branch of depth 5
|   |   |--- feature_12 >  0.16
|   |   |   |--- feature_14 <= -0.45
|   |   |   |   |--- truncated branch of depth 4
|   |   |   |--- feature_14 >  -0.45
|   |   |   |   |--- truncated branch of depth 3
|--- feature_14 >  0.71
|   |--- feature_2 <= 0.43
|   |   |--- feature_12 <= -0.52
|   |   |   |--- class: 0
|   |   |--- feature_12 >  -0.52
|   |   |   |--- feature_5 <= 0.80
|   |   |   |   |--- truncated branch of depth 5
|   |   |   |--- feature_5 >  0.80
|   |   |   |   |--- truncated branch of depth 2
|   |--- feature_2 >  0.43
|   |   |--- feature_12 <= -0.88
|   |   |   |--- feature_9 <= -0.07
|   |   |   |   |--- truncated branch of depth 2
|   |   |   |--- feature_9 >  -0.07
|   |   |   |   |--- class: 13
|   |   |--- feature_12 >  -0.88
|   |   |   |--- feature_1 <= 0.65
|   |   |   |   |--- truncated branch of depth 5
|   |   |   |--- feature_1 >  0.65
|   |   |   |   |--- class: 49

[S-REINFORCE] symbolic-policy agreement=0.263
[S-REINFORCE] symbolic-policy agreement=0.253
[S-REINFORCE] symbolic tree refit at rollout 148 | imitation_acc=0.400
|--- feature_2 <= 0.30
|   |--- feature_14 <= 1.26
|   |   |--- feature_6 <= -0.08
|   |   |   |--- feature_12 <= 0.16
|   |   |   |   |--- truncated branch of depth 5
|   |   |   |--- feature_12 >  0.16
|   |   |   |   |--- truncated branch of depth 4
|   |   |--- feature_6 >  -0.08
|   |   |   |--- feature_16 <= 1.47
|   |   |   |   |--- truncated branch of depth 5
|   |   |   |--- feature_16 >  1.47
|   |   |   |   |--- class: 15
|   |--- feature_14 >  1.26
|   |   |--- feature_1 <= 1.03
|   |   |   |--- feature_3 <= -0.73
|   |   |   |   |--- truncated branch of depth 2
|   |   |   |--- feature_3 >  -0.73
|   |   |   |   |--- truncated branch of depth 5
|   |   |--- feature_1 >  1.03
|   |   |   |--- class: 30
|--- feature_2 >  0.30
|   |--- feature_1 <= 0.10
|   |   |--- feature_12 <= -0.88
|   |   |   |--- feature_14 <= 0.69
|   |   |   |   |--- truncated branch of depth 2
|   |   |   |--- feature_14 >  0.69
|   |   |   |   |--- truncated branch of depth 3
|   |   |--- feature_12 >  -0.88
|   |   |   |--- feature_17 <= 0.51
|   |   |   |   |--- truncated branch of depth 5
|   |   |   |--- feature_17 >  0.51
|   |   |   |   |--- truncated branch of depth 4
|   |--- feature_1 >  0.10
|   |   |--- feature_1 <= 0.65
|   |   |   |--- feature_14 <= 0.69
|   |   |   |   |--- truncated branch of depth 5
|   |   |   |--- feature_14 >  0.69
|   |   |   |   |--- truncated branch of depth 4
|   |   |--- feature_1 >  0.65
|   |   |   |--- feature_14 <= 1.83
|   |   |   |   |--- truncated branch of depth 2
|   |   |   |--- feature_14 >  1.83
|   |   |   |   |--- class: 30

[S-REINFORCE] symbolic-policy agreement=0.278
[S-REINFORCE] symbolic-policy agreement=0.200
Eval at step 150000, survival=4.771%, return=[-244.42769575783555, -155.1173603063705, -1237.2577741311636, -248.19397363465123]
SPS=3
[S-REINFORCE] symbolic tree refit at rollout 150 | imitation_acc=0.454
|--- feature_1 <= 0.36
|   |--- feature_5 <= -0.55
|   |   |--- feature_13 <= -0.72
|   |   |   |--- feature_14 <= 1.25
|   |   |   |   |--- truncated branch of depth 5
|   |   |   |--- feature_14 >  1.25
|   |   |   |   |--- truncated branch of depth 5
|   |   |--- feature_13 >  -0.72
|   |   |   |--- feature_0 <= -0.52
|   |   |   |   |--- truncated branch of depth 5
|   |   |   |--- feature_0 >  -0.52
|   |   |   |   |--- truncated branch of depth 5
|   |--- feature_5 >  -0.55
|   |   |--- feature_5 <= -0.14
|   |   |   |--- feature_1 <= 0.09
|   |   |   |   |--- truncated branch of depth 4
|   |   |   |--- feature_1 >  0.09
|   |   |   |   |--- truncated branch of depth 4
|   |   |--- feature_5 >  -0.14
|   |   |   |--- class: 30
|--- feature_1 >  0.36
|   |--- feature_14 <= 0.68
|   |   |--- feature_5 <= -0.00
|   |   |   |--- feature_5 <= -0.64
|   |   |   |   |--- truncated branch of depth 3
|   |   |   |--- feature_5 >  -0.64
|   |   |   |   |--- truncated branch of depth 5
|   |   |--- feature_5 >  -0.00
|   |   |   |--- feature_10 <= -0.07
|   |   |   |   |--- truncated branch of depth 5
|   |   |   |--- feature_10 >  -0.07
|   |   |   |   |--- class: 22
|   |--- feature_14 >  0.68
|   |   |--- feature_0 <= 1.06
|   |   |   |--- feature_7 <= -0.07
|   |   |   |   |--- truncated branch of depth 5
|   |   |   |--- feature_7 >  -0.07
|   |   |   |   |--- truncated branch of depth 5
|   |   |--- feature_0 >  1.06
|   |   |   |--- feature_16 <= 0.07
|   |   |   |   |--- truncated branch of depth 2
|   |   |   |--- feature_16 >  0.07
|   |   |   |   |--- truncated branch of depth 2

[S-REINFORCE] symbolic-policy agreement=0.310
[S-REINFORCE] symbolic-policy agreement=0.247
[S-REINFORCE] symbolic tree refit at rollout 152 | imitation_acc=0.418
|--- feature_2 <= 0.36
|   |--- feature_14 <= 1.79
|   |   |--- feature_13 <= -0.48
|   |   |   |--- feature_13 <= -0.80
|   |   |   |   |--- class: 30
|   |   |   |--- feature_13 >  -0.80
|   |   |   |   |--- truncated branch of depth 3
|   |   |--- feature_13 >  -0.48
|   |   |   |--- feature_6 <= -0.08
|   |   |   |   |--- truncated branch of depth 5
|   |   |   |--- feature_6 >  -0.08
|   |   |   |   |--- truncated branch of depth 5
|   |--- feature_14 >  1.79
|   |   |--- feature_1 <= 1.05
|   |   |   |--- feature_3 <= -0.81
|   |   |   |   |--- truncated branch of depth 3
|   |   |   |--- feature_3 >  -0.81
|   |   |   |   |--- truncated branch of depth 5
|   |   |--- feature_1 >  1.05
|   |   |   |--- class: 13
|--- feature_2 >  0.36
|   |--- feature_12 <= -0.64
|   |   |--- feature_14 <= 1.23
|   |   |   |--- feature_13 <= -0.76
|   |   |   |   |--- truncated branch of depth 4
|   |   |   |--- feature_13 >  -0.76
|   |   |   |   |--- truncated branch of depth 3
|   |   |--- feature_14 >  1.23
|   |   |   |--- feature_1 <= -1.81
|   |   |   |   |--- truncated branch of depth 3
|   |   |   |--- feature_1 >  -1.81
|   |   |   |   |--- truncated branch of depth 3
|   |--- feature_12 >  -0.64
|   |   |--- feature_1 <= 0.14
|   |   |   |--- feature_13 <= -0.31
|   |   |   |   |--- truncated branch of depth 3
|   |   |   |--- feature_13 >  -0.31
|   |   |   |   |--- truncated branch of depth 3
|   |   |--- feature_1 >  0.14
|   |   |   |--- feature_5 <= -0.59
|   |   |   |   |--- truncated branch of depth 4
|   |   |   |--- feature_5 >  -0.59
|   |   |   |   |--- truncated branch of depth 5

[S-REINFORCE] symbolic-policy agreement=0.349
[S-REINFORCE] symbolic-policy agreement=0.309
[S-REINFORCE] symbolic tree refit at rollout 154 | imitation_acc=0.421
|--- feature_2 <= 0.30
|   |--- feature_14 <= 0.66
|   |   |--- feature_5 <= -0.22
|   |   |   |--- feature_13 <= -0.31
|   |   |   |   |--- truncated branch of depth 5
|   |   |   |--- feature_13 >  -0.31
|   |   |   |   |--- truncated branch of depth 4
|   |   |--- feature_5 >  -0.22
|   |   |   |--- feature_12 <= 1.55
|   |   |   |   |--- truncated branch of depth 5
|   |   |   |--- feature_12 >  1.55
|   |   |   |   |--- class: 47
|   |--- feature_14 >  0.66
|   |   |--- feature_13 <= -0.48
|   |   |   |--- feature_1 <= -1.79
|   |   |   |   |--- class: 0
|   |   |   |--- feature_1 >  -1.79
|   |   |   |   |--- truncated branch of depth 2
|   |   |--- feature_13 >  -0.48
|   |   |   |--- feature_5 <= 1.42
|   |   |   |   |--- truncated branch of depth 5
|   |   |   |--- feature_5 >  1.42
|   |   |   |   |--- class: 0
|--- feature_2 >  0.30
|   |--- feature_13 <= -0.88
|   |   |--- feature_14 <= 1.78
|   |   |   |--- feature_17 <= 1.62
|   |   |   |   |--- truncated branch of depth 3
|   |   |   |--- feature_17 >  1.62
|   |   |   |   |--- class: 30
|   |   |--- feature_14 >  1.78
|   |   |   |--- feature_17 <= -0.62
|   |   |   |   |--- truncated branch of depth 2
|   |   |   |--- feature_17 >  -0.62
|   |   |   |   |--- class: 23
|   |--- feature_13 >  -0.88
|   |   |--- feature_0 <= 0.62
|   |   |   |--- feature_12 <= -0.80
|   |   |   |   |--- truncated branch of depth 2
|   |   |   |--- feature_12 >  -0.80
|   |   |   |   |--- truncated branch of depth 5
|   |   |--- feature_0 >  0.62
|   |   |   |--- feature_14 <= 0.66
|   |   |   |   |--- truncated branch of depth 5
|   |   |   |--- feature_14 >  0.66
|   |   |   |   |--- truncated branch of depth 4

[S-REINFORCE] symbolic-policy agreement=0.333
[S-REINFORCE] symbolic-policy agreement=0.299
[S-REINFORCE] symbolic tree refit at rollout 156 | imitation_acc=0.436
|--- feature_12 <= -0.80
|   |--- feature_14 <= 0.65
|   |   |--- feature_0 <= 1.72
|   |   |   |--- feature_1 <= -0.03
|   |   |   |   |--- truncated branch of depth 2
|   |   |   |--- feature_1 >  -0.03
|   |   |   |   |--- class: 17
|   |   |--- feature_0 >  1.72
|   |   |   |--- class: 17
|   |--- feature_14 >  0.65
|   |   |--- feature_2 <= 1.28
|   |   |   |--- feature_14 <= 1.76
|   |   |   |   |--- class: 17
|   |   |   |--- feature_14 >  1.76
|   |   |   |   |--- class: 17
|   |   |--- feature_2 >  1.28
|   |   |   |--- class: 17
|--- feature_12 >  -0.80
|   |--- feature_0 <= 0.29
|   |   |--- feature_14 <= 0.65
|   |   |   |--- feature_5 <= 0.07
|   |   |   |   |--- truncated branch of depth 5
|   |   |   |--- feature_5 >  0.07
|   |   |   |   |--- truncated branch of depth 5
|   |   |--- feature_14 >  0.65
|   |   |   |--- feature_3 <= -0.80
|   |   |   |   |--- truncated branch of depth 2
|   |   |   |--- feature_3 >  -0.80
|   |   |   |   |--- truncated branch of depth 5
|   |--- feature_0 >  0.29
|   |   |--- feature_5 <= -0.24
|   |   |   |--- feature_16 <= -0.47
|   |   |   |   |--- truncated branch of depth 5
|   |   |   |--- feature_16 >  -0.47
|   |   |   |   |--- truncated branch of depth 5
|   |   |--- feature_5 >  -0.24
|   |   |   |--- feature_14 <= 0.65
|   |   |   |   |--- truncated branch of depth 5
|   |   |   |--- feature_14 >  0.65
|   |   |   |   |--- truncated branch of depth 4

[S-REINFORCE] symbolic-policy agreement=0.306
[S-REINFORCE] symbolic-policy agreement=0.267
[S-REINFORCE] symbolic tree refit at rollout 158 | imitation_acc=0.429
|--- feature_14 <= 0.64
|   |--- feature_3 <= -0.81
|   |   |--- feature_13 <= -0.88
|   |   |   |--- feature_19 <= -0.76
|   |   |   |   |--- truncated branch of depth 2
|   |   |   |--- feature_19 >  -0.76
|   |   |   |   |--- class: 11
|   |   |--- feature_13 >  -0.88
|   |   |   |--- feature_2 <= 0.55
|   |   |   |   |--- truncated branch of depth 3
|   |   |   |--- feature_2 >  0.55
|   |   |   |   |--- truncated branch of depth 3
|   |--- feature_3 >  -0.81
|   |   |--- feature_5 <= -0.14
|   |   |   |--- feature_7 <= -0.07
|   |   |   |   |--- truncated branch of depth 5
|   |   |   |--- feature_7 >  -0.07
|   |   |   |   |--- truncated branch of depth 5
|   |   |--- feature_5 >  -0.14
|   |   |   |--- feature_12 <= 1.56
|   |   |   |   |--- truncated branch of depth 5
|   |   |   |--- feature_12 >  1.56
|   |   |   |   |--- truncated branch of depth 3
|--- feature_14 >  0.64
|   |--- feature_3 <= -0.90
|   |   |--- feature_12 <= -0.80
|   |   |   |--- feature_0 <= 0.88
|   |   |   |   |--- class: 0
|   |   |   |--- feature_0 >  0.88
|   |   |   |   |--- class: 43
|   |   |--- feature_12 >  -0.80
|   |   |   |--- feature_2 <= 0.65
|   |   |   |   |--- class: 30
|   |   |   |--- feature_2 >  0.65
|   |   |   |   |--- class: 47
|   |--- feature_3 >  -0.90
|   |   |--- feature_0 <= 0.77
|   |   |   |--- feature_13 <= 1.08
|   |   |   |   |--- truncated branch of depth 5
|   |   |   |--- feature_13 >  1.08
|   |   |   |   |--- truncated branch of depth 2
|   |   |--- feature_0 >  0.77
|   |   |   |--- feature_7 <= -0.07
|   |   |   |   |--- class: 0
|   |   |   |--- feature_7 >  -0.07
|   |   |   |   |--- class: 30

[S-REINFORCE] symbolic-policy agreement=0.342
[S-REINFORCE] symbolic-policy agreement=0.240
Eval at step 160000, survival=4.775%, return=[-184.46428110500952, -56.63688482722711, -945.9645864742452, -189.92843691148724]
SPS=3
[S-REINFORCE] symbolic tree refit at rollout 160 | imitation_acc=0.486
|--- feature_14 <= 0.63
|   |--- feature_3 <= -0.83
|   |   |--- feature_10 <= -0.07
|   |   |   |--- feature_11 <= -0.08
|   |   |   |   |--- class: 48
|   |   |   |--- feature_11 >  -0.08
|   |   |   |   |--- class: 48
|   |   |--- feature_10 >  -0.07
|   |   |   |--- feature_7 <= -0.07
|   |   |   |   |--- class: 30
|   |   |   |--- feature_7 >  -0.07
|   |   |   |   |--- truncated branch of depth 5
|   |--- feature_3 >  -0.83
|   |   |--- feature_5 <= 0.19
|   |   |   |--- feature_6 <= -0.08
|   |   |   |   |--- truncated branch of depth 5
|   |   |   |--- feature_6 >  -0.08
|   |   |   |   |--- truncated branch of depth 5
|   |   |--- feature_5 >  0.19
|   |   |   |--- feature_10 <= -0.07
|   |   |   |   |--- truncated branch of depth 5
|   |   |   |--- feature_10 >  -0.07
|   |   |   |   |--- truncated branch of depth 5
|--- feature_14 >  0.63
|   |--- feature_18 <= -0.58
|   |   |--- feature_2 <= 0.32
|   |   |   |--- feature_9 <= -0.07
|   |   |   |   |--- truncated branch of depth 2
|   |   |   |--- feature_9 >  -0.07
|   |   |   |   |--- truncated branch of depth 4
|   |   |--- feature_2 >  0.32
|   |   |   |--- feature_12 <= -0.23
|   |   |   |   |--- truncated branch of depth 3
|   |   |   |--- feature_12 >  -0.23
|   |   |   |   |--- truncated branch of depth 2
|   |--- feature_18 >  -0.58
|   |   |--- feature_9 <= -0.07
|   |   |   |--- feature_19 <= -0.75
|   |   |   |   |--- class: 0
|   |   |   |--- feature_19 >  -0.75
|   |   |   |   |--- truncated branch of depth 2
|   |   |--- feature_9 >  -0.07
|   |   |   |--- feature_0 <= 0.30
|   |   |   |   |--- truncated branch of depth 2
|   |   |   |--- feature_0 >  0.30
|   |   |   |   |--- class: 0

[S-REINFORCE] symbolic-policy agreement=0.417
[S-REINFORCE] symbolic-policy agreement=0.303
[S-REINFORCE] symbolic tree refit at rollout 162 | imitation_acc=0.427
|--- feature_14 <= 0.63
|   |--- feature_1 <= 0.97
|   |   |--- feature_17 <= -0.63
|   |   |   |--- feature_14 <= -0.48
|   |   |   |   |--- truncated branch of depth 2
|   |   |   |--- feature_14 >  -0.48
|   |   |   |   |--- truncated branch of depth 2
|   |   |--- feature_17 >  -0.63
|   |   |   |--- feature_17 <= -0.63
|   |   |   |   |--- truncated branch of depth 5
|   |   |   |--- feature_17 >  -0.63
|   |   |   |   |--- truncated branch of depth 5
|   |--- feature_1 >  0.97
|   |   |--- feature_5 <= 2.46
|   |   |   |--- feature_14 <= -0.48
|   |   |   |   |--- truncated branch of depth 3
|   |   |   |--- feature_14 >  -0.48
|   |   |   |   |--- truncated branch of depth 5
|   |   |--- feature_5 >  2.46
|   |   |   |--- feature_16 <= -0.47
|   |   |   |   |--- truncated branch of depth 3
|   |   |   |--- feature_16 >  -0.47
|   |   |   |   |--- truncated branch of depth 2
|--- feature_14 >  0.63
|   |--- feature_2 <= -0.03
|   |   |--- feature_15 <= -0.61
|   |   |   |--- feature_3 <= -0.76
|   |   |   |   |--- class: 0
|   |   |   |--- feature_3 >  -0.76
|   |   |   |   |--- class: 0
|   |   |--- feature_15 >  -0.61
|   |   |   |--- feature_1 <= 0.68
|   |   |   |   |--- truncated branch of depth 5
|   |   |   |--- feature_1 >  0.68
|   |   |   |   |--- truncated branch of depth 2
|   |--- feature_2 >  -0.03
|   |   |--- feature_15 <= -0.61
|   |   |   |--- feature_8 <= -0.08
|   |   |   |   |--- truncated branch of depth 3
|   |   |   |--- feature_8 >  -0.08
|   |   |   |   |--- truncated branch of depth 4
|   |   |--- feature_15 >  -0.61
|   |   |   |--- class: 25

[S-REINFORCE] symbolic-policy agreement=0.293
[S-REINFORCE] symbolic-policy agreement=0.267
[S-REINFORCE] symbolic tree refit at rollout 164 | imitation_acc=0.453
|--- feature_14 <= -0.48
|   |--- feature_5 <= 2.25
|   |   |--- feature_16 <= -0.47
|   |   |   |--- feature_11 <= -0.08
|   |   |   |   |--- truncated branch of depth 5
|   |   |   |--- feature_11 >  -0.08
|   |   |   |   |--- truncated branch of depth 2
|   |   |--- feature_16 >  -0.47
|   |   |   |--- feature_18 <= 1.62
|   |   |   |   |--- truncated branch of depth 5
|   |   |   |--- feature_18 >  1.62
|   |   |   |   |--- truncated branch of depth 4
|   |--- feature_5 >  2.25
|   |   |--- feature_18 <= 1.49
|   |   |   |--- feature_19 <= 1.32
|   |   |   |   |--- truncated branch of depth 2
|   |   |   |--- feature_19 >  1.32
|   |   |   |   |--- truncated branch of depth 5
|   |   |--- feature_18 >  1.49
|   |   |   |--- feature_11 <= -0.08
|   |   |   |   |--- truncated branch of depth 2
|   |   |   |--- feature_11 >  -0.08
|   |   |   |   |--- class: 23
|--- feature_14 >  -0.48
|   |--- feature_17 <= -0.64
|   |   |--- feature_14 <= 1.73
|   |   |   |--- feature_13 <= -0.64
|   |   |   |   |--- truncated branch of depth 3
|   |   |   |--- feature_13 >  -0.64
|   |   |   |   |--- truncated branch of depth 2
|   |   |--- feature_14 >  1.73
|   |   |   |--- feature_18 <= 1.67
|   |   |   |   |--- class: 0
|   |   |   |--- feature_18 >  1.67
|   |   |   |   |--- truncated branch of depth 2
|   |--- feature_17 >  -0.64
|   |   |--- feature_19 <= 1.32
|   |   |   |--- feature_8 <= -0.07
|   |   |   |   |--- class: 39
|   |   |   |--- feature_8 >  -0.07
|   |   |   |   |--- class: 35
|   |   |--- feature_19 >  1.32
|   |   |   |--- feature_18 <= 1.54
|   |   |   |   |--- truncated branch of depth 5
|   |   |   |--- feature_18 >  1.54
|   |   |   |   |--- truncated branch of depth 3

[S-REINFORCE] symbolic-policy agreement=0.374
[S-REINFORCE] symbolic-policy agreement=0.008
[S-REINFORCE] symbolic tree refit at rollout 166 | imitation_acc=0.643
|--- feature_0 <= 0.08
|   |--- feature_11 <= -0.08
|   |   |--- feature_3 <= -0.87
|   |   |   |--- class: 0
|   |   |--- feature_3 >  -0.87
|   |   |   |--- feature_2 <= -1.19
|   |   |   |   |--- class: 0
|   |   |   |--- feature_2 >  -1.19
|   |   |   |   |--- truncated branch of depth 5
|   |--- feature_11 >  -0.08
|   |   |--- feature_17 <= -0.64
|   |   |   |--- feature_18 <= 0.89
|   |   |   |   |--- truncated branch of depth 3
|   |   |   |--- feature_18 >  0.89
|   |   |   |   |--- class: 36
|   |   |--- feature_17 >  -0.64
|   |   |   |--- feature_13 <= -1.60
|   |   |   |   |--- truncated branch of depth 5
|   |   |   |--- feature_13 >  -1.60
|   |   |   |   |--- truncated branch of depth 5
|--- feature_0 >  0.08
|   |--- feature_1 <= 0.90
|   |   |--- feature_6 <= -0.08
|   |   |   |--- feature_7 <= -0.07
|   |   |   |   |--- truncated branch of depth 5
|   |   |   |--- feature_7 >  -0.07
|   |   |   |   |--- class: 0
|   |   |--- feature_6 >  -0.08
|   |   |   |--- feature_15 <= -0.46
|   |   |   |   |--- truncated branch of depth 2
|   |   |   |--- feature_15 >  -0.46
|   |   |   |   |--- truncated branch of depth 2
|   |--- feature_1 >  0.90
|   |   |--- feature_8 <= -0.07
|   |   |   |--- feature_13 <= 0.35
|   |   |   |   |--- truncated branch of depth 2
|   |   |   |--- feature_13 >  0.35
|   |   |   |   |--- truncated branch of depth 2
|   |   |--- feature_8 >  -0.07
|   |   |   |--- class: 12

[S-REINFORCE] symbolic-policy agreement=0.590
[S-REINFORCE] symbolic-policy agreement=0.172
[S-REINFORCE] symbolic tree refit at rollout 168 | imitation_acc=0.345
|--- feature_14 <= 1.18
|   |--- feature_19 <= -0.77
|   |   |--- feature_1 <= 0.45
|   |   |   |--- feature_13 <= -0.96
|   |   |   |   |--- class: 16
|   |   |   |--- feature_13 >  -0.96
|   |   |   |   |--- truncated branch of depth 5
|   |   |--- feature_1 >  0.45
|   |   |   |--- feature_3 <= 1.71
|   |   |   |   |--- truncated branch of depth 5
|   |   |   |--- feature_3 >  1.71
|   |   |   |   |--- truncated branch of depth 5
|   |--- feature_19 >  -0.77
|   |   |--- feature_8 <= -0.07
|   |   |   |--- feature_12 <= -0.72
|   |   |   |   |--- truncated branch of depth 2
|   |   |   |--- feature_12 >  -0.72
|   |   |   |   |--- truncated branch of depth 2
|   |   |--- feature_8 >  -0.07
|   |   |   |--- class: 0
|--- feature_14 >  1.18
|   |--- feature_1 <= 1.03
|   |   |--- feature_19 <= -0.77
|   |   |   |--- feature_0 <= 0.34
|   |   |   |   |--- truncated branch of depth 2
|   |   |   |--- feature_0 >  0.34
|   |   |   |   |--- truncated branch of depth 3
|   |   |--- feature_19 >  -0.77
|   |   |   |--- feature_1 <= 0.60
|   |   |   |   |--- truncated branch of depth 5
|   |   |   |--- feature_1 >  0.60
|   |   |   |   |--- class: 0
|   |--- feature_1 >  1.03
|   |   |--- class: 36

[S-REINFORCE] symbolic-policy agreement=0.207
[S-REINFORCE] symbolic-policy agreement=0.473
Eval at step 170000, survival=4.821%, return=[-192.11584638031977, -64.5293144243243, -984.3004122579382, -197.5254237288134]
SPS=3
[S-REINFORCE] symbolic tree refit at rollout 170 | imitation_acc=0.528
|--- feature_14 <= -0.48
|   |--- feature_19 <= 1.31
|   |   |--- feature_1 <= 0.19
|   |   |   |--- feature_12 <= -0.25
|   |   |   |   |--- truncated branch of depth 5
|   |   |   |--- feature_12 >  -0.25
|   |   |   |   |--- truncated branch of depth 2
|   |   |--- feature_1 >  0.19
|   |   |   |--- feature_8 <= -0.07
|   |   |   |   |--- truncated branch of depth 5
|   |   |   |--- feature_8 >  -0.07
|   |   |   |   |--- truncated branch of depth 2
|   |--- feature_19 >  1.31
|   |   |--- feature_6 <= -0.08
|   |   |   |--- class: 30
|   |   |--- feature_6 >  -0.08
|   |   |   |--- feature_4 <= 1.57
|   |   |   |   |--- truncated branch of depth 2
|   |   |   |--- feature_4 >  1.57
|   |   |   |   |--- class: 31
|--- feature_14 >  -0.48
|   |--- feature_1 <= -0.68
|   |   |--- feature_14 <= 0.63
|   |   |   |--- feature_8 <= -0.07
|   |   |   |   |--- truncated branch of depth 2
|   |   |   |--- feature_8 >  -0.07
|   |   |   |   |--- truncated branch of depth 4
|   |   |--- feature_14 >  0.63
|   |   |   |--- feature_13 <= -0.88
|   |   |   |   |--- class: 0
|   |   |   |--- feature_13 >  -0.88
|   |   |   |   |--- class: 0
|   |--- feature_1 >  -0.68
|   |   |--- feature_1 <= 0.85
|   |   |   |--- feature_2 <= 1.24
|   |   |   |   |--- truncated branch of depth 5
|   |   |   |--- feature_2 >  1.24
|   |   |   |   |--- truncated branch of depth 5
|   |   |--- feature_1 >  0.85
|   |   |   |--- feature_5 <= -0.91
|   |   |   |   |--- truncated branch of depth 2
|   |   |   |--- feature_5 >  -0.91
|   |   |   |   |--- truncated branch of depth 2

[S-REINFORCE] symbolic-policy agreement=0.341
[S-REINFORCE] symbolic-policy agreement=0.140
[S-REINFORCE] symbolic tree refit at rollout 172 | imitation_acc=0.375
|--- feature_1 <= 0.14
|   |--- feature_14 <= 0.63
|   |   |--- feature_16 <= -0.48
|   |   |   |--- class: 0
|   |   |--- feature_16 >  -0.48
|   |   |   |--- feature_12 <= -0.09
|   |   |   |   |--- truncated branch of depth 5
|   |   |   |--- feature_12 >  -0.09
|   |   |   |   |--- class: 30
|   |--- feature_14 >  0.63
|   |   |--- feature_5 <= -0.59
|   |   |   |--- feature_13 <= -0.88
|   |   |   |   |--- truncated branch of depth 3
|   |   |   |--- feature_13 >  -0.88
|   |   |   |   |--- truncated branch of depth 4
|   |   |--- feature_5 >  -0.59
|   |   |   |--- feature_12 <= -0.25
|   |   |   |   |--- truncated branch of depth 2
|   |   |   |--- feature_12 >  -0.25
|   |   |   |   |--- truncated branch of depth 2
|--- feature_1 >  0.14
|   |--- feature_5 <= -0.25
|   |   |--- feature_12 <= 0.03
|   |   |   |--- feature_1 <= 0.41
|   |   |   |   |--- truncated branch of depth 5
|   |   |   |--- feature_1 >  0.41
|   |   |   |   |--- truncated branch of depth 5
|   |   |--- feature_12 >  0.03
|   |   |   |--- feature_1 <= 0.36
|   |   |   |   |--- truncated branch of depth 2
|   |   |   |--- feature_1 >  0.36
|   |   |   |   |--- truncated branch of depth 3
|   |--- feature_5 >  -0.25
|   |   |--- feature_1 <= 0.96
|   |   |   |--- feature_12 <= 0.62
|   |   |   |   |--- truncated branch of depth 5
|   |   |   |--- feature_12 >  0.62
|   |   |   |   |--- truncated branch of depth 3
|   |   |--- feature_1 >  0.96
|   |   |   |--- feature_14 <= -0.48
|   |   |   |   |--- class: 3
|   |   |   |--- feature_14 >  -0.48
|   |   |   |   |--- class: 3

[S-REINFORCE] symbolic-policy agreement=0.240
[S-REINFORCE] symbolic-policy agreement=0.205
[S-REINFORCE] symbolic tree refit at rollout 174 | imitation_acc=0.389
|--- feature_5 <= 0.93
|   |--- feature_2 <= -0.30
|   |   |--- feature_14 <= -0.48
|   |   |   |--- feature_5 <= -0.21
|   |   |   |   |--- truncated branch of depth 5
|   |   |   |--- feature_5 >  -0.21
|   |   |   |   |--- truncated branch of depth 5
|   |   |--- feature_14 >  -0.48
|   |   |   |--- feature_13 <= -0.64
|   |   |   |   |--- truncated branch of depth 2
|   |   |   |--- feature_13 >  -0.64
|   |   |   |   |--- truncated branch of depth 5
|   |--- feature_2 >  -0.30
|   |   |--- feature_1 <= 0.42
|   |   |   |--- feature_14 <= 0.62
|   |   |   |   |--- truncated branch of depth 5
|   |   |   |--- feature_14 >  0.62
|   |   |   |   |--- truncated branch of depth 5
|   |   |--- feature_1 >  0.42
|   |   |   |--- feature_13 <= -0.01
|   |   |   |   |--- truncated branch of depth 5
|   |   |   |--- feature_13 >  -0.01
|   |   |   |   |--- truncated branch of depth 2
|--- feature_5 >  0.93
|   |--- feature_13 <= 1.34
|   |   |--- feature_13 <= 0.47
|   |   |   |--- feature_12 <= 0.23
|   |   |   |   |--- truncated branch of depth 4
|   |   |   |--- feature_12 >  0.23
|   |   |   |   |--- truncated branch of depth 2
|   |   |--- feature_13 >  0.47
|   |   |   |--- feature_1 <= 0.74
|   |   |   |   |--- truncated branch of depth 4
|   |   |   |--- feature_1 >  0.74
|   |   |   |   |--- truncated branch of depth 2
|   |--- feature_13 >  1.34
|   |   |--- feature_2 <= -0.81
|   |   |   |--- feature_6 <= -0.08
|   |   |   |   |--- class: 40
|   |   |   |--- feature_6 >  -0.08
|   |   |   |   |--- class: 33
|   |   |--- feature_2 >  -0.81
|   |   |   |--- class: 3

[S-REINFORCE] symbolic-policy agreement=0.189
[S-REINFORCE] symbolic-policy agreement=0.209
[S-REINFORCE] symbolic tree refit at rollout 176 | imitation_acc=0.353
|--- feature_13 <= 0.24
|   |--- feature_19 <= -0.75
|   |   |--- feature_10 <= -0.07
|   |   |   |--- feature_14 <= 0.62
|   |   |   |   |--- truncated branch of depth 5
|   |   |   |--- feature_14 >  0.62
|   |   |   |   |--- truncated branch of depth 3
|   |   |--- feature_10 >  -0.07
|   |   |   |--- feature_5 <= 0.95
|   |   |   |   |--- class: 9
|   |   |   |--- feature_5 >  0.95
|   |   |   |   |--- class: 24
|   |--- feature_19 >  -0.75
|   |   |--- feature_0 <= -0.60
|   |   |   |--- feature_1 <= 0.86
|   |   |   |   |--- truncated branch of depth 5
|   |   |   |--- feature_1 >  0.86
|   |   |   |   |--- truncated branch of depth 3
|   |   |--- feature_0 >  -0.60
|   |   |   |--- feature_5 <= -0.55
|   |   |   |   |--- truncated branch of depth 5
|   |   |   |--- feature_5 >  -0.55
|   |   |   |   |--- truncated branch of depth 5
|--- feature_13 >  0.24
|   |--- feature_14 <= -0.48
|   |   |--- feature_3 <= 2.24
|   |   |   |--- feature_1 <= 0.79
|   |   |   |   |--- truncated branch of depth 5
|   |   |   |--- feature_1 >  0.79
|   |   |   |   |--- truncated branch of depth 2
|   |   |--- feature_3 >  2.24
|   |   |   |--- feature_5 <= 1.47
|   |   |   |   |--- truncated branch of depth 2
|   |   |   |--- feature_5 >  1.47
|   |   |   |   |--- truncated branch of depth 2
|   |--- feature_14 >  -0.48
|   |   |--- feature_1 <= 1.08
|   |   |   |--- feature_5 <= 1.24
|   |   |   |   |--- truncated branch of depth 5
|   |   |   |--- feature_5 >  1.24
|   |   |   |   |--- truncated branch of depth 3
|   |   |--- feature_1 >  1.08
|   |   |   |--- feature_9 <= -0.07
|   |   |   |   |--- truncated branch of depth 3
|   |   |   |--- feature_9 >  -0.07
|   |   |   |   |--- truncated branch of depth 5

[S-REINFORCE] symbolic-policy agreement=0.165
[S-REINFORCE] symbolic-policy agreement=0.079
[S-REINFORCE] symbolic tree refit at rollout 178 | imitation_acc=0.502
|--- feature_14 <= 1.72
|   |--- feature_19 <= -0.74
|   |   |--- feature_6 <= -0.08
|   |   |   |--- feature_11 <= -0.08
|   |   |   |   |--- truncated branch of depth 2
|   |   |   |--- feature_11 >  -0.08
|   |   |   |   |--- truncated branch of depth 5
|   |   |--- feature_6 >  -0.08
|   |   |   |--- feature_19 <= -0.75
|   |   |   |   |--- truncated branch of depth 2
|   |   |   |--- feature_19 >  -0.75
|   |   |   |   |--- truncated branch of depth 2
|   |--- feature_19 >  -0.74
|   |   |--- feature_5 <= -0.72
|   |   |   |--- feature_1 <= 0.89
|   |   |   |   |--- truncated branch of depth 5
|   |   |   |--- feature_1 >  0.89
|   |   |   |   |--- class: 37
|   |   |--- feature_5 >  -0.72
|   |   |   |--- feature_17 <= 1.59
|   |   |   |   |--- truncated branch of depth 5
|   |   |   |--- feature_17 >  1.59
|   |   |   |   |--- truncated branch of depth 4
|--- feature_14 >  1.72
|   |--- feature_5 <= -0.99
|   |   |--- feature_8 <= -0.07
|   |   |   |--- feature_12 <= -1.71
|   |   |   |   |--- truncated branch of depth 3
|   |   |   |--- feature_12 >  -1.71
|   |   |   |   |--- truncated branch of depth 2
|   |   |--- feature_8 >  -0.07
|   |   |   |--- class: 0
|   |--- feature_5 >  -0.99
|   |   |--- feature_7 <= -0.07
|   |   |   |--- feature_4 <= -0.64
|   |   |   |   |--- class: 0
|   |   |   |--- feature_4 >  -0.64
|   |   |   |   |--- truncated branch of depth 4
|   |   |--- feature_7 >  -0.07
|   |   |   |--- feature_0 <= 0.62
|   |   |   |   |--- class: 0
|   |   |   |--- feature_0 >  0.62
|   |   |   |   |--- truncated branch of depth 2

[S-REINFORCE] symbolic-policy agreement=0.274
[S-REINFORCE] symbolic-policy agreement=0.063
Eval at step 180000, survival=15.534%, return=[-876.5512719714364, -634.574373212546, -4497.437924746295, -890.5555555555503]
SPS=3
[S-REINFORCE] symbolic tree refit at rollout 180 | imitation_acc=0.330
|--- feature_3 <= -0.88
|   |--- feature_13 <= -0.88
|   |   |--- feature_16 <= -0.50
|   |   |   |--- feature_11 <= -0.08
|   |   |   |   |--- class: 8
|   |   |   |--- feature_11 >  -0.08
|   |   |   |   |--- class: 10
|   |   |--- feature_16 >  -0.50
|   |   |   |--- feature_7 <= -0.07
|   |   |   |   |--- class: 45
|   |   |   |--- feature_7 >  -0.07
|   |   |   |   |--- truncated branch of depth 2
|   |--- feature_13 >  -0.88
|   |   |--- feature_4 <= -0.63
|   |   |   |--- feature_8 <= -0.07
|   |   |   |   |--- class: 13
|   |   |   |--- feature_8 >  -0.07
|   |   |   |   |--- class: 13
|   |   |--- feature_4 >  -0.63
|   |   |   |--- feature_13 <= -0.56
|   |   |   |   |--- truncated branch of depth 3
|   |   |   |--- feature_13 >  -0.56
|   |   |   |   |--- class: 15
|--- feature_3 >  -0.88
|   |--- feature_5 <= -0.25
|   |   |--- feature_1 <= 0.19
|   |   |   |--- feature_14 <= 0.07
|   |   |   |   |--- truncated branch of depth 3
|   |   |   |--- feature_14 >  0.07
|   |   |   |   |--- truncated branch of depth 4
|   |   |--- feature_1 >  0.19
|   |   |   |--- feature_0 <= 0.43
|   |   |   |   |--- truncated branch of depth 5
|   |   |   |--- feature_0 >  0.43
|   |   |   |   |--- truncated branch of depth 4
|   |--- feature_5 >  -0.25
|   |   |--- feature_5 <= -0.01
|   |   |   |--- feature_11 <= -0.08
|   |   |   |   |--- truncated branch of depth 2
|   |   |   |--- feature_11 >  -0.08
|   |   |   |   |--- class: 7
|   |   |--- feature_5 >  -0.01
|   |   |   |--- feature_1 <= 1.04
|   |   |   |   |--- truncated branch of depth 5
|   |   |   |--- feature_1 >  1.04
|   |   |   |   |--- truncated branch of depth 5

[S-REINFORCE] symbolic-policy agreement=0.109
[S-REINFORCE] symbolic-policy agreement=0.062
[S-REINFORCE] symbolic tree refit at rollout 182 | imitation_acc=0.399
|--- feature_16 <= -0.50
|   |--- feature_1 <= 0.42
|   |   |--- feature_2 <= -0.31
|   |   |   |--- feature_12 <= 1.92
|   |   |   |   |--- class: 21
|   |   |   |--- feature_12 >  1.92
|   |   |   |   |--- class: 21
|   |   |--- feature_2 >  -0.31
|   |   |   |--- class: 0
|   |--- feature_1 >  0.42
|   |   |--- feature_16 <= -0.50
|   |   |   |--- feature_16 <= -0.50
|   |   |   |   |--- truncated branch of depth 4
|   |   |   |--- feature_16 >  -0.50
|   |   |   |   |--- truncated branch of depth 5
|   |   |--- feature_16 >  -0.50
|   |   |   |--- feature_14 <= -0.48
|   |   |   |   |--- class: 30
|   |   |   |--- feature_14 >  -0.48
|   |   |   |   |--- truncated branch of depth 3
|--- feature_16 >  -0.50
|   |--- feature_14 <= 0.62
|   |   |--- feature_5 <= 0.63
|   |   |   |--- feature_8 <= -0.07
|   |   |   |   |--- truncated branch of depth 5
|   |   |   |--- feature_8 >  -0.07
|   |   |   |   |--- truncated branch of depth 5
|   |   |--- feature_5 >  0.63
|   |   |   |--- feature_8 <= -0.07
|   |   |   |   |--- truncated branch of depth 5
|   |   |   |--- feature_8 >  -0.07
|   |   |   |   |--- truncated branch of depth 3
|   |--- feature_14 >  0.62
|   |   |--- feature_5 <= 0.64
|   |   |   |--- feature_13 <= 0.37
|   |   |   |   |--- truncated branch of depth 4
|   |   |   |--- feature_13 >  0.37
|   |   |   |   |--- truncated branch of depth 2
|   |   |--- feature_5 >  0.64
|   |   |   |--- feature_6 <= -0.08
|   |   |   |   |--- truncated branch of depth 3
|   |   |   |--- feature_6 >  -0.08
|   |   |   |   |--- truncated branch of depth 2

[S-REINFORCE] symbolic-policy agreement=0.381
[S-REINFORCE] symbolic-policy agreement=0.331
[S-REINFORCE] symbolic tree refit at rollout 184 | imitation_acc=0.471
|--- feature_14 <= 1.71
|   |--- feature_10 <= -0.07
|   |   |--- feature_5 <= 0.73
|   |   |   |--- feature_5 <= -0.55
|   |   |   |   |--- truncated branch of depth 5
|   |   |   |--- feature_5 >  -0.55
|   |   |   |   |--- truncated branch of depth 5
|   |   |--- feature_5 >  0.73
|   |   |   |--- feature_1 <= 0.45
|   |   |   |   |--- class: 18
|   |   |   |--- feature_1 >  0.45
|   |   |   |   |--- truncated branch of depth 4
|   |--- feature_10 >  -0.07
|   |   |--- feature_15 <= -0.61
|   |   |   |--- feature_3 <= 0.98
|   |   |   |   |--- truncated branch of depth 3
|   |   |   |--- feature_3 >  0.98
|   |   |   |   |--- class: 30
|   |   |--- feature_15 >  -0.61
|   |   |   |--- feature_3 <= 0.17
|   |   |   |   |--- truncated branch of depth 5
|   |   |   |--- feature_3 >  0.17
|   |   |   |   |--- truncated branch of depth 5
|--- feature_14 >  1.71
|   |--- feature_0 <= 0.65
|   |   |--- feature_0 <= -0.84
|   |   |   |--- feature_19 <= -0.74
|   |   |   |   |--- class: 0
|   |   |   |--- feature_19 >  -0.74
|   |   |   |   |--- class: 0
|   |   |--- feature_0 >  -0.84
|   |   |   |--- feature_7 <= -0.07
|   |   |   |   |--- truncated branch of depth 2
|   |   |   |--- feature_7 >  -0.07
|   |   |   |   |--- truncated branch of depth 3
|   |--- feature_0 >  0.65
|   |   |--- feature_1 <= -0.00
|   |   |   |--- class: 0
|   |   |--- feature_1 >  -0.00
|   |   |   |--- feature_7 <= -0.07
|   |   |   |   |--- truncated branch of depth 2
|   |   |   |--- feature_7 >  -0.07
|   |   |   |   |--- class: 0

[S-REINFORCE] symbolic-policy agreement=0.184
[S-REINFORCE] symbolic-policy agreement=0.153
[S-REINFORCE] symbolic tree refit at rollout 186 | imitation_acc=0.516
|--- feature_14 <= 0.61
|   |--- feature_13 <= 2.60
|   |   |--- feature_16 <= 1.44
|   |   |   |--- feature_11 <= -0.08
|   |   |   |   |--- truncated branch of depth 3
|   |   |   |--- feature_11 >  -0.08
|   |   |   |   |--- truncated branch of depth 5
|   |   |--- feature_16 >  1.44
|   |   |   |--- feature_7 <= -0.07
|   |   |   |   |--- class: 17
|   |   |   |--- feature_7 >  -0.07
|   |   |   |   |--- truncated branch of depth 5
|   |--- feature_13 >  2.60
|   |   |--- feature_7 <= -0.07
|   |   |   |--- feature_2 <= -1.07
|   |   |   |   |--- class: 30
|   |   |   |--- feature_2 >  -1.07
|   |   |   |   |--- class: 30
|   |   |--- feature_7 >  -0.07
|   |   |   |--- class: 40
|--- feature_14 >  0.61
|   |--- feature_15 <= -0.61
|   |   |--- feature_16 <= 1.84
|   |   |   |--- feature_18 <= -0.58
|   |   |   |   |--- truncated branch of depth 5
|   |   |   |--- feature_18 >  -0.58
|   |   |   |   |--- truncated branch of depth 3
|   |   |--- feature_16 >  1.84
|   |   |   |--- feature_13 <= 1.09
|   |   |   |   |--- truncated branch of depth 2
|   |   |   |--- feature_13 >  1.09
|   |   |   |   |--- class: 0
|   |--- feature_15 >  -0.61
|   |   |--- class: 0

[S-REINFORCE] symbolic-policy agreement=0.784
[S-REINFORCE] symbolic-policy agreement=0.180
[S-REINFORCE] symbolic tree refit at rollout 188 | imitation_acc=0.400
|--- feature_16 <= -0.51
|   |--- feature_6 <= -0.08
|   |   |--- feature_16 <= -0.51
|   |   |   |--- feature_11 <= -0.08
|   |   |   |   |--- class: 26
|   |   |   |--- feature_11 >  -0.08
|   |   |   |   |--- truncated branch of depth 2
|   |   |--- feature_16 >  -0.51
|   |   |   |--- feature_17 <= -0.67
|   |   |   |   |--- class: 13
|   |   |   |--- feature_17 >  -0.67
|   |   |   |   |--- class: 34
|   |--- feature_6 >  -0.08
|   |   |--- feature_4 <= -0.64
|   |   |   |--- feature_4 <= -0.64
|   |   |   |   |--- truncated branch of depth 5
|   |   |   |--- feature_4 >  -0.64
|   |   |   |   |--- truncated branch of depth 5
|   |   |--- feature_4 >  -0.64
|   |   |   |--- feature_8 <= -0.07
|   |   |   |   |--- truncated branch of depth 2
|   |   |   |--- feature_8 >  -0.07
|   |   |   |   |--- class: 0
|--- feature_16 >  -0.51
|   |--- feature_5 <= 0.51
|   |   |--- feature_19 <= -0.73
|   |   |   |--- feature_14 <= -0.48
|   |   |   |   |--- truncated branch of depth 5
|   |   |   |--- feature_14 >  -0.48
|   |   |   |   |--- truncated branch of depth 2
|   |   |--- feature_19 >  -0.73
|   |   |   |--- feature_19 <= -0.73
|   |   |   |   |--- class: 19
|   |   |   |--- feature_19 >  -0.73
|   |   |   |   |--- truncated branch of depth 5
|   |--- feature_5 >  0.51
|   |   |--- feature_2 <= 0.86
|   |   |   |--- feature_1 <= 0.99
|   |   |   |   |--- truncated branch of depth 5
|   |   |   |--- feature_1 >  0.99
|   |   |   |   |--- truncated branch of depth 2
|   |   |--- feature_2 >  0.86
|   |   |   |--- feature_3 <= 0.43
|   |   |   |   |--- truncated branch of depth 2
|   |   |   |--- feature_3 >  0.43
|   |   |   |   |--- truncated branch of depth 2

[S-REINFORCE] symbolic-policy agreement=0.165
[S-REINFORCE] symbolic-policy agreement=0.022
Eval at step 190000, survival=4.738%, return=[-276.70904894823616, -201.48735751793387, -1383.9740012087832, -279.0338983050845]
SPS=3
[S-REINFORCE] symbolic tree refit at rollout 190 | imitation_acc=0.365
|--- feature_1 <= 0.39
|   |--- feature_14 <= 0.61
|   |   |--- feature_5 <= -0.55
|   |   |   |--- feature_16 <= -0.51
|   |   |   |   |--- truncated branch of depth 5
|   |   |   |--- feature_16 >  -0.51
|   |   |   |   |--- truncated branch of depth 5
|   |   |--- feature_5 >  -0.55
|   |   |   |--- feature_17 <= -0.66
|   |   |   |   |--- truncated branch of depth 2
|   |   |   |--- feature_17 >  -0.66
|   |   |   |   |--- truncated branch of depth 5
|   |--- feature_14 >  0.61
|   |   |--- feature_17 <= -0.66
|   |   |   |--- feature_14 <= 2.80
|   |   |   |   |--- truncated branch of depth 2
|   |   |   |--- feature_14 >  2.80
|   |   |   |   |--- class: 30
|   |   |--- feature_17 >  -0.66
|   |   |   |--- feature_1 <= -0.87
|   |   |   |   |--- truncated branch of depth 5
|   |   |   |--- feature_1 >  -0.87
|   |   |   |   |--- truncated branch of depth 4
|--- feature_1 >  0.39
|   |--- feature_10 <= -0.07
|   |   |--- feature_16 <= -0.51
|   |   |   |--- feature_14 <= 0.61
|   |   |   |   |--- truncated branch of depth 5
|   |   |   |--- feature_14 >  0.61
|   |   |   |   |--- truncated branch of depth 2
|   |   |--- feature_16 >  -0.51
|   |   |   |--- feature_14 <= -0.48
|   |   |   |   |--- truncated branch of depth 2
|   |   |   |--- feature_14 >  -0.48
|   |   |   |   |--- class: 48
|   |--- feature_10 >  -0.07
|   |   |--- feature_14 <= -0.48
|   |   |   |--- feature_6 <= -0.08
|   |   |   |   |--- truncated branch of depth 3
|   |   |   |--- feature_6 >  -0.08
|   |   |   |   |--- truncated branch of depth 2
|   |   |--- feature_14 >  -0.48
|   |   |   |--- feature_14 <= -0.48
|   |   |   |   |--- class: 10
|   |   |   |--- feature_14 >  -0.48
|   |   |   |   |--- class: 10

[S-REINFORCE] symbolic-policy agreement=0.270
[S-REINFORCE] symbolic-policy agreement=0.193
[S-REINFORCE] symbolic tree refit at rollout 192 | imitation_acc=0.349
|--- feature_5 <= 0.65
|   |--- feature_14 <= 1.70
|   |   |--- feature_5 <= -0.55
|   |   |   |--- feature_12 <= -0.41
|   |   |   |   |--- truncated branch of depth 5
|   |   |   |--- feature_12 >  -0.41
|   |   |   |   |--- truncated branch of depth 3
|   |   |--- feature_5 >  -0.55
|   |   |   |--- feature_5 <= 0.25
|   |   |   |   |--- truncated branch of depth 5
|   |   |   |--- feature_5 >  0.25
|   |   |   |   |--- truncated branch of depth 3
|   |--- feature_14 >  1.70
|   |   |--- feature_12 <= -0.10
|   |   |   |--- feature_0 <= 0.75
|   |   |   |   |--- truncated branch of depth 3
|   |   |   |--- feature_0 >  0.75
|   |   |   |   |--- class: 0
|   |   |--- feature_12 >  -0.10
|   |   |   |--- feature_5 <= -0.08
|   |   |   |   |--- truncated branch of depth 4
|   |   |   |--- feature_5 >  -0.08
|   |   |   |   |--- truncated branch of depth 3
|--- feature_5 >  0.65
|   |--- feature_2 <= 2.19
|   |   |--- feature_14 <= -0.48
|   |   |   |--- feature_13 <= 0.17
|   |   |   |   |--- truncated branch of depth 5
|   |   |   |--- feature_13 >  0.17
|   |   |   |   |--- truncated branch of depth 3
|   |   |--- feature_14 >  -0.48
|   |   |   |--- feature_1 <= 0.53
|   |   |   |   |--- truncated branch of depth 4
|   |   |   |--- feature_1 >  0.53
|   |   |   |   |--- truncated branch of depth 5
|   |--- feature_2 >  2.19
|   |   |--- class: 1

[S-REINFORCE] symbolic-policy agreement=0.260
[S-REINFORCE] symbolic-policy agreement=0.230
[S-REINFORCE] symbolic tree refit at rollout 194 | imitation_acc=0.392
|--- feature_13 <= 1.91
|   |--- feature_14 <= -0.48
|   |   |--- feature_15 <= -0.60
|   |   |   |--- feature_5 <= -0.65
|   |   |   |   |--- truncated branch of depth 5
|   |   |   |--- feature_5 >  -0.65
|   |   |   |   |--- truncated branch of depth 5
|   |   |--- feature_15 >  -0.60
|   |   |   |--- feature_5 <= -0.55
|   |   |   |   |--- truncated branch of depth 2
|   |   |   |--- feature_5 >  -0.55
|   |   |   |   |--- truncated branch of depth 2
|   |--- feature_14 >  -0.48
|   |   |--- feature_16 <= -0.18
|   |   |   |--- feature_1 <= -0.02
|   |   |   |   |--- truncated branch of depth 5
|   |   |   |--- feature_1 >  -0.02
|   |   |   |   |--- truncated branch of depth 5
|   |   |--- feature_16 >  -0.18
|   |   |   |--- feature_17 <= -0.66
|   |   |   |   |--- truncated branch of depth 2
|   |   |   |--- feature_17 >  -0.66
|   |   |   |   |--- class: 41
|--- feature_13 >  1.91
|   |--- feature_8 <= -0.07
|   |   |--- feature_14 <= -0.48
|   |   |   |--- feature_18 <= -0.58
|   |   |   |   |--- truncated branch of depth 5
|   |   |   |--- feature_18 >  -0.58
|   |   |   |   |--- class: 0
|   |   |--- feature_14 >  -0.48
|   |   |   |--- feature_1 <= 1.42
|   |   |   |   |--- class: 0
|   |   |   |--- feature_1 >  1.42
|   |   |   |   |--- class: 0
|   |--- feature_8 >  -0.07
|   |   |--- feature_6 <= -0.08
|   |   |   |--- feature_13 <= 3.67
|   |   |   |   |--- truncated branch of depth 5
|   |   |   |--- feature_13 >  3.67
|   |   |   |   |--- truncated branch of depth 2
|   |   |--- feature_6 >  -0.08
|   |   |   |--- class: 18

[S-REINFORCE] symbolic-policy agreement=0.365
[S-REINFORCE] symbolic-policy agreement=0.241
[S-REINFORCE] symbolic tree refit at rollout 196 | imitation_acc=0.452
|--- feature_14 <= 0.61
|   |--- feature_2 <= 0.40
|   |   |--- feature_16 <= -0.50
|   |   |   |--- feature_14 <= -0.48
|   |   |   |   |--- truncated branch of depth 5
|   |   |   |--- feature_14 >  -0.48
|   |   |   |   |--- truncated branch of depth 5
|   |   |--- feature_16 >  -0.50
|   |   |   |--- feature_8 <= -0.07
|   |   |   |   |--- truncated branch of depth 2
|   |   |   |--- feature_8 >  -0.07
|   |   |   |   |--- class: 30
|   |--- feature_2 >  0.40
|   |   |--- feature_5 <= 0.83
|   |   |   |--- feature_3 <= 0.50
|   |   |   |   |--- truncated branch of depth 5
|   |   |   |--- feature_3 >  0.50
|   |   |   |   |--- truncated branch of depth 4
|   |   |--- feature_5 >  0.83
|   |   |   |--- feature_2 <= 1.14
|   |   |   |   |--- class: 0
|   |   |   |--- feature_2 >  1.14
|   |   |   |   |--- truncated branch of depth 2
|--- feature_14 >  0.61
|   |--- feature_6 <= -0.08
|   |   |--- feature_12 <= 2.41
|   |   |   |--- feature_1 <= 0.67
|   |   |   |   |--- truncated branch of depth 5
|   |   |   |--- feature_1 >  0.67
|   |   |   |   |--- truncated branch of depth 5
|   |   |--- feature_12 >  2.41
|   |   |   |--- feature_18 <= -0.58
|   |   |   |   |--- truncated branch of depth 2
|   |   |   |--- feature_18 >  -0.58
|   |   |   |   |--- truncated branch of depth 2
|   |--- feature_6 >  -0.08
|   |   |--- class: 0

[S-REINFORCE] symbolic-policy agreement=0.456
[S-REINFORCE] symbolic-policy agreement=0.146
[S-REINFORCE] symbolic tree refit at rollout 198 | imitation_acc=0.356
|--- feature_16 <= -0.51
|   |--- feature_14 <= 0.60
|   |   |--- feature_1 <= -1.58
|   |   |   |--- feature_5 <= -0.45
|   |   |   |   |--- class: 0
|   |   |   |--- feature_5 >  -0.45
|   |   |   |   |--- class: 0
|   |   |--- feature_1 >  -1.58
|   |   |   |--- feature_7 <= -0.07
|   |   |   |   |--- class: 0
|   |   |   |--- feature_7 >  -0.07
|   |   |   |   |--- truncated branch of depth 3
|   |--- feature_14 >  0.60
|   |   |--- feature_13 <= -0.38
|   |   |   |--- class: 0
|   |   |--- feature_13 >  -0.38
|   |   |   |--- feature_18 <= -0.58
|   |   |   |   |--- class: 0
|   |   |   |--- feature_18 >  -0.58
|   |   |   |   |--- truncated branch of depth 2
|--- feature_16 >  -0.51
|   |--- feature_4 <= 1.56
|   |   |--- feature_19 <= -0.73
|   |   |   |--- feature_18 <= -0.58
|   |   |   |   |--- truncated branch of depth 5
|   |   |   |--- feature_18 >  -0.58
|   |   |   |   |--- truncated branch of depth 5
|   |   |--- feature_19 >  -0.73
|   |   |   |--- feature_15 <= -0.59
|   |   |   |   |--- truncated branch of depth 4
|   |   |   |--- feature_15 >  -0.59
|   |   |   |   |--- class: 12
|   |--- feature_4 >  1.56
|   |   |--- feature_19 <= -0.73
|   |   |   |--- feature_8 <= -0.07
|   |   |   |   |--- class: 7
|   |   |   |--- feature_8 >  -0.07
|   |   |   |   |--- truncated branch of depth 2
|   |   |--- feature_19 >  -0.73
|   |   |   |--- feature_6 <= -0.07
|   |   |   |   |--- truncated branch of depth 3
|   |   |   |--- feature_6 >  -0.07
|   |   |   |   |--- class: 39

[S-REINFORCE] symbolic-policy agreement=0.241
[S-REINFORCE] symbolic-policy agreement=0.022
Eval at step 200000, survival=8.249%, return=[-565.3902826840058, -500.0455584741125, -2837.8762766107902, -568.2542372881354]
SPS=3
[S-REINFORCE] symbolic tree refit at rollout 200 | imitation_acc=0.355
|--- feature_14 <= 0.60
|   |--- feature_1 <= 1.06
|   |   |--- feature_18 <= -0.57
|   |   |   |--- feature_6 <= -0.08
|   |   |   |   |--- truncated branch of depth 5
|   |   |   |--- feature_6 >  -0.08
|   |   |   |   |--- truncated branch of depth 5
|   |   |--- feature_18 >  -0.57
|   |   |   |--- feature_4 <= -0.64
|   |   |   |   |--- truncated branch of depth 4
|   |   |   |--- feature_4 >  -0.64
|   |   |   |   |--- truncated branch of depth 3
|   |--- feature_1 >  1.06
|   |   |--- feature_12 <= 2.61
|   |   |   |--- feature_12 <= 1.97
|   |   |   |   |--- truncated branch of depth 2
|   |   |   |--- feature_12 >  1.97
|   |   |   |   |--- truncated branch of depth 5
|   |   |--- feature_12 >  2.61
|   |   |   |--- feature_8 <= -0.07
|   |   |   |   |--- class: 14
|   |   |   |--- feature_8 >  -0.07
|   |   |   |   |--- truncated branch of depth 2
|--- feature_14 >  0.60
|   |--- feature_5 <= 0.79
|   |   |--- feature_10 <= -0.07
|   |   |   |--- feature_15 <= -0.59
|   |   |   |   |--- class: 0
|   |   |   |--- feature_15 >  -0.59
|   |   |   |   |--- truncated branch of depth 5
|   |   |--- feature_10 >  -0.07
|   |   |   |--- feature_14 <= 0.60
|   |   |   |   |--- class: 0
|   |   |   |--- feature_14 >  0.60
|   |   |   |   |--- truncated branch of depth 4
|   |--- feature_5 >  0.79
|   |   |--- feature_13 <= 2.42
|   |   |   |--- feature_12 <= 0.27
|   |   |   |   |--- class: 39
|   |   |   |--- feature_12 >  0.27
|   |   |   |   |--- class: 27
|   |   |--- feature_13 >  2.42
|   |   |   |--- class: 0

[S-REINFORCE] symbolic-policy agreement=0.239
[S-REINFORCE] symbolic-policy agreement=0.133
[S-REINFORCE] symbolic tree refit at rollout 202 | imitation_acc=0.382
|--- feature_14 <= -0.49
|   |--- feature_2 <= -1.15
|   |   |--- feature_5 <= 2.08
|   |   |   |--- feature_13 <= -0.16
|   |   |   |   |--- class: 27
|   |   |   |--- feature_13 >  -0.16
|   |   |   |   |--- truncated branch of depth 4
|   |   |--- feature_5 >  2.08
|   |   |   |--- feature_14 <= -0.49
|   |   |   |   |--- truncated branch of depth 5
|   |   |   |--- feature_14 >  -0.49
|   |   |   |   |--- class: 24
|   |--- feature_2 >  -1.15
|   |   |--- feature_13 <= 2.21
|   |   |   |--- feature_12 <= -0.35
|   |   |   |   |--- truncated branch of depth 4
|   |   |   |--- feature_12 >  -0.35
|   |   |   |   |--- truncated branch of depth 5
|   |   |--- feature_13 >  2.21
|   |   |   |--- feature_1 <= 1.03
|   |   |   |   |--- truncated branch of depth 4
|   |   |   |--- feature_1 >  1.03
|   |   |   |   |--- truncated branch of depth 5
|--- feature_14 >  -0.49
|   |--- feature_17 <= -0.65
|   |   |--- feature_14 <= 0.06
|   |   |   |--- feature_2 <= -0.08
|   |   |   |   |--- class: 27
|   |   |   |--- feature_2 >  -0.08
|   |   |   |   |--- truncated branch of depth 2
|   |   |--- feature_14 >  0.06
|   |   |   |--- feature_2 <= 1.75
|   |   |   |   |--- truncated branch of depth 2
|   |   |   |--- feature_2 >  1.75
|   |   |   |   |--- class: 0
|   |--- feature_17 >  -0.65
|   |   |--- feature_2 <= 1.34
|   |   |   |--- feature_6 <= -0.07
|   |   |   |   |--- truncated branch of depth 5
|   |   |   |--- feature_6 >  -0.07
|   |   |   |   |--- truncated branch of depth 5
|   |   |--- feature_2 >  1.34
|   |   |   |--- feature_12 <= -0.04
|   |   |   |   |--- truncated branch of depth 2
|   |   |   |--- feature_12 >  -0.04
|   |   |   |   |--- truncated branch of depth 2

[S-REINFORCE] symbolic-policy agreement=0.191
[S-REINFORCE] symbolic-policy agreement=0.164
[S-REINFORCE] symbolic tree refit at rollout 204 | imitation_acc=0.384
|--- feature_14 <= 0.06
|   |--- feature_12 <= 0.09
|   |   |--- feature_16 <= 2.33
|   |   |   |--- feature_11 <= -0.08
|   |   |   |   |--- truncated branch of depth 5
|   |   |   |--- feature_11 >  -0.08
|   |   |   |   |--- truncated branch of depth 4
|   |   |--- feature_16 >  2.33
|   |   |   |--- feature_6 <= -0.07
|   |   |   |   |--- truncated branch of depth 4
|   |   |   |--- feature_6 >  -0.07
|   |   |   |   |--- truncated branch of depth 3
|   |--- feature_12 >  0.09
|   |   |--- feature_5 <= 0.91
|   |   |   |--- feature_2 <= 0.17
|   |   |   |   |--- truncated branch of depth 5
|   |   |   |--- feature_2 >  0.17
|   |   |   |   |--- class: 0
|   |   |--- feature_5 >  0.91
|   |   |   |--- feature_6 <= -0.07
|   |   |   |   |--- truncated branch of depth 5
|   |   |   |--- feature_6 >  -0.07
|   |   |   |   |--- truncated branch of depth 5
|--- feature_14 >  0.06
|   |--- feature_13 <= -0.20
|   |   |--- feature_19 <= -0.72
|   |   |   |--- feature_19 <= -0.72
|   |   |   |   |--- truncated branch of depth 2
|   |   |   |--- feature_19 >  -0.72
|   |   |   |   |--- class: 48
|   |   |--- feature_19 >  -0.72
|   |   |   |--- feature_10 <= -0.07
|   |   |   |   |--- class: 12
|   |   |   |--- feature_10 >  -0.07
|   |   |   |   |--- truncated branch of depth 5
|   |--- feature_13 >  -0.20
|   |   |--- feature_0 <= 1.15
|   |   |   |--- feature_13 <= -0.05
|   |   |   |   |--- class: 0
|   |   |   |--- feature_13 >  -0.05
|   |   |   |   |--- truncated branch of depth 2
|   |   |--- feature_0 >  1.15
|   |   |   |--- feature_17 <= -0.65
|   |   |   |   |--- class: 28
|   |   |   |--- feature_17 >  -0.65
|   |   |   |   |--- class: 12

[S-REINFORCE] symbolic-policy agreement=0.134
[S-REINFORCE] symbolic-policy agreement=0.096
[S-REINFORCE] symbolic tree refit at rollout 206 | imitation_acc=0.360
|--- feature_14 <= -0.49
|   |--- feature_19 <= -0.72
|   |   |--- feature_12 <= 2.45
|   |   |   |--- feature_14 <= -0.49
|   |   |   |   |--- truncated branch of depth 5
|   |   |   |--- feature_14 >  -0.49
|   |   |   |   |--- truncated branch of depth 5
|   |   |--- feature_12 >  2.45
|   |   |   |--- feature_4 <= -0.65
|   |   |   |   |--- truncated branch of depth 5
|   |   |   |--- feature_4 >  -0.65
|   |   |   |   |--- truncated branch of depth 3
|   |--- feature_19 >  -0.72
|   |   |--- feature_15 <= -0.58
|   |   |   |--- feature_11 <= -0.08
|   |   |   |   |--- class: 49
|   |   |   |--- feature_11 >  -0.08
|   |   |   |   |--- truncated branch of depth 2
|   |   |--- feature_15 >  -0.58
|   |   |   |--- feature_13 <= 2.00
|   |   |   |   |--- class: 44
|   |   |   |--- feature_13 >  2.00
|   |   |   |   |--- truncated branch of depth 2
|--- feature_14 >  -0.49
|   |--- feature_2 <= -0.77
|   |   |--- feature_8 <= -0.07
|   |   |   |--- feature_6 <= -0.07
|   |   |   |   |--- truncated branch of depth 3
|   |   |   |--- feature_6 >  -0.07
|   |   |   |   |--- class: 17
|   |   |--- feature_8 >  -0.07
|   |   |   |--- feature_15 <= -0.58
|   |   |   |   |--- truncated branch of depth 4
|   |   |   |--- feature_15 >  -0.58
|   |   |   |   |--- truncated branch of depth 3
|   |--- feature_2 >  -0.77
|   |   |--- feature_0 <= -0.76
|   |   |   |--- feature_0 <= -0.93
|   |   |   |   |--- class: 11
|   |   |   |--- feature_0 >  -0.93
|   |   |   |   |--- truncated branch of depth 2
|   |   |--- feature_0 >  -0.76
|   |   |   |--- feature_14 <= 0.06
|   |   |   |   |--- truncated branch of depth 3
|   |   |   |--- feature_14 >  0.06
|   |   |   |   |--- truncated branch of depth 4

[S-REINFORCE] symbolic-policy agreement=0.160
[S-REINFORCE] symbolic-policy agreement=0.152
[S-REINFORCE] symbolic tree refit at rollout 208 | imitation_acc=0.380
|--- feature_14 <= 0.60
|   |--- feature_13 <= -0.43
|   |   |--- feature_1 <= 0.17
|   |   |   |--- feature_1 <= -1.56
|   |   |   |   |--- truncated branch of depth 3
|   |   |   |--- feature_1 >  -1.56
|   |   |   |   |--- truncated branch of depth 4
|   |   |--- feature_1 >  0.17
|   |   |   |--- feature_3 <= -0.63
|   |   |   |   |--- truncated branch of depth 4
|   |   |   |--- feature_3 >  -0.63
|   |   |   |   |--- truncated branch of depth 4
|   |--- feature_13 >  -0.43
|   |   |--- feature_18 <= 0.53
|   |   |   |--- feature_1 <= 0.95
|   |   |   |   |--- truncated branch of depth 5
|   |   |   |--- feature_1 >  0.95
|   |   |   |   |--- truncated branch of depth 5
|   |   |--- feature_18 >  0.53
|   |   |   |--- feature_8 <= -0.07
|   |   |   |   |--- truncated branch of depth 2
|   |   |   |--- feature_8 >  -0.07
|   |   |   |   |--- truncated branch of depth 3
|--- feature_14 >  0.60
|   |--- feature_15 <= -0.58
|   |   |--- feature_8 <= -0.07
|   |   |   |--- feature_17 <= 1.56
|   |   |   |   |--- truncated branch of depth 5
|   |   |   |--- feature_17 >  1.56
|   |   |   |   |--- truncated branch of depth 2
|   |   |--- feature_8 >  -0.07
|   |   |   |--- feature_3 <= 1.38
|   |   |   |   |--- class: 0
|   |   |   |--- feature_3 >  1.38
|   |   |   |   |--- class: 0
|   |--- feature_15 >  -0.58
|   |   |--- class: 27

[S-REINFORCE] symbolic-policy agreement=0.169
[S-REINFORCE] symbolic-policy agreement=0.049
Eval at step 210000, survival=7.078%, return=[-458.07735036089434, -386.7512896294043, -2299.946415022239, -461.09604519774]
SPS=3
[S-REINFORCE] symbolic tree refit at rollout 210 | imitation_acc=0.368
|--- feature_14 <= -0.49
|   |--- feature_13 <= 0.72
|   |   |--- feature_5 <= -1.20
|   |   |   |--- feature_11 <= -0.08
|   |   |   |   |--- class: 30
|   |   |   |--- feature_11 >  -0.08
|   |   |   |   |--- truncated branch of depth 4
|   |   |--- feature_5 >  -1.20
|   |   |   |--- feature_14 <= -0.49
|   |   |   |   |--- truncated branch of depth 5
|   |   |   |--- feature_14 >  -0.49
|   |   |   |   |--- truncated branch of depth 2
|   |--- feature_13 >  0.72
|   |   |--- feature_14 <= -0.49
|   |   |   |--- feature_16 <= 3.32
|   |   |   |   |--- truncated branch of depth 5
|   |   |   |--- feature_16 >  3.32
|   |   |   |   |--- truncated branch of depth 3
|   |   |--- feature_14 >  -0.49
|   |   |   |--- feature_12 <= 2.04
|   |   |   |   |--- truncated branch of depth 3
|   |   |   |--- feature_12 >  2.04
|   |   |   |   |--- class: 30
|--- feature_14 >  -0.49
|   |--- feature_11 <= -0.08
|   |   |--- feature_5 <= -1.57
|   |   |   |--- feature_11 <= -0.08
|   |   |   |   |--- class: 0
|   |   |   |--- feature_11 >  -0.08
|   |   |   |   |--- class: 0
|   |   |--- feature_5 >  -1.57
|   |   |   |--- feature_14 <= 1.69
|   |   |   |   |--- truncated branch of depth 5
|   |   |   |--- feature_14 >  1.69
|   |   |   |   |--- truncated branch of depth 3
|   |--- feature_11 >  -0.08
|   |   |--- feature_0 <= -1.17
|   |   |   |--- feature_1 <= 0.95
|   |   |   |   |--- class: 0
|   |   |   |--- feature_1 >  0.95
|   |   |   |   |--- truncated branch of depth 2
|   |   |--- feature_0 >  -1.17
|   |   |   |--- feature_8 <= -0.07
|   |   |   |   |--- truncated branch of depth 5
|   |   |   |--- feature_8 >  -0.07
|   |   |   |   |--- truncated branch of depth 2

[S-REINFORCE] symbolic-policy agreement=0.261
[S-REINFORCE] symbolic-policy agreement=0.246
[S-REINFORCE] symbolic tree refit at rollout 212 | imitation_acc=0.356
|--- feature_14 <= -0.49
|   |--- feature_19 <= -0.71
|   |   |--- feature_1 <= 0.43
|   |   |   |--- feature_14 <= -0.49
|   |   |   |   |--- truncated branch of depth 5
|   |   |   |--- feature_14 >  -0.49
|   |   |   |   |--- truncated branch of depth 3
|   |   |--- feature_1 >  0.43
|   |   |   |--- feature_14 <= -0.49
|   |   |   |   |--- class: 0
|   |   |   |--- feature_14 >  -0.49
|   |   |   |   |--- truncated branch of depth 3
|   |--- feature_19 >  -0.71
|   |   |--- feature_5 <= 0.98
|   |   |   |--- feature_1 <= -1.43
|   |   |   |   |--- truncated branch of depth 4
|   |   |   |--- feature_1 >  -1.43
|   |   |   |   |--- truncated branch of depth 5
|   |   |--- feature_5 >  0.98
|   |   |   |--- feature_15 <= -0.58
|   |   |   |   |--- truncated branch of depth 5
|   |   |   |--- feature_15 >  -0.58
|   |   |   |   |--- truncated branch of depth 5
|--- feature_14 >  -0.49
|   |--- feature_7 <= -0.07
|   |   |--- feature_13 <= -0.87
|   |   |   |--- feature_8 <= -0.07
|   |   |   |   |--- class: 0
|   |   |   |--- feature_8 >  -0.07
|   |   |   |   |--- class: 0
|   |   |--- feature_13 >  -0.87
|   |   |   |--- feature_7 <= -0.07
|   |   |   |   |--- class: 0
|   |   |   |--- feature_7 >  -0.07
|   |   |   |   |--- truncated branch of depth 2
|   |--- feature_7 >  -0.07
|   |   |--- feature_8 <= -0.07
|   |   |   |--- feature_3 <= 0.68
|   |   |   |   |--- truncated branch of depth 5
|   |   |   |--- feature_3 >  0.68
|   |   |   |   |--- class: 0
|   |   |--- feature_8 >  -0.07
|   |   |   |--- feature_14 <= 0.60
|   |   |   |   |--- class: 30
|   |   |   |--- feature_14 >  0.60
|   |   |   |   |--- class: 27

[S-REINFORCE] symbolic-policy agreement=0.175
[S-REINFORCE] symbolic-policy agreement=0.138
[S-REINFORCE] symbolic tree refit at rollout 214 | imitation_acc=0.308
|--- feature_14 <= 0.60
|   |--- feature_12 <= 0.21
|   |   |--- feature_5 <= -0.29
|   |   |   |--- feature_1 <= -1.43
|   |   |   |   |--- truncated branch of depth 3
|   |   |   |--- feature_1 >  -1.43
|   |   |   |   |--- truncated branch of depth 5
|   |   |--- feature_5 >  -0.29
|   |   |   |--- feature_5 <= 0.25
|   |   |   |   |--- truncated branch of depth 5
|   |   |   |--- feature_5 >  0.25
|   |   |   |   |--- truncated branch of depth 4
|   |--- feature_12 >  0.21
|   |   |--- feature_18 <= -0.55
|   |   |   |--- feature_6 <= -0.07
|   |   |   |   |--- class: 16
|   |   |   |--- feature_6 >  -0.07
|   |   |   |   |--- truncated branch of depth 3
|   |   |--- feature_18 >  -0.55
|   |   |   |--- feature_16 <= -0.51
|   |   |   |   |--- class: 31
|   |   |   |--- feature_16 >  -0.51
|   |   |   |   |--- class: 19
|--- feature_14 >  0.60
|   |--- feature_15 <= -0.58
|   |   |--- feature_5 <= 0.78
|   |   |   |--- feature_1 <= 0.61
|   |   |   |   |--- truncated branch of depth 5
|   |   |   |--- feature_1 >  0.61
|   |   |   |   |--- truncated branch of depth 2
|   |   |--- feature_5 >  0.78
|   |   |   |--- feature_1 <= 0.56
|   |   |   |   |--- truncated branch of depth 3
|   |   |   |--- feature_1 >  0.56
|   |   |   |   |--- class: 0
|   |--- feature_15 >  -0.58
|   |   |--- feature_17 <= 1.51
|   |   |   |--- class: 0
|   |   |--- feature_17 >  1.51
|   |   |   |--- feature_8 <= -0.07
|   |   |   |   |--- class: 0
|   |   |   |--- feature_8 >  -0.07
|   |   |   |   |--- class: 0

[S-REINFORCE] symbolic-policy agreement=0.217
[S-REINFORCE] symbolic-policy agreement=0.205
[S-REINFORCE] symbolic tree refit at rollout 216 | imitation_acc=0.356
|--- feature_14 <= -0.49
|   |--- feature_15 <= -0.57
|   |   |--- feature_1 <= -0.69
|   |   |   |--- feature_15 <= -0.57
|   |   |   |   |--- truncated branch of depth 2
|   |   |   |--- feature_15 >  -0.57
|   |   |   |   |--- class: 30
|   |   |--- feature_1 >  -0.69
|   |   |   |--- feature_1 <= 0.20
|   |   |   |   |--- truncated branch of depth 5
|   |   |   |--- feature_1 >  0.20
|   |   |   |   |--- truncated branch of depth 5
|   |--- feature_15 >  -0.57
|   |   |--- feature_1 <= 0.69
|   |   |   |--- feature_6 <= -0.07
|   |   |   |   |--- truncated branch of depth 3
|   |   |   |--- feature_6 >  -0.07
|   |   |   |   |--- class: 30
|   |   |--- feature_1 >  0.69
|   |   |   |--- class: 0
|--- feature_14 >  -0.49
|   |--- feature_3 <= 0.46
|   |   |--- feature_6 <= -0.07
|   |   |   |--- feature_15 <= -0.57
|   |   |   |   |--- truncated branch of depth 4
|   |   |   |--- feature_15 >  -0.57
|   |   |   |   |--- truncated branch of depth 3
|   |   |--- feature_6 >  -0.07
|   |   |   |--- feature_0 <= -0.89
|   |   |   |   |--- truncated branch of depth 4
|   |   |   |--- feature_0 >  -0.89
|   |   |   |   |--- truncated branch of depth 5
|   |--- feature_3 >  0.46
|   |   |--- feature_16 <= 0.15
|   |   |   |--- feature_16 <= -0.51
|   |   |   |   |--- truncated branch of depth 2
|   |   |   |--- feature_16 >  -0.51
|   |   |   |   |--- truncated branch of depth 2
|   |   |--- feature_16 >  0.15
|   |   |   |--- class: 0

[S-REINFORCE] symbolic-policy agreement=0.289
[S-REINFORCE] symbolic-policy agreement=0.229
[S-REINFORCE] symbolic tree refit at rollout 218 | imitation_acc=0.386
|--- feature_14 <= -0.49
|   |--- feature_12 <= 0.25
|   |   |--- feature_1 <= 0.32
|   |   |   |--- feature_1 <= -0.67
|   |   |   |   |--- truncated branch of depth 3
|   |   |   |--- feature_1 >  -0.67
|   |   |   |   |--- truncated branch of depth 5
|   |   |--- feature_1 >  0.32
|   |   |   |--- feature_5 <= 0.11
|   |   |   |   |--- truncated branch of depth 5
|   |   |   |--- feature_5 >  0.11
|   |   |   |   |--- truncated branch of depth 5
|   |--- feature_12 >  0.25
|   |   |--- feature_1 <= 0.91
|   |   |   |--- feature_2 <= 0.01
|   |   |   |   |--- truncated branch of depth 4
|   |   |   |--- feature_2 >  0.01
|   |   |   |   |--- class: 3
|   |   |--- feature_1 >  0.91
|   |   |   |--- feature_16 <= -0.51
|   |   |   |   |--- class: 19
|   |   |   |--- feature_16 >  -0.51
|   |   |   |   |--- truncated branch of depth 2
|--- feature_14 >  -0.49
|   |--- feature_3 <= 0.44
|   |   |--- feature_1 <= -1.38
|   |   |   |--- feature_10 <= -0.07
|   |   |   |   |--- truncated branch of depth 5
|   |   |   |--- feature_10 >  -0.07
|   |   |   |   |--- truncated branch of depth 3
|   |   |--- feature_1 >  -1.38
|   |   |   |--- feature_2 <= 0.87
|   |   |   |   |--- truncated branch of depth 5
|   |   |   |--- feature_2 >  0.87
|   |   |   |   |--- truncated branch of depth 4
|   |--- feature_3 >  0.44
|   |   |--- feature_17 <= -0.66
|   |   |   |--- feature_9 <= -0.07
|   |   |   |   |--- truncated branch of depth 2
|   |   |   |--- feature_9 >  -0.07
|   |   |   |   |--- class: 0
|   |   |--- feature_17 >  -0.66
|   |   |   |--- feature_12 <= -0.29
|   |   |   |   |--- class: 19
|   |   |   |--- feature_12 >  -0.29
|   |   |   |   |--- truncated branch of depth 2

[S-REINFORCE] symbolic-policy agreement=0.279
[S-REINFORCE] symbolic-policy agreement=0.298
Eval at step 220000, survival=4.738%, return=[-260.08015920855297, -181.67000301850211, -1307.6423012746698, -263.0809792843689]
SPS=3
[S-REINFORCE] symbolic tree refit at rollout 220 | imitation_acc=0.395
|--- feature_14 <= -0.49
|   |--- feature_1 <= 0.15
|   |   |--- feature_7 <= -0.07
|   |   |   |--- feature_11 <= -0.08
|   |   |   |   |--- truncated branch of depth 4
|   |   |   |--- feature_11 >  -0.08
|   |   |   |   |--- truncated branch of depth 3
|   |   |--- feature_7 >  -0.07
|   |   |   |--- feature_14 <= -0.49
|   |   |   |   |--- truncated branch of depth 3
|   |   |   |--- feature_14 >  -0.49
|   |   |   |   |--- class: 30
|   |--- feature_1 >  0.15
|   |   |--- feature_12 <= -0.51
|   |   |   |--- feature_12 <= -0.73
|   |   |   |   |--- truncated branch of depth 2
|   |   |   |--- feature_12 >  -0.73
|   |   |   |   |--- truncated branch of depth 5
|   |   |--- feature_12 >  -0.51
|   |   |   |--- feature_5 <= 0.98
|   |   |   |   |--- truncated branch of depth 5
|   |   |   |--- feature_5 >  0.98
|   |   |   |   |--- truncated branch of depth 5
|--- feature_14 >  -0.49
|   |--- feature_5 <= 0.72
|   |   |--- feature_1 <= 0.58
|   |   |   |--- feature_19 <= -0.71
|   |   |   |   |--- truncated branch of depth 5
|   |   |   |--- feature_19 >  -0.71
|   |   |   |   |--- truncated branch of depth 3
|   |   |--- feature_1 >  0.58
|   |   |   |--- feature_18 <= -0.56
|   |   |   |   |--- class: 0
|   |   |   |--- feature_18 >  -0.56
|   |   |   |   |--- truncated branch of depth 2
|   |--- feature_5 >  0.72
|   |   |--- feature_12 <= 0.11
|   |   |   |--- feature_14 <= 1.68
|   |   |   |   |--- truncated branch of depth 2
|   |   |   |--- feature_14 >  1.68
|   |   |   |   |--- truncated branch of depth 2
|   |   |--- feature_12 >  0.11
|   |   |   |--- feature_13 <= 0.22
|   |   |   |   |--- class: 40
|   |   |   |--- feature_13 >  0.22
|   |   |   |   |--- class: 18

[S-REINFORCE] symbolic-policy agreement=0.300
[S-REINFORCE] symbolic-policy agreement=0.243
[S-REINFORCE] symbolic tree refit at rollout 222 | imitation_acc=0.403
|--- feature_14 <= 0.59
|   |--- feature_1 <= 0.08
|   |   |--- feature_16 <= -0.32
|   |   |   |--- feature_14 <= -0.49
|   |   |   |   |--- truncated branch of depth 4
|   |   |   |--- feature_14 >  -0.49
|   |   |   |   |--- truncated branch of depth 4
|   |   |--- feature_16 >  -0.32
|   |   |   |--- feature_12 <= -0.73
|   |   |   |   |--- class: 30
|   |   |   |--- feature_12 >  -0.73
|   |   |   |   |--- class: 8
|   |--- feature_1 >  0.08
|   |   |--- feature_5 <= -0.72
|   |   |   |--- feature_0 <= -0.24
|   |   |   |   |--- truncated branch of depth 3
|   |   |   |--- feature_0 >  -0.24
|   |   |   |   |--- truncated branch of depth 4
|   |   |--- feature_5 >  -0.72
|   |   |   |--- feature_12 <= 0.33
|   |   |   |   |--- truncated branch of depth 5
|   |   |   |--- feature_12 >  0.33
|   |   |   |   |--- truncated branch of depth 5
|--- feature_14 >  0.59
|   |--- feature_3 <= 0.42
|   |   |--- feature_1 <= -0.73
|   |   |   |--- feature_2 <= -0.52
|   |   |   |   |--- truncated branch of depth 4
|   |   |   |--- feature_2 >  -0.52
|   |   |   |   |--- truncated branch of depth 5
|   |   |--- feature_1 >  -0.73
|   |   |   |--- feature_0 <= 0.80
|   |   |   |   |--- truncated branch of depth 5
|   |   |   |--- feature_0 >  0.80
|   |   |   |   |--- truncated branch of depth 4
|   |--- feature_3 >  0.42
|   |   |--- feature_5 <= 0.79
|   |   |   |--- feature_14 <= 0.60
|   |   |   |   |--- class: 0
|   |   |   |--- feature_14 >  0.60
|   |   |   |   |--- truncated branch of depth 2
|   |   |--- feature_5 >  0.79
|   |   |   |--- class: 0

[S-REINFORCE] symbolic-policy agreement=0.282
[S-REINFORCE] symbolic-policy agreement=0.274
[S-REINFORCE] symbolic tree refit at rollout 224 | imitation_acc=0.410
|--- feature_14 <= 0.59
|   |--- feature_1 <= 0.14
|   |   |--- feature_1 <= -1.80
|   |   |   |--- feature_0 <= 1.51
|   |   |   |   |--- truncated branch of depth 4
|   |   |   |--- feature_0 >  1.51
|   |   |   |   |--- truncated branch of depth 3
|   |   |--- feature_1 >  -1.80
|   |   |   |--- feature_14 <= -0.49
|   |   |   |   |--- truncated branch of depth 5
|   |   |   |--- feature_14 >  -0.49
|   |   |   |   |--- truncated branch of depth 2
|   |--- feature_1 >  0.14
|   |   |--- feature_5 <= -0.72
|   |   |   |--- feature_3 <= -1.03
|   |   |   |   |--- class: 29
|   |   |   |--- feature_3 >  -1.03
|   |   |   |   |--- truncated branch of depth 4
|   |   |--- feature_5 >  -0.72
|   |   |   |--- feature_5 <= 0.77
|   |   |   |   |--- truncated branch of depth 5
|   |   |   |--- feature_5 >  0.77
|   |   |   |   |--- truncated branch of depth 5
|--- feature_14 >  0.59
|   |--- feature_1 <= 0.54
|   |   |--- feature_1 <= -0.73
|   |   |   |--- feature_1 <= -2.62
|   |   |   |   |--- class: 0
|   |   |   |--- feature_1 >  -2.62
|   |   |   |   |--- truncated branch of depth 5
|   |   |--- feature_1 >  -0.73
|   |   |   |--- feature_1 <= 0.21
|   |   |   |   |--- truncated branch of depth 4
|   |   |   |--- feature_1 >  0.21
|   |   |   |   |--- truncated branch of depth 4
|   |--- feature_1 >  0.54
|   |   |--- feature_5 <= 0.81
|   |   |   |--- feature_0 <= -0.41
|   |   |   |   |--- class: 0
|   |   |   |--- feature_0 >  -0.41
|   |   |   |   |--- class: 0
|   |   |--- feature_5 >  0.81
|   |   |   |--- class: 0

[S-REINFORCE] symbolic-policy agreement=0.324
[S-REINFORCE] symbolic-policy agreement=0.357
[S-REINFORCE] symbolic tree refit at rollout 226 | imitation_acc=0.428
|--- feature_14 <= 0.59
|   |--- feature_1 <= 0.13
|   |   |--- feature_3 <= -1.00
|   |   |   |--- feature_1 <= -1.84
|   |   |   |   |--- class: 30
|   |   |   |--- feature_1 >  -1.84
|   |   |   |   |--- truncated branch of depth 3
|   |   |--- feature_3 >  -1.00
|   |   |   |--- feature_12 <= -0.29
|   |   |   |   |--- truncated branch of depth 3
|   |   |   |--- feature_12 >  -0.29
|   |   |   |   |--- class: 30
|   |--- feature_1 >  0.13
|   |   |--- feature_5 <= 0.75
|   |   |   |--- feature_5 <= -0.24
|   |   |   |   |--- truncated branch of depth 5
|   |   |   |--- feature_5 >  -0.24
|   |   |   |   |--- truncated branch of depth 5
|   |   |--- feature_5 >  0.75
|   |   |   |--- feature_0 <= 2.04
|   |   |   |   |--- truncated branch of depth 5
|   |   |   |--- feature_0 >  2.04
|   |   |   |   |--- truncated branch of depth 2
|--- feature_14 >  0.59
|   |--- feature_3 <= 0.53
|   |   |--- feature_1 <= -1.37
|   |   |   |--- feature_12 <= -0.80
|   |   |   |   |--- truncated branch of depth 3
|   |   |   |--- feature_12 >  -0.80
|   |   |   |   |--- truncated branch of depth 3
|   |   |--- feature_1 >  -1.37
|   |   |   |--- feature_1 <= 0.32
|   |   |   |   |--- truncated branch of depth 5
|   |   |   |--- feature_1 >  0.32
|   |   |   |   |--- truncated branch of depth 5
|   |--- feature_3 >  0.53
|   |   |--- feature_5 <= 0.71
|   |   |   |--- feature_5 <= 0.63
|   |   |   |   |--- truncated branch of depth 2
|   |   |   |--- feature_5 >  0.63
|   |   |   |   |--- class: 0
|   |   |--- feature_5 >  0.71
|   |   |   |--- class: 0

[S-REINFORCE] symbolic-policy agreement=0.308
[S-REINFORCE] symbolic-policy agreement=0.276
[S-REINFORCE] symbolic tree refit at rollout 228 | imitation_acc=0.463
|--- feature_5 <= 0.76
|   |--- feature_5 <= -0.11
|   |   |--- feature_1 <= -0.69
|   |   |   |--- feature_3 <= -1.12
|   |   |   |   |--- truncated branch of depth 5
|   |   |   |--- feature_3 >  -1.12
|   |   |   |   |--- truncated branch of depth 5
|   |   |--- feature_1 >  -0.69
|   |   |   |--- feature_1 <= 0.29
|   |   |   |   |--- truncated branch of depth 5
|   |   |   |--- feature_1 >  0.29
|   |   |   |   |--- truncated branch of depth 5
|   |--- feature_5 >  -0.11
|   |   |--- feature_14 <= -0.50
|   |   |   |--- feature_12 <= 0.08
|   |   |   |   |--- truncated branch of depth 5
|   |   |   |--- feature_12 >  0.08
|   |   |   |   |--- class: 0
|   |   |--- feature_14 >  -0.50
|   |   |   |--- feature_12 <= -0.06
|   |   |   |   |--- truncated branch of depth 4
|   |   |   |--- feature_12 >  -0.06
|   |   |   |   |--- truncated branch of depth 3
|--- feature_5 >  0.76
|   |--- feature_0 <= 1.06
|   |   |--- feature_12 <= 1.19
|   |   |   |--- feature_14 <= 0.04
|   |   |   |   |--- truncated branch of depth 4
|   |   |   |--- feature_14 >  0.04
|   |   |   |   |--- truncated branch of depth 3
|   |   |--- feature_12 >  1.19
|   |   |   |--- feature_17 <= -0.66
|   |   |   |   |--- truncated branch of depth 2
|   |   |   |--- feature_17 >  -0.66
|   |   |   |   |--- truncated branch of depth 2
|   |--- feature_0 >  1.06
|   |   |--- feature_3 <= 0.29
|   |   |   |--- feature_14 <= 0.58
|   |   |   |   |--- class: 30
|   |   |   |--- feature_14 >  0.58
|   |   |   |   |--- truncated branch of depth 2
|   |   |--- feature_3 >  0.29
|   |   |   |--- feature_3 <= 0.50
|   |   |   |   |--- truncated branch of depth 2
|   |   |   |--- feature_3 >  0.50
|   |   |   |   |--- class: 38

[S-REINFORCE] symbolic-policy agreement=0.399
[S-REINFORCE] symbolic-policy agreement=0.196
Eval at step 230000, survival=4.771%, return=[-203.10739687314586, -83.74527512064248, -1032.6668189914171, -207.86817325800357]
SPS=3
[S-REINFORCE] symbolic tree refit at rollout 230 | imitation_acc=0.404
|--- feature_1 <= -1.32
|   |--- feature_3 <= -0.84
|   |   |--- feature_14 <= 0.04
|   |   |   |--- feature_5 <= -0.76
|   |   |   |   |--- truncated branch of depth 2
|   |   |   |--- feature_5 >  -0.76
|   |   |   |   |--- truncated branch of depth 2
|   |   |--- feature_14 >  0.04
|   |   |   |--- feature_14 <= 2.72
|   |   |   |   |--- truncated branch of depth 5
|   |   |   |--- feature_14 >  2.72
|   |   |   |   |--- truncated branch of depth 2
|   |--- feature_3 >  -0.84
|   |   |--- feature_5 <= -0.72
|   |   |   |--- feature_13 <= -0.47
|   |   |   |   |--- truncated branch of depth 2
|   |   |   |--- feature_13 >  -0.47
|   |   |   |   |--- truncated branch of depth 2
|   |   |--- feature_5 >  -0.72
|   |   |   |--- feature_13 <= -0.54
|   |   |   |   |--- class: 0
|   |   |   |--- feature_13 >  -0.54
|   |   |   |   |--- class: 0
|--- feature_1 >  -1.32
|   |--- feature_5 <= -0.29
|   |   |--- feature_3 <= -0.92
|   |   |   |--- feature_14 <= 0.04
|   |   |   |   |--- truncated branch of depth 4
|   |   |   |--- feature_14 >  0.04
|   |   |   |   |--- truncated branch of depth 2
|   |   |--- feature_3 >  -0.92
|   |   |   |--- feature_14 <= 1.11
|   |   |   |   |--- truncated branch of depth 5
|   |   |   |--- feature_14 >  1.11
|   |   |   |   |--- truncated branch of depth 5
|   |--- feature_5 >  -0.29
|   |   |--- feature_5 <= 0.78
|   |   |   |--- feature_14 <= 0.04
|   |   |   |   |--- truncated branch of depth 5
|   |   |   |--- feature_14 >  0.04
|   |   |   |   |--- truncated branch of depth 4
|   |   |--- feature_5 >  0.78
|   |   |   |--- feature_0 <= 1.85
|   |   |   |   |--- truncated branch of depth 5
|   |   |   |--- feature_0 >  1.85
|   |   |   |   |--- truncated branch of depth 2

[S-REINFORCE] symbolic-policy agreement=0.360
[S-REINFORCE] symbolic-policy agreement=0.252
[S-REINFORCE] symbolic tree refit at rollout 232 | imitation_acc=0.410
|--- feature_1 <= -1.32
|   |--- feature_2 <= 0.36
|   |   |--- feature_3 <= -0.64
|   |   |   |--- feature_1 <= -2.10
|   |   |   |   |--- truncated branch of depth 4
|   |   |   |--- feature_1 >  -2.10
|   |   |   |   |--- truncated branch of depth 2
|   |   |--- feature_3 >  -0.64
|   |   |   |--- class: 0
|   |--- feature_2 >  0.36
|   |   |--- feature_14 <= -0.50
|   |   |   |--- feature_3 <= -1.50
|   |   |   |   |--- class: 0
|   |   |   |--- feature_3 >  -1.50
|   |   |   |   |--- truncated branch of depth 2
|   |   |--- feature_14 >  -0.50
|   |   |   |--- feature_7 <= -0.07
|   |   |   |   |--- truncated branch of depth 5
|   |   |   |--- feature_7 >  -0.07
|   |   |   |   |--- class: 0
|--- feature_1 >  -1.32
|   |--- feature_1 <= 0.26
|   |   |--- feature_14 <= 0.57
|   |   |   |--- feature_12 <= -0.65
|   |   |   |   |--- truncated branch of depth 2
|   |   |   |--- feature_12 >  -0.65
|   |   |   |   |--- truncated branch of depth 5
|   |   |--- feature_14 >  0.57
|   |   |   |--- feature_13 <= -0.43
|   |   |   |   |--- truncated branch of depth 4
|   |   |   |--- feature_13 >  -0.43
|   |   |   |   |--- truncated branch of depth 5
|   |--- feature_1 >  0.26
|   |   |--- feature_5 <= -0.33
|   |   |   |--- feature_14 <= 0.57
|   |   |   |   |--- truncated branch of depth 5
|   |   |   |--- feature_14 >  0.57
|   |   |   |   |--- truncated branch of depth 5
|   |   |--- feature_5 >  -0.33
|   |   |   |--- feature_13 <= 0.98
|   |   |   |   |--- truncated branch of depth 5
|   |   |   |--- feature_13 >  0.98
|   |   |   |   |--- truncated branch of depth 3

[S-REINFORCE] symbolic-policy agreement=0.372
[S-REINFORCE] symbolic-policy agreement=0.333
[S-REINFORCE] symbolic tree refit at rollout 234 | imitation_acc=0.405
|--- feature_1 <= -1.32
|   |--- feature_12 <= -0.80
|   |   |--- feature_14 <= 0.56
|   |   |   |--- feature_0 <= 0.23
|   |   |   |   |--- class: 0
|   |   |   |--- feature_0 >  0.23
|   |   |   |   |--- truncated branch of depth 3
|   |   |--- feature_14 >  0.56
|   |   |   |--- feature_14 <= 0.56
|   |   |   |   |--- class: 0
|   |   |   |--- feature_14 >  0.56
|   |   |   |   |--- truncated branch of depth 4
|   |--- feature_12 >  -0.80
|   |   |--- feature_3 <= -0.66
|   |   |   |--- feature_14 <= 0.56
|   |   |   |   |--- truncated branch of depth 2
|   |   |   |--- feature_14 >  0.56
|   |   |   |   |--- class: 0
|   |   |--- feature_3 >  -0.66
|   |   |   |--- class: 0
|--- feature_1 >  -1.32
|   |--- feature_5 <= -0.27
|   |   |--- feature_14 <= 0.56
|   |   |   |--- feature_5 <= -0.56
|   |   |   |   |--- truncated branch of depth 5
|   |   |   |--- feature_5 >  -0.56
|   |   |   |   |--- truncated branch of depth 5
|   |   |--- feature_14 >  0.56
|   |   |   |--- feature_5 <= -0.64
|   |   |   |   |--- truncated branch of depth 4
|   |   |   |--- feature_5 >  -0.64
|   |   |   |   |--- truncated branch of depth 5
|   |--- feature_5 >  -0.27
|   |   |--- feature_5 <= 0.80
|   |   |   |--- feature_1 <= 0.70
|   |   |   |   |--- truncated branch of depth 5
|   |   |   |--- feature_1 >  0.70
|   |   |   |   |--- truncated branch of depth 3
|   |   |--- feature_5 >  0.80
|   |   |   |--- feature_13 <= 0.98
|   |   |   |   |--- truncated branch of depth 5
|   |   |   |--- feature_13 >  0.98
|   |   |   |   |--- truncated branch of depth 3

[S-REINFORCE] symbolic-policy agreement=0.320
[S-REINFORCE] symbolic-policy agreement=0.325
[S-REINFORCE] symbolic tree refit at rollout 236 | imitation_acc=0.400
|--- feature_14 <= -0.51
|   |--- feature_1 <= 0.44
|   |   |--- feature_18 <= -0.55
|   |   |   |--- feature_3 <= -0.59
|   |   |   |   |--- truncated branch of depth 3
|   |   |   |--- feature_3 >  -0.59
|   |   |   |   |--- class: 37
|   |   |--- feature_18 >  -0.55
|   |   |   |--- feature_0 <= -0.52
|   |   |   |   |--- truncated branch of depth 4
|   |   |   |--- feature_0 >  -0.52
|   |   |   |   |--- truncated branch of depth 5
|   |--- feature_1 >  0.44
|   |   |--- feature_6 <= -0.07
|   |   |   |--- feature_3 <= -0.07
|   |   |   |   |--- truncated branch of depth 2
|   |   |   |--- feature_3 >  -0.07
|   |   |   |   |--- class: 35
|   |   |--- feature_6 >  -0.07
|   |   |   |--- feature_5 <= 0.81
|   |   |   |   |--- truncated branch of depth 4
|   |   |   |--- feature_5 >  0.81
|   |   |   |   |--- truncated branch of depth 5
|--- feature_14 >  -0.51
|   |--- feature_5 <= -0.69
|   |   |--- feature_1 <= 0.40
|   |   |   |--- feature_13 <= -0.32
|   |   |   |   |--- truncated branch of depth 5
|   |   |   |--- feature_13 >  -0.32
|   |   |   |   |--- class: 0
|   |   |--- feature_1 >  0.40
|   |   |   |--- class: 23
|   |--- feature_5 >  -0.69
|   |   |--- feature_5 <= -0.27
|   |   |   |--- feature_14 <= 0.03
|   |   |   |   |--- class: 30
|   |   |   |--- feature_14 >  0.03
|   |   |   |   |--- truncated branch of depth 5
|   |   |--- feature_5 >  -0.27
|   |   |   |--- feature_13 <= 1.17
|   |   |   |   |--- truncated branch of depth 5
|   |   |   |--- feature_13 >  1.17
|   |   |   |   |--- truncated branch of depth 2

[S-REINFORCE] symbolic-policy agreement=0.346
[S-REINFORCE] symbolic-policy agreement=0.314
[S-REINFORCE] symbolic tree refit at rollout 238 | imitation_acc=0.404
|--- feature_14 <= 0.55
|   |--- feature_5 <= -0.28
|   |   |--- feature_1 <= 0.07
|   |   |   |--- feature_11 <= -0.08
|   |   |   |   |--- truncated branch of depth 5
|   |   |   |--- feature_11 >  -0.08
|   |   |   |   |--- truncated branch of depth 4
|   |   |--- feature_1 >  0.07
|   |   |   |--- feature_12 <= -0.58
|   |   |   |   |--- truncated branch of depth 3
|   |   |   |--- feature_12 >  -0.58
|   |   |   |   |--- truncated branch of depth 5
|   |--- feature_5 >  -0.28
|   |   |--- feature_5 <= 0.71
|   |   |   |--- feature_1 <= 0.54
|   |   |   |   |--- truncated branch of depth 4
|   |   |   |--- feature_1 >  0.54
|   |   |   |   |--- truncated branch of depth 5
|   |   |--- feature_5 >  0.71
|   |   |   |--- feature_0 <= 1.76
|   |   |   |   |--- truncated branch of depth 5
|   |   |   |--- feature_0 >  1.76
|   |   |   |   |--- truncated branch of depth 2
|--- feature_14 >  0.55
|   |--- feature_1 <= -0.66
|   |   |--- feature_0 <= 1.22
|   |   |   |--- feature_16 <= -0.51
|   |   |   |   |--- truncated branch of depth 3
|   |   |   |--- feature_16 >  -0.51
|   |   |   |   |--- truncated branch of depth 4
|   |   |--- feature_0 >  1.22
|   |   |   |--- feature_13 <= -0.95
|   |   |   |   |--- class: 0
|   |   |   |--- feature_13 >  -0.95
|   |   |   |   |--- truncated branch of depth 2
|   |--- feature_1 >  -0.66
|   |   |--- feature_13 <= 1.14
|   |   |   |--- feature_4 <= -0.64
|   |   |   |   |--- truncated branch of depth 3
|   |   |   |--- feature_4 >  -0.64
|   |   |   |   |--- truncated branch of depth 5
|   |   |--- feature_13 >  1.14
|   |   |   |--- feature_18 <= 0.65
|   |   |   |   |--- class: 47
|   |   |   |--- feature_18 >  0.65
|   |   |   |   |--- class: 3

[S-REINFORCE] symbolic-policy agreement=0.369
[S-REINFORCE] symbolic-policy agreement=0.289
Eval at step 240000, survival=4.763%, return=[-190.1195607611638, -64.64377948797882, -968.9193851117105, -195.16195856873796]
SPS=3
[S-REINFORCE] symbolic tree refit at rollout 240 | imitation_acc=0.450
|--- feature_14 <= 0.55
|   |--- feature_12 <= -0.80
|   |   |--- feature_3 <= -1.37
|   |   |   |--- feature_11 <= -0.08
|   |   |   |   |--- class: 35
|   |   |   |--- feature_11 >  -0.08
|   |   |   |   |--- truncated branch of depth 3
|   |   |--- feature_3 >  -1.37
|   |   |   |--- feature_3 <= -1.09
|   |   |   |   |--- class: 27
|   |   |   |--- feature_3 >  -1.09
|   |   |   |   |--- class: 0
|   |--- feature_12 >  -0.80
|   |   |--- feature_5 <= -0.28
|   |   |   |--- feature_1 <= 0.11
|   |   |   |   |--- truncated branch of depth 5
|   |   |   |--- feature_1 >  0.11
|   |   |   |   |--- truncated branch of depth 5
|   |   |--- feature_5 >  -0.28
|   |   |   |--- feature_12 <= 0.02
|   |   |   |   |--- truncated branch of depth 5
|   |   |   |--- feature_12 >  0.02
|   |   |   |   |--- truncated branch of depth 5
|--- feature_14 >  0.55
|   |--- feature_1 <= 0.81
|   |   |--- feature_12 <= -0.80
|   |   |   |--- feature_3 <= -1.38
|   |   |   |   |--- truncated branch of depth 3
|   |   |   |--- feature_3 >  -1.38
|   |   |   |   |--- truncated branch of depth 3
|   |   |--- feature_12 >  -0.80
|   |   |   |--- feature_14 <= 1.60
|   |   |   |   |--- truncated branch of depth 5
|   |   |   |--- feature_14 >  1.60
|   |   |   |   |--- truncated branch of depth 5
|   |--- feature_1 >  0.81
|   |   |--- feature_3 <= 1.77
|   |   |   |--- feature_1 <= 0.98
|   |   |   |   |--- class: 30
|   |   |   |--- feature_1 >  0.98
|   |   |   |   |--- class: 9
|   |   |--- feature_3 >  1.77
|   |   |   |--- class: 17

[S-REINFORCE] symbolic-policy agreement=0.441
[S-REINFORCE] symbolic-policy agreement=0.279
[S-REINFORCE] symbolic tree refit at rollout 242 | imitation_acc=0.453
|--- feature_14 <= -0.51
|   |--- feature_5 <= -0.27
|   |   |--- feature_5 <= -0.58
|   |   |   |--- feature_19 <= -0.71
|   |   |   |   |--- truncated branch of depth 3
|   |   |   |--- feature_19 >  -0.71
|   |   |   |   |--- truncated branch of depth 5
|   |   |--- feature_5 >  -0.58
|   |   |   |--- feature_3 <= -0.45
|   |   |   |   |--- truncated branch of depth 5
|   |   |   |--- feature_3 >  -0.45
|   |   |   |   |--- truncated branch of depth 5
|   |--- feature_5 >  -0.27
|   |   |--- feature_12 <= 0.10
|   |   |   |--- feature_0 <= 1.80
|   |   |   |   |--- truncated branch of depth 5
|   |   |   |--- feature_0 >  1.80
|   |   |   |   |--- class: 37
|   |   |--- feature_12 >  0.10
|   |   |   |--- feature_6 <= -0.07
|   |   |   |   |--- truncated branch of depth 4
|   |   |   |--- feature_6 >  -0.07
|   |   |   |   |--- truncated branch of depth 2
|--- feature_14 >  -0.51
|   |--- feature_13 <= -0.88
|   |   |--- feature_18 <= -0.55
|   |   |   |--- class: 0
|   |   |--- feature_18 >  -0.55
|   |   |   |--- feature_12 <= -0.95
|   |   |   |   |--- class: 47
|   |   |   |--- feature_12 >  -0.95
|   |   |   |   |--- truncated branch of depth 2
|   |--- feature_13 >  -0.88
|   |   |--- feature_1 <= 1.02
|   |   |   |--- feature_5 <= 0.36
|   |   |   |   |--- truncated branch of depth 5
|   |   |   |--- feature_5 >  0.36
|   |   |   |   |--- truncated branch of depth 5
|   |   |--- feature_1 >  1.02
|   |   |   |--- class: 37

[S-REINFORCE] symbolic-policy agreement=0.410
[S-REINFORCE] symbolic-policy agreement=0.380
[S-REINFORCE] symbolic tree refit at rollout 244 | imitation_acc=0.448
|--- feature_14 <= 0.54
|   |--- feature_5 <= 0.62
|   |   |--- feature_5 <= -0.26
|   |   |   |--- feature_1 <= 0.14
|   |   |   |   |--- truncated branch of depth 5
|   |   |   |--- feature_1 >  0.14
|   |   |   |   |--- truncated branch of depth 5
|   |   |--- feature_5 >  -0.26
|   |   |   |--- feature_13 <= -0.01
|   |   |   |   |--- truncated branch of depth 4
|   |   |   |--- feature_13 >  -0.01
|   |   |   |   |--- truncated branch of depth 5
|   |--- feature_5 >  0.62
|   |   |--- feature_14 <= -0.51
|   |   |   |--- class: 30
|   |   |--- feature_14 >  -0.51
|   |   |   |--- feature_0 <= 2.13
|   |   |   |   |--- truncated branch of depth 5
|   |   |   |--- feature_0 >  2.13
|   |   |   |   |--- class: 33
|--- feature_14 >  0.54
|   |--- feature_5 <= 1.21
|   |   |--- feature_5 <= 0.64
|   |   |   |--- feature_5 <= -0.49
|   |   |   |   |--- truncated branch of depth 5
|   |   |   |--- feature_5 >  -0.49
|   |   |   |   |--- class: 30
|   |   |--- feature_5 >  0.64
|   |   |   |--- feature_10 <= -0.07
|   |   |   |   |--- truncated branch of depth 5
|   |   |   |--- feature_10 >  -0.07
|   |   |   |   |--- truncated branch of depth 3
|   |--- feature_5 >  1.21
|   |   |--- feature_2 <= -1.05
|   |   |   |--- class: 34
|   |   |--- feature_2 >  -1.05
|   |   |   |--- class: 28

[S-REINFORCE] symbolic-policy agreement=0.380
[S-REINFORCE] symbolic-policy agreement=0.399
[S-REINFORCE] symbolic tree refit at rollout 246 | imitation_acc=0.475
|--- feature_14 <= -0.52
|   |--- feature_5 <= 0.62
|   |   |--- feature_5 <= -0.26
|   |   |   |--- feature_7 <= -0.07
|   |   |   |   |--- truncated branch of depth 5
|   |   |   |--- feature_7 >  -0.07
|   |   |   |   |--- truncated branch of depth 5
|   |   |--- feature_5 >  -0.26
|   |   |   |--- feature_5 <= 0.11
|   |   |   |   |--- truncated branch of depth 5
|   |   |   |--- feature_5 >  0.11
|   |   |   |   |--- truncated branch of depth 5
|   |--- feature_5 >  0.62
|   |   |--- feature_11 <= -0.08
|   |   |   |--- feature_10 <= -0.07
|   |   |   |   |--- truncated branch of depth 4
|   |   |   |--- feature_10 >  -0.07
|   |   |   |   |--- class: 30
|   |   |--- feature_11 >  -0.08
|   |   |   |--- class: 0
|--- feature_14 >  -0.52
|   |--- feature_12 <= 1.23
|   |   |--- feature_5 <= 0.33
|   |   |   |--- feature_13 <= -0.96
|   |   |   |   |--- truncated branch of depth 2
|   |   |   |--- feature_13 >  -0.96
|   |   |   |   |--- truncated branch of depth 5
|   |   |--- feature_5 >  0.33
|   |   |   |--- feature_14 <= 1.59
|   |   |   |   |--- truncated branch of depth 5
|   |   |   |--- feature_14 >  1.59
|   |   |   |   |--- truncated branch of depth 5
|   |--- feature_12 >  1.23
|   |   |--- feature_12 <= 1.39
|   |   |   |--- class: 34
|   |   |--- feature_12 >  1.39
|   |   |   |--- class: 0

[S-REINFORCE] symbolic-policy agreement=0.432
[S-REINFORCE] symbolic-policy agreement=0.343
[S-REINFORCE] symbolic tree refit at rollout 248 | imitation_acc=0.514
|--- feature_14 <= 0.53
|   |--- feature_1 <= -1.27
|   |   |--- feature_2 <= 1.24
|   |   |   |--- feature_3 <= -1.00
|   |   |   |   |--- truncated branch of depth 3
|   |   |   |--- feature_3 >  -1.00
|   |   |   |   |--- truncated branch of depth 4
|   |   |--- feature_2 >  1.24
|   |   |   |--- feature_12 <= -0.88
|   |   |   |   |--- truncated branch of depth 2
|   |   |   |--- feature_12 >  -0.88
|   |   |   |   |--- class: 0
|   |--- feature_1 >  -1.27
|   |   |--- feature_1 <= 0.11
|   |   |   |--- feature_7 <= -0.07
|   |   |   |   |--- class: 30
|   |   |   |--- feature_7 >  -0.07
|   |   |   |   |--- truncated branch of depth 4
|   |   |--- feature_1 >  0.11
|   |   |   |--- feature_12 <= 0.10
|   |   |   |   |--- truncated branch of depth 5
|   |   |   |--- feature_12 >  0.10
|   |   |   |   |--- truncated branch of depth 5
|--- feature_14 >  0.53
|   |--- feature_5 <= 0.61
|   |   |--- feature_1 <= -1.37
|   |   |   |--- feature_13 <= -0.88
|   |   |   |   |--- truncated branch of depth 2
|   |   |   |--- feature_13 >  -0.88
|   |   |   |   |--- truncated branch of depth 5
|   |   |--- feature_1 >  -1.37
|   |   |   |--- feature_12 <= 0.10
|   |   |   |   |--- truncated branch of depth 5
|   |   |   |--- feature_12 >  0.10
|   |   |   |   |--- truncated branch of depth 2
|   |--- feature_5 >  0.61
|   |   |--- feature_5 <= 1.35
|   |   |   |--- feature_14 <= 2.63
|   |   |   |   |--- truncated branch of depth 5
|   |   |   |--- feature_14 >  2.63
|   |   |   |   |--- truncated branch of depth 3
|   |   |--- feature_5 >  1.35
|   |   |   |--- class: 20

[S-REINFORCE] symbolic-policy agreement=0.508
[S-REINFORCE] symbolic-policy agreement=0.244
Eval at step 250000, survival=5.908%, return=[-204.50334328836956, -30.41054726067055, -1054.4138538672698, -211.05273069679876]
SPS=3
[S-REINFORCE] symbolic tree refit at rollout 250 | imitation_acc=0.470
|--- feature_15 <= -0.31
|   |--- feature_1 <= 1.05
|   |   |--- feature_14 <= 0.53
|   |   |   |--- feature_5 <= -0.33
|   |   |   |   |--- truncated branch of depth 5
|   |   |   |--- feature_5 >  -0.33
|   |   |   |   |--- truncated branch of depth 5
|   |   |--- feature_14 >  0.53
|   |   |   |--- feature_16 <= -0.50
|   |   |   |   |--- truncated branch of depth 5
|   |   |   |--- feature_16 >  -0.50
|   |   |   |   |--- class: 0
|   |--- feature_1 >  1.05
|   |   |--- feature_14 <= -0.52
|   |   |   |--- feature_12 <= 1.84
|   |   |   |   |--- class: 13
|   |   |   |--- feature_12 >  1.84
|   |   |   |   |--- truncated branch of depth 3
|   |   |--- feature_14 >  -0.52
|   |   |   |--- feature_11 <= -0.08
|   |   |   |   |--- truncated branch of depth 4
|   |   |   |--- feature_11 >  -0.08
|   |   |   |   |--- truncated branch of depth 2
|--- feature_15 >  -0.31
|   |--- feature_9 <= -0.07
|   |   |--- feature_12 <= -0.43
|   |   |   |--- feature_5 <= -0.76
|   |   |   |   |--- truncated branch of depth 4
|   |   |   |--- feature_5 >  -0.76
|   |   |   |   |--- truncated branch of depth 4
|   |   |--- feature_12 >  -0.43
|   |   |   |--- feature_12 <= -0.20
|   |   |   |   |--- class: 30
|   |   |   |--- feature_12 >  -0.20
|   |   |   |   |--- class: 0
|   |--- feature_9 >  -0.07
|   |   |--- class: 0

[S-REINFORCE] symbolic-policy agreement=0.312
[S-REINFORCE] symbolic-policy agreement=0.244
[S-REINFORCE] symbolic tree refit at rollout 252 | imitation_acc=0.471
|--- feature_6 <= -0.07
|   |--- feature_15 <= -0.58
|   |   |--- feature_16 <= -0.30
|   |   |   |--- feature_14 <= -0.52
|   |   |   |   |--- class: 0
|   |   |   |--- feature_14 >  -0.52
|   |   |   |   |--- truncated branch of depth 5
|   |   |--- feature_16 >  -0.30
|   |   |   |--- class: 0
|   |--- feature_15 >  -0.58
|   |   |--- class: 0
|--- feature_6 >  -0.07
|   |--- feature_14 <= 0.53
|   |   |--- feature_1 <= 0.73
|   |   |   |--- feature_4 <= -0.65
|   |   |   |   |--- truncated branch of depth 5
|   |   |   |--- feature_4 >  -0.65
|   |   |   |   |--- truncated branch of depth 5
|   |   |--- feature_1 >  0.73
|   |   |   |--- feature_14 <= -0.52
|   |   |   |   |--- truncated branch of depth 5
|   |   |   |--- feature_14 >  -0.52
|   |   |   |   |--- truncated branch of depth 4
|   |--- feature_14 >  0.53
|   |   |--- feature_5 <= 0.45
|   |   |   |--- feature_5 <= -0.58
|   |   |   |   |--- truncated branch of depth 5
|   |   |   |--- feature_5 >  -0.58
|   |   |   |   |--- truncated branch of depth 4
|   |   |--- feature_5 >  0.45
|   |   |   |--- feature_18 <= -0.56
|   |   |   |   |--- truncated branch of depth 2
|   |   |   |--- feature_18 >  -0.56
|   |   |   |   |--- truncated branch of depth 5

[S-REINFORCE] symbolic-policy agreement=0.378
[S-REINFORCE] symbolic-policy agreement=0.435
[S-REINFORCE] symbolic tree refit at rollout 254 | imitation_acc=0.521
|--- feature_5 <= -0.11
|   |--- feature_3 <= -0.93
|   |   |--- feature_4 <= -0.65
|   |   |   |--- feature_0 <= 1.45
|   |   |   |   |--- class: 30
|   |   |   |--- feature_0 >  1.45
|   |   |   |   |--- class: 30
|   |   |--- feature_4 >  -0.65
|   |   |   |--- feature_14 <= 1.05
|   |   |   |   |--- truncated branch of depth 4
|   |   |   |--- feature_14 >  1.05
|   |   |   |   |--- truncated branch of depth 5
|   |--- feature_3 >  -0.93
|   |   |--- feature_3 <= -0.41
|   |   |   |--- feature_6 <= -0.08
|   |   |   |   |--- truncated branch of depth 5
|   |   |   |--- feature_6 >  -0.08
|   |   |   |   |--- truncated branch of depth 5
|   |   |--- feature_3 >  -0.41
|   |   |   |--- feature_0 <= -0.52
|   |   |   |   |--- truncated branch of depth 3
|   |   |   |--- feature_0 >  -0.52
|   |   |   |   |--- truncated branch of depth 5
|--- feature_5 >  -0.11
|   |--- feature_14 <= 0.52
|   |   |--- feature_1 <= 0.71
|   |   |   |--- feature_12 <= 0.47
|   |   |   |   |--- truncated branch of depth 5
|   |   |   |--- feature_12 >  0.47
|   |   |   |   |--- class: 30
|   |   |--- feature_1 >  0.71
|   |   |   |--- feature_13 <= -0.13
|   |   |   |   |--- truncated branch of depth 2
|   |   |   |--- feature_13 >  -0.13
|   |   |   |   |--- truncated branch of depth 5
|   |--- feature_14 >  0.52
|   |   |--- feature_5 <= 0.58
|   |   |   |--- feature_3 <= 0.06
|   |   |   |   |--- truncated branch of depth 2
|   |   |   |--- feature_3 >  0.06
|   |   |   |   |--- class: 0
|   |   |--- feature_5 >  0.58
|   |   |   |--- feature_13 <= 0.92
|   |   |   |   |--- truncated branch of depth 5
|   |   |   |--- feature_13 >  0.92
|   |   |   |   |--- class: 0

[S-REINFORCE] symbolic-policy agreement=0.397
[S-REINFORCE] symbolic-policy agreement=0.337
[S-REINFORCE] symbolic tree refit at rollout 256 | imitation_acc=0.492
|--- feature_14 <= 0.52
|   |--- feature_1 <= 0.05
|   |   |--- feature_13 <= -0.96
|   |   |   |--- feature_15 <= -0.58
|   |   |   |   |--- class: 0
|   |   |   |--- feature_15 >  -0.58
|   |   |   |   |--- truncated branch of depth 2
|   |   |--- feature_13 >  -0.96
|   |   |   |--- feature_0 <= -0.89
|   |   |   |   |--- truncated branch of depth 3
|   |   |   |--- feature_0 >  -0.89
|   |   |   |   |--- truncated branch of depth 5
|   |--- feature_1 >  0.05
|   |   |--- feature_1 <= 0.72
|   |   |   |--- feature_5 <= -0.27
|   |   |   |   |--- truncated branch of depth 5
|   |   |   |--- feature_5 >  -0.27
|   |   |   |   |--- truncated branch of depth 5
|   |   |--- feature_1 >  0.72
|   |   |   |--- feature_6 <= -0.08
|   |   |   |   |--- truncated branch of depth 2
|   |   |   |--- feature_6 >  -0.08
|   |   |   |   |--- truncated branch of depth 2
|--- feature_14 >  0.52
|   |--- feature_5 <= 0.52
|   |   |--- feature_12 <= -0.88
|   |   |   |--- feature_3 <= -1.43
|   |   |   |   |--- truncated branch of depth 2
|   |   |   |--- feature_3 >  -1.43
|   |   |   |   |--- truncated branch of depth 2
|   |   |--- feature_12 >  -0.88
|   |   |   |--- feature_3 <= -0.53
|   |   |   |   |--- truncated branch of depth 5
|   |   |   |--- feature_3 >  -0.53
|   |   |   |   |--- truncated branch of depth 5
|   |--- feature_5 >  0.52
|   |   |--- feature_13 <= 0.55
|   |   |   |--- feature_17 <= 1.49
|   |   |   |   |--- truncated branch of depth 3
|   |   |   |--- feature_17 >  1.49
|   |   |   |   |--- truncated branch of depth 4
|   |   |--- feature_13 >  0.55
|   |   |   |--- feature_5 <= 1.22
|   |   |   |   |--- truncated branch of depth 3
|   |   |   |--- feature_5 >  1.22
|   |   |   |   |--- class: 41

[S-REINFORCE] symbolic-policy agreement=0.495
[S-REINFORCE] symbolic-policy agreement=0.365
[S-REINFORCE] symbolic tree refit at rollout 258 | imitation_acc=0.472
|--- feature_14 <= -0.53
|   |--- feature_13 <= -0.88
|   |   |--- feature_16 <= -0.50
|   |   |   |--- feature_13 <= -0.96
|   |   |   |   |--- class: 0
|   |   |   |--- feature_13 >  -0.96
|   |   |   |   |--- truncated branch of depth 4
|   |   |--- feature_16 >  -0.50
|   |   |   |--- class: 0
|   |--- feature_13 >  -0.88
|   |   |--- feature_1 <= 0.43
|   |   |   |--- feature_18 <= -0.56
|   |   |   |   |--- truncated branch of depth 2
|   |   |   |--- feature_18 >  -0.56
|   |   |   |   |--- truncated branch of depth 5
|   |   |--- feature_1 >  0.43
|   |   |   |--- feature_5 <= 1.26
|   |   |   |   |--- truncated branch of depth 5
|   |   |   |--- feature_5 >  1.26
|   |   |   |   |--- truncated branch of depth 2
|--- feature_14 >  -0.53
|   |--- feature_5 <= 0.29
|   |   |--- feature_1 <= 0.13
|   |   |   |--- feature_11 <= -0.08
|   |   |   |   |--- truncated branch of depth 5
|   |   |   |--- feature_11 >  -0.08
|   |   |   |   |--- truncated branch of depth 5
|   |   |--- feature_1 >  0.13
|   |   |   |--- feature_0 <= -0.14
|   |   |   |   |--- truncated branch of depth 5
|   |   |   |--- feature_0 >  -0.14
|   |   |   |   |--- truncated branch of depth 5
|   |--- feature_5 >  0.29
|   |   |--- feature_12 <= 0.59
|   |   |   |--- feature_1 <= 0.49
|   |   |   |   |--- truncated branch of depth 2
|   |   |   |--- feature_1 >  0.49
|   |   |   |   |--- truncated branch of depth 3
|   |   |--- feature_12 >  0.59
|   |   |   |--- feature_2 <= -0.73
|   |   |   |   |--- class: 46
|   |   |   |--- feature_2 >  -0.73
|   |   |   |   |--- class: 0

[S-REINFORCE] symbolic-policy agreement=0.379
[S-REINFORCE] symbolic-policy agreement=0.324
Eval at step 260000, survival=4.759%, return=[-175.79853763398327, -41.71798510333651, -902.2438171200121, -180.31450094161906]
SPS=3
[S-REINFORCE] symbolic tree refit at rollout 260 | imitation_acc=0.442
|--- feature_14 <= -0.53
|   |--- feature_5 <= -0.50
|   |   |--- feature_1 <= 0.04
|   |   |   |--- feature_12 <= -0.81
|   |   |   |   |--- truncated branch of depth 5
|   |   |   |--- feature_12 >  -0.81
|   |   |   |   |--- truncated branch of depth 3
|   |   |--- feature_1 >  0.04
|   |   |   |--- feature_5 <= -0.66
|   |   |   |   |--- truncated branch of depth 5
|   |   |   |--- feature_5 >  -0.66
|   |   |   |   |--- truncated branch of depth 5
|   |--- feature_5 >  -0.50
|   |   |--- feature_5 <= 0.80
|   |   |   |--- feature_2 <= 0.95
|   |   |   |   |--- truncated branch of depth 5
|   |   |   |--- feature_2 >  0.95
|   |   |   |   |--- class: 0
|   |   |--- feature_5 >  0.80
|   |   |   |--- feature_1 <= 0.43
|   |   |   |   |--- class: 0
|   |   |   |--- feature_1 >  0.43
|   |   |   |   |--- truncated branch of depth 5
|--- feature_14 >  -0.53
|   |--- feature_5 <= -0.19
|   |   |--- feature_1 <= 0.13
|   |   |   |--- feature_3 <= -0.89
|   |   |   |   |--- class: 30
|   |   |   |--- feature_3 >  -0.89
|   |   |   |   |--- truncated branch of depth 5
|   |   |--- feature_1 >  0.13
|   |   |   |--- feature_2 <= 0.20
|   |   |   |   |--- truncated branch of depth 4
|   |   |   |--- feature_2 >  0.20
|   |   |   |   |--- truncated branch of depth 3
|   |--- feature_5 >  -0.19
|   |   |--- feature_12 <= -0.20
|   |   |   |--- feature_6 <= -0.08
|   |   |   |   |--- truncated branch of depth 2
|   |   |   |--- feature_6 >  -0.08
|   |   |   |   |--- truncated branch of depth 3
|   |   |--- feature_12 >  -0.20
|   |   |   |--- feature_3 <= 1.20
|   |   |   |   |--- truncated branch of depth 5
|   |   |   |--- feature_3 >  1.20
|   |   |   |   |--- class: 3

[S-REINFORCE] symbolic-policy agreement=0.358
[S-REINFORCE] symbolic-policy agreement=0.335
[S-REINFORCE] symbolic tree refit at rollout 262 | imitation_acc=0.417
|--- feature_14 <= 0.51
|   |--- feature_1 <= -0.67
|   |   |--- feature_16 <= -0.50
|   |   |   |--- class: 0
|   |   |--- feature_16 >  -0.50
|   |   |   |--- feature_11 <= -0.08
|   |   |   |   |--- class: 0
|   |   |   |--- feature_11 >  -0.08
|   |   |   |   |--- truncated branch of depth 4
|   |--- feature_1 >  -0.67
|   |   |--- feature_12 <= 0.33
|   |   |   |--- feature_5 <= -0.50
|   |   |   |   |--- truncated branch of depth 5
|   |   |   |--- feature_5 >  -0.50
|   |   |   |   |--- truncated branch of depth 5
|   |   |--- feature_12 >  0.33
|   |   |   |--- feature_12 <= 0.52
|   |   |   |   |--- class: 48
|   |   |   |--- feature_12 >  0.52
|   |   |   |   |--- truncated branch of depth 4
|--- feature_14 >  0.51
|   |--- feature_5 <= -0.28
|   |   |--- feature_10 <= -0.07
|   |   |   |--- feature_1 <= 0.04
|   |   |   |   |--- truncated branch of depth 2
|   |   |   |--- feature_1 >  0.04
|   |   |   |   |--- truncated branch of depth 2
|   |   |--- feature_10 >  -0.07
|   |   |   |--- feature_3 <= -0.47
|   |   |   |   |--- truncated branch of depth 3
|   |   |   |--- feature_3 >  -0.47
|   |   |   |   |--- truncated branch of depth 5
|   |--- feature_5 >  -0.28
|   |   |--- feature_12 <= 0.37
|   |   |   |--- feature_5 <= 0.36
|   |   |   |   |--- truncated branch of depth 4
|   |   |   |--- feature_5 >  0.36
|   |   |   |   |--- truncated branch of depth 5
|   |   |--- feature_12 >  0.37
|   |   |   |--- feature_1 <= 0.64
|   |   |   |   |--- truncated branch of depth 2
|   |   |   |--- feature_1 >  0.64
|   |   |   |   |--- class: 14

[S-REINFORCE] symbolic-policy agreement=0.390
[S-REINFORCE] symbolic-policy agreement=0.269
[S-REINFORCE] symbolic tree refit at rollout 264 | imitation_acc=0.394
|--- feature_14 <= 0.51
|   |--- feature_3 <= -0.94
|   |   |--- feature_12 <= -0.81
|   |   |   |--- feature_1 <= 0.04
|   |   |   |   |--- truncated branch of depth 5
|   |   |   |--- feature_1 >  0.04
|   |   |   |   |--- truncated branch of depth 2
|   |   |--- feature_12 >  -0.81
|   |   |   |--- feature_14 <= -0.53
|   |   |   |   |--- truncated branch of depth 2
|   |   |   |--- feature_14 >  -0.53
|   |   |   |   |--- truncated branch of depth 4
|   |--- feature_3 >  -0.94
|   |   |--- feature_1 <= -0.67
|   |   |   |--- feature_3 <= -0.71
|   |   |   |   |--- truncated branch of depth 4
|   |   |   |--- feature_3 >  -0.71
|   |   |   |   |--- truncated branch of depth 2
|   |   |--- feature_1 >  -0.67
|   |   |   |--- feature_5 <= 0.81
|   |   |   |   |--- truncated branch of depth 5
|   |   |   |--- feature_5 >  0.81
|   |   |   |   |--- truncated branch of depth 5
|--- feature_14 >  0.51
|   |--- feature_5 <= -0.27
|   |   |--- feature_13 <= -0.85
|   |   |   |--- feature_2 <= 1.36
|   |   |   |   |--- class: 27
|   |   |   |--- feature_2 >  1.36
|   |   |   |   |--- class: 30
|   |   |--- feature_13 >  -0.85
|   |   |   |--- feature_7 <= -0.07
|   |   |   |   |--- truncated branch of depth 2
|   |   |   |--- feature_7 >  -0.07
|   |   |   |   |--- truncated branch of depth 5
|   |--- feature_5 >  -0.27
|   |   |--- feature_5 <= 0.69
|   |   |   |--- feature_1 <= 0.57
|   |   |   |   |--- truncated branch of depth 4
|   |   |   |--- feature_1 >  0.57
|   |   |   |   |--- truncated branch of depth 3
|   |   |--- feature_5 >  0.69
|   |   |   |--- feature_5 <= 0.95
|   |   |   |   |--- truncated branch of depth 3
|   |   |   |--- feature_5 >  0.95
|   |   |   |   |--- truncated branch of depth 3

[S-REINFORCE] symbolic-policy agreement=0.355
[S-REINFORCE] symbolic-policy agreement=0.266
[S-REINFORCE] symbolic tree refit at rollout 266 | imitation_acc=0.374
|--- feature_14 <= -0.53
|   |--- feature_1 <= -0.68
|   |   |--- feature_12 <= -0.62
|   |   |   |--- feature_0 <= -0.42
|   |   |   |   |--- class: 30
|   |   |   |--- feature_0 >  -0.42
|   |   |   |   |--- truncated branch of depth 4
|   |   |--- feature_12 >  -0.62
|   |   |   |--- feature_17 <= -0.66
|   |   |   |   |--- class: 0
|   |   |   |--- feature_17 >  -0.66
|   |   |   |   |--- truncated branch of depth 3
|   |--- feature_1 >  -0.68
|   |   |--- feature_13 <= -0.88
|   |   |   |--- feature_0 <= 1.73
|   |   |   |   |--- class: 20
|   |   |   |--- feature_0 >  1.73
|   |   |   |   |--- truncated branch of depth 2
|   |   |--- feature_13 >  -0.88
|   |   |   |--- feature_2 <= 1.41
|   |   |   |   |--- truncated branch of depth 5
|   |   |   |--- feature_2 >  1.41
|   |   |   |   |--- truncated branch of depth 3
|--- feature_14 >  -0.53
|   |--- feature_2 <= -0.03
|   |   |--- feature_13 <= 1.10
|   |   |   |--- feature_1 <= 0.49
|   |   |   |   |--- truncated branch of depth 5
|   |   |   |--- feature_1 >  0.49
|   |   |   |   |--- truncated branch of depth 4
|   |   |--- feature_13 >  1.10
|   |   |   |--- class: 46
|   |--- feature_2 >  -0.03
|   |   |--- feature_1 <= 0.10
|   |   |   |--- feature_12 <= -0.27
|   |   |   |   |--- truncated branch of depth 4
|   |   |   |--- feature_12 >  -0.27
|   |   |   |   |--- truncated branch of depth 2
|   |   |--- feature_1 >  0.10
|   |   |   |--- feature_5 <= -0.56
|   |   |   |   |--- truncated branch of depth 3
|   |   |   |--- feature_5 >  -0.56
|   |   |   |   |--- truncated branch of depth 5

[S-REINFORCE] symbolic-policy agreement=0.278
[S-REINFORCE] symbolic-policy agreement=0.267
[S-REINFORCE] symbolic tree refit at rollout 268 | imitation_acc=0.347
|--- feature_2 <= 0.34
|   |--- feature_1 <= 0.92
|   |   |--- feature_14 <= 0.50
|   |   |   |--- feature_6 <= -0.08
|   |   |   |   |--- truncated branch of depth 4
|   |   |   |--- feature_6 >  -0.08
|   |   |   |   |--- truncated branch of depth 5
|   |   |--- feature_14 >  0.50
|   |   |   |--- feature_5 <= -0.27
|   |   |   |   |--- truncated branch of depth 3
|   |   |   |--- feature_5 >  -0.27
|   |   |   |   |--- truncated branch of depth 5
|   |--- feature_1 >  0.92
|   |   |--- feature_3 <= 1.80
|   |   |   |--- class: 46
|   |   |--- feature_3 >  1.80
|   |   |   |--- class: 46
|--- feature_2 >  0.34
|   |--- feature_1 <= 0.34
|   |   |--- feature_14 <= 0.50
|   |   |   |--- feature_5 <= -0.56
|   |   |   |   |--- truncated branch of depth 5
|   |   |   |--- feature_5 >  -0.56
|   |   |   |   |--- truncated branch of depth 4
|   |   |--- feature_14 >  0.50
|   |   |   |--- feature_3 <= -0.40
|   |   |   |   |--- truncated branch of depth 4
|   |   |   |--- feature_3 >  -0.40
|   |   |   |   |--- truncated branch of depth 3
|   |--- feature_1 >  0.34
|   |   |--- feature_5 <= -0.60
|   |   |   |--- feature_19 <= -0.71
|   |   |   |   |--- truncated branch of depth 3
|   |   |   |--- feature_19 >  -0.71
|   |   |   |   |--- class: 0
|   |   |--- feature_5 >  -0.60
|   |   |   |--- feature_6 <= -0.08
|   |   |   |   |--- truncated branch of depth 4
|   |   |   |--- feature_6 >  -0.08
|   |   |   |   |--- truncated branch of depth 2

[S-REINFORCE] symbolic-policy agreement=0.242
[S-REINFORCE] symbolic-policy agreement=0.129
Eval at step 270000, survival=4.738%, return=[-298.3838540562671, -243.99895995199532, -1505.6214689265605, -300.61393596986795]
SPS=3
[S-REINFORCE] symbolic tree refit at rollout 270 | imitation_acc=0.358
|--- feature_14 <= -0.53
|   |--- feature_2 <= 0.75
|   |   |--- feature_5 <= -0.56
|   |   |   |--- feature_12 <= -0.43
|   |   |   |   |--- truncated branch of depth 5
|   |   |   |--- feature_12 >  -0.43
|   |   |   |   |--- truncated branch of depth 5
|   |   |--- feature_5 >  -0.56
|   |   |   |--- feature_5 <= 0.91
|   |   |   |   |--- truncated branch of depth 5
|   |   |   |--- feature_5 >  0.91
|   |   |   |   |--- truncated branch of depth 5
|   |--- feature_2 >  0.75
|   |   |--- feature_6 <= -0.08
|   |   |   |--- feature_2 <= 1.76
|   |   |   |   |--- class: 37
|   |   |   |--- feature_2 >  1.76
|   |   |   |   |--- class: 37
|   |   |--- feature_6 >  -0.08
|   |   |   |--- feature_3 <= 0.25
|   |   |   |   |--- truncated branch of depth 5
|   |   |   |--- feature_3 >  0.25
|   |   |   |   |--- truncated branch of depth 3
|--- feature_14 >  -0.53
|   |--- feature_5 <= 0.30
|   |   |--- feature_0 <= -0.05
|   |   |   |--- feature_14 <= 1.53
|   |   |   |   |--- truncated branch of depth 3
|   |   |   |--- feature_14 >  1.53
|   |   |   |   |--- truncated branch of depth 4
|   |   |--- feature_0 >  -0.05
|   |   |   |--- feature_17 <= 1.52
|   |   |   |   |--- truncated branch of depth 5
|   |   |   |--- feature_17 >  1.52
|   |   |   |   |--- truncated branch of depth 2
|   |--- feature_5 >  0.30
|   |   |--- feature_13 <= 1.03
|   |   |   |--- feature_5 <= 0.66
|   |   |   |   |--- truncated branch of depth 3
|   |   |   |--- feature_5 >  0.66
|   |   |   |   |--- truncated branch of depth 5
|   |   |--- feature_13 >  1.03
|   |   |   |--- feature_13 <= 1.30
|   |   |   |   |--- class: 45
|   |   |   |--- feature_13 >  1.30
|   |   |   |   |--- class: 33

[S-REINFORCE] symbolic-policy agreement=0.269
[S-REINFORCE] symbolic-policy agreement=0.130
[S-REINFORCE] symbolic tree refit at rollout 272 | imitation_acc=0.344
|--- feature_1 <= -1.30
|   |--- feature_0 <= -1.00
|   |   |--- feature_13 <= -0.50
|   |   |   |--- feature_3 <= -0.88
|   |   |   |   |--- class: 21
|   |   |   |--- feature_3 >  -0.88
|   |   |   |   |--- truncated branch of depth 2
|   |   |--- feature_13 >  -0.50
|   |   |   |--- class: 21
|   |--- feature_0 >  -1.00
|   |   |--- feature_0 <= 1.36
|   |   |   |--- feature_12 <= -0.81
|   |   |   |   |--- truncated branch of depth 4
|   |   |   |--- feature_12 >  -0.81
|   |   |   |   |--- truncated branch of depth 2
|   |   |--- feature_0 >  1.36
|   |   |   |--- feature_3 <= -1.36
|   |   |   |   |--- truncated branch of depth 2
|   |   |   |--- feature_3 >  -1.36
|   |   |   |   |--- class: 8
|--- feature_1 >  -1.30
|   |--- feature_14 <= 0.50
|   |   |--- feature_5 <= 0.33
|   |   |   |--- feature_5 <= -0.56
|   |   |   |   |--- truncated branch of depth 5
|   |   |   |--- feature_5 >  -0.56
|   |   |   |   |--- truncated branch of depth 5
|   |   |--- feature_5 >  0.33
|   |   |   |--- feature_2 <= 1.28
|   |   |   |   |--- truncated branch of depth 5
|   |   |   |--- feature_2 >  1.28
|   |   |   |   |--- truncated branch of depth 4
|   |--- feature_14 >  0.50
|   |   |--- feature_5 <= -0.26
|   |   |   |--- feature_3 <= -0.40
|   |   |   |   |--- truncated branch of depth 3
|   |   |   |--- feature_3 >  -0.40
|   |   |   |   |--- truncated branch of depth 3
|   |   |--- feature_5 >  -0.26
|   |   |   |--- feature_5 <= 0.13
|   |   |   |   |--- truncated branch of depth 3
|   |   |   |--- feature_5 >  0.13
|   |   |   |   |--- truncated branch of depth 4

[S-REINFORCE] symbolic-policy agreement=0.200
[S-REINFORCE] symbolic-policy agreement=0.174
[S-REINFORCE] symbolic tree refit at rollout 274 | imitation_acc=0.293
|--- feature_13 <= -0.89
|   |--- feature_2 <= 1.66
|   |   |--- feature_0 <= 0.58
|   |   |   |--- feature_2 <= 0.32
|   |   |   |   |--- class: 5
|   |   |   |--- feature_2 >  0.32
|   |   |   |   |--- truncated branch of depth 2
|   |   |--- feature_0 >  0.58
|   |   |   |--- feature_1 <= -1.75
|   |   |   |   |--- truncated branch of depth 2
|   |   |   |--- feature_1 >  -1.75
|   |   |   |   |--- class: 27
|   |--- feature_2 >  1.66
|   |   |--- feature_5 <= -0.80
|   |   |   |--- class: 8
|   |   |--- feature_5 >  -0.80
|   |   |   |--- feature_17 <= -0.66
|   |   |   |   |--- truncated branch of depth 2
|   |   |   |--- feature_17 >  -0.66
|   |   |   |   |--- class: 8
|--- feature_13 >  -0.89
|   |--- feature_2 <= 1.56
|   |   |--- feature_14 <= 0.50
|   |   |   |--- feature_3 <= -0.95
|   |   |   |   |--- truncated branch of depth 5
|   |   |   |--- feature_3 >  -0.95
|   |   |   |   |--- truncated branch of depth 5
|   |   |--- feature_14 >  0.50
|   |   |   |--- feature_13 <= 0.12
|   |   |   |   |--- truncated branch of depth 5
|   |   |   |--- feature_13 >  0.12
|   |   |   |   |--- truncated branch of depth 5
|   |--- feature_2 >  1.56
|   |   |--- feature_0 <= 1.82
|   |   |   |--- feature_12 <= 0.04
|   |   |   |   |--- class: 19
|   |   |   |--- feature_12 >  0.04
|   |   |   |   |--- class: 45
|   |   |--- feature_0 >  1.82
|   |   |   |--- feature_3 <= 0.56
|   |   |   |   |--- class: 39
|   |   |   |--- feature_3 >  0.56
|   |   |   |   |--- truncated branch of depth 2

[S-REINFORCE] symbolic-policy agreement=0.172
[S-REINFORCE] symbolic-policy agreement=0.178
[S-REINFORCE] symbolic tree refit at rollout 276 | imitation_acc=0.365
|--- feature_1 <= 0.32
|   |--- feature_3 <= -0.89
|   |   |--- feature_1 <= -0.69
|   |   |   |--- feature_16 <= 0.30
|   |   |   |   |--- truncated branch of depth 2
|   |   |   |--- feature_16 >  0.30
|   |   |   |   |--- truncated branch of depth 4
|   |   |--- feature_1 >  -0.69
|   |   |   |--- feature_13 <= -0.58
|   |   |   |   |--- truncated branch of depth 5
|   |   |   |--- feature_13 >  -0.58
|   |   |   |   |--- class: 22
|   |--- feature_3 >  -0.89
|   |   |--- feature_14 <= 0.50
|   |   |   |--- feature_1 <= -0.67
|   |   |   |   |--- truncated branch of depth 5
|   |   |   |--- feature_1 >  -0.67
|   |   |   |   |--- truncated branch of depth 5
|   |   |--- feature_14 >  0.50
|   |   |   |--- feature_12 <= -0.08
|   |   |   |   |--- truncated branch of depth 5
|   |   |   |--- feature_12 >  -0.08
|   |   |   |   |--- truncated branch of depth 2
|--- feature_1 >  0.32
|   |--- feature_0 <= 1.20
|   |   |--- feature_6 <= -0.08
|   |   |   |--- feature_5 <= -0.66
|   |   |   |   |--- truncated branch of depth 4
|   |   |   |--- feature_5 >  -0.66
|   |   |   |   |--- truncated branch of depth 4
|   |   |--- feature_6 >  -0.08
|   |   |   |--- feature_12 <= 0.12
|   |   |   |   |--- truncated branch of depth 5
|   |   |   |--- feature_12 >  0.12
|   |   |   |   |--- truncated branch of depth 5
|   |--- feature_0 >  1.20
|   |   |--- feature_1 <= 0.62
|   |   |   |--- feature_3 <= 0.18
|   |   |   |   |--- class: 27
|   |   |   |--- feature_3 >  0.18
|   |   |   |   |--- truncated branch of depth 2
|   |   |--- feature_1 >  0.62
|   |   |   |--- class: 18

[S-REINFORCE] symbolic-policy agreement=0.191
[S-REINFORCE] symbolic-policy agreement=0.098
[S-REINFORCE] symbolic tree refit at rollout 278 | imitation_acc=0.330
|--- feature_14 <= 0.49
|   |--- feature_1 <= 0.23
|   |   |--- feature_10 <= -0.07
|   |   |   |--- feature_15 <= -0.57
|   |   |   |   |--- truncated branch of depth 5
|   |   |   |--- feature_15 >  -0.57
|   |   |   |   |--- truncated branch of depth 2
|   |   |--- feature_10 >  -0.07
|   |   |   |--- feature_16 <= 1.97
|   |   |   |   |--- truncated branch of depth 5
|   |   |   |--- feature_16 >  1.97
|   |   |   |   |--- class: 19
|   |--- feature_1 >  0.23
|   |   |--- feature_0 <= 1.67
|   |   |   |--- feature_12 <= 0.12
|   |   |   |   |--- truncated branch of depth 5
|   |   |   |--- feature_12 >  0.12
|   |   |   |   |--- truncated branch of depth 5
|   |   |--- feature_0 >  1.67
|   |   |   |--- feature_14 <= -0.54
|   |   |   |   |--- class: 18
|   |   |   |--- feature_14 >  -0.54
|   |   |   |   |--- class: 19
|--- feature_14 >  0.49
|   |--- feature_12 <= 0.19
|   |   |--- feature_12 <= -0.08
|   |   |   |--- feature_12 <= -0.27
|   |   |   |   |--- truncated branch of depth 4
|   |   |   |--- feature_12 >  -0.27
|   |   |   |   |--- truncated branch of depth 3
|   |   |--- feature_12 >  -0.08
|   |   |   |--- feature_5 <= -0.28
|   |   |   |   |--- truncated branch of depth 2
|   |   |   |--- feature_5 >  -0.28
|   |   |   |   |--- class: 17
|   |--- feature_12 >  0.19
|   |   |--- feature_3 <= 1.13
|   |   |   |--- feature_5 <= -0.26
|   |   |   |   |--- class: 0
|   |   |   |--- feature_5 >  -0.26
|   |   |   |   |--- truncated branch of depth 2
|   |   |--- feature_3 >  1.13
|   |   |   |--- class: 12

[S-REINFORCE] symbolic-policy agreement=0.192
[S-REINFORCE] symbolic-policy agreement=0.111
Eval at step 280000, survival=4.771%, return=[-301.0529052260487, -247.14820241083376, -1517.3804316025696, -303.1129943502824]
SPS=3
[S-REINFORCE] symbolic tree refit at rollout 280 | imitation_acc=0.348
|--- feature_1 <= 0.11
|   |--- feature_7 <= -0.07
|   |   |--- feature_2 <= -0.02
|   |   |   |--- feature_3 <= -0.68
|   |   |   |   |--- truncated branch of depth 3
|   |   |   |--- feature_3 >  -0.68
|   |   |   |   |--- class: 30
|   |   |--- feature_2 >  -0.02
|   |   |   |--- feature_11 <= -0.08
|   |   |   |   |--- truncated branch of depth 5
|   |   |   |--- feature_11 >  -0.08
|   |   |   |   |--- class: 27
|   |--- feature_7 >  -0.07
|   |   |--- feature_12 <= -0.35
|   |   |   |--- feature_3 <= -0.76
|   |   |   |   |--- class: 27
|   |   |   |--- feature_3 >  -0.76
|   |   |   |   |--- truncated branch of depth 2
|   |   |--- feature_12 >  -0.35
|   |   |   |--- feature_2 <= 0.45
|   |   |   |   |--- truncated branch of depth 3
|   |   |   |--- feature_2 >  0.45
|   |   |   |   |--- truncated branch of depth 2
|--- feature_1 >  0.11
|   |--- feature_14 <= -0.02
|   |   |--- feature_2 <= 0.82
|   |   |   |--- feature_13 <= -0.11
|   |   |   |   |--- truncated branch of depth 5
|   |   |   |--- feature_13 >  -0.11
|   |   |   |   |--- truncated branch of depth 5
|   |   |--- feature_2 >  0.82
|   |   |   |--- feature_5 <= -0.76
|   |   |   |   |--- truncated branch of depth 2
|   |   |   |--- feature_5 >  -0.76
|   |   |   |   |--- truncated branch of depth 4
|   |--- feature_14 >  -0.02
|   |   |--- feature_1 <= 0.72
|   |   |   |--- feature_12 <= 0.20
|   |   |   |   |--- truncated branch of depth 5
|   |   |   |--- feature_12 >  0.20
|   |   |   |   |--- truncated branch of depth 3
|   |   |--- feature_1 >  0.72
|   |   |   |--- feature_1 <= 0.99
|   |   |   |   |--- class: 33
|   |   |   |--- feature_1 >  0.99
|   |   |   |   |--- class: 33

[S-REINFORCE] symbolic-policy agreement=0.143
[S-REINFORCE] symbolic-policy agreement=0.107
[S-REINFORCE] symbolic tree refit at rollout 282 | imitation_acc=0.359
|--- feature_1 <= 0.43
|   |--- feature_0 <= -0.24
|   |   |--- feature_3 <= 0.08
|   |   |   |--- feature_12 <= -0.35
|   |   |   |   |--- truncated branch of depth 5
|   |   |   |--- feature_12 >  -0.35
|   |   |   |   |--- truncated branch of depth 5
|   |   |--- feature_3 >  0.08
|   |   |   |--- feature_13 <= 0.28
|   |   |   |   |--- truncated branch of depth 4
|   |   |   |--- feature_13 >  0.28
|   |   |   |   |--- truncated branch of depth 2
|   |--- feature_0 >  -0.24
|   |   |--- feature_6 <= -0.08
|   |   |   |--- feature_13 <= -0.81
|   |   |   |   |--- truncated branch of depth 5
|   |   |   |--- feature_13 >  -0.81
|   |   |   |   |--- truncated branch of depth 4
|   |   |--- feature_6 >  -0.08
|   |   |   |--- feature_1 <= 0.01
|   |   |   |   |--- truncated branch of depth 4
|   |   |   |--- feature_1 >  0.01
|   |   |   |   |--- truncated branch of depth 5
|--- feature_1 >  0.43
|   |--- feature_14 <= 0.49
|   |   |--- feature_6 <= -0.08
|   |   |   |--- feature_8 <= -0.07
|   |   |   |   |--- truncated branch of depth 4
|   |   |   |--- feature_8 >  -0.07
|   |   |   |   |--- truncated branch of depth 2
|   |   |--- feature_6 >  -0.08
|   |   |   |--- feature_5 <= 0.44
|   |   |   |   |--- truncated branch of depth 3
|   |   |   |--- feature_5 >  0.44
|   |   |   |   |--- truncated branch of depth 5
|   |--- feature_14 >  0.49
|   |   |--- feature_2 <= 0.72
|   |   |   |--- feature_3 <= 0.93
|   |   |   |   |--- truncated branch of depth 4
|   |   |   |--- feature_3 >  0.93
|   |   |   |   |--- truncated branch of depth 3
|   |   |--- feature_2 >  0.72
|   |   |   |--- feature_11 <= -0.08
|   |   |   |   |--- class: 19
|   |   |   |--- feature_11 >  -0.08
|   |   |   |   |--- class: 19

[S-REINFORCE] symbolic-policy agreement=0.126
[S-REINFORCE] symbolic-policy agreement=0.090
[S-REINFORCE] symbolic tree refit at rollout 284 | imitation_acc=0.385
|--- feature_13 <= -0.58
|   |--- feature_1 <= 0.16
|   |   |--- feature_2 <= 0.04
|   |   |   |--- feature_15 <= -0.40
|   |   |   |   |--- truncated branch of depth 3
|   |   |   |--- feature_15 >  -0.40
|   |   |   |   |--- class: 0
|   |   |--- feature_2 >  0.04
|   |   |   |--- feature_4 <= -0.65
|   |   |   |   |--- truncated branch of depth 4
|   |   |   |--- feature_4 >  -0.65
|   |   |   |   |--- truncated branch of depth 3
|   |--- feature_1 >  0.16
|   |   |--- feature_12 <= -0.66
|   |   |   |--- feature_0 <= 1.04
|   |   |   |   |--- class: 19
|   |   |   |--- feature_0 >  1.04
|   |   |   |   |--- truncated branch of depth 2
|   |   |--- feature_12 >  -0.66
|   |   |   |--- feature_0 <= 0.10
|   |   |   |   |--- class: 19
|   |   |   |--- feature_0 >  0.10
|   |   |   |   |--- class: 19
|--- feature_13 >  -0.58
|   |--- feature_1 <= 0.43
|   |   |--- feature_2 <= 0.03
|   |   |   |--- feature_14 <= 0.49
|   |   |   |   |--- truncated branch of depth 5
|   |   |   |--- feature_14 >  0.49
|   |   |   |   |--- truncated branch of depth 3
|   |   |--- feature_2 >  0.03
|   |   |   |--- feature_1 <= -0.06
|   |   |   |   |--- truncated branch of depth 2
|   |   |   |--- feature_1 >  -0.06
|   |   |   |   |--- truncated branch of depth 5
|   |--- feature_1 >  0.43
|   |   |--- feature_12 <= 0.16
|   |   |   |--- feature_5 <= 0.71
|   |   |   |   |--- truncated branch of depth 5
|   |   |   |--- feature_5 >  0.71
|   |   |   |   |--- truncated branch of depth 5
|   |   |--- feature_12 >  0.16
|   |   |   |--- feature_1 <= 0.80
|   |   |   |   |--- truncated branch of depth 3
|   |   |   |--- feature_1 >  0.80
|   |   |   |   |--- truncated branch of depth 4

[S-REINFORCE] symbolic-policy agreement=0.153
[S-REINFORCE] symbolic-policy agreement=0.100
[S-REINFORCE] symbolic tree refit at rollout 286 | imitation_acc=0.344
|--- feature_12 <= -0.89
|   |--- feature_15 <= -0.57
|   |   |--- feature_0 <= 0.63
|   |   |   |--- class: 13
|   |   |--- feature_0 >  0.63
|   |   |   |--- feature_0 <= 1.44
|   |   |   |   |--- class: 23
|   |   |   |--- feature_0 >  1.44
|   |   |   |   |--- truncated branch of depth 3
|   |--- feature_15 >  -0.57
|   |   |--- feature_0 <= 1.73
|   |   |   |--- feature_4 <= -0.65
|   |   |   |   |--- class: 45
|   |   |   |--- feature_4 >  -0.65
|   |   |   |   |--- class: 5
|   |   |--- feature_0 >  1.73
|   |   |   |--- class: 34
|--- feature_12 >  -0.89
|   |--- feature_14 <= 0.49
|   |   |--- feature_1 <= 0.41
|   |   |   |--- feature_3 <= -0.89
|   |   |   |   |--- truncated branch of depth 5
|   |   |   |--- feature_3 >  -0.89
|   |   |   |   |--- truncated branch of depth 5
|   |   |--- feature_1 >  0.41
|   |   |   |--- feature_6 <= -0.08
|   |   |   |   |--- truncated branch of depth 5
|   |   |   |--- feature_6 >  -0.08
|   |   |   |   |--- truncated branch of depth 5
|   |--- feature_14 >  0.49
|   |   |--- feature_12 <= 0.51
|   |   |   |--- feature_3 <= -0.33
|   |   |   |   |--- truncated branch of depth 5
|   |   |   |--- feature_3 >  -0.33
|   |   |   |   |--- truncated branch of depth 5
|   |   |--- feature_12 >  0.51
|   |   |   |--- feature_1 <= 0.99
|   |   |   |   |--- truncated branch of depth 3
|   |   |   |--- feature_1 >  0.99
|   |   |   |   |--- class: 15

[S-REINFORCE] symbolic-policy agreement=0.142
[S-REINFORCE] symbolic-policy agreement=0.069
[S-REINFORCE] symbolic tree refit at rollout 288 | imitation_acc=0.379
|--- feature_3 <= -0.82
|   |--- feature_12 <= -0.73
|   |   |--- feature_10 <= -0.07
|   |   |   |--- feature_14 <= -0.54
|   |   |   |   |--- truncated branch of depth 4
|   |   |   |--- feature_14 >  -0.54
|   |   |   |   |--- truncated branch of depth 2
|   |   |--- feature_10 >  -0.07
|   |   |   |--- feature_3 <= -1.45
|   |   |   |   |--- truncated branch of depth 2
|   |   |   |--- feature_3 >  -1.45
|   |   |   |   |--- truncated branch of depth 2
|   |--- feature_12 >  -0.73
|   |   |--- feature_5 <= -0.63
|   |   |   |--- feature_0 <= 0.18
|   |   |   |   |--- truncated branch of depth 3
|   |   |   |--- feature_0 >  0.18
|   |   |   |   |--- truncated branch of depth 3
|   |   |--- feature_5 >  -0.63
|   |   |   |--- class: 30
|--- feature_3 >  -0.82
|   |--- feature_0 <= 0.77
|   |   |--- feature_1 <= 0.28
|   |   |   |--- feature_11 <= -0.08
|   |   |   |   |--- truncated branch of depth 4
|   |   |   |--- feature_11 >  -0.08
|   |   |   |   |--- truncated branch of depth 5
|   |   |--- feature_1 >  0.28
|   |   |   |--- feature_14 <= 0.49
|   |   |   |   |--- truncated branch of depth 5
|   |   |   |--- feature_14 >  0.49
|   |   |   |   |--- truncated branch of depth 5
|   |--- feature_0 >  0.77
|   |   |--- feature_5 <= -0.56
|   |   |   |--- feature_1 <= 0.43
|   |   |   |   |--- class: 34
|   |   |   |--- feature_1 >  0.43
|   |   |   |   |--- class: 41
|   |   |--- feature_5 >  -0.56
|   |   |   |--- feature_14 <= -0.02
|   |   |   |   |--- truncated branch of depth 5
|   |   |   |--- feature_14 >  -0.02
|   |   |   |   |--- truncated branch of depth 3

[S-REINFORCE] symbolic-policy agreement=0.141
[S-REINFORCE] symbolic-policy agreement=0.167
Eval at step 290000, survival=4.751%, return=[-243.74557460849368, -152.23452285887876, -1237.6668582484147, -247.08097928436882]
SPS=3
[S-REINFORCE] symbolic tree refit at rollout 290 | imitation_acc=0.383
|--- feature_0 <= 0.53
|   |--- feature_14 <= 2.55
|   |   |--- feature_16 <= 1.72
|   |   |   |--- feature_1 <= 0.47
|   |   |   |   |--- truncated branch of depth 5
|   |   |   |--- feature_1 >  0.47
|   |   |   |   |--- truncated branch of depth 5
|   |   |--- feature_16 >  1.72
|   |   |   |--- feature_0 <= -1.02
|   |   |   |   |--- truncated branch of depth 4
|   |   |   |--- feature_0 >  -1.02
|   |   |   |   |--- truncated branch of depth 5
|   |--- feature_14 >  2.55
|   |   |--- feature_1 <= -1.42
|   |   |   |--- class: 0
|   |   |--- feature_1 >  -1.42
|   |   |   |--- feature_1 <= 0.55
|   |   |   |   |--- truncated branch of depth 2
|   |   |   |--- feature_1 >  0.55
|   |   |   |   |--- truncated branch of depth 2
|--- feature_0 >  0.53
|   |--- feature_1 <= 0.01
|   |   |--- feature_9 <= -0.07
|   |   |   |--- feature_14 <= 1.52
|   |   |   |   |--- truncated branch of depth 2
|   |   |   |--- feature_14 >  1.52
|   |   |   |   |--- class: 8
|   |   |--- feature_9 >  -0.07
|   |   |   |--- feature_15 <= -0.57
|   |   |   |   |--- truncated branch of depth 2
|   |   |   |--- feature_15 >  -0.57
|   |   |   |   |--- truncated branch of depth 2
|   |--- feature_1 >  0.01
|   |   |--- feature_3 <= 0.16
|   |   |   |--- feature_14 <= 0.49
|   |   |   |   |--- truncated branch of depth 5
|   |   |   |--- feature_14 >  0.49
|   |   |   |   |--- truncated branch of depth 5
|   |   |--- feature_3 >  0.16
|   |   |   |--- feature_14 <= 1.52
|   |   |   |   |--- truncated branch of depth 3
|   |   |   |--- feature_14 >  1.52
|   |   |   |   |--- truncated branch of depth 3

[S-REINFORCE] symbolic-policy agreement=0.182
[S-REINFORCE] symbolic-policy agreement=0.041
[S-REINFORCE] symbolic tree refit at rollout 292 | imitation_acc=0.374
|--- feature_1 <= 0.61
|   |--- feature_3 <= -0.70
|   |   |--- feature_16 <= 0.90
|   |   |   |--- feature_13 <= -2.06
|   |   |   |   |--- class: 34
|   |   |   |--- feature_13 >  -2.06
|   |   |   |   |--- truncated branch of depth 5
|   |   |--- feature_16 >  0.90
|   |   |   |--- class: 12
|   |--- feature_3 >  -0.70
|   |   |--- feature_18 <= -0.55
|   |   |   |--- feature_19 <= -0.70
|   |   |   |   |--- class: 35
|   |   |   |--- feature_19 >  -0.70
|   |   |   |   |--- truncated branch of depth 5
|   |   |--- feature_18 >  -0.55
|   |   |   |--- feature_13 <= -1.67
|   |   |   |   |--- truncated branch of depth 3
|   |   |   |--- feature_13 >  -1.67
|   |   |   |   |--- truncated branch of depth 5
|--- feature_1 >  0.61
|   |--- feature_15 <= -0.57
|   |   |--- feature_16 <= 1.00
|   |   |   |--- feature_18 <= -0.55
|   |   |   |   |--- truncated branch of depth 5
|   |   |   |--- feature_18 >  -0.55
|   |   |   |   |--- truncated branch of depth 5
|   |   |--- feature_16 >  1.00
|   |   |   |--- feature_14 <= -0.54
|   |   |   |   |--- truncated branch of depth 4
|   |   |   |--- feature_14 >  -0.54
|   |   |   |   |--- truncated branch of depth 5
|   |--- feature_15 >  -0.57
|   |   |--- feature_9 <= -0.07
|   |   |   |--- feature_19 <= -0.70
|   |   |   |   |--- class: 13
|   |   |   |--- feature_19 >  -0.70
|   |   |   |   |--- class: 13
|   |   |--- feature_9 >  -0.07
|   |   |   |--- feature_19 <= -0.70
|   |   |   |   |--- truncated branch of depth 3
|   |   |   |--- feature_19 >  -0.70
|   |   |   |   |--- truncated branch of depth 5

[S-REINFORCE] symbolic-policy agreement=0.076
[S-REINFORCE] symbolic-policy agreement=0.033
[S-REINFORCE] symbolic tree refit at rollout 294 | imitation_acc=0.354
|--- feature_7 <= -0.07
|   |--- feature_19 <= -0.70
|   |   |--- feature_16 <= 1.60
|   |   |   |--- class: 0
|   |   |--- feature_16 >  1.60
|   |   |   |--- feature_11 <= -0.08
|   |   |   |   |--- truncated branch of depth 5
|   |   |   |--- feature_11 >  -0.08
|   |   |   |   |--- truncated branch of depth 5
|   |--- feature_19 >  -0.70
|   |   |--- feature_14 <= -0.54
|   |   |   |--- feature_3 <= 0.59
|   |   |   |   |--- truncated branch of depth 2
|   |   |   |--- feature_3 >  0.59
|   |   |   |   |--- truncated branch of depth 4
|   |   |--- feature_14 >  -0.54
|   |   |   |--- feature_19 <= -0.70
|   |   |   |   |--- class: 21
|   |   |   |--- feature_19 >  -0.70
|   |   |   |   |--- class: 30
|--- feature_7 >  -0.07
|   |--- feature_3 <= 0.55
|   |   |--- feature_2 <= -0.34
|   |   |   |--- feature_3 <= -0.27
|   |   |   |   |--- truncated branch of depth 3
|   |   |   |--- feature_3 >  -0.27
|   |   |   |   |--- truncated branch of depth 3
|   |   |--- feature_2 >  -0.34
|   |   |   |--- feature_16 <= 1.35
|   |   |   |   |--- truncated branch of depth 2
|   |   |   |--- feature_16 >  1.35
|   |   |   |   |--- truncated branch of depth 3
|   |--- feature_3 >  0.55
|   |   |--- feature_12 <= 0.81
|   |   |   |--- feature_5 <= 0.28
|   |   |   |   |--- truncated branch of depth 3
|   |   |   |--- feature_5 >  0.28
|   |   |   |   |--- truncated branch of depth 2
|   |   |--- feature_12 >  0.81
|   |   |   |--- feature_5 <= 1.85
|   |   |   |   |--- truncated branch of depth 5
|   |   |   |--- feature_5 >  1.85
|   |   |   |   |--- truncated branch of depth 5

[S-REINFORCE] symbolic-policy agreement=0.106
[S-REINFORCE] symbolic-policy agreement=0.047
[S-REINFORCE] symbolic tree refit at rollout 296 | imitation_acc=0.426
|--- feature_10 <= -0.07
|   |--- feature_14 <= -0.54
|   |   |--- feature_17 <= 0.38
|   |   |   |--- feature_15 <= -0.56
|   |   |   |   |--- class: 0
|   |   |   |--- feature_15 >  -0.56
|   |   |   |   |--- truncated branch of depth 3
|   |   |--- feature_17 >  0.38
|   |   |   |--- feature_5 <= 0.54
|   |   |   |   |--- truncated branch of depth 5
|   |   |   |--- feature_5 >  0.54
|   |   |   |   |--- truncated branch of depth 3
|   |--- feature_14 >  -0.54
|   |   |--- class: 30
|--- feature_10 >  -0.07
|   |--- feature_5 <= -0.34
|   |   |--- feature_14 <= 0.49
|   |   |   |--- feature_4 <= -0.64
|   |   |   |   |--- truncated branch of depth 5
|   |   |   |--- feature_4 >  -0.64
|   |   |   |   |--- truncated branch of depth 2
|   |   |--- feature_14 >  0.49
|   |   |   |--- feature_5 <= -0.49
|   |   |   |   |--- truncated branch of depth 5
|   |   |   |--- feature_5 >  -0.49
|   |   |   |   |--- truncated branch of depth 3
|   |--- feature_5 >  -0.34
|   |   |--- feature_13 <= 2.05
|   |   |   |--- feature_3 <= -0.04
|   |   |   |   |--- truncated branch of depth 3
|   |   |   |--- feature_3 >  -0.04
|   |   |   |   |--- truncated branch of depth 5
|   |   |--- feature_13 >  2.05
|   |   |   |--- feature_17 <= 1.49
|   |   |   |   |--- truncated branch of depth 5
|   |   |   |--- feature_17 >  1.49
|   |   |   |   |--- truncated branch of depth 3

[S-REINFORCE] symbolic-policy agreement=0.367
[S-REINFORCE] symbolic-policy agreement=0.057
[S-REINFORCE] symbolic tree refit at rollout 298 | imitation_acc=0.412
|--- feature_7 <= -0.07
|   |--- feature_14 <= -0.54
|   |   |--- feature_16 <= -0.52
|   |   |   |--- class: 28
|   |   |--- feature_16 >  -0.52
|   |   |   |--- class: 28
|   |--- feature_14 >  -0.54
|   |   |--- feature_11 <= -0.08
|   |   |   |--- feature_7 <= -0.07
|   |   |   |   |--- class: 16
|   |   |   |--- feature_7 >  -0.07
|   |   |   |   |--- truncated branch of depth 4
|   |   |--- feature_11 >  -0.08
|   |   |   |--- feature_19 <= -0.69
|   |   |   |   |--- truncated branch of depth 4
|   |   |   |--- feature_19 >  -0.69
|   |   |   |   |--- truncated branch of depth 5
|--- feature_7 >  -0.07
|   |--- feature_8 <= -0.07
|   |   |--- feature_13 <= -0.50
|   |   |   |--- feature_0 <= 0.35
|   |   |   |   |--- truncated branch of depth 3
|   |   |   |--- feature_0 >  0.35
|   |   |   |   |--- class: 13
|   |   |--- feature_13 >  -0.50
|   |   |   |--- feature_6 <= -0.08
|   |   |   |   |--- truncated branch of depth 5
|   |   |   |--- feature_6 >  -0.08
|   |   |   |   |--- truncated branch of depth 3
|   |--- feature_8 >  -0.07
|   |   |--- feature_11 <= -0.08
|   |   |   |--- feature_3 <= -0.85
|   |   |   |   |--- truncated branch of depth 5
|   |   |   |--- feature_3 >  -0.85
|   |   |   |   |--- truncated branch of depth 5
|   |   |--- feature_11 >  -0.08
|   |   |   |--- feature_18 <= 0.74
|   |   |   |   |--- truncated branch of depth 5
|   |   |   |--- feature_18 >  0.74
|   |   |   |   |--- truncated branch of depth 2

[S-REINFORCE] symbolic-policy agreement=0.306
[S-REINFORCE] symbolic-policy agreement=0.086
Eval at step 300000, survival=22.517%, return=[-1515.1635796056023, -1319.1126013834976, -7645.753012875047, -1524.265536723163]
SPS=3
[S-REINFORCE] symbolic tree refit at rollout 300 | imitation_acc=0.404
|--- feature_2 <= -1.54
|   |--- feature_2 <= -1.54
|   |   |--- feature_16 <= -0.52
|   |   |   |--- feature_5 <= 2.36
|   |   |   |   |--- class: 0
|   |   |   |--- feature_5 >  2.36
|   |   |   |   |--- class: 0
|   |   |--- feature_16 >  -0.52
|   |   |   |--- feature_13 <= 2.41
|   |   |   |   |--- truncated branch of depth 2
|   |   |   |--- feature_13 >  2.41
|   |   |   |   |--- truncated branch of depth 5
|   |--- feature_2 >  -1.54
|   |   |--- feature_0 <= 0.30
|   |   |   |--- feature_3 <= 0.39
|   |   |   |   |--- truncated branch of depth 2
|   |   |   |--- feature_3 >  0.39
|   |   |   |   |--- truncated branch of depth 5
|   |   |--- feature_0 >  0.30
|   |   |   |--- class: 0
|--- feature_2 >  -1.54
|   |--- feature_14 <= -0.54
|   |   |--- feature_2 <= 0.13
|   |   |   |--- feature_5 <= 0.22
|   |   |   |   |--- truncated branch of depth 4
|   |   |   |--- feature_5 >  0.22
|   |   |   |   |--- truncated branch of depth 5
|   |   |--- feature_2 >  0.13
|   |   |   |--- feature_1 <= 0.12
|   |   |   |   |--- class: 30
|   |   |   |--- feature_1 >  0.12
|   |   |   |   |--- truncated branch of depth 3
|   |--- feature_14 >  -0.54
|   |   |--- feature_5 <= -0.69
|   |   |   |--- feature_6 <= -0.08
|   |   |   |   |--- truncated branch of depth 5
|   |   |   |--- feature_6 >  -0.08
|   |   |   |   |--- truncated branch of depth 2
|   |   |--- feature_5 >  -0.69
|   |   |   |--- feature_1 <= 0.29
|   |   |   |   |--- truncated branch of depth 4
|   |   |   |--- feature_1 >  0.29
|   |   |   |   |--- truncated branch of depth 5

[S-REINFORCE] symbolic-policy agreement=0.344
[S-REINFORCE] symbolic-policy agreement=0.204
[S-REINFORCE] symbolic tree refit at rollout 302 | imitation_acc=0.336
|--- feature_14 <= -0.54
|   |--- feature_14 <= -0.54
|   |   |--- feature_16 <= 1.78
|   |   |   |--- feature_11 <= -0.08
|   |   |   |   |--- truncated branch of depth 5
|   |   |   |--- feature_11 >  -0.08
|   |   |   |   |--- truncated branch of depth 3
|   |   |--- feature_16 >  1.78
|   |   |   |--- feature_0 <= 0.10
|   |   |   |   |--- truncated branch of depth 3
|   |   |   |--- feature_0 >  0.10
|   |   |   |   |--- class: 30
|   |--- feature_14 >  -0.54
|   |   |--- feature_3 <= 1.82
|   |   |   |--- feature_2 <= -0.64
|   |   |   |   |--- truncated branch of depth 5
|   |   |   |--- feature_2 >  -0.64
|   |   |   |   |--- truncated branch of depth 5
|   |   |--- feature_3 >  1.82
|   |   |   |--- feature_6 <= -0.08
|   |   |   |   |--- truncated branch of depth 5
|   |   |   |--- feature_6 >  -0.08
|   |   |   |   |--- truncated branch of depth 2
|--- feature_14 >  -0.54
|   |--- feature_3 <= -0.91
|   |   |--- feature_12 <= -0.89
|   |   |   |--- feature_6 <= -0.08
|   |   |   |   |--- truncated branch of depth 2
|   |   |   |--- feature_6 >  -0.08
|   |   |   |   |--- class: 28
|   |   |--- feature_12 >  -0.89
|   |   |   |--- feature_14 <= 1.01
|   |   |   |   |--- truncated branch of depth 2
|   |   |   |--- feature_14 >  1.01
|   |   |   |   |--- class: 13
|   |--- feature_3 >  -0.91
|   |   |--- feature_5 <= 2.61
|   |   |   |--- feature_0 <= 1.06
|   |   |   |   |--- truncated branch of depth 5
|   |   |   |--- feature_0 >  1.06
|   |   |   |   |--- truncated branch of depth 4
|   |   |--- feature_5 >  2.61
|   |   |   |--- feature_19 <= 1.43
|   |   |   |   |--- truncated branch of depth 4
|   |   |   |--- feature_19 >  1.43
|   |   |   |   |--- truncated branch of depth 2

[S-REINFORCE] symbolic-policy agreement=0.145
[S-REINFORCE] symbolic-policy agreement=0.026
[S-REINFORCE] symbolic tree refit at rollout 304 | imitation_acc=0.379
|--- feature_1 <= 0.60
|   |--- feature_0 <= 0.53
|   |   |--- feature_16 <= 0.72
|   |   |   |--- feature_1 <= 0.30
|   |   |   |   |--- truncated branch of depth 2
|   |   |   |--- feature_1 >  0.30
|   |   |   |   |--- truncated branch of depth 2
|   |   |--- feature_16 >  0.72
|   |   |   |--- feature_1 <= 0.30
|   |   |   |   |--- truncated branch of depth 5
|   |   |   |--- feature_1 >  0.30
|   |   |   |   |--- truncated branch of depth 5
|   |--- feature_0 >  0.53
|   |   |--- feature_14 <= -0.53
|   |   |   |--- feature_19 <= -0.70
|   |   |   |   |--- truncated branch of depth 4
|   |   |   |--- feature_19 >  -0.70
|   |   |   |   |--- truncated branch of depth 5
|   |   |--- feature_14 >  -0.53
|   |   |   |--- feature_19 <= 1.44
|   |   |   |   |--- truncated branch of depth 5
|   |   |   |--- feature_19 >  1.44
|   |   |   |   |--- truncated branch of depth 2
|--- feature_1 >  0.60
|   |--- feature_6 <= -0.07
|   |   |--- feature_12 <= -1.60
|   |   |   |--- feature_14 <= -0.53
|   |   |   |   |--- truncated branch of depth 2
|   |   |   |--- feature_14 >  -0.53
|   |   |   |   |--- truncated branch of depth 4
|   |   |--- feature_12 >  -1.60
|   |   |   |--- feature_5 <= -1.09
|   |   |   |   |--- truncated branch of depth 4
|   |   |   |--- feature_5 >  -1.09
|   |   |   |   |--- truncated branch of depth 5
|   |--- feature_6 >  -0.07
|   |   |--- feature_6 <= -0.07
|   |   |   |--- feature_15 <= -0.55
|   |   |   |   |--- truncated branch of depth 2
|   |   |   |--- feature_15 >  -0.55
|   |   |   |   |--- truncated branch of depth 3
|   |   |--- feature_6 >  -0.07
|   |   |   |--- feature_16 <= 0.68
|   |   |   |   |--- truncated branch of depth 2
|   |   |   |--- feature_16 >  0.68
|   |   |   |   |--- class: 27

[S-REINFORCE] symbolic-policy agreement=0.134
[S-REINFORCE] symbolic-policy agreement=0.075
[S-REINFORCE] symbolic tree refit at rollout 306 | imitation_acc=0.348
|--- feature_4 <= -0.64
|   |--- feature_11 <= -0.08
|   |   |--- feature_14 <= 0.49
|   |   |   |--- feature_1 <= 0.20
|   |   |   |   |--- class: 30
|   |   |   |--- feature_1 >  0.20
|   |   |   |   |--- class: 30
|   |   |--- feature_14 >  0.49
|   |   |   |--- feature_17 <= -0.66
|   |   |   |   |--- class: 4
|   |   |   |--- feature_17 >  -0.66
|   |   |   |   |--- class: 30
|   |--- feature_11 >  -0.08
|   |   |--- feature_14 <= 0.49
|   |   |   |--- feature_0 <= 0.36
|   |   |   |   |--- truncated branch of depth 2
|   |   |   |--- feature_0 >  0.36
|   |   |   |   |--- truncated branch of depth 3
|   |   |--- feature_14 >  0.49
|   |   |   |--- feature_1 <= 0.30
|   |   |   |   |--- truncated branch of depth 2
|   |   |   |--- feature_1 >  0.30
|   |   |   |   |--- class: 0
|--- feature_4 >  -0.64
|   |--- feature_1 <= 0.71
|   |   |--- feature_14 <= 0.49
|   |   |   |--- feature_16 <= -0.53
|   |   |   |   |--- truncated branch of depth 5
|   |   |   |--- feature_16 >  -0.53
|   |   |   |   |--- truncated branch of depth 3
|   |   |--- feature_14 >  0.49
|   |   |   |--- feature_3 <= -0.90
|   |   |   |   |--- truncated branch of depth 3
|   |   |   |--- feature_3 >  -0.90
|   |   |   |   |--- truncated branch of depth 5
|   |--- feature_1 >  0.71
|   |   |--- feature_5 <= 2.28
|   |   |   |--- feature_3 <= 1.91
|   |   |   |   |--- truncated branch of depth 4
|   |   |   |--- feature_3 >  1.91
|   |   |   |   |--- truncated branch of depth 4
|   |   |--- feature_5 >  2.28
|   |   |   |--- feature_17 <= -0.66
|   |   |   |   |--- truncated branch of depth 2
|   |   |   |--- feature_17 >  -0.66
|   |   |   |   |--- truncated branch of depth 3

[S-REINFORCE] symbolic-policy agreement=0.240
[S-REINFORCE] symbolic-policy agreement=0.205
[S-REINFORCE] symbolic tree refit at rollout 308 | imitation_acc=0.341
|--- feature_17 <= 1.52
|   |--- feature_19 <= -0.69
|   |   |--- feature_16 <= -0.53
|   |   |   |--- feature_11 <= -0.08
|   |   |   |   |--- class: 30
|   |   |   |--- feature_11 >  -0.08
|   |   |   |   |--- class: 6
|   |   |--- feature_16 >  -0.53
|   |   |   |--- feature_7 <= -0.07
|   |   |   |   |--- truncated branch of depth 2
|   |   |   |--- feature_7 >  -0.07
|   |   |   |   |--- truncated branch of depth 2
|   |--- feature_19 >  -0.69
|   |   |--- feature_3 <= -0.93
|   |   |   |--- feature_17 <= -0.66
|   |   |   |   |--- truncated branch of depth 2
|   |   |   |--- feature_17 >  -0.66
|   |   |   |   |--- truncated branch of depth 3
|   |   |--- feature_3 >  -0.93
|   |   |   |--- feature_1 <= 0.12
|   |   |   |   |--- truncated branch of depth 5
|   |   |   |--- feature_1 >  0.12
|   |   |   |   |--- truncated branch of depth 5
|--- feature_17 >  1.52
|   |--- feature_14 <= -0.54
|   |   |--- feature_1 <= 0.31
|   |   |   |--- feature_0 <= 0.96
|   |   |   |   |--- truncated branch of depth 2
|   |   |   |--- feature_0 >  0.96
|   |   |   |   |--- class: 30
|   |   |--- feature_1 >  0.31
|   |   |   |--- feature_14 <= -0.54
|   |   |   |   |--- class: 30
|   |   |   |--- feature_14 >  -0.54
|   |   |   |   |--- class: 30
|   |--- feature_14 >  -0.54
|   |   |--- feature_3 <= -0.82
|   |   |   |--- feature_14 <= 2.04
|   |   |   |   |--- truncated branch of depth 3
|   |   |   |--- feature_14 >  2.04
|   |   |   |   |--- class: 0
|   |   |--- feature_3 >  -0.82
|   |   |   |--- feature_1 <= -2.13
|   |   |   |   |--- class: 0
|   |   |   |--- feature_1 >  -2.13
|   |   |   |   |--- truncated branch of depth 4

[S-REINFORCE] symbolic-policy agreement=0.218
[S-REINFORCE] symbolic-policy agreement=0.150
Eval at step 310000, survival=8.203%, return=[-415.80225146571564, -253.3674409189273, -2123.819227437725, -422.6610169491532]
SPS=4
[S-REINFORCE] symbolic tree refit at rollout 310 | imitation_acc=0.322
|--- feature_7 <= -0.07
|   |--- feature_14 <= -0.54
|   |   |--- feature_16 <= -0.53
|   |   |   |--- class: 40
|   |   |--- feature_16 >  -0.53
|   |   |   |--- feature_11 <= -0.08
|   |   |   |   |--- class: 13
|   |   |   |--- feature_11 >  -0.08
|   |   |   |   |--- truncated branch of depth 2
|   |--- feature_14 >  -0.54
|   |   |--- feature_3 <= 2.02
|   |   |   |--- feature_4 <= 1.55
|   |   |   |   |--- truncated branch of depth 4
|   |   |   |--- feature_4 >  1.55
|   |   |   |   |--- truncated branch of depth 5
|   |   |--- feature_3 >  2.02
|   |   |   |--- feature_0 <= -1.10
|   |   |   |   |--- truncated branch of depth 3
|   |   |   |--- feature_0 >  -1.10
|   |   |   |   |--- truncated branch of depth 2
|--- feature_7 >  -0.07
|   |--- feature_13 <= 2.25
|   |   |--- feature_12 <= 1.12
|   |   |   |--- feature_16 <= -0.52
|   |   |   |   |--- class: 9
|   |   |   |--- feature_16 >  -0.52
|   |   |   |   |--- class: 13
|   |   |--- feature_12 >  1.12
|   |   |   |--- feature_13 <= 2.14
|   |   |   |   |--- truncated branch of depth 5
|   |   |   |--- feature_13 >  2.14
|   |   |   |   |--- class: 21
|   |--- feature_13 >  2.25
|   |   |--- feature_6 <= -0.07
|   |   |   |--- feature_13 <= 2.44
|   |   |   |   |--- class: 29
|   |   |   |--- feature_13 >  2.44
|   |   |   |   |--- truncated branch of depth 4
|   |   |--- feature_6 >  -0.07
|   |   |   |--- feature_8 <= -0.07
|   |   |   |   |--- truncated branch of depth 2
|   |   |   |--- feature_8 >  -0.07
|   |   |   |   |--- class: 21

[S-REINFORCE] symbolic-policy agreement=0.054
[S-REINFORCE] symbolic-policy agreement=0.023
[S-REINFORCE] symbolic tree refit at rollout 312 | imitation_acc=0.343
|--- feature_14 <= 1.01
|   |--- feature_0 <= 0.12
|   |   |--- feature_13 <= 0.46
|   |   |   |--- feature_11 <= -0.08
|   |   |   |   |--- truncated branch of depth 5
|   |   |   |--- feature_11 >  -0.08
|   |   |   |   |--- truncated branch of depth 5
|   |   |--- feature_13 >  0.46
|   |   |   |--- feature_6 <= -0.07
|   |   |   |   |--- class: 43
|   |   |   |--- feature_6 >  -0.07
|   |   |   |   |--- truncated branch of depth 4
|   |--- feature_0 >  0.12
|   |   |--- feature_13 <= 0.61
|   |   |   |--- feature_7 <= -0.07
|   |   |   |   |--- truncated branch of depth 5
|   |   |   |--- feature_7 >  -0.07
|   |   |   |   |--- class: 7
|   |   |--- feature_13 >  0.61
|   |   |   |--- feature_18 <= -0.54
|   |   |   |   |--- truncated branch of depth 2
|   |   |   |--- feature_18 >  -0.54
|   |   |   |   |--- class: 29
|--- feature_14 >  1.01
|   |--- feature_15 <= -0.55
|   |   |--- feature_2 <= -0.14
|   |   |   |--- feature_3 <= -0.37
|   |   |   |   |--- class: 0
|   |   |   |--- feature_3 >  -0.37
|   |   |   |   |--- truncated branch of depth 3
|   |   |--- feature_2 >  -0.14
|   |   |   |--- feature_13 <= -0.51
|   |   |   |   |--- truncated branch of depth 5
|   |   |   |--- feature_13 >  -0.51
|   |   |   |   |--- truncated branch of depth 2
|   |--- feature_15 >  -0.55
|   |   |--- feature_7 <= -0.07
|   |   |   |--- feature_12 <= -0.40
|   |   |   |   |--- class: 0
|   |   |   |--- feature_12 >  -0.40
|   |   |   |   |--- truncated branch of depth 2
|   |   |--- feature_7 >  -0.07
|   |   |   |--- class: 29

[S-REINFORCE] symbolic-policy agreement=0.205
[S-REINFORCE] symbolic-policy agreement=0.050
[S-REINFORCE] symbolic tree refit at rollout 314 | imitation_acc=0.433
|--- feature_14 <= -0.54
|   |--- feature_12 <= 0.98
|   |   |--- feature_2 <= -1.15
|   |   |   |--- feature_13 <= -0.06
|   |   |   |   |--- truncated branch of depth 2
|   |   |   |--- feature_13 >  -0.06
|   |   |   |   |--- truncated branch of depth 2
|   |   |--- feature_2 >  -1.15
|   |   |   |--- feature_2 <= 1.29
|   |   |   |   |--- truncated branch of depth 5
|   |   |   |--- feature_2 >  1.29
|   |   |   |   |--- truncated branch of depth 3
|   |--- feature_12 >  0.98
|   |   |--- feature_5 <= 2.36
|   |   |   |--- feature_3 <= 1.89
|   |   |   |   |--- truncated branch of depth 4
|   |   |   |--- feature_3 >  1.89
|   |   |   |   |--- truncated branch of depth 5
|   |   |--- feature_5 >  2.36
|   |   |   |--- feature_1 <= 1.05
|   |   |   |   |--- truncated branch of depth 4
|   |   |   |--- feature_1 >  1.05
|   |   |   |   |--- truncated branch of depth 3
|--- feature_14 >  -0.54
|   |--- feature_5 <= -0.56
|   |   |--- feature_1 <= -2.36
|   |   |   |--- feature_0 <= 1.66
|   |   |   |   |--- truncated branch of depth 3
|   |   |   |--- feature_0 >  1.66
|   |   |   |   |--- class: 30
|   |   |--- feature_1 >  -2.36
|   |   |   |--- feature_1 <= -2.14
|   |   |   |   |--- truncated branch of depth 2
|   |   |   |--- feature_1 >  -2.14
|   |   |   |   |--- truncated branch of depth 5
|   |--- feature_5 >  -0.56
|   |   |--- feature_1 <= 0.36
|   |   |   |--- feature_8 <= -0.07
|   |   |   |   |--- truncated branch of depth 4
|   |   |   |--- feature_8 >  -0.07
|   |   |   |   |--- truncated branch of depth 4
|   |   |--- feature_1 >  0.36
|   |   |   |--- feature_18 <= -0.54
|   |   |   |   |--- truncated branch of depth 4
|   |   |   |--- feature_18 >  -0.54
|   |   |   |   |--- truncated branch of depth 2

[S-REINFORCE] symbolic-policy agreement=0.310
[S-REINFORCE] symbolic-policy agreement=0.204
[S-REINFORCE] symbolic tree refit at rollout 316 | imitation_acc=0.398
|--- feature_19 <= -0.68
|   |--- feature_14 <= 0.49
|   |   |--- feature_3 <= -0.04
|   |   |   |--- feature_3 <= -0.93
|   |   |   |   |--- truncated branch of depth 3
|   |   |   |--- feature_3 >  -0.93
|   |   |   |   |--- truncated branch of depth 4
|   |   |--- feature_3 >  -0.04
|   |   |   |--- feature_0 <= 0.50
|   |   |   |   |--- truncated branch of depth 5
|   |   |   |--- feature_0 >  0.50
|   |   |   |   |--- truncated branch of depth 3
|   |--- feature_14 >  0.49
|   |   |--- feature_4 <= -0.65
|   |   |   |--- feature_8 <= -0.07
|   |   |   |   |--- truncated branch of depth 5
|   |   |   |--- feature_8 >  -0.07
|   |   |   |   |--- class: 13
|   |   |--- feature_4 >  -0.65
|   |   |   |--- feature_16 <= 3.02
|   |   |   |   |--- truncated branch of depth 4
|   |   |   |--- feature_16 >  3.02
|   |   |   |   |--- truncated branch of depth 4
|--- feature_19 >  -0.68
|   |--- feature_14 <= -0.54
|   |   |--- feature_15 <= -0.06
|   |   |   |--- feature_2 <= 1.30
|   |   |   |   |--- truncated branch of depth 5
|   |   |   |--- feature_2 >  1.30
|   |   |   |   |--- class: 32
|   |   |--- feature_15 >  -0.06
|   |   |   |--- feature_8 <= -0.07
|   |   |   |   |--- class: 30
|   |   |   |--- feature_8 >  -0.07
|   |   |   |   |--- truncated branch of depth 2
|   |--- feature_14 >  -0.54
|   |   |--- feature_2 <= 1.78
|   |   |   |--- feature_3 <= -0.72
|   |   |   |   |--- truncated branch of depth 5
|   |   |   |--- feature_3 >  -0.72
|   |   |   |   |--- truncated branch of depth 5
|   |   |--- feature_2 >  1.78
|   |   |   |--- class: 30

[S-REINFORCE] symbolic-policy agreement=0.311
[S-REINFORCE] symbolic-policy agreement=0.147
[S-REINFORCE] symbolic tree refit at rollout 318 | imitation_acc=0.399
|--- feature_14 <= -0.02
|   |--- feature_12 <= 0.44
|   |   |--- feature_0 <= -0.90
|   |   |   |--- feature_13 <= -0.51
|   |   |   |   |--- class: 0
|   |   |   |--- feature_13 >  -0.51
|   |   |   |   |--- truncated branch of depth 4
|   |   |--- feature_0 >  -0.90
|   |   |   |--- feature_13 <= -0.66
|   |   |   |   |--- truncated branch of depth 4
|   |   |   |--- feature_13 >  -0.66
|   |   |   |   |--- truncated branch of depth 5
|   |--- feature_12 >  0.44
|   |   |--- feature_14 <= -0.54
|   |   |   |--- feature_14 <= -0.54
|   |   |   |   |--- truncated branch of depth 3
|   |   |   |--- feature_14 >  -0.54
|   |   |   |   |--- class: 0
|   |   |--- feature_14 >  -0.54
|   |   |   |--- feature_6 <= -0.07
|   |   |   |   |--- truncated branch of depth 5
|   |   |   |--- feature_6 >  -0.07
|   |   |   |   |--- truncated branch of depth 5
|--- feature_14 >  -0.02
|   |--- feature_5 <= -0.57
|   |   |--- feature_1 <= 0.12
|   |   |   |--- feature_0 <= 1.01
|   |   |   |   |--- truncated branch of depth 3
|   |   |   |--- feature_0 >  1.01
|   |   |   |   |--- truncated branch of depth 3
|   |   |--- feature_1 >  0.12
|   |   |   |--- feature_0 <= 0.41
|   |   |   |   |--- truncated branch of depth 4
|   |   |   |--- feature_0 >  0.41
|   |   |   |   |--- truncated branch of depth 4
|   |--- feature_5 >  -0.57
|   |   |--- feature_5 <= -0.26
|   |   |   |--- feature_12 <= -0.37
|   |   |   |   |--- truncated branch of depth 3
|   |   |   |--- feature_12 >  -0.37
|   |   |   |   |--- truncated branch of depth 4
|   |   |--- feature_5 >  -0.26
|   |   |   |--- feature_15 <= -0.54
|   |   |   |   |--- truncated branch of depth 5
|   |   |   |--- feature_15 >  -0.54
|   |   |   |   |--- class: 0

[S-REINFORCE] symbolic-policy agreement=0.338
[S-REINFORCE] symbolic-policy agreement=0.229
Eval at step 320000, survival=8.249%, return=[-372.15722356592113, -176.8914231524366, -1898.998937746086, -378.26930320150694]
SPS=4
[S-REINFORCE] symbolic tree refit at rollout 320 | imitation_acc=0.381
|--- feature_16 <= -0.52
|   |--- feature_12 <= -0.66
|   |   |--- feature_13 <= -0.74
|   |   |   |--- feature_0 <= 0.35
|   |   |   |   |--- class: 0
|   |   |   |--- feature_0 >  0.35
|   |   |   |   |--- truncated branch of depth 3
|   |   |--- feature_13 >  -0.74
|   |   |   |--- class: 30
|   |--- feature_12 >  -0.66
|   |   |--- feature_14 <= 1.00
|   |   |   |--- feature_2 <= 0.57
|   |   |   |   |--- truncated branch of depth 5
|   |   |   |--- feature_2 >  0.57
|   |   |   |   |--- truncated branch of depth 2
|   |   |--- feature_14 >  1.00
|   |   |   |--- feature_2 <= -0.68
|   |   |   |   |--- class: 0
|   |   |   |--- feature_2 >  -0.68
|   |   |   |   |--- truncated branch of depth 2
|--- feature_16 >  -0.52
|   |--- feature_14 <= 1.52
|   |   |--- feature_1 <= 0.17
|   |   |   |--- feature_6 <= -0.07
|   |   |   |   |--- truncated branch of depth 5
|   |   |   |--- feature_6 >  -0.07
|   |   |   |   |--- truncated branch of depth 2
|   |   |--- feature_1 >  0.17
|   |   |   |--- feature_13 <= 0.22
|   |   |   |   |--- truncated branch of depth 5
|   |   |   |--- feature_13 >  0.22
|   |   |   |   |--- truncated branch of depth 5
|   |--- feature_14 >  1.52
|   |   |--- feature_13 <= -0.44
|   |   |   |--- feature_3 <= -0.47
|   |   |   |   |--- truncated branch of depth 2
|   |   |   |--- feature_3 >  -0.47
|   |   |   |   |--- class: 24
|   |   |--- feature_13 >  -0.44
|   |   |   |--- feature_1 <= 0.48
|   |   |   |   |--- truncated branch of depth 4
|   |   |   |--- feature_1 >  0.48
|   |   |   |   |--- truncated branch of depth 2

[S-REINFORCE] symbolic-policy agreement=0.285
[S-REINFORCE] symbolic-policy agreement=0.226
[S-REINFORCE] symbolic tree refit at rollout 322 | imitation_acc=0.436
|--- feature_16 <= -0.53
|   |--- feature_19 <= -0.69
|   |   |--- feature_3 <= -0.49
|   |   |   |--- feature_3 <= -1.27
|   |   |   |   |--- truncated branch of depth 4
|   |   |   |--- feature_3 >  -1.27
|   |   |   |   |--- truncated branch of depth 5
|   |   |--- feature_3 >  -0.49
|   |   |   |--- feature_14 <= 1.00
|   |   |   |   |--- truncated branch of depth 3
|   |   |   |--- feature_14 >  1.00
|   |   |   |   |--- truncated branch of depth 2
|   |--- feature_19 >  -0.69
|   |   |--- feature_14 <= 0.49
|   |   |   |--- feature_0 <= -0.96
|   |   |   |   |--- truncated branch of depth 2
|   |   |   |--- feature_0 >  -0.96
|   |   |   |   |--- truncated branch of depth 3
|   |   |--- feature_14 >  0.49
|   |   |   |--- feature_19 <= -0.69
|   |   |   |   |--- truncated branch of depth 2
|   |   |   |--- feature_19 >  -0.69
|   |   |   |   |--- class: 0
|--- feature_16 >  -0.53
|   |--- feature_14 <= -0.54
|   |   |--- feature_12 <= 2.39
|   |   |   |--- feature_6 <= -0.07
|   |   |   |   |--- truncated branch of depth 5
|   |   |   |--- feature_6 >  -0.07
|   |   |   |   |--- truncated branch of depth 3
|   |   |--- feature_12 >  2.39
|   |   |   |--- feature_9 <= -0.07
|   |   |   |   |--- class: 5
|   |   |   |--- feature_9 >  -0.07
|   |   |   |   |--- truncated branch of depth 4
|   |--- feature_14 >  -0.54
|   |   |--- feature_14 <= 0.49
|   |   |   |--- feature_8 <= -0.07
|   |   |   |   |--- truncated branch of depth 2
|   |   |   |--- feature_8 >  -0.07
|   |   |   |   |--- truncated branch of depth 5
|   |   |--- feature_14 >  0.49
|   |   |   |--- feature_1 <= 0.48
|   |   |   |   |--- truncated branch of depth 5
|   |   |   |--- feature_1 >  0.48
|   |   |   |   |--- truncated branch of depth 4

[S-REINFORCE] symbolic-policy agreement=0.281
[S-REINFORCE] symbolic-policy agreement=0.155
