/vol/bitbucket/ssl125/miniconda/envs/rl2grid/bin/python
Python 3.12.2
parrot.doc.ic.ac.uk
/vol/bitbucket/ssl125/RL2Grid
Initializing the distributed action 'mapper'... (takes a while with big action spaces)
Eval at step 500, survival=0.864%, return=[-1.1007218600134365, 40.990557902654, -7.117711104685441, -5.374269005847959]
SPS=5
Eval at step 1000, survival=1.038%, return=[-1.1303734809043817, 48.14164063453672, -42.463066320866346, -9.71345029239766]
SPS=9
Eval at step 1500, survival=0.050%, return=[-1.0056680554989725, 0.5247060044606525, -5.943485649845873, -1.1403508771929827]
SPS=11
Eval at step 2000, survival=0.632%, return=[-1.0760658843209967, 26.256761423746752, -9.155488646899661, -6.94152046783626]
SPS=13
Eval at step 2500, survival=0.761%, return=[-1.0918076107627712, 36.109492460886635, -7.036684917286038, -5.830409356725142]
SPS=15
Eval at step 3000, survival=0.070%, return=[-1.0071658602682874, 1.6439824899037678, -5.260403799513976, -1.2339181286549705]
SPS=16
Eval at step 3500, survival=0.475%, return=[-1.056274309521541, 19.949137883186328, -8.72252353730922, -5.0350877192982475]
SPS=17
Eval at step 4000, survival=2.129%, return=[-1.2611628179826464, 102.84261330604556, -33.676608171624444, -20.1286549707602]
SPS=18
Eval at step 4500, survival=0.207%, return=[-1.024624339460085, 7.938318840662639, -5.905833398302396, -1.678362573099415]
SPS=19
Eval at step 5000, survival=1.252%, return=[-1.1588780496191855, 57.066465829213435, -41.99969010598337, -10.134502923976603]
SPS=20
Eval at step 5500, survival=0.331%, return=[-1.0378468292377268, 13.601207911173503, -6.971137911081314, -1.7485380116959062]
SPS=20
Eval at step 6000, survival=0.761%, return=[-1.099360315517212, 35.39151669661204, -14.464370688889176, -6.251461988304098]
SPS=21
Eval at step 6500, survival=0.827%, return=[-1.0892103412770666, 39.292768632570926, -19.731058701562386, -5.918128654970764]
SPS=22
Eval at step 7000, survival=0.980%, return=[-1.105091152576885, 46.194344333012914, -24.915676054544747, -7.116959064327484]
SPS=22
Eval at step 7500, survival=4.807%, return=[-1.640091003520259, 224.06986796379155, -126.86964191667114, -31.06432748538027]
SPS=23
Eval at step 8000, survival=1.670%, return=[-1.1772328211227432, 81.55972079277032, -9.814176630849639, -8.09356725146199]
SPS=24
Eval at step 8500, survival=2.666%, return=[-1.3536926180822775, 123.18522195816031, -79.2007986886262, -22.543859649122812]
SPS=24
Eval at step 9000, survival=1.273%, return=[-1.1439840672925736, 62.31714211146038, -10.84958590567112, -5.438596491228068]
SPS=25
Eval at step 9500, survival=1.500%, return=[-1.1809648622293025, 75.13839683373772, -11.697192527043322, -6.28070175438597]
SPS=25
Eval at step 10000, survival=2.315%, return=[-1.3080176449147984, 115.19971207936612, -30.91176962425622, -12.467836257309939]
SPS=26
Eval at step 10500, survival=1.806%, return=[-1.2196401233862464, 83.52805881977095, -55.00627509989621, -11.333333333333274]
SPS=26
Eval at step 11000, survival=1.426%, return=[-1.1855823829537258, 68.60066284497582, -24.122698592642944, -7.456140350877195]
SPS=27
Eval at step 11500, survival=2.770%, return=[-1.3737136795534752, 136.59169406731917, -13.662726394987354, -16.514619883040897]
SPS=27
Eval at step 12000, survival=2.951%, return=[-1.359604246778569, 144.86672819773366, -31.936194526652496, -17.140350877192976]
SPS=27
Eval at step 12500, survival=3.051%, return=[-1.3980596872861497, 151.71504674911512, -19.948704073593643, -14.684210526315832]
SPS=28
Eval at step 13000, survival=3.749%, return=[-1.645454721020845, 163.83133549849214, -207.30165530386634, -27.760233918128908]
SPS=28
Eval at step 13500, survival=2.389%, return=[-1.371240462991409, 109.60982199986778, -102.90522104016661, -16.43274853801166]
SPS=29
Eval at step 14000, survival=0.885%, return=[-1.1178295034527157, 42.33541557153065, -13.637080655627264, -4.315789473684212]
SPS=29
Eval at step 14500, survival=0.703%, return=[-1.103300227667205, 32.96069520632427, -7.297589739163716, -3.0292397660818744]
SPS=29
Eval at step 15000, survival=1.443%, return=[-1.1438681541476399, 70.23258143107097, -11.611809124238789, -11.777777777777748]
SPS=30
Eval at step 15500, survival=0.244%, return=[-1.0375300016797457, 9.230129855473836, -8.386633274455866, -1.8771929824561404]
SPS=30
Eval at step 16000, survival=1.769%, return=[-1.2068458320572972, 83.8095080280304, -35.24138340353966, -16.608187134502902]
SPS=30
Eval at step 16500, survival=0.570%, return=[-1.0609473060661305, 25.999766031901036, -7.505334801971912, -2.9590643274853807]
SPS=31
Eval at step 17000, survival=1.017%, return=[-1.1426532961971436, 45.115560116767874, -27.436202460279066, -7.842105263157907]
SPS=31
Eval at step 17500, survival=0.624%, return=[-1.0871244102794055, 25.728005588054646, -25.212778287318844, -5.906432748538015]
SPS=31
Eval at step 18000, survival=1.013%, return=[-1.0963770797437367, 46.90625072161359, -5.976318032441971, -6.035087719298243]
SPS=32
Eval at step 18500, survival=2.604%, return=[-1.3108632734705072, 122.26860975583406, -33.02724597240255, -15.672514619882998]
SPS=32
Eval at step 19000, survival=2.679%, return=[-1.3876679512710932, 124.1412267017367, -40.04277362053593, -22.163742690058395]
SPS=32
Eval at step 19500, survival=1.732%, return=[-1.1833440777651656, 87.03691364129384, -5.800298432509105, -10.514619883040886]
SPS=32
Eval at step 20000, survival=0.058%, return=[-1.0079924271752436, 0.7930445734659832, -5.818608645349741, -1.3801169590643276]
SPS=33
Eval at step 20500, survival=0.062%, return=[-1.0070934717853863, 1.0733146031697591, -5.494379255610208, -1.327485380116959]
SPS=33
Eval at step 21000, survival=2.364%, return=[-1.2312268883106299, 115.99968731880182, -7.141288087703288, -11.736842105263156]
SPS=33
Eval at step 21500, survival=0.074%, return=[-1.0107549189900358, 1.5677457825342813, -6.136976040278872, -1.526315789473684]
SPS=33
Eval at step 22000, survival=1.021%, return=[-1.1309610202830906, 45.91580881039301, -8.094781115093307, -11.98245614035087]
SPS=34
Eval at step 22500, survival=0.533%, return=[-1.0584785005776212, 24.540712054570523, -5.954915220538775, -3.152046783625728]
SPS=34
Eval at step 23000, survival=0.393%, return=[-1.0436055603592347, 17.733531894683843, -6.061015161219984, -2.6783625730994145]
SPS=34
Eval at step 23500, survival=0.690%, return=[-1.1159554548794404, 30.078620727856947, -19.195247953844955, -6.415204678362567]
SPS=34
Eval at step 24000, survival=1.162%, return=[-1.1141743954115857, 58.313445240656534, -6.053155811891581, -6.947368421052629]
SPS=34
Eval at step 24500, survival=0.079%, return=[-1.0092523152707145, 2.0052701536814372, -5.505608497575547, -1.280701754385965]
SPS=35
Eval at step 25000, survival=2.092%, return=[-1.3383425339513149, 92.09900776863104, -61.83280272719761, -22.97660818713455]
SPS=35
Eval at step 25500, survival=0.364%, return=[-1.0405863198684528, 15.299403731028242, -5.559853098044793, -3.3216374269005837]
SPS=35
Eval at step 26000, survival=0.699%, return=[-1.0725578979278605, 30.955233138402306, -7.0356821066622315, -6.093567251461991]
SPS=35
Eval at step 26500, survival=2.410%, return=[-1.2658477562751311, 113.02423117319749, -7.099082962920268, -17.573099415204673]
SPS=35
Eval at step 27000, survival=1.170%, return=[-1.1224735059853022, 54.269697821935004, -7.3780267446612315, -8.783625730994148]
SPS=36
Eval at step 27500, survival=2.869%, return=[-1.3912161932288047, 135.39160095532728, -35.12664730688751, -18.859649122806985]
SPS=36
Eval at step 28000, survival=1.178%, return=[-1.122920350365651, 56.51296666145324, -6.731461914198007, -5.736842105263157]
SPS=36
Eval at step 28500, survival=1.947%, return=[-1.2155601356256132, 95.80851217905679, -5.372064648390126, -11.070175438596506]
SPS=36
Eval at step 29000, survival=3.439%, return=[-1.4781314996847261, 160.49648803710934, -10.4223690344564, -30.578947368421478]
SPS=36
Eval at step 29500, survival=1.922%, return=[-1.2059593914309517, 94.55805406570438, -6.010587453066061, -12.29239766081867]
SPS=36
Eval at step 30000, survival=1.430%, return=[-1.1399792348771978, 67.42031541506448, -14.016851423259746, -9.228070175438603]
SPS=37
Eval at step 30500, survival=0.645%, return=[-1.0660310379074265, 28.562641636530554, -13.093616912762323, -3.7602339181286553]
SPS=37
Eval at step 31000, survival=0.723%, return=[-1.0651622305158526, 35.72601280212403, -5.217070947711666, -4.426900584795321]
SPS=37
Eval at step 31500, survival=1.798%, return=[-1.188485469087027, 89.79332756996156, -6.864024395744006, -9.49122807017544]
SPS=37
Eval at step 32000, survival=2.344%, return=[-1.2996590761079763, 109.40906914075215, -6.571330549214811, -23.97076023391806]
SPS=37
Eval at step 32500, survival=7.457%, return=[-1.993662092931724, 336.0614070796981, -294.7621543673643, -62.83625730994239]
SPS=37
Eval at step 33000, survival=1.612%, return=[-1.1731299509216722, 79.18626329104104, -7.547654181039737, -10.643274853801161]
SPS=37
Eval at step 33500, survival=0.451%, return=[-1.0554313498626773, 19.156613620122275, -7.08233646551768, -2.9064327485380113]
SPS=37
Eval at step 34000, survival=1.749%, return=[-1.182445653559019, 85.85353301207226, -6.342700640108281, -14.163742690058486]
SPS=38
Eval at step 34500, survival=0.980%, return=[-1.0946745061858867, 49.01376942316691, -5.767834235196157, -5.801169590643274]
SPS=38
Eval at step 35000, survival=0.141%, return=[-1.0169015921807538, 4.926405618985494, -5.804669030553971, -1.654970760233918]
SPS=38
Eval at step 35500, survival=0.719%, return=[-1.0760719497144844, 34.76829755783081, -5.858585722744465, -5.204678362573101]
SPS=38
Eval at step 36000, survival=1.997%, return=[-1.2136205550050363, 99.39704238891602, -5.823298134258948, -12.116959064327474]
SPS=38
Eval at step 36500, survival=0.587%, return=[-1.0736134042187284, 26.813806406656898, -5.376766859728377, -6.181286549707607]
SPS=38
Eval at step 37000, survival=1.112%, return=[-1.1079003734436508, 54.96843600273132, -5.037917865440249, -7.4269005847953276]
SPS=38
Eval at step 37500, survival=2.670%, return=[-1.3353018982646365, 131.73853896458937, -5.40970289039736, -16.64912280701758]
SPS=39
Eval at step 38000, survival=2.137%, return=[-1.2366952123702504, 108.04184794743857, -5.328796608266809, -13.649122807017536]
SPS=39
Eval at step 38500, survival=2.873%, return=[-1.315568163835754, 140.559975528717, -7.160852351817691, -19.520467836257335]
SPS=39
Eval at step 39000, survival=0.835%, return=[-1.0839786939128924, 40.65203279177348, -6.69179053666691, -4.3801169590643285]
SPS=39
Eval at step 39500, survival=0.806%, return=[-1.0805926508231398, 39.36537043571473, -5.478257714460294, -4.011695906432748]
SPS=39
Eval at step 40000, survival=1.815%, return=[-1.1963263819149386, 93.6522385787964, -5.393694746618469, -11.508771929824578]
SPS=39
Eval at step 40500, survival=0.992%, return=[-1.0948786595836282, 50.534544283548975, -5.55758682390054, -6.4561403508772015]
SPS=39
Eval at step 41000, survival=0.422%, return=[-1.0452514149947092, 18.94121102730433, -6.310059836988027, -2.994152046783625]
SPS=39
Eval at step 41500, survival=1.397%, return=[-1.1500399699434638, 67.78673698107401, -6.280302247342964, -9.42105263157895]
SPS=39
Eval at step 42000, survival=2.484%, return=[-1.2894267896966387, 124.04250189781187, -6.716238131630234, -27.707602339181154]
SPS=40
Eval at step 42500, survival=2.042%, return=[-1.324341550275373, 90.67684276103982, -39.722876062151045, -22.812865497075972]
SPS=40
Eval at step 43000, survival=2.327%, return=[-1.2494820438053769, 113.97566679318744, -5.25083758464704, -17.49707602339187]
SPS=40
Eval at step 43500, survival=1.128%, return=[-1.0953954109960857, 59.12988714059194, -6.191800701897591, -9.701754385964913]
SPS=40
Eval at step 44000, survival=2.154%, return=[-1.224411137169227, 109.57403516769405, -7.46855536988005, -18.18128654970761]
SPS=40
Eval at step 44500, survival=1.794%, return=[-1.1751126555415492, 92.10766428152719, -5.828325676421325, -10.771929824561402]
SPS=40
Eval at step 45000, survival=2.745%, return=[-1.2885510129660058, 137.57702453295383, -11.486146003512355, -21.239766081871377]
SPS=40
Eval at step 45500, survival=3.824%, return=[-1.4074056629324332, 189.4180109182993, -5.388958950449402, -30.415204678362883]
SPS=40
Eval at step 46000, survival=5.134%, return=[-1.6880676982885536, 249.50961468378716, -8.147817093003445, -32.198830409357136]
SPS=40
Eval at step 46500, survival=2.104%, return=[-1.2144075591738026, 103.55766790548965, -6.425622777935739, -16.152046783625803]
SPS=40
Eval at step 47000, survival=1.405%, return=[-1.135436588646068, 69.84140831947323, -6.453104535738627, -8.631578947368423]
SPS=40
Eval at step 47500, survival=1.319%, return=[-1.1348303086706437, 63.646381959915125, -12.976290145966535, -10.467836257309953]
SPS=40
Eval at step 48000, survival=1.066%, return=[-1.1121701636584476, 51.21682627995809, -5.241377465504532, -6.812865497076025]
SPS=40
Eval at step 48500, survival=2.757%, return=[-1.3927643656497821, 135.76849400043494, -7.50442162581021, -17.502923976608134]
SPS=41
Eval at step 49000, survival=0.839%, return=[-1.1394611354917288, 39.00337373415629, -6.687025115514795, -5.894736842105264]
SPS=41
Eval at step 49500, survival=0.955%, return=[-1.1052696996872935, 48.12664763132731, -5.1125540294063585, -6.467836257309938]
SPS=41
Eval at step 50000, survival=1.042%, return=[-1.1262408600887284, 51.36485743522646, -5.499228596512694, -9.947368421052639]
SPS=41
Eval at step 50500, survival=4.634%, return=[-1.5813681039532337, 228.63304426193258, -59.10976316259863, -38.9181286549707]
SPS=41
Eval at step 51000, survival=2.145%, return=[-1.2242989747513395, 105.37527462641397, -5.650612730416469, -12.783625730994089]
SPS=41
Eval at step 51500, survival=3.857%, return=[-1.4112006625897873, 196.86371899127957, -7.130283395953787, -20.690058479532127]
SPS=41
Eval at step 52000, survival=3.228%, return=[-1.3284294053834553, 167.8282387574515, -5.453476313715025, -20.82456140350887]
SPS=41
Eval at step 52500, survival=2.997%, return=[-1.3498058600040774, 151.51866928418477, -13.14417335197019, -16.81871345029238]
SPS=41
Eval at step 53000, survival=4.299%, return=[-1.4541906754214626, 224.89632136027024, -5.343536156879661, -27.28654970760249]
SPS=41
Eval at step 53500, survival=1.360%, return=[-1.1364294633773777, 69.58711673418675, -5.082211257889867, -8.257309941520475]
SPS=41
Eval at step 54000, survival=1.186%, return=[-1.1278056621861954, 59.06393364270529, -5.3086165298397345, -6.105263157894736]
SPS=41
Eval at step 54500, survival=1.467%, return=[-1.143565119379976, 74.5278802394867, -5.272799099679105, -9.111111111111116]
SPS=41
Eval at step 55000, survival=2.257%, return=[-1.215766463292918, 115.88696240107221, -6.063840275009473, -11.023391812865492]
SPS=41
Eval at step 55500, survival=5.374%, return=[-1.791690558641373, 257.2585598468778, -5.252240984060336, -24.473684210526397]
SPS=41
Eval at step 56000, survival=3.150%, return=[-1.417143466048098, 151.40849588712055, -5.443919687376668, -16.982456140350774]
SPS=41
Eval at step 56500, survival=1.918%, return=[-1.1900479807324398, 96.76023194630939, -6.008861527002106, -11.912280701754385]
SPS=41
Eval at step 57000, survival=1.625%, return=[-1.1867051123020549, 79.69309870402017, -5.206186905503273, -8.853801169590648]
SPS=42
Eval at step 57500, survival=4.303%, return=[-1.627826311858371, 211.6939525604248, -5.07578978719054, -23.421052631578956]
SPS=42
Eval at step 58000, survival=1.534%, return=[-1.1647068533735971, 76.87270409266158, -5.196933584908645, -9.941520467836256]
SPS=42
Eval at step 58500, survival=1.897%, return=[-1.2134861651769218, 97.41703960100809, -5.139857220851506, -10.52046783625732]
SPS=42
Eval at step 59000, survival=0.876%, return=[-1.0920836102062215, 41.13879285812377, -6.346585966646671, -6.8187134502924]
SPS=42
Eval at step 59500, survival=3.939%, return=[-1.5648350915483509, 189.13867535591135, -7.747322437159407, -40.146198830409844]
SPS=42
Eval at step 60000, survival=2.187%, return=[-1.2475700995031123, 109.77799978733067, -11.001375183889953, -14.368421052631568]
SPS=42
Eval at step 60500, survival=1.013%, return=[-1.1294973998252924, 48.002316964467376, -10.018418691741923, -5.590643274853801]
SPS=42
Eval at step 61000, survival=2.658%, return=[-1.2821171830485885, 135.88991395632422, -5.227433702520405, -20.877192982456126]
SPS=42
Eval at step 61500, survival=1.095%, return=[-1.0998566450628762, 56.74643618265787, -5.0007179140326725, -9.380116959064322]
SPS=42
Eval at step 62000, survival=1.414%, return=[-1.1558914231718518, 71.30680054028826, -5.300040184364964, -9.456140350877194]
SPS=42
Eval at step 62500, survival=0.876%, return=[-1.0918296604650095, 43.147696606318156, -5.0, -4.204678362573098]
SPS=42
Eval at step 63000, survival=1.653%, return=[-1.1618760489703466, 85.3366182009379, -5.226902435223262, -10.421052631578961]
SPS=42
Eval at step 63500, survival=0.868%, return=[-1.083121422600622, 42.98326578140259, -5.632737701980052, -5.678362573099414]
SPS=42
Eval at step 64000, survival=1.480%, return=[-1.1719597789730567, 75.79078766504925, -5.983275632063548, -7.105263157894744]
SPS=42
Eval at step 64500, survival=1.079%, return=[-1.139595220660946, 51.902981710433956, -5.862187658747037, -8.169590643274844]
SPS=42
Eval at step 65000, survival=0.467%, return=[-1.048289065171654, 22.0303953965505, -5.220893604060014, -3.228070175438596]
SPS=43
Eval at step 65500, survival=0.604%, return=[-1.0650679379468784, 28.20113029479981, -5.807126740148912, -2.5906432748538015]
SPS=43
Eval at step 66000, survival=2.604%, return=[-1.3085583457335208, 130.55241638819385, -7.4796604179039905, -18.128654970760344]
SPS=43
Eval at step 66500, survival=3.009%, return=[-1.3756866108936567, 153.03756352106734, -6.779188159833818, -27.596491228070068]
SPS=43
Eval at step 67000, survival=3.704%, return=[-1.5631553512454655, 179.69878451347356, -29.641085988880757, -36.526315789473664]
SPS=43
Eval at step 67500, survival=1.054%, return=[-1.112456289100616, 52.885649347305296, -9.884502903723236, -8.245614035087717]
SPS=43
Eval at step 68000, survival=2.670%, return=[-1.2643317615923781, 133.11128857930498, -5.656198233676453, -16.157894736842106]
SPS=43
Eval at step 68500, survival=1.720%, return=[-1.1764236900295753, 86.9212556711833, -6.46401293327411, -9.543859649122803]
SPS=43
Eval at step 69000, survival=2.149%, return=[-1.2383309275998424, 108.98049856821693, -5.585240624146536, -15.877192982456151]
SPS=43
Eval at step 69500, survival=3.348%, return=[-1.3706451510079205, 168.6863096237182, -8.436845668203508, -20.06432748538015]
SPS=43
Eval at step 70000, survival=3.303%, return=[-1.3310323248539742, 169.66113960266117, -6.715595642201758, -24.619883040935715]
SPS=43
Eval at step 70500, survival=4.989%, return=[-1.5989741366550636, 250.5044883600871, -19.603094092550844, -33.58479532163759]
SPS=43
Eval at step 71000, survival=5.928%, return=[-1.701639743017343, 302.65489259401943, -5.869894277770072, -36.90643274853806]
SPS=43
Eval at step 71500, survival=2.501%, return=[-1.6594496531567227, 121.510018380483, -13.468571176674837, -24.906432748537856]
SPS=43
Eval at step 72000, survival=2.526%, return=[-1.2724651026267868, 125.33668870290114, -6.655134079842052, -14.163742690058484]
SPS=43
Eval at step 72500, survival=3.952%, return=[-1.4578240435221232, 202.11309834798166, -11.192232366263246, -26.45614035087709]
SPS=43
Eval at step 73000, survival=5.088%, return=[-2.558059444806228, 247.35081302324934, -28.047495106370963, -40.304093567252]
SPS=43
Eval at step 73500, survival=1.141%, return=[-1.7901705723876755, 55.85818386077881, -13.65170969061243, -8.71929824561405]
SPS=43
Eval at step 74000, survival=1.637%, return=[-1.248613679005454, 78.2768196471532, -23.80802196605752, -13.912280701754367]
SPS=43
Eval at step 74500, survival=2.042%, return=[-1.238291091285646, 102.47570574442545, -43.691483854316175, -18.742690058479543]
SPS=43
Eval at step 75000, survival=1.083%, return=[-1.1336066902149469, 52.60672890981036, -29.247509234584868, -10.70760233918128]
SPS=43
Eval at step 75500, survival=1.451%, return=[-1.1742437089560553, 69.47565336863202, -44.73509044572711, -12.953216374268983]
SPS=43
Eval at step 76000, survival=1.500%, return=[-1.172223236450615, 75.13766918500265, -7.932644873042591, -11.000000000000002]
SPS=43
Eval at step 76500, survival=1.885%, return=[-1.229558407581256, 93.90851484537126, -7.29900008191665, -16.25730994152048]
SPS=44
Eval at step 77000, survival=2.195%, return=[-1.3046968405833468, 104.15265663941716, -70.60899080881306, -22.070175438596554]
SPS=44
Eval at step 77500, survival=3.559%, return=[-1.3782375378262561, 178.97263071378066, -7.003861597176486, -30.88888888888896]
SPS=44
Eval at step 78000, survival=3.133%, return=[-1.7628856584584962, 152.8511298775674, -14.522002432805797, -30.59064327485392]
SPS=44
Eval at step 78500, survival=2.013%, return=[-1.1993679766116354, 97.44483617146813, -8.721576327312505, -15.643274853801136]
SPS=44
Eval at step 79000, survival=10.177%, return=[-2.5959154531398476, 474.2418963591254, -8.35065055769519, -93.05263157894926]
SPS=44
Eval at step 79500, survival=3.150%, return=[-1.5537151082923326, 150.18388282934833, -7.981690641182165, -31.748538011696194]
SPS=44
Eval at step 80000, survival=1.798%, return=[-1.2473503594907622, 86.78941088994345, -19.418815353225607, -18.964912280701654]
SPS=44
Eval at step 80500, survival=4.911%, return=[-1.7490464621417534, 232.39817868073783, -23.161280833301134, -49.8771929824562]
SPS=44
Eval at step 81000, survival=4.394%, return=[-1.9585852080878492, 207.57153525034585, -14.763200698333094, -50.93567251462023]
SPS=44
Eval at step 81500, survival=3.001%, return=[-1.4627247425572325, 144.3763266309102, -15.032344591561317, -32.578947368420906]
SPS=44
Eval at step 82000, survival=3.377%, return=[-1.4328617565721895, 169.0887078158062, -6.988587442940722, -20.14619883040942]
SPS=44
Eval at step 82500, survival=3.522%, return=[-2.4186358501707823, 170.57605189005548, -13.050656744211059, -25.976608187134755]
SPS=44
Eval at step 83000, survival=0.736%, return=[-1.0858565525656256, 35.10075642585755, -15.165701682756966, -5.7368421052631575]
SPS=44
Eval at step 83500, survival=4.026%, return=[-2.3647375400178134, 204.21152535756428, -11.902540169479229, -18.274853801169623]
SPS=44
Eval at step 84000, survival=3.981%, return=[-1.4389366839701931, 205.62427788257597, -9.901811154404035, -29.725146198830288]
SPS=44
Eval at step 84500, survival=5.717%, return=[-3.6955528142667995, 280.73595054944354, -23.080776451155543, -44.97660818713476]
SPS=44
Eval at step 85000, survival=4.654%, return=[-1.5521180175128393, 228.75166175524396, -22.055541942167718, -27.321637426900793]
SPS=44
Eval at step 85500, survival=2.211%, return=[-1.2534549894432228, 109.33541686375933, -29.77758638964345, -17.128654970760245]
SPS=44
Eval at step 86000, survival=1.319%, return=[-1.13795476796804, 64.0700432618459, -5.780134658241877, -7.274853801169589]
SPS=44
Eval at step 86500, survival=6.920%, return=[-1.7537440445351724, 353.0646124108633, -11.214554172183853, -54.403508771930206]
SPS=44
Eval at step 87000, survival=1.997%, return=[-1.2141030844456207, 101.51037148634595, -6.397706864401698, -15.47953216374267]
SPS=44
Eval at step 87500, survival=2.476%, return=[-1.3580994730776486, 120.37355997721356, -28.56489833945913, -15.339181286549708]
SPS=44
Eval at step 88000, survival=1.819%, return=[-1.5340628895404127, 94.38534655253089, -12.833134938031435, -14.093567251461986]
SPS=44
Eval at step 88500, survival=2.472%, return=[-1.2452664755789253, 122.76510796387994, -6.811798942513026, -13.292397660818652]
SPS=44
Eval at step 89000, survival=6.639%, return=[-7.561106619075872, 319.3405993588769, -95.40532450132741, -48.06432748538044]
SPS=44
Eval at step 89500, survival=2.484%, return=[-1.2861005541441652, 121.79515934785202, -6.803856442585432, -16.877192982456126]
SPS=44
Eval at step 90000, survival=4.010%, return=[-4.550169309484772, 191.65823911031092, -37.88720488259181, -24.95321637426898]
SPS=44
Eval at step 90500, survival=4.725%, return=[-3.5908064545559077, 220.31106756210318, -27.22189152154412, -19.497076023391923]
SPS=44
Eval at step 91000, survival=3.886%, return=[-1.4580267140020926, 195.00218330701193, -7.719013729923366, -21.233918128654974]
SPS=44
Eval at step 91500, survival=1.071%, return=[-1.118777111133871, 54.044711112976074, -5.334785558981821, -7.286549707602341]
SPS=44
Eval at step 92000, survival=3.567%, return=[-1.4346189184774023, 175.37809801896404, -11.64506821258889, -24.16959064327493]
SPS=44
Eval at step 92500, survival=5.928%, return=[-2.7629152188504427, 281.48873477617923, -24.459087734935263, -24.391812865497098]
SPS=44
Eval at step 93000, survival=3.485%, return=[-2.7269800272770226, 167.71691136678058, -21.163661239518962, -18.426900584795366]
SPS=44
Eval at step 93500, survival=5.386%, return=[-4.63375493567825, 250.16301650047305, -36.17748951749915, -20.543859649122812]
SPS=44
Eval at step 94000, survival=7.606%, return=[-1.9762407234520651, 373.70016814867654, -9.01589686788308, -39.30409356725166]
SPS=44
Eval at step 94500, survival=7.618%, return=[-1.8907489531557076, 356.7071007569629, -18.259371902087878, -23.385964912280752]
SPS=44
Eval at step 95000, survival=7.502%, return=[-1.8558792890204738, 356.0744741694132, -17.957897154206876, -31.087719298245712]
SPS=44
Eval at step 95500, survival=6.258%, return=[-8.129969229126194, 284.3548512808484, -79.81867562216333, -30.3684210526317]
SPS=44
Eval at step 96000, survival=7.482%, return=[-6.557772768331536, 358.3433144664764, -40.03865703596451, -35.871345029239954]
SPS=44
Eval at step 96500, survival=3.356%, return=[-1.3720805078822498, 163.8099338150024, -11.070272259661579, -19.91812865497082]
SPS=44
Eval at step 97000, survival=5.754%, return=[-7.680095511430409, 255.22085091590893, -53.75318094594453, -26.91228070175445]
SPS=44
Eval at step 97500, survival=7.126%, return=[-1.9304152928525582, 338.29490808963754, -20.579758159259352, -29.77777777777787]
SPS=44
Eval at step 98000, survival=5.349%, return=[-2.3117496155706854, 256.2377077463271, -28.6399356369681, -24.45029239766082]
SPS=44
Eval at step 98500, survival=7.172%, return=[-4.274421072991875, 338.74218206723543, -46.19278778128986, -46.122807017544055]
SPS=44
Eval at step 99000, survival=4.865%, return=[-15.974723522900604, 213.74242786407487, -108.76305545315456, -45.67251461988346]
SPS=44
Eval at step 99500, survival=5.816%, return=[-11.088989972796602, 270.5798081048331, -66.65070129480834, -42.514619883041036]
SPS=44
Eval at step 100000, survival=5.386%, return=[-16.31625474226894, 242.84995535850535, -101.34019527603716, -49.514619883041156]
SPS=44
Eval at step 100500, survival=12.029%, return=[-2.755491333994238, 579.7846515878042, -9.851138700149022, -82.98245614035218]
SPS=44
Eval at step 101000, survival=9.995%, return=[-2.22017793629008, 474.1081180286408, -20.219174829224965, -53.432748538012284]
SPS=44
Eval at step 101500, survival=10.313%, return=[-3.017992055257006, 482.9850109163926, -38.64017839898103, -55.97660818713528]
SPS=44
Eval at step 102000, survival=5.750%, return=[-3.4252679785713553, 277.0563916492461, -36.93191268605491, -32.18713450292402]
SPS=44
Eval at step 102500, survival=17.795%, return=[-3.301655653573107, 835.5291279554358, -38.06643358027304, -85.61988304093721]
SPS=44
Eval at step 103000, survival=9.937%, return=[-3.05026517783214, 459.4769106229142, -64.929438657787, -48.725146198830835]
SPS=44
Eval at step 103500, survival=5.188%, return=[-1.7631587555903632, 240.47546572287897, -53.688215369111276, -22.2222222222222]
SPS=44
Eval at step 104000, survival=7.556%, return=[-2.1985685132288686, 335.08828280448915, -100.1670906814082, -37.871345029239855]
SPS=44
Eval at step 104500, survival=10.231%, return=[-3.6851148747179345, 481.2586523119606, -54.1036278748846, -61.64912280701793]
SPS=44
Eval at step 105000, survival=5.969%, return=[-1.778649451637951, 280.61527339935355, -114.502690367568, -38.39766081871384]
SPS=44
Eval at step 105500, survival=6.684%, return=[-1.8966765608056448, 331.4052813561757, -6.48425361327827, -46.28654970760264]
SPS=44
Eval at step 106000, survival=7.209%, return=[-1.9163954272517003, 353.57274215698243, -16.544300942997022, -41.53216374269014]
SPS=44
Eval at step 106500, survival=5.663%, return=[-1.798013509736241, 272.96967628796887, -11.340774143881086, -33.2105263157896]
SPS=44
Eval at step 107000, survival=7.519%, return=[-1.998342565066802, 365.9200621891022, -21.600475042316248, -48.21052631578982]
SPS=44
Eval at step 107500, survival=5.808%, return=[-3.747791948087979, 285.5555574099224, -28.464149717028096, -37.49707602339176]
SPS=44
Eval at step 108000, survival=9.656%, return=[-2.6540553342589797, 458.30203801313974, -5.619487809159182, -72.9181286549718]
SPS=44
Eval at step 108500, survival=7.474%, return=[-2.713104354023623, 360.2469704516731, -42.45964502247322, -38.97076023391832]
SPS=44
Eval at step 109000, survival=3.096%, return=[-3.069323103680896, 150.57949420293176, -24.903009962232318, -20.90058479532161]
SPS=44
Eval at step 109500, survival=7.147%, return=[-1.9270083039106491, 342.040473386447, -118.49049204149439, -45.60818713450316]
SPS=44
Eval at step 110000, survival=5.961%, return=[-2.884642099903431, 280.67318527539607, -81.06534514308441, -34.01169590643282]
SPS=44
Eval at step 110500, survival=7.581%, return=[-2.8432923810905777, 354.58800065040623, -133.52373952580578, -50.339181286550115]
SPS=44
Eval at step 111000, survival=5.452%, return=[-1.720522017586821, 260.0475526110332, -57.01319038979576, -26.935672514619892]
SPS=44
Eval at step 111500, survival=7.288%, return=[-1.968026244294985, 354.5796660137177, -46.146228074328974, -37.22222222222228]
SPS=44
Eval at step 112000, survival=4.998%, return=[-1.5593476764818963, 248.5954366683961, -9.552402981556952, -27.192982456140314]
SPS=44
Eval at step 112500, survival=5.841%, return=[-1.6651077042527807, 278.33050388495144, -13.446960283535494, -28.836257309941526]
SPS=44
Eval at step 113000, survival=7.139%, return=[-1.9162236183765344, 345.2184962590534, -14.351929502760564, -39.76608187134519]
SPS=44
Eval at step 113500, survival=4.535%, return=[-1.507107560930308, 214.89403164545703, -12.445950622903183, -21.14619883040931]
SPS=44
Eval at step 114000, survival=7.172%, return=[-1.9295004756228689, 326.54361352125824, -39.06728427746566, -50.269005847953615]
SPS=44
Eval at step 114500, survival=8.838%, return=[-2.4848510344551564, 415.9477662007011, -31.686791751126293, -43.0000000000002]
SPS=44
Eval at step 115000, survival=5.460%, return=[-1.625794095355862, 258.65035770734147, -14.656096609595503, -21.95321637426899]
SPS=44
Eval at step 115500, survival=2.984%, return=[-1.3306999775231816, 140.37252771059673, -12.669360388536006, -10.163742690058477]
SPS=44
Eval at step 116000, survival=5.039%, return=[-1.5612736953189597, 239.79988107681265, -16.392383627247302, -21.36842105263159]
SPS=44
Eval at step 116500, survival=5.316%, return=[-1.6785632922546938, 257.16868139108016, -17.760596506772952, -23.877192982456336]
SPS=44
Eval at step 117000, survival=6.812%, return=[-1.7994432850391604, 322.54153814951604, -29.990966521940816, -29.61403508771941]
SPS=44
Eval at step 117500, survival=5.799%, return=[-1.6641751175823931, 273.4338390509287, -24.748387570941606, -30.011695906433065]
SPS=44
Eval at step 118000, survival=6.841%, return=[-1.773120150610339, 321.1382854620612, -33.077104638291836, -38.91812865497116]
SPS=44
Eval at step 118500, survival=6.729%, return=[-1.778869170831361, 308.3476438681284, -33.78852508284035, -20.046783625731017]
SPS=44
Eval at step 119000, survival=4.386%, return=[-1.5634070652110192, 215.23411370913186, -10.354505502968095, -21.27485380116962]
SPS=44
Eval at step 119500, survival=4.382%, return=[-1.5061935619063054, 207.3965229384104, -16.596382187589672, -19.22222222222217]
SPS=44
Eval at step 120000, survival=7.366%, return=[-1.9407880033055942, 369.6491563955942, -8.470784311687263, -39.94736842105294]
SPS=44
Eval at step 120500, survival=5.804%, return=[-1.7506883139916074, 275.0062820879618, -15.30936261106884, -26.96491228070195]
SPS=44
Eval at step 121000, survival=4.063%, return=[-1.4717102349192526, 209.02453173637377, -7.109032255480997, -24.426900584795288]
SPS=44
Eval at step 121500, survival=5.217%, return=[-1.7735786794025141, 256.9141991917291, -9.097637135205636, -35.49122807017561]
SPS=44
Eval at step 122000, survival=2.550%, return=[-1.290210165316239, 130.00673567454027, -6.403494235593826, -12.128654970760232]
SPS=44
Eval at step 122500, survival=7.825%, return=[-2.0637581738798567, 385.31501848538693, -13.028264744915456, -51.63157894736886]
SPS=44
Eval at step 123000, survival=4.890%, return=[-1.5773877621395513, 240.49944519996635, -12.73144630815174, -28.409356725146264]
SPS=44
Eval at step 123500, survival=8.842%, return=[-3.571462814560315, 425.62787026087466, -28.564979377687752, -50.54385964912321]
SPS=44
Eval at step 124000, survival=5.589%, return=[-2.6842510773955532, 266.20495461781826, -23.908141397463623, -27.58479532163746]
SPS=44
Eval at step 124500, survival=4.539%, return=[-5.2765472351651015, 213.68567360242204, -37.56932818859544, -27.549707602339158]
SPS=44
Eval at step 125000, survival=4.857%, return=[-8.252104947518092, 229.96647186279287, -47.395662273327616, -29.953216374268994]
SPS=44
Eval at step 125500, survival=7.643%, return=[-1.9442468741326593, 369.8149004809061, -16.623522804759887, -35.7953216374271]
SPS=44
Eval at step 126000, survival=8.069%, return=[-4.395945326774381, 380.38028600851703, -28.393039830198784, -38.444444444444635]
SPS=44
Eval at step 126500, survival=6.874%, return=[-1.8937752272274035, 346.10391596158325, -11.27902560266375, -49.2222222222222]
SPS=44
Eval at step 127000, survival=2.972%, return=[-1.384595453797374, 144.07210052808122, -7.425375433483471, -11.742690058479598]
SPS=44
Eval at step 127500, survival=15.005%, return=[-3.077924577674518, 715.7525232076647, -21.885119966541726, -59.79532163742778]
SPS=43
Eval at step 128000, survival=3.733%, return=[-2.4566434188357866, 180.28306931654626, -21.31438143675526, -18.286549707602333]
SPS=43
Eval at step 128500, survival=4.692%, return=[-1.5783432356159512, 229.92010631561288, -26.527068990282714, -22.964912280701743]
SPS=43
Eval at step 129000, survival=6.291%, return=[-2.8397209949519797, 308.3201436487833, -14.783935383815939, -34.52046783625759]
SPS=43
Eval at step 129500, survival=7.755%, return=[-3.1846695503918454, 363.89311393102, -66.99643731515971, -39.175438596491624]
SPS=43
Eval at step 130000, survival=6.039%, return=[-3.8003861376976906, 291.6563288704554, -59.78889570145111, -35.73684210526323]
SPS=43
Eval at step 130500, survival=7.672%, return=[-2.055652824618543, 373.4437093925476, -39.95468908406716, -39.32163742690083]
SPS=43
Eval at step 131000, survival=11.719%, return=[-3.843370774605622, 543.8679404338209, -121.52246054808104, -55.32163742690127]
SPS=43
Eval at step 131500, survival=3.861%, return=[-1.475958501745481, 193.23194907188415, -12.960486901089704, -18.28654970760229]
SPS=43
Eval at step 132000, survival=4.390%, return=[-2.2641147922646874, 207.36732913017283, -39.394132809240546, -20.818713450292353]
SPS=43
Eval at step 132500, survival=7.271%, return=[-4.233659651227451, 359.54377057393407, -36.64308139896699, -38.27485380116977]
SPS=43
Eval at step 133000, survival=9.028%, return=[-2.2243604542260678, 447.32701243082676, -23.371024178068183, -46.23976608187156]
SPS=43
Eval at step 133500, survival=9.735%, return=[-3.6834665057443394, 482.43631886800034, -34.86081615779161, -52.77192982456191]
SPS=43
Eval at step 134000, survival=8.321%, return=[-2.114206648839172, 415.85407288233426, -16.9385039476086, -45.070175438596955]
SPS=43
Eval at step 134500, survival=7.428%, return=[-1.9699964571627788, 370.39433885097515, -8.92489835366708, -35.93567251462018]
SPS=43
Eval at step 135000, survival=4.840%, return=[-1.6423142244069215, 243.94869900385535, -7.817567467500339, -29.023391812865484]
SPS=43
Eval at step 135500, survival=7.833%, return=[-4.659646983316634, 392.0881925233207, -28.031250294333102, -45.4269005847957]
SPS=43
Eval at step 136000, survival=4.840%, return=[-1.5941330798280735, 244.99052058060965, -8.976759557209638, -25.140350877192926]
SPS=43
Eval at step 136500, survival=4.592%, return=[-5.936504828549611, 223.16056723594681, -42.63747937131544, -34.1286549707604]
SPS=43
Eval at step 137000, survival=7.341%, return=[-6.582923318647469, 361.60240880966217, -64.12586316581776, -53.10526315789516]
SPS=43
Eval at step 137500, survival=7.416%, return=[-1.9726435356812242, 370.9615183575948, -12.542342640343122, -49.38011695906496]
SPS=43
Eval at step 138000, survival=6.605%, return=[-2.574303090785785, 313.7810737737022, -46.90836048471101, -30.187134502924163]
SPS=43
Eval at step 138500, survival=5.266%, return=[-2.360600662243087, 259.13484026749944, -34.00799550061735, -28.32163742690047]
SPS=43
Eval at step 139000, survival=7.928%, return=[-4.058380789239891, 390.4046835215889, -41.27989167224829, -44.43274853801199]
SPS=43
Eval at step 139500, survival=5.378%, return=[-1.7009646468407784, 264.92071926911666, -31.18453471561467, -27.88304093567243]
SPS=43
Eval at step 140000, survival=2.993%, return=[-3.0322727697590985, 144.40227065881098, -32.97598868375644, -16.660818713450265]
SPS=43
Eval at step 140500, survival=5.349%, return=[-5.37288914056262, 257.80219222068786, -51.086955439629186, -41.23976608187164]
SPS=43
Eval at step 141000, survival=3.187%, return=[-1.3923371081861358, 155.08225503921514, -20.811617036936997, -11.40935672514618]
SPS=43
Eval at step 141500, survival=3.741%, return=[-1.8077674920205027, 179.91109862009694, -12.67747083005088, -19.040935672514696]
SPS=43
Eval at step 142000, survival=5.915%, return=[-1.756481978382605, 288.6967503388722, -13.402346872278335, -35.2046783625732]
SPS=43
Eval at step 142500, survival=5.597%, return=[-1.7345699072466232, 269.8000215276081, -17.901637241785163, -24.88304093567254]
SPS=43
Eval at step 143000, survival=5.390%, return=[-3.0379203691651733, 265.6638698482514, -16.423117343530368, -28.450292397660984]
SPS=43
Eval at step 143500, survival=8.147%, return=[-3.138570905876501, 402.4863352966311, -16.716921212044934, -45.08771929824573]
SPS=43
Eval at step 144000, survival=6.097%, return=[-1.8211475862966229, 303.8205605125429, -14.200542468742546, -32.30994152046789]
SPS=43
Eval at step 144500, survival=7.523%, return=[-2.0301288526000767, 375.56278514544175, -15.771073193852013, -39.6257309941522]
SPS=43
Eval at step 145000, survival=7.494%, return=[-1.942244194758435, 378.5868514887493, -14.910850002294561, -40.497076023391834]
SPS=43
Eval at step 145500, survival=4.398%, return=[-1.549588040933789, 220.55668560663858, -12.783586682569876, -20.40935672514614]
SPS=44
Eval at step 146000, survival=7.750%, return=[-2.086656998610124, 385.4942911434173, -12.448796586550694, -43.315789473684326]
SPS=44
Eval at step 146500, survival=5.584%, return=[-1.7157139360012177, 272.0233061107, -12.796104468686584, -24.20467836257312]
SPS=44
Eval at step 147000, survival=6.023%, return=[-1.7715547643601894, 297.6314850966134, -10.47870152220518, -28.654970760234004]
SPS=44
Eval at step 147500, survival=7.523%, return=[-2.0232760337530635, 361.30720858573886, -21.42960479054212, -33.69005847953246]
SPS=43
Eval at step 148000, survival=6.804%, return=[-1.904212238790933, 326.77094100157456, -28.557857045942608, -32.63157894736853]
SPS=43
Eval at step 148500, survival=3.514%, return=[-1.4515941300002548, 175.05674226760866, -8.592894797785751, -17.81286549707603]
SPS=44
Eval at step 149000, survival=4.609%, return=[-1.5848279688507318, 226.60165221055354, -19.274251041135926, -20.52046783625725]
SPS=44
Eval at step 149500, survival=5.874%, return=[-4.420854667628494, 286.6997273206711, -25.69974013135652, -28.596491228070267]
SPS=44
Eval at step 150000, survival=7.812%, return=[-16.87274653383065, 352.00758238633483, -140.2466956199205, -56.18713450292443]
SPS=44
Eval at step 150500, survival=8.991%, return=[-10.335643157168912, 420.40262725512207, -97.71758325572107, -54.89473684210581]
SPS=44
Eval at step 151000, survival=8.366%, return=[-8.01763509887193, 376.4901691881819, -129.3874527310545, -49.18128654970792]
SPS=44
Eval at step 151500, survival=4.253%, return=[-10.954706288369684, 186.96895743052178, -77.35309831887328, -30.871345029239876]
SPS=44
Eval at step 152000, survival=8.131%, return=[-5.4103701412677765, 386.01413353125196, -54.95532073484052, -45.37426900584825]
SPS=44
Eval at step 152500, survival=5.758%, return=[-1.6950304690011155, 271.21262216568, -23.12418365959699, -26.532163742690287]
SPS=44
Eval at step 153000, survival=5.097%, return=[-1.6716496355754014, 242.74961594104767, -25.562706442646533, -19.807017543859615]
SPS=43
Eval at step 153500, survival=10.669%, return=[-2.326628287381027, 495.3039915196097, -34.86529264110262, -45.953216374269566]
SPS=43
Eval at step 154000, survival=23.355%, return=[-5.934103097960663, 1082.4183266719176, -189.91755739814894, -144.0643274853808]
SPS=43
Eval at step 154500, survival=17.762%, return=[-3.387186403987774, 822.667283541362, -118.77203180158783, -84.94152046783763]
SPS=43
Eval at step 155000, survival=3.985%, return=[-1.4687717497969668, 191.97709045728047, -13.694509746914264, -13.643274853801147]
SPS=43
Eval at step 155500, survival=6.353%, return=[-1.7707636990817264, 292.91083146731074, -32.952049564628396, -27.321637426900583]
SPS=43
Eval at step 156000, survival=8.738%, return=[-2.0962297989754006, 410.69534240404806, -47.73965757102511, -45.350877192982686]
SPS=43
Eval at step 156500, survival=15.906%, return=[-3.313192856090609, 739.1127637751842, -292.1045744022995, -107.00584795321835]
SPS=43
Eval at step 157000, survival=36.376%, return=[-6.006246146435539, 1721.6472823540378, -117.97618437338194, -154.39766081871701]
SPS=43
Eval at step 157500, survival=14.327%, return=[-3.0500587604862326, 678.3197419166567, -39.243911772588035, -52.502923976608976]
SPS=43
Eval at step 158000, survival=4.741%, return=[-3.903464407873495, 226.31928045590726, -27.166377124061302, -24.578947368421016]
SPS=43
Eval at step 158500, survival=9.487%, return=[-6.718748305128732, 437.2287600692113, -49.25188753206385, -45.90058479532195]
SPS=43
Eval at step 159000, survival=13.442%, return=[-8.588175363799868, 622.5699350007378, -52.21268829041219, -66.26315789473801]
SPS=43
Eval at step 159500, survival=9.160%, return=[-2.6373863539386853, 437.79360469341333, -23.298265427353424, -43.40350877193027]
SPS=43
Eval at step 160000, survival=11.219%, return=[-2.579951550326465, 542.5354731305439, -6.8429479111291585, -54.994152046784166]
SPS=43
Eval at step 160500, survival=7.151%, return=[-1.9224709334472816, 354.03097248236344, -26.63169789845415, -35.63742690058482]
SPS=43
Eval at step 161000, survival=8.185%, return=[-2.7718749873844595, 394.9507212273275, -38.90143329759788, -40.16959064327518]
SPS=43
Eval at step 161500, survival=19.101%, return=[-3.978049505424375, 890.9303402026486, -82.64179600245309, -88.58479532163899]
SPS=43
Eval at step 162000, survival=11.801%, return=[-2.834754789539147, 551.1971369218826, -70.22410250629764, -54.04093567251531]
SPS=43
Eval at step 162500, survival=8.805%, return=[-4.92963159128946, 407.35067605972273, -57.033177539041695, -42.93567251462023]
SPS=43
Eval at step 163000, survival=9.689%, return=[-8.3853709489534, 445.83894260724395, -82.91241190635135, -42.362573099415506]
SPS=43
Eval at step 163500, survival=6.618%, return=[-1.8809242787150044, 323.83678064028425, -23.383016411979042, -33.28070175438605]
SPS=43
Eval at step 164000, survival=10.115%, return=[-2.4458919504152923, 479.56405035018935, -46.564292029671684, -38.701754385965266]
SPS=43
Eval at step 164500, survival=8.875%, return=[-2.2271762134235664, 423.69121738751727, -47.031181043896744, -36.894736842105594]
SPS=43
Eval at step 165000, survival=6.829%, return=[-1.880411380669102, 326.50671247800204, -47.66488548616568, -24.935672514619963]
SPS=43
Eval at step 165500, survival=5.246%, return=[-1.6706794396741316, 254.9504067134858, -32.15453326171458, -21.74853801169589]
SPS=43
Eval at step 166000, survival=9.520%, return=[-2.3203112331878706, 449.23820150375354, -52.586704779576394, -55.0000000000007]
SPS=43
Eval at step 166500, survival=3.981%, return=[-2.534158487629611, 191.27931283791852, -18.199700412689708, -17.93567251461989]
SPS=43
Eval at step 167000, survival=7.027%, return=[-1.962060072827929, 330.3839213879905, -37.35517296069884, -39.30409356725155]
SPS=43
Eval at step 167500, survival=4.572%, return=[-1.6159291867516004, 218.1176064650218, -26.609992888589357, -22.000000000000068]
SPS=43
Eval at step 168000, survival=24.599%, return=[-9.291975475905929, 1135.7643518654513, -168.6687065297243, -130.89473684210802]
SPS=43
Eval at step 168500, survival=6.209%, return=[-6.205502707297758, 280.98106765747065, -73.55936750705587, -30.391812865497283]
SPS=43
Eval at step 169000, survival=7.457%, return=[-13.97990033113941, 339.7599498844149, -86.92679212717728, -44.45614035087758]
SPS=43
Eval at step 169500, survival=8.304%, return=[-7.793971788565007, 387.8653619543711, -46.991149178284104, -45.064327485380545]
SPS=43
Eval at step 170000, survival=7.130%, return=[-3.6077105216681957, 341.8955726973217, -19.796877895354555, -36.888888888889134]
SPS=43
Eval at step 170500, survival=24.165%, return=[-13.258233091852162, 1124.5698070557876, -79.09256444746158, -129.22222222222175]
SPS=43
Eval at step 171000, survival=11.210%, return=[-5.261008907128901, 520.2570720163986, -31.41757425351534, -64.30994152046873]
SPS=42
Eval at step 171500, survival=4.563%, return=[-8.907657411977803, 208.4189764531454, -52.52251652319683, -29.34502923976609]
SPS=43
Eval at step 172000, survival=5.031%, return=[-9.336528419090124, 235.4534523089727, -55.285105030052364, -33.77777777777782]
SPS=43
Eval at step 172500, survival=6.634%, return=[-11.341448042638755, 292.6317608324688, -83.38345595361898, -36.9590643274857]
SPS=43
Eval at step 173000, survival=12.314%, return=[-18.10088113650757, 549.5290257453926, -144.27484685248115, -81.42105263157971]
SPS=42
Eval at step 173500, survival=7.110%, return=[-5.603846718654192, 336.3662285137178, -32.87866154825315, -37.26315789473699]
SPS=42
Eval at step 174000, survival=5.928%, return=[-4.776871513982769, 278.6231005732221, -40.282072342922525, -27.918128654970825]
SPS=43
Eval at step 174500, survival=5.915%, return=[-5.80415074020857, 278.6102014350892, -52.30821947827841, -30.643274853801156]
SPS=43
Eval at step 175000, survival=7.267%, return=[-8.331360883060066, 338.33986334006016, -55.82548805911938, -42.9064327485383]
SPS=43
Eval at step 175500, survival=17.072%, return=[-19.133117922814563, 756.2973427232092, -337.7372773361567, -107.86549707602533]
SPS=42
Eval at step 176000, survival=8.342%, return=[-6.999886803348393, 385.984797967275, -46.20551949508566, -50.00000000000037]
SPS=42
Eval at step 176500, survival=6.097%, return=[-1.8757019047431338, 289.6530795081455, -27.73633428316437, -39.74269005847956]
SPS=42
Eval at step 177000, survival=5.663%, return=[-1.8102213059513208, 268.21876220703126, -21.383383627287305, -27.94152046783641]
SPS=42
Eval at step 177500, survival=7.403%, return=[-2.023719225486275, 349.26157564798956, -22.653790063816512, -35.60818713450309]
SPS=42
Eval at step 178000, survival=5.481%, return=[-2.086906708641133, 265.0671869452794, -18.912769274417467, -32.22807017543883]
SPS=42
Eval at step 178500, survival=4.716%, return=[-8.262638571613934, 224.1195931641261, -47.26352567023908, -33.292397660818715]
SPS=43
Eval at step 179000, survival=8.160%, return=[-6.4511347569447635, 406.65397760391244, -33.51424367475829, -53.4385964912287]
SPS=43
Eval at step 179500, survival=5.928%, return=[-32.105067382605434, 241.2838211695354, -185.16360797876163, -68.45614035087767]
SPS=43
Eval at step 180000, survival=17.254%, return=[-60.80652638996253, 716.0830265760424, -429.8490661039056, -143.94736842105448]
SPS=42
Eval at step 180500, survival=9.668%, return=[-42.75933510800436, 377.20144689401013, -312.4720846783821, -89.2690058479539]
SPS=42
Eval at step 181000, survival=6.014%, return=[-35.16432144062128, 237.86761105855314, -212.9471857151584, -66.0175438596495]
SPS=42
Eval at step 181500, survival=25.430%, return=[-93.37234989024, 1014.1429396478339, -715.8858205206343, -212.5847953216385]
SPS=42
Eval at step 182000, survival=20.565%, return=[-89.09693746635458, 801.6192690610886, -634.7441050677784, -180.6725146198819]
SPS=42
Eval at step 182500, survival=7.234%, return=[-11.295420218608342, 315.77760505040493, -71.63384271073544, -43.631578947368695]
SPS=42
Eval at step 183000, survival=5.824%, return=[-10.725149904959835, 259.7672591400146, -66.98699057420406, -37.1286549707604]
SPS=42
Eval at step 183500, survival=27.497%, return=[-41.01656955639677, 1218.281251223882, -393.6074888093426, -158.9122807017574]
SPS=42
Eval at step 184000, survival=18.031%, return=[-13.145537641248666, 846.1186130793884, -114.50224699109458, -84.80701754386098]
SPS=42
Eval at step 184500, survival=5.948%, return=[-8.124856373101162, 287.8366601371764, -42.47096814395627, -41.44444444444474]
SPS=42
Eval at step 185000, survival=8.180%, return=[-5.4433416653579725, 392.00799954255416, -49.139511408245504, -39.298245614035444]
SPS=42
Eval at step 185500, survival=11.946%, return=[-2.744944107136689, 566.0878226391477, -86.57471461393227, -58.877192982456904]
SPS=42
Eval at step 186000, survival=4.464%, return=[-8.288028088068435, 208.6109155511857, -47.677317003671, -32.81286549707621]
SPS=42
Eval at step 186500, survival=7.457%, return=[-9.190840656190025, 346.45085138956705, -123.77741045936516, -56.38011695906497]
SPS=42
Eval at step 187000, survival=7.089%, return=[-2.5604244149678075, 335.5879638989772, -119.14812609150734, -67.17543859649169]
SPS=42
Eval at step 187500, survival=3.799%, return=[-2.1327362060934925, 183.59770739078536, -59.20927100385112, -39.859649122806964]
SPS=42
Eval at step 188000, survival=7.928%, return=[-2.760867220776466, 367.4361108859386, -182.64001692545085, -72.63742690058534]
SPS=42
Eval at step 188500, survival=4.890%, return=[-4.0013216431834735, 229.93463517030077, -38.669490175011255, -24.362573099415197]
SPS=42
Eval at step 189000, survival=8.598%, return=[-9.611314270373745, 387.7480920426055, -210.87491431673456, -65.52631578947397]
SPS=42
Eval at step 189500, survival=12.397%, return=[-20.356309443246573, 540.3052848323186, -201.3569528945518, -87.59064327485486]
SPS=42
Eval at step 190000, survival=10.594%, return=[-16.56558597733965, 466.8837050600844, -126.62895962807427, -68.74269005848008]
SPS=42
Eval at step 190500, survival=24.099%, return=[-19.60920191447561, 1085.1583363596587, -156.45091153760586, -124.7660818713473]
SPS=42
Eval at step 191000, survival=6.601%, return=[-5.877197203595036, 303.2255964088442, -50.55175531237425, -36.865497076023594]
SPS=42
Eval at step 191500, survival=6.527%, return=[-11.53845601940217, 297.6449406067529, -72.21323304310015, -42.953216374269196]
SPS=42
Eval at step 192000, survival=4.621%, return=[-4.574359281745274, 221.16516089757297, -47.872255400162736, -28.67251461988306]
SPS=42
Eval at step 192500, survival=20.081%, return=[-9.183855858709043, 932.8893793265016, -78.88017051520971, -98.8421052631598]
SPS=42
Eval at step 193000, survival=7.647%, return=[-2.009656094868357, 364.53555655320514, -39.650256069779665, -30.70760233918158]
SPS=42
Eval at step 193500, survival=7.779%, return=[-5.726928927081947, 376.17435392061844, -30.43646995675893, -46.80116959064356]
SPS=42
Eval at step 194000, survival=10.565%, return=[-14.074125597059416, 484.5848601738608, -117.93306707154261, -55.327485380117565]
SPS=42
Eval at step 194500, survival=16.584%, return=[-11.359498744597659, 777.6332432285943, -95.11109099228634, -83.71929824561538]
SPS=42
Eval at step 195000, survival=4.700%, return=[-3.9015474278712645, 215.3145949172973, -33.87690816982649, -22.55555555555557]
SPS=42
Eval at step 195500, survival=7.598%, return=[-2.013040385422452, 361.0678634389242, -35.783627505860444, -30.397660818713636]
SPS=42
Eval at step 196000, survival=25.004%, return=[-7.542902895947918, 1171.169673748016, -78.35367411526022, -111.105263157897]
SPS=42
Eval at step 196500, survival=8.767%, return=[-2.124582943661759, 417.79409921129536, -21.983618992361396, -36.28070175438626]
SPS=42
Eval at step 197000, survival=11.719%, return=[-2.591594964498654, 547.91257560571, -35.89868002214158, -50.76608187134568]
SPS=42
Eval at step 197500, survival=21.685%, return=[-3.8594762918461734, 1039.977914708455, -20.465734194226872, -97.25146198830608]
SPS=42
Eval at step 198000, survival=15.732%, return=[-5.641956124008478, 738.4536942386626, -45.40773828581829, -75.3508771929837]
SPS=42
Eval at step 198500, survival=7.403%, return=[-2.066352893210327, 350.4459054311119, -17.50804694972855, -36.73684210526357]
SPS=42
Eval at step 199000, survival=9.482%, return=[-13.049771416350268, 433.8425776831312, -96.26146778301336, -54.1578947368427]
SPS=42
Eval at step 199500, survival=8.350%, return=[-2.2973134087515064, 388.7936896689732, -49.189622697924655, -36.03508771929864]
SPS=42
Eval at step 200000, survival=10.640%, return=[-2.4886705697475313, 502.49518456141163, -47.3768276070914, -46.45029239766139]
SPS=42
Eval at step 200500, survival=13.897%, return=[-3.0118235273015066, 642.5809748601916, -58.299559126865766, -64.91228070175536]
SPS=42
Eval at step 201000, survival=19.077%, return=[-6.173890550329816, 885.9125864553461, -80.81892363691561, -85.92982456140506]
SPS=42
Eval at step 201500, survival=7.420%, return=[-1.9432565218109328, 349.33515884081544, -34.467622781332466, -41.309941520468094]
SPS=42
Eval at step 202000, survival=10.723%, return=[-2.3575375364744104, 490.9633081436159, -60.96463509222182, -54.08771929824635]
SPS=42
Eval at step 202500, survival=23.074%, return=[-29.550566887580015, 1043.6782485930155, -238.2167475487513, -146.8128654970701]
SPS=42
Eval at step 203000, survival=9.524%, return=[-7.538769712419405, 440.0327405373259, -51.64763148145721, -44.8479532163747]
SPS=42
Eval at step 203500, survival=13.682%, return=[-13.179267810366582, 624.837474983534, -108.34054611477525, -67.30409356725251]
SPS=42
Eval at step 204000, survival=8.259%, return=[-2.0531136361144795, 387.23238698005633, -39.045211272624634, -37.92982456140385]
SPS=42
Eval at step 204500, survival=8.507%, return=[-7.709549225517549, 399.19585307121275, -49.33186324931254, -41.46198830409378]
SPS=42
Eval at step 205000, survival=17.721%, return=[-14.189426478076106, 830.5313916746776, -135.92548276674643, -94.87134502924145]
SPS=42
Eval at step 205500, survival=17.882%, return=[-15.202139575383626, 817.962886985144, -122.77514620012032, -98.4970760233936]
SPS=42
Eval at step 206000, survival=26.513%, return=[-16.70905711550343, 1246.9955237913146, -103.06042158581538, -137.2163742690068]
SPS=42
Eval at step 206500, survival=19.010%, return=[-39.09708133314658, 829.2521378246939, -280.8553999284438, -129.54385964912453]
SPS=42
Eval at step 207000, survival=14.290%, return=[-8.275181406352203, 652.6447476275757, -78.97170880716294, -73.88304093567365]
SPS=42
Eval at step 207500, survival=9.206%, return=[-2.2879539958472983, 437.33720796426127, -30.011983867705567, -47.86549707602393]
SPS=42
Eval at step 208000, survival=9.772%, return=[-19.999366285473418, 434.179685049057, -117.13905673327584, -57.736842105263634]
SPS=42
Eval at step 208500, survival=6.250%, return=[-1.806353907896361, 299.1694896952312, -28.710389989990897, -28.970760233918146]
SPS=42
Eval at step 209000, survival=13.769%, return=[-25.04425163893029, 606.3686037365593, -150.79670384229394, -78.94152046783707]
SPS=41
Eval at step 209500, survival=7.176%, return=[-5.567187015568682, 338.5703249327339, -34.39849436300574, -36.98830409356747]
SPS=41
Eval at step 210000, survival=9.578%, return=[-7.745439818827435, 439.6188311370213, -51.6415430988806, -44.55555555555577]
SPS=41
Eval at step 210500, survival=4.187%, return=[-1.5822896621539257, 193.554803783099, -22.696175052124698, -24.5204678362574]
SPS=42
Eval at step 211000, survival=7.139%, return=[-7.404097919895624, 319.54552083174366, -73.10486179144937, -36.60233918128677]
SPS=42
Eval at step 211500, survival=14.108%, return=[-29.661251599143725, 610.8162735303245, -198.99539523088606, -92.98830409356837]
SPS=42
Eval at step 212000, survival=9.499%, return=[-29.621220414876007, 398.95825493176795, -179.3607978699341, -72.93567251462039]
SPS=42
Eval at step 212500, survival=8.230%, return=[-38.86841347627342, 314.6727390893302, -237.72134119114102, -73.86549707602369]
SPS=42
Eval at step 213000, survival=4.253%, return=[-10.544925198463412, 182.20047314484918, -71.95725877171692, -30.2222222222224]
SPS=42
Eval at step 213500, survival=10.710%, return=[-124.00232937153972, 302.83576051870983, -675.5938287306781, -168.46783625731044]
SPS=42
Eval at step 214000, survival=12.364%, return=[-28.228082367335446, 525.5591553036371, -183.0935098455678, -86.85964912280788]
SPS=42
Eval at step 214500, survival=8.751%, return=[-29.741027979956318, 358.7769963916142, -175.68597882793983, -69.98830409356754]
SPS=42
Eval at step 215000, survival=10.322%, return=[-42.74854526899677, 417.36051018555963, -264.8117149095563, -92.9239766081878]
SPS=42
Eval at step 215500, survival=11.194%, return=[-57.4653306438316, 431.28239950815873, -372.398843154903, -106.2923976608193]
SPS=41
Eval at step 216000, survival=4.948%, return=[-1.6608436061263394, 230.84642105102566, -33.70718420005869, -20.941520467836398]
SPS=42
Eval at step 216500, survival=6.444%, return=[-3.4974643781315535, 304.2589872741699, -76.57668443115351, -29.918128654970886]
SPS=42
Eval at step 217000, survival=5.283%, return=[-1.6866910781245679, 248.02729724089306, -32.02323064483547, -27.409356725146168]
SPS=42
Eval at step 217500, survival=6.366%, return=[-9.482712309186658, 293.7160730409623, -93.44627406649913, -41.66081871345062]
SPS=42
Eval at step 218000, survival=5.411%, return=[-1.6460679287168507, 265.02904529253664, -47.25513789286682, -36.71929824561424]
SPS=42
Eval at step 218500, survival=5.932%, return=[-3.4168530485864417, 282.7030746046704, -90.67448694722164, -43.497076023392005]
SPS=42
Eval at step 219000, survival=4.952%, return=[-1.6697820127592422, 239.2798570632934, -33.46394484984921, -33.590643274853704]
SPS=42
Eval at step 219500, survival=6.672%, return=[-1.8640932318521664, 320.0139429712294, -38.84730840267488, -34.53801169590649]
SPS=42
Eval at step 220000, survival=9.801%, return=[-2.319904314528685, 462.7089763545989, -87.5648336300219, -50.30994152046819]
SPS=42
Eval at step 220500, survival=31.771%, return=[-20.3120059579572, 1490.8029836511607, -141.19701865678812, -158.79532163742593]
SPS=42
Eval at step 221000, survival=9.358%, return=[-2.258241337685225, 445.1504687913259, -55.79733034902407, -48.95321637426937]
SPS=42
Eval at step 221500, survival=14.753%, return=[-20.43641353138567, 662.6088574441268, -168.8730870091628, -81.52046783625855]
SPS=42
Eval at step 222000, survival=15.443%, return=[-18.078236286858253, 707.256053578059, -124.42667823386971, -95.63742690058602]
SPS=41
Eval at step 222500, survival=20.842%, return=[-40.29113145044539, 922.5379125452015, -285.5287292104331, -123.21637426900783]
SPS=41
Eval at step 223000, survival=8.383%, return=[-19.378723625889204, 378.0377041260402, -131.92174149844018, -50.25146198830456]
SPS=41
Eval at step 223500, survival=11.851%, return=[-12.290356922487263, 545.1808987124754, -133.47300531009387, -54.76608187134578]
SPS=41
Eval at step 224000, survival=25.802%, return=[-4.560789637015357, 1241.8080334297806, -63.737169582279115, -116.54970760234166]
SPS=41
Eval at step 224500, survival=8.176%, return=[-21.82131527234257, 349.77357044378937, -140.57121423864737, -56.17543859649155]
SPS=41
Eval at step 225000, survival=16.939%, return=[-9.192293192395786, 805.7161132081355, -94.3229127900122, -80.45614035087856]
SPS=41
Eval at step 225500, survival=9.640%, return=[-61.558912681803726, 357.4511676120757, -346.6537537079906, -99.39181286549753]
SPS=41
Eval at step 226000, survival=7.019%, return=[-1.8721393641705315, 336.6770894098283, -13.567705430730712, -34.16959064327494]
SPS=41
Eval at step 226500, survival=11.169%, return=[-2.6281376010738313, 515.8921189800897, -30.660502261297854, -53.146198830409936]
SPS=41
Eval at step 227000, survival=14.207%, return=[-13.010490155487787, 647.3639172283806, -65.56060013138631, -76.43859649122905]
SPS=41
Eval at step 227500, survival=6.176%, return=[-9.456102179091735, 288.2816480731962, -54.71323425567243, -39.573099415204666]
SPS=41
Eval at step 228000, survival=6.552%, return=[-1.8804189072495017, 313.23070675690957, -35.04950767182163, -32.80701754385984]
SPS=41
Eval at step 228500, survival=10.404%, return=[-27.171593622188084, 447.3502790276205, -146.5800719840469, -73.16959064327546]
SPS=41
Eval at step 229000, survival=16.886%, return=[-9.422350774519145, 780.4157339652371, -128.0031842949114, -85.31578947368563]
SPS=41
Eval at step 229500, survival=7.788%, return=[-2.0143783392656283, 371.18680716991366, -47.25783196755219, -35.77777777777805]
SPS=41
Eval at step 230000, survival=22.735%, return=[-4.295853259235931, 1058.4421512015658, -141.80127453314103, -126.1111111111137]
SPS=41
Eval at step 230500, survival=19.010%, return=[-5.005214116516679, 889.1484589322404, -112.72861003466096, -91.68421052631747]
SPS=41
Eval at step 231000, survival=9.491%, return=[-14.571673260477837, 424.106037006378, -95.18927724134603, -57.71929824561446]
SPS=41
Eval at step 231500, survival=10.780%, return=[-18.812055562079575, 478.6332335567479, -125.42455784227543, -74.60233918128733]
SPS=41
Eval at step 232000, survival=22.669%, return=[-100.43658320045022, 879.836282226244, -624.0832314134701, -210.2865497075999]
SPS=41
Eval at step 232500, survival=9.660%, return=[-4.667945766821504, 454.5160668770474, -29.306657969388954, -50.666666666667396]
SPS=41
Eval at step 233000, survival=7.697%, return=[-5.138463764354431, 353.8100885279971, -44.566267129266635, -44.36257309941576]
SPS=41
Eval at step 233500, survival=8.358%, return=[-2.145722378103528, 388.36784892559035, -37.73556130229554, -44.03508771929854]
SPS=41
Eval at step 234000, survival=10.007%, return=[-37.622143395671934, 402.93433506806696, -214.452432368788, -84.56725146198893]
SPS=41
Eval at step 234500, survival=9.044%, return=[-8.243761704458544, 406.5944311539335, -85.81986966434245, -51.1578947368425]
SPS=41
Eval at step 235000, survival=7.626%, return=[-16.974693879194092, 334.89323432445525, -101.07026214391226, -51.27485380117]
SPS=41
Eval at step 235500, survival=9.458%, return=[-28.150578353379387, 397.15498623689024, -176.58655494793007, -67.08187134502982]
SPS=41
Eval at step 236000, survival=9.024%, return=[-17.942046237003524, 399.30470800399803, -105.48603079828415, -58.90643274853852]
SPS=41
Eval at step 236500, survival=8.796%, return=[-2.2220176277526966, 409.0582700904211, -32.68129827687517, -44.85380116959106]
SPS=41
Eval at step 237000, survival=21.069%, return=[-3.8328380780488565, 996.9873634711898, -44.73474658000335, -109.53216374269216]
SPS=41
Eval at step 237500, survival=25.000%, return=[-4.381297735342135, 1140.731933584212, -100.98965669215734, -122.92982456140605]
SPS=41
Eval at step 238000, survival=18.485%, return=[-3.56293705359955, 861.0223300870248, -55.63851356264786, -90.2397660818732]
SPS=41
Eval at step 238500, survival=15.985%, return=[-3.114187953314589, 749.2025792090102, -39.812842512512965, -73.85964912280842]
SPS=41
Eval at step 239000, survival=11.417%, return=[-2.500856107023234, 535.2743213733039, -27.46438776035211, -60.906432748538805]
SPS=41
Eval at step 239500, survival=10.677%, return=[-14.090326308525013, 477.2556263717017, -98.66780404222663, -59.81286549707653]
SPS=41
Eval at step 240000, survival=20.709%, return=[-9.949044078685498, 977.9799811172478, -51.29067057299835, -101.62573099415408]
SPS=41
Eval at step 240500, survival=7.093%, return=[-7.579962997871917, 332.5335583225886, -39.954962152677275, -34.888888888889106]
SPS=41
Eval at step 241000, survival=7.184%, return=[-7.711427130619995, 329.00462458133694, -43.84401909743125, -33.53801169590674]
SPS=41
Eval at step 241500, survival=10.689%, return=[-9.586452755514378, 486.8128719345723, -85.69801605366713, -55.46783625731056]
SPS=41
Eval at step 242000, survival=4.799%, return=[-21.22585749597056, 193.8218769582111, -117.31803780274156, -45.58479532163767]
SPS=41
Eval at step 242500, survival=9.466%, return=[-47.25036939786514, 384.1487628650664, -246.0635002583828, -84.65497076023443]
SPS=41
Eval at step 243000, survival=6.399%, return=[-8.13071777500833, 289.56658832708996, -51.12660896627737, -37.88888888888891]
SPS=41
Eval at step 243500, survival=7.891%, return=[-4.419022128238187, 372.1614506260553, -37.69479653799984, -40.81871345029259]
SPS=41
Eval at step 244000, survival=10.082%, return=[-9.615851428747797, 465.2151792367301, -77.43792300733548, -60.25146198830472]
SPS=41
Eval at step 244500, survival=9.201%, return=[-25.012953393374726, 384.13218582312265, -197.3870624931636, -69.30994152046837]
SPS=41
Eval at step 245000, survival=6.639%, return=[-11.14837704548457, 295.65504917303673, -141.9920503202787, -44.81286549707622]
SPS=41
Eval at step 245500, survival=3.307%, return=[-6.404533545195591, 151.14035901705418, -42.719886819269355, -23.40350877192982]
SPS=41
Eval at step 246000, survival=5.820%, return=[-7.125855388585478, 261.22719798247016, -49.62899617357956, -41.263157894737084]
SPS=41
Eval at step 246500, survival=7.610%, return=[-2.0258574002461196, 353.06487207571655, -23.525297821712837, -36.77777777777798]
SPS=41
Eval at step 247000, survival=6.709%, return=[-1.8747202217152032, 317.24941413879395, -25.689593622470284, -31.380116959064537]
SPS=41
Eval at step 247500, survival=7.035%, return=[-4.2817541406063055, 320.5432650248212, -79.90204928142096, -37.98830409356745]
SPS=41
Eval at step 248000, survival=6.407%, return=[-6.431148813203133, 289.289649980863, -46.0386656333867, -38.38596491228084]
SPS=41
Eval at step 248500, survival=7.027%, return=[-1.869895419086485, 325.2210832389197, -28.455177292732213, -35.3976608187136]
SPS=41
Eval at step 249000, survival=6.672%, return=[-4.88412405216756, 298.40910552342746, -277.87108460541157, -49.216374269005904]
SPS=41
Eval at step 249500, survival=7.846%, return=[-8.285716880733768, 342.77017693678545, -242.07461221784615, -54.65497076023447]
SPS=41
Eval at step 250000, survival=6.634%, return=[-5.929249916283879, 302.96430655399973, -73.26725068103406, -31.561403508772003]
SPS=41
Eval at step 250500, survival=7.593%, return=[-39.35282036485538, 291.3276710573835, -230.60752137380163, -73.74269005847971]
SPS=41
Eval at step 251000, survival=5.857%, return=[-4.416796716065922, 275.2677576875688, -32.813293239305494, -32.91812865497074]
SPS=41
Eval at step 251500, survival=13.037%, return=[-53.781531505655344, 533.3604779259362, -309.89451486391044, -110.45614035087821]
SPS=41
Eval at step 252000, survival=10.408%, return=[-7.336416463736289, 468.2259440088271, -76.72617331365473, -52.1403508771935]
SPS=41
Eval at step 252500, survival=5.150%, return=[-10.323482956562657, 226.27434846083307, -66.34276060269622, -33.88888888888911]
SPS=41
Eval at step 253000, survival=14.294%, return=[-3.387769810971804, 649.4289034525551, -63.88656641923202, -62.67836257310038]
SPS=41
Eval at step 253500, survival=13.174%, return=[-49.55882857844699, 527.8954096396766, -307.74237815323613, -106.13450292397762]
SPS=41
Eval at step 254000, survival=7.321%, return=[-36.34373590311346, 290.061309258143, -217.51628184506384, -69.86549707602374]
SPS=41
Eval at step 254500, survival=17.812%, return=[-35.121283639591034, 771.9889590787885, -260.9744016256421, -121.09356725146229]
SPS=41
Eval at step 255000, survival=14.249%, return=[-29.763342664189015, 602.9853304894762, -221.1844295149937, -93.59649122807117]
SPS=41
Eval at step 255500, survival=31.510%, return=[-28.20688265321466, 1411.6830225817373, -233.81551209077347, -175.23976608187488]
SPS=41
Eval at step 256000, survival=38.042%, return=[-19.904151588639554, 1759.493103955585, -121.74435601985654, -213.50292397660974]
SPS=41
Eval at step 256500, survival=19.821%, return=[-5.722932806432557, 919.8409911378212, -43.773870436760866, -105.1754385964933]
SPS=41
Eval at step 257000, survival=17.270%, return=[-7.680715811749299, 818.1548472483952, -43.75850587732081, -96.7426900584813]
SPS=41
Eval at step 257500, survival=9.028%, return=[-4.494976606414032, 426.09587586244, -37.73177031082499, -50.45614035087775]
SPS=41
Eval at step 258000, survival=6.585%, return=[-1.8547416027092065, 307.9867750676472, -17.580374068046996, -36.52046783625757]
SPS=41
Eval at step 258500, survival=14.761%, return=[-2.977168197336141, 686.2903296788526, -35.33556863248426, -81.71929824561533]
SPS=41
Eval at step 259000, survival=13.893%, return=[-2.905759309360292, 646.0500615040465, -40.925611639480245, -71.15204678362686]
SPS=41
Eval at step 259500, survival=5.328%, return=[-1.638586233156578, 255.48476982275653, -15.499432745746162, -27.48538011695922]
SPS=41
Eval at step 260000, survival=17.907%, return=[-3.391750201660519, 840.7008183860784, -26.17123031395022, -84.61988304093721]
SPS=41
Eval at step 260500, survival=7.606%, return=[-1.952025508779722, 354.798935195605, -23.95300808335499, -39.73684210526334]
SPS=41
Eval at step 261000, survival=10.648%, return=[-2.3998305486747995, 496.9058394765852, -29.576593442975838, -53.947368421053234]
SPS=41
Eval at step 261500, survival=21.511%, return=[-3.9437466916666986, 1000.5044964265825, -41.30153285591708, -108.57894736842331]
SPS=41
Eval at step 262000, survival=9.536%, return=[-2.2105354430968873, 450.177641000748, -20.65472228395326, -45.426900584795824]
SPS=41
Eval at step 262500, survival=32.056%, return=[-5.374731651487916, 1471.4659508244204, -96.63728000133415, -159.69590643275214]
SPS=41
Eval at step 263000, survival=9.966%, return=[-2.339748060777007, 464.0750275293986, -28.610761401804968, -47.64327485380172]
SPS=41
Eval at step 263500, survival=13.695%, return=[-3.2939251893743253, 632.1661275402702, -46.412617469526595, -58.678362573100344]
SPS=41
Eval at step 264000, survival=7.556%, return=[-1.9877999001570668, 347.583497355779, -34.477825592504814, -37.70175438596501]
SPS=41
Eval at step 264500, survival=8.213%, return=[-2.110573079010161, 383.2156123781203, -20.66212043967486, -38.02923976608211]
SPS=41
Eval at step 265000, survival=9.367%, return=[-18.095675456531655, 407.0386123514176, -109.73831239624026, -56.86549707602389]
SPS=41
Eval at step 265500, survival=15.158%, return=[-29.616971983904175, 655.5594769811629, -179.21753915135378, -95.76023391812994]
SPS=41
Eval at step 266000, survival=5.411%, return=[-5.369211752103486, 255.26372150739016, -41.63265788808834, -34.82456140350866]
SPS=41
Eval at step 266500, survival=6.047%, return=[-38.439648621094726, 230.7036982329687, -223.3977765608967, -68.21052631578965]
SPS=41
Eval at step 267000, survival=6.845%, return=[-10.530686755936282, 312.9619518518451, -114.5962961181164, -52.502923976608486]
SPS=41
Eval at step 267500, survival=3.786%, return=[-14.433282277100565, 163.99793648560845, -86.02604881591954, -34.81286549707598]
SPS=41
Eval at step 268000, survival=5.527%, return=[-1.7028157772535149, 263.69049670537316, -34.118473502179164, -38.36257309941523]
SPS=41
Eval at step 268500, survival=6.064%, return=[-10.886601953941863, 267.36472934881846, -96.53842736541992, -40.467836257310324]
SPS=41
Eval at step 269000, survival=8.792%, return=[-26.08130001173898, 373.3929238367082, -163.68986542807156, -69.91228070175494]
SPS=41
Eval at step 269500, survival=7.209%, return=[-7.73337381905488, 325.31508247375496, -87.48798894393258, -42.60233918128666]
SPS=41
Eval at step 270000, survival=7.577%, return=[-11.037126301438548, 345.5747976334892, -88.78433905096608, -47.543859649123185]
SPS=41
Eval at step 270500, survival=11.330%, return=[-24.884204721214093, 474.89737426122036, -234.09741261065332, -72.91228070175498]
SPS=41
Eval at step 271000, survival=12.479%, return=[-26.709391268823918, 533.6481154918667, -209.11292843157207, -82.7134502923989]
SPS=41
Eval at step 271500, survival=11.797%, return=[-2.734085465335132, 543.6823344182959, -84.95138334010214, -51.87134502924042]
SPS=41
Eval at step 272000, survival=8.631%, return=[-2.220497698561909, 409.7022212235131, -37.01760750710188, -46.71345029239827]
SPS=41
Eval at step 272500, survival=15.956%, return=[-3.4577045015175827, 734.600022002856, -117.65874903553049, -94.72514619883206]
SPS=41
Eval at step 273000, survival=11.818%, return=[-2.638787055038847, 556.5524977493282, -55.247630489747586, -59.25730994152127]
SPS=41
Eval at step 273500, survival=10.582%, return=[-2.450317545735743, 494.34282213846836, -27.011011320151738, -53.210526315790084]
SPS=41
Eval at step 274000, survival=11.810%, return=[-2.722878720688944, 550.384955771764, -100.01257578445257, -69.19883040935775]
SPS=41
Eval at step 274500, survival=12.442%, return=[-22.02162692148704, 549.7232933648428, -141.70389255841533, -81.18713450292476]
SPS=41
Eval at step 275000, survival=10.789%, return=[-2.425677200236047, 498.25291539192176, -34.38298012521894, -56.06432748538081]
SPS=41
Eval at step 275500, survival=13.265%, return=[-2.7914042160652266, 621.4159783442816, -28.179126892419543, -69.3333333333344]
SPS=41
Eval at step 276000, survival=17.857%, return=[-15.64423632163865, 807.2905652888626, -112.22969207927235, -100.83625730994326]
SPS=41
Eval at step 276500, survival=16.109%, return=[-6.010353490031169, 755.134794715245, -41.7353517026398, -88.17543859649278]
SPS=41
Eval at step 277000, survival=8.499%, return=[-2.0646983128390275, 411.5796631781259, -15.89831408431443, -41.04678362573122]
SPS=41
Eval at step 277500, survival=15.125%, return=[-32.154213466177076, 660.1567687940598, -177.47815443027744, -105.97660818713605]
SPS=41
Eval at step 278000, survival=7.887%, return=[-2.711258096038364, 349.9124995231627, -41.398622476457, -38.58479532163784]
SPS=41
Eval at step 278500, survival=8.420%, return=[-13.593241102081569, 374.59050231774637, -90.65964344728854, -51.736842105263484]
SPS=41
Eval at step 279000, survival=6.680%, return=[-2.282527255845101, 301.5370762745539, -30.49122283689697, -45.08187134502967]
SPS=41
Eval at step 279500, survival=11.202%, return=[-45.35990955678668, 429.77207410812366, -272.0788516178315, -101.9415204678371]
SPS=41
Eval at step 280000, survival=10.462%, return=[-8.918301888760956, 467.1954646110533, -76.98779553781787, -70.61403508771996]
SPS=41
Eval at step 280500, survival=9.284%, return=[-2.2988794401753694, 439.4198317734401, -45.628183447512434, -73.71929824561467]
SPS=41
Eval at step 281000, survival=7.684%, return=[-7.5425874621335725, 352.238905008634, -60.47788171059134, -44.22222222222245]
SPS=41
Eval at step 281500, survival=7.106%, return=[-1.9323636304276686, 342.0311738872529, -34.23584236791552, -42.01754385964918]
SPS=41
Eval at step 282000, survival=7.709%, return=[-2.1012040242009484, 361.32368234157576, -29.952737306050647, -37.78362573099459]
SPS=41
Eval at step 282500, survival=9.280%, return=[-10.109213300379148, 418.2931775569914, -94.30315620757756, -56.85380116959118]
SPS=41
Eval at step 283000, survival=10.276%, return=[-2.4250181111468314, 487.1058304230374, -12.241052150939746, -41.77192982456196]
SPS=41
Eval at step 283500, survival=15.584%, return=[-15.28018900915049, 698.4862749703722, -142.30148133549542, -83.78362573099534]
SPS=41
Eval at step 284000, survival=11.694%, return=[-10.116776624519844, 533.6455952771499, -80.66311425555129, -66.67836257310027]
SPS=41
Eval at step 284500, survival=9.652%, return=[-4.592729797722616, 445.7917753219604, -34.50784984377484, -44.631578947368894]
SPS=41
Eval at step 285000, survival=24.657%, return=[-8.383980479557067, 1159.2855787070582, -60.547762691773336, -115.43274853801397]
SPS=41
Eval at step 285500, survival=14.331%, return=[-8.157483603572473, 654.613094553947, -73.45932946829514, -74.45614035087834]
SPS=41
Eval at step 286000, survival=9.214%, return=[-2.3112498891035407, 435.0373387829458, -26.800779271443997, -53.81286549707644]
SPS=41
Eval at step 286500, survival=8.664%, return=[-17.92890001478372, 381.64134109814955, -117.82037623376043, -57.192982456140804]
SPS=41
Eval at step 287000, survival=9.400%, return=[-2.345732512748024, 441.9382704003653, -31.8081882163533, -55.66081871345086]
SPS=41
Eval at step 287500, survival=5.609%, return=[-1.7441308170673437, 267.19775208950034, -19.579655517785188, -36.76023391812858]
SPS=41
Eval at step 288000, survival=9.086%, return=[-2.294099657679908, 424.97676135539996, -42.75386956133783, -62.21637426900653]
SPS=41
Eval at step 288500, survival=9.396%, return=[-2.4123727894038893, 436.9348477443057, -69.77706184261478, -60.53801169590687]
SPS=41
Eval at step 289000, survival=8.838%, return=[-2.3731552024643556, 408.8373954979581, -29.840316818726325, -69.10526315789555]
SPS=41
Eval at step 289500, survival=12.269%, return=[-2.7569542318815365, 574.8932388448717, -39.31310722722204, -87.01169590643384]
SPS=41
Eval at step 290000, survival=7.494%, return=[-2.0299292738588215, 354.12514419555663, -27.196846668647293, -44.85380116959092]
SPS=41
Eval at step 290500, survival=12.269%, return=[-2.6885355203412473, 569.9105057398475, -31.200786800696125, -63.134502923977514]
SPS=41
Eval at step 291000, survival=13.938%, return=[-2.9793480029911734, 656.1401817083355, -46.07315126248917, -82.99415204678512]
SPS=41
Eval at step 291500, survival=26.620%, return=[-4.66016260998246, 1247.542928908664, -32.537661888985895, -137.35672514620185]
SPS=41
Eval at step 292000, survival=48.363%, return=[-7.684570438538988, 2262.7470371357604, -55.651610836857195, -258.15204678360925]
SPS=41
Eval at step 292500, survival=44.015%, return=[-7.030746484854414, 2059.3772365585955, -33.48956614467534, -223.61988304091741]
SPS=41
Eval at step 293000, survival=8.614%, return=[-2.1432784078642726, 401.60288350105264, -17.563401601442212, -42.66081871345094]
SPS=41
Eval at step 293500, survival=38.860%, return=[-8.405201484507415, 1815.255817379948, -37.53743348790825, -178.54385964912387]
SPS=41
Eval at step 294000, survival=22.334%, return=[-7.166627766739111, 1031.953509842555, -55.13735734074726, -111.41520467836494]
SPS=41
Eval at step 294500, survival=10.016%, return=[-2.3979577099283538, 464.5986990690231, -29.53579551266739, -47.070175438597005]
SPS=41
Eval at step 295000, survival=11.256%, return=[-4.4225552382219275, 521.0033172353109, -41.17127297706369, -51.222222222222875]
SPS=41
Eval at step 295500, survival=9.024%, return=[-5.37371033973371, 417.02698640187583, -45.39724844307997, -49.17543859649166]
SPS=41
Eval at step 296000, survival=6.407%, return=[-1.8322095698094927, 299.2157639535269, -35.69661888454963, -34.742690058479575]
SPS=41
Eval at step 296500, survival=11.227%, return=[-2.568993936486853, 521.6823091348011, -23.97523221427885, -58.994152046784194]
SPS=41
Eval at step 297000, survival=9.106%, return=[-2.2786307562103807, 428.4426412264508, -128.27424994122217, -62.30409356725229]
SPS=41
Eval at step 297500, survival=16.642%, return=[-3.2848496989075406, 777.3828943983704, -61.37655236625869, -96.12865497076204]
SPS=41
Eval at step 298000, survival=11.239%, return=[-2.5297241466275104, 531.1424799187979, -17.584548365504208, -57.79532163742763]
SPS=41
Eval at step 298500, survival=11.591%, return=[-2.5585302943945862, 548.8637433322273, -18.91934769701523, -56.66666666666731]
SPS=41
Eval at step 299000, survival=13.170%, return=[-10.796072281528419, 607.5207604885109, -59.551542947626636, -76.50877192982567]
SPS=41
Eval at step 299500, survival=12.173%, return=[-2.706644624180626, 578.2041329574578, -17.00597747269785, -59.754385964913176]
SPS=41
Eval at step 300000, survival=6.448%, return=[-1.810028690941787, 305.78897296905524, -21.324260846643785, -34.81871345029236]
SPS=41
Eval at step 300500, survival=6.391%, return=[-1.7838978245854378, 307.54526556968693, -24.91567684983117, -32.789473684210456]
SPS=41
Eval at step 301000, survival=6.581%, return=[-1.829463650045606, 308.75162766456606, -22.583576086180983, -33.33333333333352]
SPS=41
Eval at step 301500, survival=9.280%, return=[-2.2345287049926505, 438.04440779050145, -60.17948430609249, -61.15789473684291]
SPS=41
Eval at step 302000, survival=11.148%, return=[-2.5604064637251818, 515.4140745957687, -29.96519007374688, -55.71929824561473]
SPS=41
Eval at step 302500, survival=16.100%, return=[-17.31495514783698, 723.0967354806257, -162.48970956905032, -96.15789473684377]
SPS=41
Eval at step 303000, survival=11.235%, return=[-2.593879105853072, 527.509315973918, -38.73378443980861, -54.26900584795405]
SPS=41
Eval at step 303500, survival=9.892%, return=[-2.3714096831196607, 452.67689370791123, -45.42419025949979, -57.976608187135184]
SPS=41
Eval at step 304000, survival=7.077%, return=[-1.9087387497614448, 335.09020484129576, -27.138935152202368, -34.1754385964913]
SPS=41
Eval at step 304500, survival=9.532%, return=[-4.680946884735022, 437.6180991681422, -134.66580572120225, -57.6549707602343]
SPS=41
Eval at step 305000, survival=10.235%, return=[-3.3934556111344136, 474.7892115306856, -51.094644766456135, -51.19883040935727]
SPS=41
Eval at step 305500, survival=9.536%, return=[-3.9621408923412673, 450.71379603227007, -46.88525943896578, -61.578947368421574]
SPS=41
Eval at step 306000, survival=11.797%, return=[-3.073082624216719, 543.9114612992608, -34.49301314868111, -59.25146198830496]
SPS=41
Eval at step 306500, survival=10.756%, return=[-2.528608738988017, 494.68296236038196, -42.482534561013985, -51.502923976608734]
SPS=41
Eval at step 307000, survival=10.656%, return=[-9.79105423860407, 483.44885872840945, -67.09363588228977, -58.654970760234626]
SPS=41
Eval at step 307500, survival=6.758%, return=[-19.223366856361583, 295.00360656579346, -106.8306020887491, -61.67251461988343]
SPS=41
Eval at step 308000, survival=5.477%, return=[-3.7305347717871578, 259.1823500124615, -25.210851655448398, -29.081871345029242]
SPS=41
Eval at step 308500, survival=8.507%, return=[-5.902748139419903, 388.8160325781505, -77.22700385323454, -45.23391812865529]
SPS=41
Eval at step 309000, survival=6.333%, return=[-6.85323548099647, 296.4115095837912, -56.79286262388754, -39.169590643274894]
SPS=41
Eval at step 309500, survival=8.151%, return=[-4.1160379689148, 392.57931775569915, -29.036744853435568, -43.92397660818754]
SPS=41
Eval at step 310000, survival=8.635%, return=[-10.158033695848038, 399.0950112676619, -169.69148861775952, -67.52631578947454]
SPS=41
Eval at step 310500, survival=13.182%, return=[-36.797402784829806, 559.1062886412932, -231.85927419825262, -95.33333333333428]
SPS=41
Eval at step 311000, survival=22.524%, return=[-4.66933566541411, 1029.0404011185963, -94.84087190484085, -131.1695906432777]
SPS=41
Eval at step 311500, survival=18.481%, return=[-3.9025409527433417, 869.4214763450631, -63.630604060483165, -84.01169590643444]
SPS=41
Eval at step 312000, survival=16.059%, return=[-4.165210456587374, 727.9249453719453, -80.16145722319197, -70.53216374269141]
SPS=41
Eval at step 312500, survival=4.096%, return=[-1.7576082370166357, 183.5375837898255, -31.12784721443859, -22.999999999999947]
SPS=41
Eval at step 313000, survival=23.892%, return=[-5.865270512391969, 1068.5769671678545, -110.5645891612409, -118.38596491228314]
SPS=41
Eval at step 313500, survival=7.796%, return=[-2.2085456288186833, 348.7130107704805, -187.40094269149026, -53.88888888888898]
SPS=41
Eval at step 314000, survival=8.871%, return=[-5.931430350484637, 406.61625333309166, -184.10300179110587, -57.812865497076416]
SPS=41
Eval at step 314500, survival=10.466%, return=[-3.0504427868290804, 475.02384785175326, -49.773590958851855, -48.099415204678785]
SPS=41
Eval at step 315000, survival=13.058%, return=[-3.336168894544244, 584.280766970316, -62.01820304368448, -69.15204678362664]
SPS=41
Eval at step 315500, survival=8.759%, return=[-10.744780052802525, 384.10861026128185, -169.07095972574098, -59.286549707602795]
SPS=41
Eval at step 316000, survival=12.467%, return=[-6.761288243151891, 565.9728881867726, -83.08973070827778, -61.49122807017617]
SPS=41
Eval at step 316500, survival=8.247%, return=[-6.450325331961115, 370.9206786314646, -54.890334459152655, -42.20467836257333]
SPS=41
Eval at step 317000, survival=8.933%, return=[-8.724287053298516, 410.74940417607604, -63.790000726755046, -48.865497076023736]
SPS=41
Eval at step 317500, survival=8.805%, return=[-2.3395673235645518, 400.75944350878416, -30.86124170604171, -47.9122807017547]
SPS=41
Eval at step 318000, survival=9.454%, return=[-2.56406718599222, 436.8582238133751, -52.43523165768905, -50.49122807017588]
SPS=41
Eval at step 318500, survival=10.557%, return=[-6.502894661525109, 470.0305956935881, -54.45460681920425, -58.766081871345676]
SPS=41
Eval at step 319000, survival=8.817%, return=[-3.9689820500013107, 391.6566941452026, -46.9063148451969, -49.37426900584828]
SPS=41
Eval at step 319500, survival=19.457%, return=[-8.536718002733929, 903.3423486598336, -74.10908845863953, -98.90058479532341]
SPS=41
Eval at step 320000, survival=7.808%, return=[-2.337449932102269, 357.4475031185148, -30.926413364019634, -41.14035087719313]
SPS=41
Eval at step 320500, survival=11.859%, return=[-13.89363495982252, 511.39330774466185, -125.52666161912687, -69.60233918128726]
SPS=41
Eval at step 321000, survival=8.879%, return=[-2.755444725723161, 399.30623892307307, -107.45946058034315, -51.631578947368915]
SPS=41
Eval at step 321500, survival=12.769%, return=[-8.319218922619863, 577.7676609373093, -89.79616402913234, -108.47368421052782]
SPS=41
Eval at step 322000, survival=8.569%, return=[-13.397166010943087, 375.9958831214908, -103.05808752770342, -52.532163742690386]
SPS=41
Eval at step 322500, survival=9.917%, return=[-2.5619171393918805, 456.9819167137148, -35.84622780129818, -48.16374269005893]
SPS=41
Eval at step 323000, survival=24.384%, return=[-10.828990121507863, 1120.1848173507076, -87.20651652373392, -123.53801169590879]
SPS=41
Eval at step 323500, survival=9.102%, return=[-2.537392991284529, 420.682318558693, -31.888154285804678, -45.95321637426931]
SPS=41
Eval at step 324000, survival=8.449%, return=[-5.871576086016527, 399.1569640636444, -38.16113127290737, -44.69590643274879]
SPS=41
Eval at step 324500, survival=9.098%, return=[-8.836932914467374, 412.8683451477686, -67.20324814182823, -55.30994152046825]
SPS=41
Eval at step 325000, survival=14.893%, return=[-9.99921786961689, 665.996420736313, -83.54264140204153, -79.58479532163858]
SPS=41
Eval at step 325500, survival=27.315%, return=[-5.149277116016795, 1287.8876498238217, -87.9633745769097, -138.91228070175165]
SPS=41
Eval at step 326000, survival=20.056%, return=[-11.0933168179666, 920.9309144941959, -94.40036556078364, -111.11111111111313]
SPS=41
Eval at step 326500, survival=5.481%, return=[-4.391041844171316, 259.05958999156934, -24.0275719879816, -29.43859649122832]
SPS=41
Eval at step 327000, survival=5.675%, return=[-1.6607970500869367, 276.7120261700946, -10.499572926656887, -28.65497076023387]
SPS=41
Eval at step 327500, survival=6.056%, return=[-1.744402245967649, 288.15118175665543, -13.073548461504592, -33.812865497076096]
SPS=41
Eval at step 328000, survival=6.382%, return=[-1.7978656409929197, 305.55534716129296, -10.973207827675651, -32.1461988304093]
SPS=41
Eval at step 328500, survival=5.233%, return=[-1.7016528927294228, 248.4356575616201, -15.180601870679917, -28.175438596491375]
SPS=41
Eval at step 329000, survival=7.693%, return=[-2.154348793652995, 362.0402782917024, -20.085262122825952, -36.71345029239786]
SPS=41
Eval at step 329500, survival=8.292%, return=[-8.137163546751253, 375.9155255746843, -66.2233421690762, -47.93567251462025]
SPS=41
Eval at step 330000, survival=7.750%, return=[-10.510677153031187, 340.021395336787, -75.39141375830029, -50.877192982456386]
SPS=41
Eval at step 330500, survival=12.401%, return=[-4.473847681307234, 545.7040642642975, -64.5147687126555, -62.87719298245696]
SPS=41
Eval at step 331000, survival=10.727%, return=[-7.668614046143678, 484.1805088631316, -125.46847429737197, -65.97660818713496]
SPS=41
Eval at step 331500, survival=7.870%, return=[-3.5661893387441523, 357.5756509590149, -55.255622001680116, -38.350877192982935]
SPS=41
Eval at step 332000, survival=11.248%, return=[-6.402740608221696, 517.3901994117097, -51.132423071118104, -60.75438596491299]
SPS=41
Eval at step 332500, survival=19.209%, return=[-4.282014753106826, 892.5544451554612, -52.380750672377566, -92.59064327485551]
SPS=41
Eval at step 333000, survival=16.249%, return=[-3.481846578826662, 768.8065304915114, -42.41030685104973, -68.2222222222235]
SPS=41
Eval at step 333500, survival=7.420%, return=[-2.0221913035881394, 351.97775768915807, -21.609378964346735, -39.83625730994189]
SPS=41
Eval at step 334000, survival=9.325%, return=[-2.2516971885149055, 443.78022994359367, -16.85234685552253, -45.54385964912304]
SPS=41
Eval at step 334500, survival=12.636%, return=[-2.8181328582771434, 590.7016259193421, -18.5000610681988, -53.88888888888963]
SPS=41
Eval at step 335000, survival=12.760%, return=[-2.7440921547822654, 592.1030276584621, -22.428961157876376, -57.12280701754469]
SPS=41
Eval at step 335500, survival=14.215%, return=[-3.091221811288657, 652.2290598503746, -36.18172194270301, -63.01754385965021]
SPS=41
Eval at step 336000, survival=11.223%, return=[-2.618142078320185, 525.135524085363, -17.971958721822983, -46.0526315789479]
SPS=41
Eval at step 336500, survival=20.135%, return=[-3.888391990408612, 940.7536523485192, -34.68543844348945, -80.93567251462149]
SPS=41
Eval at step 337000, survival=17.841%, return=[-3.6496298923545205, 821.9297309358914, -45.18363061910107, -78.74853801169725]
SPS=41
Eval at step 337500, survival=12.678%, return=[-2.833231549380192, 583.723954695066, -42.119673966730865, -67.36257309941625]
SPS=41
Eval at step 338000, survival=11.806%, return=[-4.495854895775362, 539.2042077565193, -50.363676392124034, -55.29824561403591]
SPS=41
Eval at step 338500, survival=18.366%, return=[-5.974660564718458, 847.1745560598374, -69.7789511233835, -77.85380116959195]
SPS=41
Eval at step 339000, survival=15.546%, return=[-3.6577818923202963, 705.8530163272225, -45.260370662948844, -70.88304093567368]
SPS=41
Eval at step 339500, survival=20.325%, return=[-4.278198534292945, 938.1355965995799, -63.1708676174967, -83.44444444444606]
SPS=41
Eval at step 340000, survival=19.358%, return=[-4.156753810471855, 881.1088070821762, -80.75947281889967, -89.83040935672678]
SPS=41
Eval at step 340500, survival=15.542%, return=[-3.5903075014357455, 717.6071105988835, -42.52638553137755, -96.59064327485596]
SPS=41
Eval at step 341000, survival=11.888%, return=[-2.8294236030972875, 552.0172931973146, -41.870651737806234, -57.491228070176284]
SPS=41
Eval at step 341500, survival=10.007%, return=[-2.5150794975925237, 470.99514888763406, -31.200470666148856, -52.58479532163815]
SPS=41
Eval at step 342000, survival=8.106%, return=[-2.1580729723209515, 381.99733835538206, -21.44966356450459, -43.42105263157927]
SPS=41
Eval at step 342500, survival=7.106%, return=[-2.0691446461132728, 328.59407633622504, -27.354335061686772, -36.005847953216495]
SPS=41
Eval at step 343000, survival=7.168%, return=[-2.431150049514448, 324.0552394994104, -35.68319205191801, -36.13450292397682]
SPS=41
Eval at step 343500, survival=8.242%, return=[-2.6208510688932924, 377.8438734149927, -38.49852897172483, -41.906432748538414]
SPS=41
Eval at step 344000, survival=7.155%, return=[-2.0386950984830037, 342.40379250367477, -15.509153530409094, -41.57309941520501]
SPS=41
Eval at step 344500, survival=6.916%, return=[-1.9305372073625524, 339.3638124243421, -8.843909497799663, -34.34502923976618]
SPS=41
Eval at step 345000, survival=12.021%, return=[-2.74675743993915, 558.3253293514252, -61.01120584829672, -82.26315789473811]
SPS=41
Eval at step 345500, survival=8.185%, return=[-2.1343647042910256, 388.7047804037731, -21.675540508867318, -53.40935672514675]
SPS=41
Eval at step 346000, survival=9.867%, return=[-2.316884653060697, 471.9578413740794, -25.352616277513636, -61.65497076023434]
SPS=41
Eval at step 346500, survival=13.075%, return=[-2.8743348708958365, 595.0216115283965, -67.6814738308846, -95.11111111111286]
SPS=41
Eval at step 347000, survival=10.450%, return=[-2.4828028606328494, 485.04126925150575, -47.01116962709784, -65.91228070175521]
SPS=41
Eval at step 347500, survival=11.868%, return=[-4.977510408090893, 557.6133391888939, -47.4266221394646, -74.39766081871458]
SPS=41
Eval at step 348000, survival=10.979%, return=[-2.5032945524241463, 514.5806241257982, -35.09043529337214, -68.6666666666676]
SPS=41
Eval at step 348500, survival=5.002%, return=[-1.6771545312755431, 237.39571084340415, -17.554092145568575, -26.935672514619824]
SPS=41
Eval at step 349000, survival=10.202%, return=[-2.5356454920450537, 478.515292278926, -37.78642462221129, -59.61988304093645]
SPS=41
Eval at step 349500, survival=11.925%, return=[-5.777696094165246, 549.4293197949729, -50.11056926845291, -60.327485380117686]
SPS=41
Eval at step 350000, survival=10.313%, return=[-2.477179141753974, 483.32703676859563, -35.302957760257414, -67.64912280701844]
SPS=41
Eval at step 350500, survival=7.536%, return=[-2.24173203423076, 345.36805019060756, -37.160093809012324, -42.41520467836278]
SPS=41
Eval at step 351000, survival=7.197%, return=[-3.2498507101166374, 332.5008098570505, -39.386229813311125, -35.02339181286569]
SPS=41
Eval at step 351500, survival=8.767%, return=[-2.4649859281683653, 398.73358213901565, -94.85480935954062, -44.53216374269053]
SPS=41
Eval at step 352000, survival=9.966%, return=[-2.7071187459126427, 452.2632753292722, -36.77134462231023, -50.6783625730998]
SPS=41
Eval at step 352500, survival=9.437%, return=[-2.6190564733115025, 429.7542085520424, -39.18216505143695, -45.81871345029271]
SPS=41
Eval at step 353000, survival=26.203%, return=[-5.302174937581488, 1209.7623839251185, -53.545174048257955, -118.69005847953463]
SPS=41
Eval at step 353500, survival=16.361%, return=[-3.6827737816493027, 749.7840125179288, -39.605982917450696, -82.49707602339328]
SPS=41
Eval at step 354000, survival=14.162%, return=[-3.3965341727016494, 655.4325120051694, -41.2042855527543, -66.88304093567345]
SPS=41
Eval at step 354500, survival=22.698%, return=[-5.300709223141894, 1029.801207370758, -70.0552175891487, -104.28654970760442]
SPS=41
Eval at step 355000, survival=12.802%, return=[-3.4115741595548266, 577.0456221739452, -48.391146470564614, -62.988304093568026]
SPS=41
Eval at step 355500, survival=9.094%, return=[-2.5362091057662233, 423.17206207593296, -26.657397840492195, -48.25730994152098]
SPS=41
Eval at step 356000, survival=12.562%, return=[-3.03031001057631, 583.6530953407287, -42.4855805763782, -67.3976608187145]
SPS=41
Eval at step 356500, survival=6.870%, return=[-1.9207302022453707, 324.49596493244195, -35.55120207641934, -36.391812865497165]
SPS=41
Eval at step 357000, survival=7.461%, return=[-2.075989317187729, 349.65331887245185, -33.26830551167465, -42.53216374269059]
SPS=41
Eval at step 357500, survival=6.812%, return=[-2.039053411843876, 317.79576082865407, -38.21891997856437, -37.18128654970777]
SPS=41
Eval at step 358000, survival=10.652%, return=[-2.615063780491861, 498.3140812492373, -36.07097611867115, -75.04678362573242]
SPS=41
Eval at step 358500, survival=8.218%, return=[-2.3200937397778034, 383.1674560356143, -37.454245674598496, -49.70175438596539]
SPS=41
Eval at step 359000, survival=7.077%, return=[-1.9626716320053674, 329.9581823348997, -43.6783713689753, -52.39181286549768]
SPS=41
Eval at step 359500, survival=7.267%, return=[-2.1053477121167816, 340.96386707464853, -23.853332472336962, -40.54970760233958]
SPS=41
Eval at step 360000, survival=6.440%, return=[-2.0475824443856254, 301.6216286897658, -26.65593011085487, -32.36842105263143]
SPS=41
Eval at step 360500, survival=4.605%, return=[-1.6579543135594577, 219.372256398201, -18.558817758566875, -28.68421052631578]
SPS=41
Eval at step 361000, survival=10.222%, return=[-2.610907814116217, 475.7763243993125, -54.03822526348328, -70.79532163742756]
SPS=41
Eval at step 361500, survival=5.861%, return=[-1.720830078100941, 282.4179519494374, -45.38279792043371, -30.660818713450183]
SPS=41
Eval at step 362000, survival=6.188%, return=[-1.8681266544153914, 290.23158115545897, -31.590944261159166, -31.368421052631486]
SPS=41
Eval at step 362500, survival=5.093%, return=[-1.7389339966854702, 239.97152398427315, -23.413786833096918, -26.92982456140344]
SPS=41
Eval at step 363000, survival=7.808%, return=[-2.241140488690386, 366.4986597013473, -37.78728106497753, -39.12865497076041]
SPS=41
Eval at step 363500, survival=5.775%, return=[-1.8433662983588874, 272.78302339553863, -86.93818952881459, -33.08771929824585]
SPS=41
Eval at step 364000, survival=10.830%, return=[-3.3296649968251586, 483.44799068133005, -56.80858315278116, -50.684210526316235]
SPS=41
Eval at step 364500, survival=9.809%, return=[-2.614566432486754, 447.53614571571376, -100.20819038452464, -62.45029239766152]
SPS=41
Eval at step 365000, survival=24.045%, return=[-6.719966800301336, 1035.800427136421, -150.38875260568724, -117.0116959064351]
SPS=41
Eval at step 365500, survival=14.769%, return=[-4.065712643011163, 656.3948778136571, -72.04656534653623, -79.3976608187147]
SPS=41
Eval at step 366000, survival=12.996%, return=[-3.7422130479244515, 572.0802132368088, -73.68156554036007, -69.36842105263253]
SPS=41
Eval at step 366500, survival=10.669%, return=[-3.197733415853387, 471.48173722426117, -55.266396388586145, -55.80701754386024]
SPS=41
Eval at step 367000, survival=15.546%, return=[-4.259424913732801, 681.8724268762272, -72.6797805742129, -83.30409356725302]
SPS=41
Eval at step 367500, survival=11.942%, return=[-3.6500434984336607, 527.2126151529943, -72.63026744973224, -65.12280701754467]
SPS=41
Eval at step 368000, survival=9.838%, return=[-3.0293844180026404, 437.75441793759666, -55.90010148499763, -50.23391812865543]
SPS=41
Eval at step 368500, survival=9.131%, return=[-2.6636971794068813, 419.7365128914518, -42.29751086765464, -60.88888888888933]
SPS=41
Eval at step 369000, survival=7.230%, return=[-2.2777903306220346, 334.8997173039119, -28.01538447571026, -40.85964912280717]
SPS=41
Eval at step 369500, survival=6.804%, return=[-2.0509634134941734, 319.9267213344577, -75.65931164095916, -36.17543859649127]
SPS=41
Eval at step 370000, survival=7.639%, return=[-2.2599486690984727, 356.29893103122737, -67.19457078420722, -44.62573099415231]
SPS=41
Eval at step 370500, survival=7.221%, return=[-4.078411964719028, 335.84428645451914, -91.88199493281111, -41.502923976608436]
SPS=41
Eval at step 371000, survival=7.259%, return=[-2.6111306584013314, 332.1664629586544, -125.31069933573599, -41.368421052631845]
SPS=41
Eval at step 371500, survival=7.676%, return=[-2.167371295586539, 365.78090471108754, -28.24113437673077, -44.660818713450446]
SPS=41
Eval at step 372000, survival=8.548%, return=[-2.498220567688501, 390.40207444667834, -45.16506303286739, -40.70760233918155]
SPS=41
Eval at step 372500, survival=8.929%, return=[-2.3232213935504356, 415.97946777820584, -108.27890103382985, -58.245614035088096]
SPS=41
Eval at step 373000, survival=9.011%, return=[-2.590071647777222, 406.6713502756757, -70.08710951255732, -52.23976608187176]
SPS=41
Eval at step 373500, survival=17.163%, return=[-4.210105368615284, 779.3458622916545, -72.5079211974565, -81.49122807017675]
SPS=41
Eval at step 374000, survival=8.784%, return=[-2.690730281329403, 396.84954588731125, -41.06262396020126, -43.19883040935692]
SPS=41
Eval at step 374500, survival=11.202%, return=[-2.8893680902547203, 507.9304345814383, -73.80346072167838, -56.029239766082554]
SPS=41
Eval at step 375000, survival=9.917%, return=[-2.9815510785750425, 446.23944721857714, -62.78969258675352, -44.13450292397712]
SPS=41
Eval at step 375500, survival=12.579%, return=[-3.510705771370946, 569.429784847895, -103.91021357612772, -58.333333333334]
SPS=41
Eval at step 376000, survival=19.841%, return=[-5.176498918270227, 885.1305547237389, -151.18652232303188, -89.8128654970776]
SPS=41
Eval at step 376500, survival=6.349%, return=[-2.100005321224065, 290.9430290826161, -28.39544912353934, -32.43859649122802]
SPS=41
Eval at step 377000, survival=16.092%, return=[-4.375428623287007, 720.2137271149944, -107.84926353483752, -75.8596491228082]
SPS=41
Eval at step 377500, survival=28.832%, return=[-7.441339778869103, 1282.9236478455844, -195.15876144679714, -141.09941520468138]
SPS=41
Eval at step 378000, survival=11.450%, return=[-3.4000861762906425, 510.6541001764934, -50.50533857367312, -59.43274853801258]
SPS=41
Eval at step 378500, survival=4.907%, return=[-1.8818570402024004, 224.99039641539252, -20.419592537092587, -23.169590643275015]
SPS=41
Eval at step 379000, survival=10.818%, return=[-2.9688595285018287, 502.8902364285789, -36.856939916022384, -52.222222222222946]
SPS=41
Eval at step 379500, survival=9.487%, return=[-2.7230829119410678, 433.4875946378705, -34.78865368431676, -40.122807017544176]
SPS=41
Eval at step 380000, survival=7.259%, return=[-2.068562429281883, 345.673293393453, -16.968104469919734, -30.742690058479692]
SPS=41
Eval at step 380500, survival=4.121%, return=[-1.5260615227938008, 199.98588169733682, -14.681377703266966, -22.19298245614038]
SPS=41
Eval at step 381000, survival=11.582%, return=[-2.8900640874829455, 535.3358628384266, -68.26010324532884, -47.69590643274913]
SPS=41
Eval at step 381500, survival=28.067%, return=[-5.338670694560278, 1316.1001302353527, -130.61615276821976, -133.8654970760262]
SPS=41
Eval at step 382000, survival=14.658%, return=[-3.6338204027269967, 671.3369587548575, -131.0095741149465, -72.68421052631696]
SPS=41
Eval at step 382500, survival=11.268%, return=[-2.519335744495038, 522.2919947067901, -187.31930096646343, -65.76608187134595]
SPS=41
Eval at step 383000, survival=11.797%, return=[-3.572740202206963, 520.5197928158442, -84.77961908921618, -56.26315789473757]
SPS=41
Eval at step 383500, survival=9.991%, return=[-3.2790254424132095, 441.6765927203498, -65.45280159214478, -47.00584795321678]
SPS=41
Eval at step 384000, survival=10.272%, return=[-3.11085196173129, 460.4108215888329, -120.91974083318685, -56.64327485380206]
SPS=41
Eval at step 384500, survival=8.201%, return=[-2.3489443597500212, 376.4846472120289, -88.98373475698584, -45.19883040935701]
SPS=41
Eval at step 385000, survival=8.271%, return=[-2.276533068739809, 389.03831934372596, -33.39096317717728, -47.39766081871378]
SPS=41
Eval at step 385500, survival=10.247%, return=[-2.560083267647618, 470.44635986805025, -173.97588059213012, -63.90058479532254]
SPS=41
Eval at step 386000, survival=8.953%, return=[-2.3896280040110773, 415.03781193256367, -34.00690062876674, -50.45029239766121]
SPS=41
Eval at step 386500, survival=13.079%, return=[-3.1236819766151407, 604.5546459452312, -53.3506035086078, -56.625730994152896]
SPS=41
Eval at step 387000, survival=10.619%, return=[-2.6833400551889404, 490.9400060256319, -66.84111441920201, -54.678362573100024]
SPS=41
Eval at step 387500, survival=15.745%, return=[-3.6651196531020105, 708.1476083389866, -363.66829169362126, -113.5906432748565]
SPS=41
Eval at step 388000, survival=11.983%, return=[-2.8116472678181403, 550.3295788319905, -21.26816580921877, -54.49122807017633]
SPS=41
Eval at step 388500, survival=9.020%, return=[-2.178573465110579, 426.7042821566267, -15.565265713409948, -38.08187134502955]
SPS=41
Eval at step 389000, survival=8.854%, return=[-2.2715240066560605, 414.2441447496417, -20.058747697515173, -42.28070175438635]
SPS=41
Eval at step 389500, survival=6.924%, return=[-1.956542320549488, 331.8518241564431, -17.430019409395754, -41.71345029239786]
SPS=41
Eval at step 390000, survival=5.229%, return=[-1.6768884387177725, 242.61208860715237, -21.165964655741845, -27.233918128654967]
SPS=41
Eval at step 390500, survival=8.089%, return=[-2.1249100523806796, 384.3241192817687, -32.280938109305374, -51.309941520468335]
SPS=41
Eval at step 391000, survival=5.179%, return=[-1.6676375316844012, 243.61948578357695, -19.516149224754674, -25.514619883040883]
SPS=41
Eval at step 391500, survival=17.212%, return=[-3.7012720527127385, 811.8152492364243, -27.010744134066044, -86.99415204678535]
SPS=41
Eval at step 392000, survival=11.818%, return=[-3.0443156694139666, 546.7164715687435, -29.95832111708296, -54.923976608187935]
SPS=41
Eval at step 392500, survival=5.456%, return=[-2.8754961183294654, 255.91933868090305, -21.59615959243577, -26.67251461988302]
SPS=41
Eval at step 393000, survival=4.518%, return=[-1.7157244501092161, 212.5141909869512, -23.851142836242314, -27.988304093567375]
SPS=41
Eval at step 393500, survival=10.743%, return=[-2.9305810568427355, 486.65199209690104, -36.43084218071696, -52.48538011695958]
SPS=41
Eval at step 394000, survival=10.338%, return=[-2.7492924027416543, 478.3567559496558, -28.170870542242483, -56.92982456140416]
SPS=41
Eval at step 394500, survival=12.744%, return=[-4.610946092250136, 579.4143579816815, -57.38066218143528, -62.12280701754468]
SPS=41
Eval at step 395000, survival=10.950%, return=[-2.9827902705486244, 500.2467492548619, -38.197526697744784, -51.789473684211146]
SPS=41
Eval at step 395500, survival=11.913%, return=[-2.9958723742165603, 546.6912844721475, -44.23312348038113, -52.152046783626396]
SPS=41
Eval at step 396000, survival=9.230%, return=[-2.4216118298936635, 429.098538031578, -18.52272783315857, -42.590643274854436]
SPS=41
Eval at step 396500, survival=14.980%, return=[-3.370765695348382, 698.1766204675037, -25.39322957842766, -61.47368421052727]
SPS=41
Eval at step 397000, survival=18.304%, return=[-3.9567994844789305, 853.3047736231478, -62.14299332545003, -98.84795321637614]
SPS=41
Eval at step 397500, survival=7.647%, return=[-2.115080028558926, 357.79449759801213, -24.707296158342313, -40.70175438596521]
SPS=41
Eval at step 398000, survival=9.487%, return=[-2.3267295268015005, 442.15087144533777, -12.893453225010793, -37.98830409356759]
SPS=41
Eval at step 398500, survival=13.649%, return=[-3.8446786003381326, 626.5761835416157, -44.64023290890449, -72.28654970760341]
SPS=41
Eval at step 399000, survival=5.866%, return=[-1.8523000672576018, 271.58133096536017, -20.938330846091656, -26.964912280701697]
SPS=41
Eval at step 399500, survival=10.623%, return=[-2.87235253539014, 491.8077293014523, -34.936023711207476, -56.36257309941585]
SPS=41
Eval at step 400000, survival=5.969%, return=[-1.895353877490076, 283.7069952678679, -19.097062576188666, -28.45614035087715]
SPS=42
Eval at step 400500, survival=7.626%, return=[-2.088982892319715, 360.77217040220904, -82.96548067593055, -43.842105263158125]
SPS=42
Eval at step 401000, survival=6.825%, return=[-2.2613212160455682, 312.4803586721419, -34.43787885396887, -31.760233918128677]
SPS=42
Eval at step 401500, survival=10.206%, return=[-3.1870253826297508, 447.3366136741635, -58.44932068156777, -45.2397660818719]
SPS=42
Eval at step 402000, survival=12.562%, return=[-3.5582668145070784, 568.6734641679135, -64.35175789390148, -61.33333333333429]
SPS=42
Eval at step 402500, survival=13.178%, return=[-3.6003593833302148, 595.5944954792667, -63.01625358394085, -58.50292397660928]
SPS=42
Eval at step 403000, survival=13.083%, return=[-3.9071417703138045, 574.3470099321997, -109.83018567351003, -56.95321637426978]
SPS=42
Eval at step 403500, survival=9.437%, return=[-2.8941675862879492, 419.74441860199005, -71.88515839247945, -41.91812865497117]
SPS=42
Eval at step 404000, survival=10.148%, return=[-2.7563821980147623, 471.46331813017486, -67.31951335993169, -56.40935672514673]
SPS=42
Eval at step 404500, survival=6.064%, return=[-1.967202675063163, 284.0747274843852, -46.059090325967794, -34.175438596491134]
SPS=42
Eval at step 405000, survival=9.040%, return=[-2.4827866526708626, 416.1009191862741, -32.48538301434443, -50.035087719298645]
SPS=42
Eval at step 405500, survival=7.267%, return=[-2.235815807400892, 334.0137833531698, -29.161720403494353, -33.54970760233931]
SPS=42
Eval at step 406000, survival=8.693%, return=[-2.386255036108196, 403.99520558039325, -30.18359104578849, -51.53216374269041]
SPS=42
Eval at step 406500, survival=6.444%, return=[-1.961629741534125, 300.03699188868205, -23.209320534432965, -38.64327485380146]
SPS=42
Eval at step 407000, survival=11.925%, return=[-2.7870200672768988, 562.8923679292207, -33.89839259721581, -85.807017543861]
SPS=42
Eval at step 407500, survival=8.366%, return=[-2.372112617342888, 395.6802991962433, -28.550031695272384, -50.75438596491281]
SPS=42
Eval at step 408000, survival=6.415%, return=[-1.9980226822275047, 302.4633711671828, -19.05509664112954, -34.61988304093565]
SPS=42
Eval at step 408500, survival=13.752%, return=[-3.1022348702147915, 642.2003010590869, -32.117212299629195, -105.0935672514636]
SPS=42
Eval at step 409000, survival=12.359%, return=[-2.8847570884196707, 574.5551166693367, -29.993493182962993, -86.12865497076147]
SPS=42
Eval at step 409500, survival=13.480%, return=[-3.1748906059074216, 623.665803019206, -92.63585834954574, -82.02339181286662]
SPS=42
Eval at step 410000, survival=11.839%, return=[-2.958926474908367, 550.0060658645633, -35.17620537983506, -78.97076023391925]
SPS=42
Eval at step 410500, survival=5.899%, return=[-1.9334492597651358, 275.152933696111, -23.99067721797231, -27.01169590643268]
SPS=42
Eval at step 411000, survival=5.440%, return=[-1.7539884243548538, 262.1811200205486, -17.211459832731634, -24.70760233918125]
SPS=42
Eval at step 411500, survival=11.392%, return=[-2.798861470888369, 533.110770606995, -71.2451440823376, -74.4210526315801]
SPS=42
Eval at step 412000, survival=7.804%, return=[-2.135841569514014, 368.1739812024437, -48.007216098044104, -35.69590643274875]
SPS=42
Eval at step 412500, survival=11.004%, return=[-2.558387815292614, 519.6873054790498, -28.8273686407944, -79.2046783625744]
SPS=42
Eval at step 413000, survival=6.973%, return=[-1.9539756903929326, 329.56779713948555, -23.796856685813207, -37.50292397660818]
SPS=42
Eval at step 413500, survival=8.846%, return=[-2.3248284666915424, 417.8227512804669, -29.283645185132627, -53.33333333333388]
SPS=42
Eval at step 414000, survival=7.097%, return=[-2.071588736046882, 333.4755389436086, -25.418270752600318, -33.70760233918127]
SPS=42
Eval at step 414500, survival=6.250%, return=[-1.8165561084169894, 300.5226691341399, -20.587889411831082, -29.8654970760234]
SPS=42
Eval at step 415000, survival=5.398%, return=[-1.7509675202309154, 250.19081154823326, -48.79208090544747, -29.567251461988388]
SPS=42
Eval at step 415500, survival=9.396%, return=[-2.3537756354974895, 437.7009699122105, -130.25346345919147, -38.61988304093595]
SPS=42
Eval at step 416000, survival=3.034%, return=[-1.4431598948625226, 143.81574978192648, -15.14143535304053, -15.526315789473657]
SPS=42
Eval at step 416500, survival=9.057%, return=[-2.3594279883351796, 424.48026676813765, -91.70368910850569, -62.9649122807023]
SPS=42
Eval at step 417000, survival=7.866%, return=[-2.124513868281307, 369.7198455476762, -64.96904127489445, -41.81286549707615]
SPS=42
Eval at step 417500, survival=8.941%, return=[-2.215667328234607, 428.5406692012152, -21.970522036989376, -59.71345029239779]
SPS=42
Eval at step 418000, survival=10.789%, return=[-2.8240241555225416, 504.53632217248287, -65.63444389333017, -45.1345029239771]
SPS=42
Eval at step 418500, survival=12.331%, return=[-3.127467596476587, 568.2049682060871, -99.15271477348263, -57.274853801170366]
SPS=42
Eval at step 419000, survival=6.895%, return=[-2.079222653779046, 318.15940822124463, -18.597471377638914, -27.350877192982797]
SPS=42
Eval at step 419500, survival=8.304%, return=[-2.2082580464775674, 386.3570374488832, -36.91840707119263, -39.56140350877211]
SPS=42
Eval at step 420000, survival=8.118%, return=[-2.129212240455672, 378.83589962005635, -47.877629499972194, -51.087719298246164]
SPS=42
Eval at step 420500, survival=8.325%, return=[-2.294908478759074, 386.26537209192907, -49.52332351667186, -37.02923976608207]
SPS=42
Eval at step 421000, survival=6.453%, return=[-2.0455424280565544, 302.35844759782157, -47.97015804991437, -34.45614035087748]
SPS=42
Eval at step 421500, survival=8.040%, return=[-2.175421596330125, 380.91401538213114, -26.912766123203863, -42.134502923976896]
SPS=42
Eval at step 422000, survival=7.511%, return=[-2.064038105891086, 350.911442805926, -32.86453130668573, -39.45029239766101]
SPS=42
Eval at step 422500, survival=4.654%, return=[-1.7031044859904796, 224.96574786186224, -17.657103888651665, -26.163742690058573]
SPS=42
Eval at step 423000, survival=11.165%, return=[-2.6507118985173292, 526.1707873455686, -40.2603297141662, -50.68421052631643]
SPS=42
Eval at step 423500, survival=9.859%, return=[-2.431456426740624, 465.61254579862, -18.575079032526748, -51.73099415204729]
SPS=42
Eval at step 424000, survival=7.519%, return=[-2.082706817348177, 357.9974186356861, -9.730787992409509, -31.456140350877487]
SPS=42
Eval at step 424500, survival=7.697%, return=[-2.190095027326606, 358.4301640367505, -23.889154020153608, -38.040935672515154]
SPS=42
Eval at step 425000, survival=5.142%, return=[-1.73471872836429, 242.55590406735737, -20.44592320497577, -36.24561403508769]
SPS=42
Eval at step 425500, survival=6.283%, return=[-1.8902005694884185, 296.6502527697882, -22.819229015872832, -41.994152046783576]
SPS=42
Eval at step 426000, survival=5.485%, return=[-1.8284911540104076, 254.10158821582797, -24.503621774776548, -26.818713450292318]
SPS=42
Eval at step 426500, survival=7.618%, return=[-2.0419331163478396, 359.6552214717865, -19.50061952220373, -35.58479532163747]
SPS=42
Eval at step 427000, survival=7.155%, return=[-2.0774424887107066, 336.426668653488, -27.284311146475375, -40.66666666666679]
SPS=42
Eval at step 427500, survival=8.251%, return=[-2.149265285852986, 391.1122802050908, -29.30145978980545, -52.152046783625785]
SPS=42
Eval at step 428000, survival=4.518%, return=[-1.632090659889703, 214.10911025524152, -29.410063484732138, -23.315789473684134]
SPS=42
Eval at step 428500, survival=7.560%, return=[-2.1308642448469377, 360.2790112050377, -68.37280995277494, -42.514619883041235]
SPS=42
Eval at step 429000, survival=8.647%, return=[-2.3242194751122347, 412.535801994006, -73.89884903861821, -52.625730994152285]
SPS=42
Eval at step 429500, survival=4.799%, return=[-1.7097738482019242, 225.09639767646786, -14.433417531467663, -24.92982456140349]
SPS=42
Eval at step 430000, survival=9.102%, return=[-2.3959474173995354, 424.312407178879, -135.32460329523505, -54.11695906432801]
SPS=42
Eval at step 430500, survival=7.097%, return=[-2.0463860635839715, 338.6585169919334, -33.499676830708346, -41.42105263157912]
SPS=42
Eval at step 431000, survival=8.796%, return=[-2.260724803801471, 415.8789376449591, -144.23174846265465, -52.502923976608656]
SPS=42
Eval at step 431500, survival=7.643%, return=[-2.055446879414376, 364.71619370460513, -37.950841408446045, -37.80701754385988]
SPS=42
Eval at step 432000, survival=7.858%, return=[-2.1156312474631704, 373.98225116411896, -73.81999342276929, -47.49122807017563]
SPS=42
Eval at step 432500, survival=6.585%, return=[-1.925859111516426, 312.86535416285193, -16.512730449748535, -35.15789473684215]
SPS=42
Eval at step 433000, survival=6.725%, return=[-1.9498803588212468, 321.8001995086676, -89.30448210226314, -36.95321637426921]
SPS=42
Eval at step 433500, survival=7.693%, return=[-2.2551187535670274, 360.2750267887118, -58.32487160160478, -46.23391812865524]
SPS=42
Eval at step 434000, survival=4.927%, return=[-1.6546555791089002, 235.9130725018185, -8.464115520454166, -29.105263157894996]
SPS=42
Eval at step 434500, survival=8.879%, return=[-2.301102472100562, 420.5247704950968, -15.46669197763064, -44.90058479532206]
SPS=42
Eval at step 435000, survival=4.349%, return=[-1.5811859462410212, 205.6877262179057, -15.18709108766052, -29.08771929824555]
SPS=42
Eval at step 435500, survival=8.292%, return=[-2.1745626150708026, 395.5053809483845, -15.032584172947585, -44.96491228070186]
SPS=42
Eval at step 436000, survival=5.725%, return=[-1.7761855946155265, 278.4739274915061, -10.91863082652344, -25.742690058479514]
SPS=42
Eval at step 436500, survival=6.771%, return=[-2.0084154043967524, 321.25025146802284, -16.426107158059796, -32.75438596491232]
SPS=42
Eval at step 437000, survival=9.776%, return=[-2.611305464815814, 457.947443351746, -68.70227689642827, -56.789473684211124]
SPS=42
Eval at step 437500, survival=5.882%, return=[-1.944874335177398, 276.1918883732956, -19.092124778534828, -30.73684210526322]
SPS=42
Eval at step 438000, survival=3.861%, return=[-1.5015641770247992, 183.68843410491945, -43.15546207347264, -26.97660818713455]
SPS=42
Eval at step 438500, survival=19.097%, return=[-4.194169605926921, 883.3859251896552, -85.06601556538105, -97.47368421052806]
SPS=42
Eval at step 439000, survival=8.557%, return=[-2.517231786332559, 393.6646677366891, -22.556110618791234, -41.22222222222273]
SPS=42
Eval at step 439500, survival=7.184%, return=[-1.990205988152108, 337.0024353090924, -74.7360468453262, -47.25146198830459]
SPS=42
Eval at step 440000, survival=7.556%, return=[-2.0848344698703536, 355.88932196617156, -89.21855260623852, -50.491228070175815]
SPS=42
Eval at step 440500, survival=12.260%, return=[-2.946577309727824, 572.8228526433307, -164.19863499102576, -79.10526315789603]
SPS=42
Eval at step 441000, survival=14.364%, return=[-3.15054924194313, 675.8243401686342, -44.70239250370165, -104.57309941520653]
SPS=42
Eval at step 441500, survival=8.404%, return=[-2.43419812481928, 394.3081525707246, -62.35807418080609, -47.187134502924515]
SPS=42
Eval at step 442000, survival=7.197%, return=[-1.995980186581922, 343.9750359630585, -11.002075793410768, -40.81871345029236]
SPS=42
Eval at step 442500, survival=9.218%, return=[-2.3401801958486126, 429.55261919021615, -20.888676500724007, -48.54385964912308]
SPS=42
Eval at step 443000, survival=18.266%, return=[-4.0281167186331, 839.7523251152047, -37.5929759464149, -89.09941520468]
SPS=42
Eval at step 443500, survival=14.728%, return=[-3.394584839271071, 676.3868634271627, -27.506031062580103, -69.39766081871447]
SPS=42
Eval at step 444000, survival=6.754%, return=[-3.790936480547922, 308.76118236382814, -23.3190809869872, -38.187134502924295]
SPS=42
Eval at step 444500, survival=14.509%, return=[-3.3948659311281517, 664.1837304719281, -32.925312702924806, -75.64327485380255]
SPS=42
Eval at step 445000, survival=16.526%, return=[-3.7306709302744516, 767.4667772388448, -28.892349032229202, -76.56140350877324]
SPS=42
Eval at step 445500, survival=7.602%, return=[-2.2930755182363405, 343.06521228551804, -49.20148316699002, -42.216374269006224]
SPS=42
Eval at step 446000, survival=9.445%, return=[-2.4135447034301856, 435.34915807565045, -84.94103398887334, -55.57309941520492]
SPS=42
Eval at step 446500, survival=14.232%, return=[-3.424160080321599, 663.5031833410263, -37.700315643999296, -61.90643274853898]
SPS=42
Eval at step 447000, survival=7.130%, return=[-2.1477054001103775, 330.8953299236302, -93.99528482704773, -40.128654970760415]
SPS=42
Eval at step 447500, survival=9.499%, return=[-2.6534642101614736, 442.3708993117013, -52.88877733319532, -68.0584795321643]
SPS=42
Eval at step 448000, survival=10.206%, return=[-2.704832886753138, 475.32186795075694, -35.687230525127234, -47.15789473684259]
SPS=42
Eval at step 448500, survival=8.205%, return=[-2.219155439272678, 385.9269250408808, -41.59281225170707, -33.964912280702]
SPS=42
Eval at step 449000, survival=6.907%, return=[-1.9760210984774556, 330.2482224337261, -14.337649161531468, -30.467836257310086]
SPS=42
Eval at step 449500, survival=3.332%, return=[-1.4300433527096175, 158.4582835451762, -13.100570884271292, -15.853801169590618]
SPS=42
Eval at step 450000, survival=2.633%, return=[-1.2769919935769092, 129.67748767375954, -7.314464680520662, -13.187134502923959]
SPS=42
Eval at step 450500, survival=2.211%, return=[-1.261476938962005, 107.07329354604087, -7.969446915240648, -10.573099415204666]
SPS=42
Eval at step 451000, survival=8.519%, return=[-2.3316161144563616, 401.4109049352009, -20.87026063226828, -54.5146198830418]
SPS=42
Eval at step 451500, survival=5.250%, return=[-1.7969810154754668, 248.44834996223457, -32.632578043897716, -28.122807017543835]
SPS=43
Eval at step 452000, survival=6.064%, return=[-1.8412309625418857, 290.6913215351104, -12.770368013424255, -25.754385964912398]
SPS=43
Eval at step 452500, survival=8.238%, return=[-2.2469204723020084, 393.883367989858, -9.190694656691752, -39.16374269005885]
SPS=43
Eval at step 453000, survival=6.829%, return=[-2.1789294767659158, 316.0621927086513, -21.074781646369956, -31.46198830409365]
SPS=43
Eval at step 453500, survival=9.032%, return=[-2.3282701289475276, 425.8188192717234, -26.621696631472634, -63.57894736842136]
SPS=43
Eval at step 454000, survival=7.312%, return=[-2.052008250010355, 348.9104020881659, -97.3023203984291, -42.95321637426931]
SPS=43
Eval at step 454500, survival=8.300%, return=[-2.3559554855843694, 391.4526769081752, -21.571393758965616, -40.1052631578951]
SPS=43
Eval at step 455000, survival=6.403%, return=[-1.9641284474249308, 302.07006796518976, -18.2204348880817, -29.596491228070164]
SPS=43
Eval at step 455500, survival=4.625%, return=[-1.667758616230761, 218.5934782679875, -18.29742501054837, -20.602339181286528]
SPS=43
Eval at step 456000, survival=8.197%, return=[-2.3577263183154478, 384.7238798650107, -32.17093699844554, -38.070175438596756]
SPS=43
Eval at step 456500, survival=6.366%, return=[-1.9981937638367526, 296.9941544151307, -31.48916673657368, -28.818713450292382]
SPS=43
Eval at step 457000, survival=9.516%, return=[-2.8467702269748165, 433.2623077090581, -71.54600544473699, -48.643274853801614]
SPS=43
Eval at step 457500, survival=10.276%, return=[-2.7801217052619904, 470.4324179045355, -85.87662427456355, -50.883040935673115]
SPS=43
Eval at step 458000, survival=14.100%, return=[-4.544486143859103, 626.8898975594839, -80.90220718303044, -68.95321637426999]
SPS=43
Eval at step 458500, survival=9.879%, return=[-3.0443323192885146, 442.771759144465, -52.266199384563755, -45.22222222222271]
SPS=43
Eval at step 459000, survival=11.028%, return=[-4.376826595088157, 500.87049879550915, -61.37953640136402, -59.2397660818721]
SPS=43
Eval at step 459500, survival=14.273%, return=[-4.824099896339855, 663.0126370271053, -44.677395594849564, -74.19883040935787]
SPS=43
Eval at step 460000, survival=10.475%, return=[-2.7684395554824732, 482.41531013170925, -29.780670792511955, -46.89473684210577]
SPS=43
Eval at step 460500, survival=11.190%, return=[-2.695623216141636, 530.2307723871869, -20.344242575191554, -55.38011695906491]
SPS=43
Eval at step 461000, survival=11.165%, return=[-2.9772216216855063, 510.80484866460165, -36.627759760410605, -51.479532163743336]
SPS=43
Eval at step 461500, survival=7.643%, return=[-3.4868608294248893, 354.76006791909526, -30.523420413121737, -37.62573099415221]
SPS=43
Eval at step 462000, survival=11.810%, return=[-3.083713145732569, 541.9489233334856, -40.55189838143997, -55.1812865497083]
SPS=43
Eval at step 462500, survival=8.850%, return=[-2.4307367664878257, 420.05863407770784, -21.433731160080544, -39.397660818713774]
SPS=43
Eval at step 463000, survival=9.057%, return=[-2.4182122653389038, 428.29582843462623, -22.92492745646935, -41.25730994152077]
SPS=43
Eval at step 463500, survival=11.305%, return=[-2.7570770076902895, 530.9143874470391, -18.100954429602172, -53.12865497076093]
SPS=43
Eval at step 464000, survival=15.241%, return=[-3.333767152236154, 718.4404720147444, -36.393672297737794, -81.76608187134646]
SPS=43
Eval at step 464500, survival=13.422%, return=[-3.61593793410187, 610.6394803524025, -52.769951533564985, -61.15204678362676]
SPS=43
Eval at step 465000, survival=5.060%, return=[-1.8557684199768119, 234.31687808672595, -19.579661867406685, -22.608187134502913]
SPS=43
Eval at step 465500, survival=7.378%, return=[-2.476392814288071, 329.64167238076544, -33.00443067712089, -34.847953216374684]
SPS=43
Eval at step 466000, survival=7.771%, return=[-2.089599603942285, 374.9149188534422, -57.95089078650926, -41.15789473684238]
SPS=43
Eval at step 466500, survival=7.345%, return=[-2.0460148776570954, 346.62284050941525, -114.25264322894024, -42.86549707602376]
SPS=43
Eval at step 467000, survival=7.143%, return=[-2.133076214697212, 330.88231104056075, -98.2942414060041, -40.578947368421275]
SPS=43
Eval at step 467500, survival=5.212%, return=[-1.7404456754641917, 246.34059510389966, -22.949881613230293, -26.713450292397557]
SPS=43
Eval at step 468000, survival=6.523%, return=[-2.016354223480448, 302.72879943211893, -112.4737474743024, -39.888888888889134]
SPS=43
Eval at step 468500, survival=11.177%, return=[-2.9690277047726945, 499.8289144674937, -162.32406243974523, -73.62573099415282]
SPS=43
Eval at step 469000, survival=5.936%, return=[-1.8257758880111699, 285.320629676183, -14.170036850079972, -28.812865497075908]
SPS=43
Eval at step 469500, survival=5.456%, return=[-1.7327419670570332, 265.89059623082466, -13.568607091787271, -32.76608187134494]
SPS=43
Eval at step 470000, survival=9.115%, return=[-2.4981853869976476, 416.14171348412856, -101.61849981284104, -56.21637426900646]
SPS=43
Eval at step 470500, survival=4.617%, return=[-1.6809627244171377, 213.9748508723576, -52.62648699713827, -22.842105263157848]
SPS=43
Eval at step 471000, survival=7.151%, return=[-1.989899168140255, 346.60618947664915, -13.825874423163137, -33.00584795321647]
SPS=43
Eval at step 471500, survival=4.101%, return=[-1.470007718986987, 203.20811601638786, -13.137234127459427, -19.35087719298238]
SPS=43
Eval at step 472000, survival=5.799%, return=[-1.8227001315875289, 278.1425400002798, -22.727670435851905, -26.807017543859583]
SPS=43
Eval at step 472500, survival=18.589%, return=[-3.7593510875400775, 885.8554499308284, -18.429530064808205, -89.41520467836425]
SPS=43
Eval at step 473000, survival=5.671%, return=[-1.8259963034846198, 264.0277378908792, -16.128242114262928, -31.643274853801383]
SPS=43
Eval at step 473500, survival=8.271%, return=[-2.277845732343849, 390.13012775421134, -25.834844256353488, -40.497076023392104]
SPS=43
Eval at step 474000, survival=9.420%, return=[-2.4019541121670045, 438.72465081691763, -22.601919385615474, -46.467836257310275]
SPS=43
Eval at step 474500, survival=7.602%, return=[-2.111249797143197, 356.52813005765273, -16.33751463595945, -34.10526315789494]
SPS=43
Eval at step 475000, survival=8.511%, return=[-2.200416888925247, 401.7001812601091, -25.57181904082002, -43.44444444444474]
SPS=43
Eval at step 475500, survival=7.019%, return=[-2.172004295978695, 324.89947789033243, -30.249964955272542, -28.6491228070178]
SPS=43
Eval at step 476000, survival=5.861%, return=[-1.865042437450029, 277.17426244656264, -15.08451520530798, -24.40935672514617]
SPS=43
Eval at step 476500, survival=11.971%, return=[-2.7947514468299537, 565.3623533272745, -37.5468487725387, -50.45614035087788]
SPS=43
Eval at step 477000, survival=5.853%, return=[-1.873922419695494, 273.8154192209245, -14.484583382261917, -24.491228070175477]
SPS=43
Eval at step 477500, survival=25.203%, return=[-5.300960688327905, 1161.6600450754179, -84.43920642153655, -121.23976608187395]
SPS=43
Eval at step 478000, survival=8.482%, return=[-2.464925032594086, 391.8095611031849, -26.030991189948207, -37.91812865497113]
SPS=43
Eval at step 478500, survival=14.736%, return=[-3.7315334278391674, 658.1996920760457, -192.06389521897654, -77.07602339181422]
SPS=43
Eval at step 479000, survival=5.336%, return=[-1.9528165592928417, 244.7064848311741, -40.094709267713675, -28.035087719298392]
SPS=43
Eval at step 479500, survival=5.188%, return=[-1.712702278397046, 246.52378793239595, -28.792942019480204, -25.1578947368421]
SPS=43
Eval at step 480000, survival=11.901%, return=[-2.701077742521496, 568.1596281735096, -23.409262815703794, -55.44444444444505]
SPS=43
Eval at step 480500, survival=12.992%, return=[-2.9278806668007746, 612.3125967772803, -44.88593443353481, -58.91228070175513]
SPS=43
Eval at step 481000, survival=13.075%, return=[-3.0570965832254537, 615.3952290026349, -38.28260225157525, -56.01169590643344]
SPS=43
Eval at step 481500, survival=7.155%, return=[-2.1553515704581514, 330.37808083375336, -110.98701348354614, -45.649122807018024]
SPS=43
Eval at step 482000, survival=19.878%, return=[-5.279999183141626, 887.6852340809487, -279.81674482839054, -105.79532163742904]
SPS=43
Eval at step 482500, survival=10.053%, return=[-2.7316025486798026, 461.1796745538711, -26.723531288521674, -44.39766081871397]
SPS=43
Eval at step 483000, survival=7.246%, return=[-2.120480521970118, 340.24626372814174, -15.289860361677711, -33.73099415204689]
SPS=43
Eval at step 483500, survival=7.325%, return=[-2.102020208258182, 349.30799679915094, -11.326686819733974, -35.345029239766355]
SPS=43
Eval at step 484000, survival=4.650%, return=[-1.6391186024799633, 224.4174731095633, -8.17996314943874, -22.15789473684215]
SPS=43
Eval at step 484500, survival=6.854%, return=[-1.9588515982807924, 332.2841401338579, -12.448958567751106, -36.60233918128656]
SPS=43
Eval at step 485000, survival=5.932%, return=[-1.9186616902976918, 284.11840621153544, -42.17493376568018, -35.69005847953229]
SPS=43
Eval at step 485500, survival=6.155%, return=[-1.7767968705738895, 303.1840774599711, -10.500951790008306, -29.853801169590753]
SPS=43
Eval at step 486000, survival=9.702%, return=[-2.4797792550913678, 465.57395997047433, -10.235381022774769, -47.274853801169975]
SPS=43
Eval at step 486500, survival=7.519%, return=[-2.18935623227541, 341.07047625541696, -66.18874148262937, -35.83040935672517]
SPS=43
Eval at step 487000, survival=9.321%, return=[-2.3916958984530843, 430.8353954648969, -52.469482978496366, -44.90058479532195]
SPS=43
Eval at step 487500, survival=14.947%, return=[-3.4791722407874963, 670.3016567341464, -213.4906590927179, -65.38011695906529]
SPS=43
Eval at step 488000, survival=9.772%, return=[-2.379321805007445, 461.93358375231423, -47.5135666061154, -44.461988304093985]
SPS=43
Eval at step 488500, survival=6.601%, return=[-1.9405016045590553, 315.29582867304475, -16.227153121639276, -34.01754385964914]
SPS=43
Eval at step 489000, survival=14.306%, return=[-3.025466084557896, 675.2712583041193, -36.404124905830635, -88.43274853801313]
SPS=43
Eval at step 489500, survival=9.048%, return=[-2.327914990542922, 437.5440226999921, -10.527769671954351, -47.16959064327526]
SPS=43
Eval at step 490000, survival=5.961%, return=[-1.8683157120249234, 282.9998360443118, -26.04595488251046, -27.9181286549709]
SPS=43
Eval at step 490500, survival=4.799%, return=[-1.571220697388829, 238.1130797100067, -9.768207178485076, -23.631578947368357]
SPS=43
Eval at step 491000, survival=3.621%, return=[-1.449645572846445, 176.98062185923266, -16.72818810195895, -18.99415204678356]
SPS=43
Eval at step 491500, survival=4.179%, return=[-1.5510353417290996, 203.13022757371277, -11.050761736211522, -22.1754385964912]
SPS=43
Eval at step 492000, survival=8.213%, return=[-2.216227888750533, 385.0015063158672, -15.060435081267011, -37.61988304093591]
SPS=43
Eval at step 492500, survival=3.542%, return=[-1.5182582951383665, 162.2441591087976, -15.173344841881772, -18.549707602339232]
SPS=43
Eval at step 493000, survival=5.175%, return=[-1.7273432742416237, 244.5069905583065, -62.42891814314498, -27.614035087719447]
SPS=43
Eval at step 493500, survival=3.576%, return=[-1.6696764001389965, 160.647400226593, -19.775508974661836, -16.33333333333348]
SPS=43
Eval at step 494000, survival=8.036%, return=[-2.319679414232572, 369.31117633183794, -25.26378762093009, -39.2982456140353]
SPS=43
Eval at step 494500, survival=11.210%, return=[-2.9824541972678467, 508.0667339086536, -54.322312127857, -50.56140350877259]
SPS=43
Eval at step 495000, survival=8.978%, return=[-3.9707692873392566, 409.85437891642295, -51.28081304191195, -41.12865497076078]
SPS=43
Eval at step 495500, survival=10.446%, return=[-3.1811012421773435, 459.38350898106927, -95.20500939302777, -61.385964912281715]
SPS=43
Eval at step 496000, survival=6.510%, return=[-2.0004402467554123, 304.090866355896, -29.2219549579022, -29.140350877193114]
SPS=43
Eval at step 496500, survival=10.479%, return=[-3.230156829735885, 460.8747835318242, -137.54487910526223, -60.94152046783748]
SPS=43
Eval at step 497000, survival=6.585%, return=[-2.032326962837639, 301.97431968689006, -46.4448126279652, -42.14035087719316]
SPS=43
Eval at step 497500, survival=5.543%, return=[-1.8137370097683743, 260.5816655270258, -43.01667330447041, -24.023391812865487]
SPS=43
Eval at step 498000, survival=7.602%, return=[-2.177309708611574, 354.00767107963566, -58.9303652424284, -33.4093567251464]
SPS=43
Eval at step 498500, survival=3.443%, return=[-1.5149098421873834, 154.49356562455498, -20.241869140312094, -22.198830409356862]
SPS=43
Eval at step 499000, survival=6.862%, return=[-1.9689752734266222, 333.2665518824255, -19.089442918872617, -35.853801169590994]
SPS=43
Eval at step 499500, survival=7.052%, return=[-2.0964102136786096, 336.09961797714243, -20.48088543378981, -36.789473684210655]
SPS=43
Eval at step 500000, survival=6.663%, return=[-1.971591861161869, 321.2354298241933, -22.66596772648427, -32.60233918128659]
SPS=43
Eval at step 500500, survival=7.850%, return=[-2.1752184863047055, 380.6588831329346, -22.43944778002454, -40.035087719298474]
SPS=43
Eval at step 501000, survival=7.639%, return=[-2.1788059482738995, 363.42436061223356, -24.591302910664428, -38.00000000000011]
SPS=43
Eval at step 501500, survival=6.709%, return=[-1.9253462361327063, 323.4292638715112, -110.12281148300099, -46.98245614035137]
SPS=44
Eval at step 502000, survival=14.761%, return=[-4.045754427439533, 670.699800637562, -176.5839062862045, -76.60818713450419]
SPS=44
Eval at step 502500, survival=8.255%, return=[-2.4832841837972714, 388.36988606135066, -67.00557043488273, -43.859649122807355]
SPS=44
Eval at step 503000, survival=5.766%, return=[-1.8335782764091466, 280.60475201288847, -12.6435707879585, -28.204678362573116]
SPS=44
Eval at step 503500, survival=5.518%, return=[-1.7614464319194667, 267.99322318712893, -13.171381600899622, -26.90058479532172]
SPS=44
Eval at step 504000, survival=6.238%, return=[-1.9535798027451772, 304.99453069369014, -26.201241279234335, -32.906432748538165]
SPS=44
Eval at step 504500, survival=7.593%, return=[-2.137384114554152, 369.81845094362916, -24.101989662291697, -39.37426900584808]
SPS=44
Eval at step 505000, survival=3.741%, return=[-1.5640397174089837, 177.3485343027115, -28.324288791583967, -21.947368421052577]
SPS=44
Eval at step 505500, survival=4.683%, return=[-1.6789021707760792, 223.10890785217296, -17.461038853910093, -26.7426900584795]
SPS=44
Eval at step 506000, survival=1.393%, return=[-1.1856086675155286, 64.65396128972371, -10.541914774134057, -9.830409356725141]
SPS=44
Eval at step 506500, survival=2.133%, return=[-1.2787921554602992, 105.0074250300725, -8.163653754561286, -13.029239766081867]
SPS=44
Eval at step 507000, survival=2.869%, return=[-1.4000630287725169, 136.64162968953434, -9.48885772007634, -16.859649122807003]
SPS=44
Eval at step 507500, survival=4.076%, return=[-1.526414985593874, 186.0570928351085, -101.86578029403366, -33.49122807017543]
SPS=44
Eval at step 508000, survival=7.031%, return=[-2.0595683642507843, 339.7466324138641, -20.66490395796912, -37.97076023391832]
SPS=44
Eval at step 508500, survival=6.453%, return=[-2.0841055692289956, 303.2515866502129, -34.54112332874016, -38.391812865497315]
SPS=44
Eval at step 509000, survival=4.783%, return=[-1.6898887623295498, 229.95820537249244, -16.060637210010707, -30.602339181286563]
SPS=44
Eval at step 509500, survival=5.845%, return=[-1.7428883917746134, 281.88422519048066, -77.66122713135944, -37.07017543859674]
SPS=44
Eval at step 510000, survival=5.299%, return=[-1.8475151452197072, 256.12557564894354, -22.718264382652706, -26.350877192982427]
SPS=44
Eval at step 510500, survival=6.196%, return=[-1.9432735798181966, 299.76109185536694, -50.33046552850245, -33.36257309941528]
SPS=44
Eval at step 511000, survival=8.544%, return=[-2.4895882381824777, 403.6213510227206, -50.99750362518049, -42.08771929824584]
SPS=44
Eval at step 511500, survival=4.477%, return=[-1.6206021497103695, 216.97206464449565, -10.876394656857883, -25.280701754385955]
SPS=44
Eval at step 512000, survival=8.185%, return=[-2.3435544405365363, 387.36167337576575, -40.60029589367817, -41.789473684211046]
SPS=44
Eval at step 512500, survival=10.764%, return=[-2.654147131504336, 506.5246036052701, -117.13675222825623, -59.584795321638154]
SPS=44
Eval at step 513000, survival=6.155%, return=[-1.9429181851640653, 295.3473011747999, -72.52808929629707, -34.748538011696056]
SPS=44
Eval at step 513500, survival=7.300%, return=[-2.1409082926693372, 353.2037867959339, -25.769088913756907, -37.31578947368447]
SPS=44
Eval at step 514000, survival=5.609%, return=[-1.7755694182123989, 258.0660552501672, -105.04704526400504, -33.140350877193434]
SPS=44
Eval at step 514500, survival=3.757%, return=[-1.5524343018963311, 181.56259025573732, -8.70302511213716, -19.292397660818697]
SPS=44
Eval at step 515000, survival=6.002%, return=[-1.968014683749061, 288.1681929159167, -75.23119268917556, -36.245614035087904]
SPS=44
Eval at step 515500, survival=5.324%, return=[-1.8029413385665976, 260.23453922589636, -7.875000630956492, -28.116959064327574]
SPS=44
Eval at step 516000, survival=4.113%, return=[-1.5581103743752465, 203.47941787878676, -10.846062824606179, -21.374269005847925]
SPS=44
Eval at step 516500, survival=8.110%, return=[-2.250903639185708, 390.4868732643128, -12.446636976339505, -42.748538011696176]
SPS=44
Eval at step 517000, survival=0.678%, return=[-1.1000754891235072, 31.331171021461476, -7.141181276800732, -4.269005847953216]
SPS=44
Eval at step 517500, survival=5.605%, return=[-1.8393267703359015, 271.2263401095074, -7.6094821295506945, -30.228070175438702]
SPS=44
Eval at step 518000, survival=4.539%, return=[-1.6738743362172197, 222.89689199765522, -14.471367137774697, -24.97076023391813]
SPS=44
Eval at step 518500, survival=3.208%, return=[-1.4266006832088653, 155.92322514851892, -7.112430417226278, -16.280701754385948]
SPS=44
Eval at step 519000, survival=4.613%, return=[-1.6436890082938287, 228.1559346135456, -11.269813987630187, -24.590643274853804]
SPS=44
Eval at step 519500, survival=4.642%, return=[-1.7124329667616014, 224.3587847232819, -21.96052880298036, -26.602339181286563]
SPS=44
Eval at step 520000, survival=9.499%, return=[-2.4756146692476855, 461.26126578013105, -17.598635853549542, -51.052631578947874]
SPS=44
Eval at step 520500, survival=4.890%, return=[-1.6574699048457358, 235.0300979455312, -15.73331780534257, -25.67251461988313]
SPS=44
Eval at step 521000, survival=5.874%, return=[-1.9031645873716723, 276.8322172005971, -30.252225371657914, -27.90643274853801]
SPS=44
Eval at step 521500, survival=8.317%, return=[-2.2843325827658796, 391.5952408154805, -30.760693437451362, -39.98245614035113]
SPS=44
Eval at step 522000, survival=12.533%, return=[-3.048613883787766, 579.553738466899, -79.49179958440254, -66.57894736842196]
SPS=44
Eval at step 522500, survival=9.941%, return=[-2.5646804107430703, 467.6422573089597, -82.26882533925043, -53.47368421052681]
SPS=44
Eval at step 523000, survival=10.206%, return=[-2.5099155586600923, 485.00633873303696, -34.60368048429276, -51.748538011696354]
SPS=44
Eval at step 523500, survival=7.383%, return=[-2.059966832069525, 347.4144267908734, -46.19290619194226, -38.56725146198856]
SPS=44
Eval at step 524000, survival=7.821%, return=[-2.467257309355773, 354.95075692812617, -85.2909273199942, -46.78947368421094]
SPS=44
Eval at step 524500, survival=7.209%, return=[-1.9840804744744673, 352.14569871266707, -39.35353520127683, -38.66081871345051]
SPS=44
Eval at step 525000, survival=4.634%, return=[-1.7325417029011685, 222.1311316188177, -40.1853518387264, -25.22222222222223]
SPS=44
Eval at step 525500, survival=4.940%, return=[-1.6615744102164172, 243.1713322639466, -13.321511270750003, -24.625730994152025]
SPS=44
Eval at step 526000, survival=6.407%, return=[-2.007897326218275, 297.6489705117545, -77.88425260832689, -35.403508771929715]
SPS=44
Eval at step 526500, survival=9.491%, return=[-2.365906610696887, 446.6884185886385, -48.599674249179465, -49.58479532163784]
SPS=44
Eval at step 527000, survival=10.698%, return=[-2.5789077598795607, 498.28068570772797, -93.91463044118427, -54.33918128655028]
SPS=44
Eval at step 527500, survival=5.886%, return=[-1.8995868577233825, 268.02339556376137, -51.749434352769946, -29.40350877192985]
SPS=44
Eval at step 528000, survival=5.965%, return=[-1.8771616843684267, 280.74544673760744, -32.236364070612275, -29.71929824561414]
SPS=44
Eval at step 528500, survival=5.886%, return=[-1.8795927823521197, 270.2131293519338, -25.850218241854844, -28.14619883040928]
SPS=44
Eval at step 529000, survival=6.229%, return=[-1.877866210823413, 297.2474336465201, -27.777541809284838, -33.36842105263154]
SPS=44
Eval at step 529500, survival=4.258%, return=[-1.5683763860918891, 204.50500007947298, -14.550342564107268, -21.929824561403418]
SPS=44
Eval at step 530000, survival=26.811%, return=[-7.257664254012828, 1179.9917639462149, -446.0918290062696, -155.3157894736788]
SPS=44
Eval at step 530500, survival=4.787%, return=[-1.626503585333315, 228.92602563540152, -21.549911070537444, -21.695906432748572]
SPS=44
Eval at step 531000, survival=5.837%, return=[-1.8921369909464072, 278.7036335563659, -11.462306548259221, -28.34502923976606]
SPS=44
Eval at step 531500, survival=7.081%, return=[-2.2768336870552353, 316.38454439481103, -62.507166156171785, -40.41520467836287]
SPS=44
Eval at step 532000, survival=5.981%, return=[-1.9825859700989288, 282.88174488067637, -29.46168718442156, -31.16959064327507]
SPS=44
Eval at step 532500, survival=5.485%, return=[-2.1496804618509486, 240.4670545323692, -69.70097277753909, -34.198830409356994]
SPS=44
Eval at step 533000, survival=6.589%, return=[-2.005221059623485, 310.5485124858219, -24.8852093591607, -32.32163742690082]
SPS=44
Eval at step 533500, survival=6.692%, return=[-2.1151839663119367, 312.4536139361066, -104.95045150525402, -35.017543859649074]
SPS=44
Eval at step 534000, survival=5.407%, return=[-1.7920432671671733, 256.5450411701202, -22.720466948915902, -26.929824561403517]
SPS=44
Eval at step 534500, survival=4.456%, return=[-1.698555422675175, 207.612278359731, -30.540896866242594, -22.356725146198855]
SPS=44
Eval at step 535000, survival=6.552%, return=[-1.9949945906409994, 308.8197568702698, -42.45516322560919, -34.67251461988317]
SPS=44
Eval at step 535500, survival=7.002%, return=[-2.003392987729361, 337.15034759362555, -18.64373342564795, -34.923976608187324]
SPS=44
Eval at step 536000, survival=7.486%, return=[-2.251187809219118, 346.04537265459726, -88.27024962948781, -41.80116959064348]
SPS=44
Eval at step 536500, survival=6.688%, return=[-2.152893774289017, 302.23398085912083, -90.41177122612862, -35.95321637426918]
SPS=44
Eval at step 537000, survival=4.175%, return=[-1.5802321208369297, 199.25897626876835, -29.48655294137643, -19.05263157894736]
SPS=44
Eval at step 537500, survival=6.779%, return=[-2.1194244301877916, 319.49094614028945, -45.54325483541106, -35.88304093567252]
SPS=44
Eval at step 538000, survival=6.225%, return=[-1.8834488838134955, 291.2016032886507, -69.0914576427652, -48.06432748538023]
SPS=44
Eval at step 538500, survival=8.110%, return=[-2.2617800248165927, 371.6026280911762, -101.28684748147619, -39.96491228070217]
SPS=44
Eval at step 539000, survival=10.107%, return=[-3.140307271775479, 453.33802227973973, -129.85982620647337, -56.71345029239836]
SPS=45
Eval at step 539500, survival=6.721%, return=[-1.9631694933438364, 324.1711531352998, -22.220947341125186, -31.883040935672557]
SPS=45
Eval at step 540000, survival=8.590%, return=[-2.397574423637707, 398.8569509172444, -57.083847700152546, -41.81871345029296]
SPS=45
Eval at step 540500, survival=5.196%, return=[-1.7557032374897972, 249.80314566771185, -28.483122059007048, -25.631578947368396]
SPS=45
Eval at step 541000, survival=11.834%, return=[-3.6522968481100784, 509.0718782138819, -178.61056267058788, -63.578947368422014]
SPS=45
Eval at step 541500, survival=7.333%, return=[-2.0656667438064082, 361.58948194503773, -11.358382388124786, -37.625730994152164]
SPS=45
Eval at step 542000, survival=7.312%, return=[-2.0926211112722135, 357.9571442826588, -7.9234965901365895, -39.57309941520501]
SPS=45
Eval at step 542500, survival=8.441%, return=[-2.841848577101094, 376.17274401346805, -140.72959342248214, -46.76608187134557]
SPS=45
Eval at step 543000, survival=9.507%, return=[-3.0006531400140375, 430.6093169339497, -127.92349967891157, -53.29239766081923]
SPS=45
Eval at step 543500, survival=5.828%, return=[-2.106334986766645, 277.32652145385765, -62.189345243144395, -34.05847953216389]
SPS=45
Eval at step 544000, survival=3.580%, return=[-1.6909569874987938, 160.64961999257403, -48.4350794974016, -21.795321637426905]
SPS=45
Eval at step 544500, survival=3.749%, return=[-1.5671395654014002, 175.61633713404345, -45.05304282521441, -23.111111111111082]
SPS=45
Eval at step 545000, survival=2.968%, return=[-1.4138016803966214, 143.0276247262955, -11.78050915968682, -18.444444444444404]
SPS=45
Eval at step 545500, survival=8.871%, return=[-2.328609064046759, 394.6491298421226, -211.98291354548078, -63.824561403509655]
SPS=45
Eval at step 546000, survival=2.844%, return=[-1.3555618155708846, 139.2794988218943, -11.680848320174846, -13.52631578947364]
SPS=45
Eval at step 546500, survival=6.548%, return=[-2.0086256364205233, 300.4049831946689, -53.66001422692231, -34.52631578947379]
SPS=45
Eval at step 547000, survival=6.742%, return=[-2.1726275344068804, 292.18810909112307, -168.38277268560583, -44.976608187135106]
SPS=45
Eval at step 547500, survival=7.093%, return=[-2.2004100734290355, 333.1418669096632, -96.33334833976187, -44.000000000000135]
SPS=45
Eval at step 548000, survival=6.626%, return=[-2.2066364274942316, 311.2244863796235, -49.7578601721907, -37.801169590643646]
SPS=45
Eval at step 548500, survival=8.304%, return=[-2.479665732496263, 393.96345980962127, -24.13841888820995, -42.99415204678385]
SPS=45
Eval at step 549000, survival=7.808%, return=[-2.3030675615106397, 378.0002858670553, -26.385071609421477, -40.35087719298265]
SPS=45
Eval at step 549500, survival=9.445%, return=[-2.595321537092483, 451.56907092094417, -54.01432245242662, -44.71929824561435]
SPS=45
Eval at step 550000, survival=7.738%, return=[-2.334562563803047, 368.7266626834873, -61.030252795884735, -42.3099415204681]
SPS=45
Eval at step 550500, survival=6.258%, return=[-1.911338222756361, 304.8927110608419, -45.004617036200216, -34.18128654970773]
SPS=45
Eval at step 551000, survival=6.680%, return=[-2.170069571894904, 320.06334342002873, -25.50270391000231, -33.64912280701768]
SPS=45
Eval at step 551500, survival=5.948%, return=[-2.133932508159584, 279.68482841491715, -63.30643711572824, -37.6198830409359]
SPS=45
Eval at step 552000, survival=7.730%, return=[-2.047720254767531, 360.6002974573778, -161.1744141186015, -50.62573099415255]
SPS=45
Eval at step 552500, survival=5.535%, return=[-1.786648610723205, 259.8954583485926, -123.5830073052445, -37.85380116959086]
SPS=45
Eval at step 553000, survival=5.469%, return=[-1.6960252317173097, 257.67565004348796, -107.41848603388644, -35.134502923976925]
SPS=45
Eval at step 553500, survival=4.295%, return=[-1.5992067044329208, 208.1094529946646, -19.89157389814136, -24.68421052631578]
SPS=45
Eval at step 554000, survival=4.729%, return=[-1.8244998972901765, 222.59098198254938, -118.8341742779982, -29.538011695906345]
SPS=45
Eval at step 554500, survival=10.012%, return=[-2.748740010409771, 440.89560910224935, -215.8796594896412, -63.192982456141145]
SPS=45
Eval at step 555000, survival=6.465%, return=[-1.9468069567810744, 301.3871147537237, -142.53192459685428, -42.1637426900586]
SPS=45
Eval at step 555500, survival=4.861%, return=[-1.980540456987607, 209.4500114965439, -86.8543839368649, -30.432748538011925]
SPS=45
Eval at step 556000, survival=7.928%, return=[-2.4089469561780184, 362.01833272616136, -167.39718685156308, -54.49707602339229]
SPS=45
Eval at step 556500, survival=6.597%, return=[-2.074136662646197, 308.74765185038285, -155.06825778831262, -45.40935672514649]
SPS=45
Eval at step 557000, survival=3.782%, return=[-1.5472059782478027, 168.15478601296778, -100.12032579052175, -27.555555555555756]
SPS=45
Eval at step 557500, survival=4.890%, return=[-1.7309855563604895, 235.53849098205578, -20.229278069047723, -28.385964912280752]
SPS=45
Eval at step 558000, survival=6.589%, return=[-2.0369891741041406, 313.4296056811018, -55.732753249792346, -35.690058479532304]
SPS=45
Eval at step 558500, survival=5.332%, return=[-1.9000961380661465, 254.14670628229797, -47.66366188523049, -32.91228070175474]
SPS=45
Eval at step 559000, survival=6.701%, return=[-2.054563695778294, 308.2566843318944, -179.10448966274998, -47.53801169590677]
SPS=45
Eval at step 559500, survival=6.316%, return=[-1.9294559774377074, 294.69544152895605, -27.11515630603147, -32.181286549707764]
SPS=45
Eval at step 560000, survival=5.919%, return=[-1.9374493165523745, 281.78304725964847, -18.752306786123274, -30.111111111111033]
SPS=45
Eval at step 560500, survival=3.873%, return=[-1.6789407604762043, 176.98511632283532, -38.22583236546294, -21.32163742690061]
SPS=45
Eval at step 561000, survival=8.094%, return=[-2.243431141541805, 370.8375077470142, -157.3389073518188, -55.77777777777825]
SPS=45
Eval at step 561500, survival=5.113%, return=[-2.134892137546558, 232.4967914358775, -76.63793481420241, -28.941520467836316]
SPS=45
Eval at step 562000, survival=7.077%, return=[-2.1951744081646516, 325.00862197876035, -125.84689717114573, -42.70760233918145]
SPS=45
Eval at step 562500, survival=7.432%, return=[-2.140664246515371, 342.3275559933984, -158.7007823688376, -47.40935672514641]
SPS=45
Eval at step 563000, survival=7.155%, return=[-2.2409317295532674, 320.26548576196086, -156.17079549185533, -47.690058479532446]
SPS=45
Eval at step 563500, survival=10.119%, return=[-2.7115040054389588, 459.8105382188167, -226.9998224034207, -70.87719298245717]
SPS=45
Eval at step 564000, survival=7.469%, return=[-2.467108380709154, 343.79565715471955, -132.47026257518397, -53.654970760234356]
SPS=45
Eval at step 564500, survival=8.123%, return=[-2.339872633708486, 371.1405095767977, -102.80856273694128, -44.76023391812893]
SPS=45
Eval at step 565000, survival=3.154%, return=[-1.3974983672378585, 151.51099665323892, -11.301194766866198, -16.900584795321603]
SPS=45
Eval at step 565500, survival=4.278%, return=[-1.8016313997407754, 193.40275823911034, -48.16020631696059, -27.567251461988395]
SPS=45
Eval at step 566000, survival=4.857%, return=[-1.7419400675959575, 233.6306240495048, -31.599587093623995, -26.532163742689978]
SPS=45
Eval at step 566500, survival=8.284%, return=[-2.1795646607642993, 372.97214518070336, -214.5603355068985, -57.40350877193043]
SPS=45
Eval at step 567000, survival=9.094%, return=[-2.393651289283298, 413.4870261033381, -168.4202292611711, -54.84795321637495]
SPS=45
Eval at step 567500, survival=3.245%, return=[-1.41750301013235, 154.88002785364785, -10.782650081341368, -23.13450292397665]
SPS=45
Eval at step 568000, survival=5.771%, return=[-1.863927548576612, 267.4545707352961, -140.96830665096422, -38.76608187134499]
SPS=45
Eval at step 568500, survival=4.894%, return=[-1.6945321741125856, 234.9596542278928, -67.1253703487843, -30.31578947368408]
SPS=45
Eval at step 569000, survival=7.556%, return=[-2.309355853125453, 339.5910818370179, -175.6026649140343, -54.69590643274927]
SPS=45
Eval at step 569500, survival=7.552%, return=[-2.3128823085765666, 352.0479314708711, -79.52724571172924, -47.19883040935705]
SPS=45
Eval at step 570000, survival=6.825%, return=[-2.282448110616921, 323.6522494983674, -63.368086441427295, -42.87719298245636]
SPS=45
Eval at step 570500, survival=4.535%, return=[-1.71832314459607, 211.99123482386287, -52.662049085765226, -26.701754385965035]
SPS=45
Eval at step 571000, survival=5.299%, return=[-1.7345782038173638, 255.5898574701948, -63.49112034860688, -34.947368421052865]
SPS=45
Eval at step 571500, survival=7.763%, return=[-2.1751519156969152, 356.78149522940384, -184.40697990045314, -54.748538011696745]
SPS=45
Eval at step 572000, survival=6.180%, return=[-1.9400786157542218, 278.7911853043244, -171.8376116201301, -42.637426900585126]
SPS=45
Eval at step 572500, survival=7.908%, return=[-2.1963965663841614, 367.2529960791275, -224.616829390754, -61.09356725146279]
SPS=45
Eval at step 573000, survival=4.667%, return=[-1.7688443763957669, 214.04730467796318, -47.71046275104891, -36.497076023391884]
SPS=45
Eval at step 573500, survival=7.217%, return=[-2.1910974019168257, 327.1558773358666, -174.91904671275793, -55.128654970760806]
SPS=45
Eval at step 574000, survival=2.683%, return=[-1.424712754553184, 121.69614482879665, -72.07175643042622, -20.18713450292412]
SPS=45
Eval at step 574500, survival=6.634%, return=[-2.016150587160761, 299.2438970629375, -144.23718485465574, -51.093567251462446]
SPS=45
Eval at step 575000, survival=8.453%, return=[-2.497820733852374, 379.4288242069879, -102.65942945179025, -49.81286549707672]
SPS=46
Eval at step 575500, survival=4.315%, return=[-1.6319029516501662, 204.5951353947323, -83.83115654372766, -25.19298245614028]
SPS=46
Eval at step 576000, survival=5.031%, return=[-1.5952634549660918, 232.89000251770065, -147.68684803516953, -42.54970760233967]
SPS=46
Eval at step 576500, survival=4.241%, return=[-1.5518245125422254, 195.64719054222147, -124.71901797887404, -35.82456140350922]
SPS=46
Eval at step 577000, survival=8.118%, return=[-2.1720812780355723, 358.2018504174553, -279.57450254956103, -67.02923976608274]
SPS=46
Eval at step 577500, survival=4.518%, return=[-1.8181711479943867, 211.0339727401736, -47.766772442690126, -35.30409356725166]
SPS=46
Eval at step 578000, survival=4.295%, return=[-1.9207820418911676, 197.97159950892137, -64.50720631492247, -28.327485380117206]
SPS=46
Eval at step 578500, survival=1.753%, return=[-1.211125148634892, 87.8686240196228, -6.132130333086631, -10.526315789473673]
SPS=46
Eval at step 579000, survival=4.667%, return=[-1.7843030583074626, 220.39095309893298, -48.01499925448055, -37.59064327485385]
SPS=46
Eval at step 579500, survival=5.882%, return=[-2.2021676698350348, 266.76061622619636, -56.472949373530355, -44.40935672514659]
SPS=46
Eval at step 580000, survival=3.472%, return=[-1.476311052722546, 156.37721383492178, -87.82101165080287, -24.02339181286557]
SPS=46
Eval at step 580500, survival=3.604%, return=[-1.4508177519698318, 168.30970711588884, -55.661148160885205, -28.748538011696052]
SPS=46
Eval at step 581000, survival=5.584%, return=[-1.7587808281144437, 256.7881309016546, -80.97154650265777, -44.6257309941519]
SPS=46
Eval at step 581500, survival=5.411%, return=[-1.867745937992974, 252.7384843587878, -90.7193666292648, -44.0467836257312]
SPS=46
Eval at step 582000, survival=6.692%, return=[-2.0931831491179764, 311.3859105364486, -121.99891704683493, -46.34502923976638]
SPS=46
Eval at step 582500, survival=5.398%, return=[-1.7563871974125504, 249.25104852557192, -61.25268388261126, -34.76608187134503]
SPS=46
Eval at step 583000, survival=4.882%, return=[-1.804992870175435, 229.8671212100984, -31.535852382774465, -33.64912280701747]
SPS=46
Eval at step 583500, survival=5.324%, return=[-1.8318564597672473, 245.3090884844464, -61.68582627600214, -31.508771929824672]
SPS=46
Eval at step 584000, survival=5.283%, return=[-1.9648390349078302, 232.47419570604984, -104.50185805805086, -36.12280701754399]
SPS=46
Eval at step 584500, survival=5.948%, return=[-1.9408277672094603, 268.48478832085925, -85.0218897734303, -33.88888888888914]
SPS=46
Eval at step 585000, survival=4.820%, return=[-2.464903807907831, 221.24374632199613, -45.260339860765576, -32.777777777777935]
SPS=46
Eval at step 585500, survival=5.382%, return=[-1.7754606754557851, 251.26372654596972, -42.58196312966902, -38.82456140350897]
SPS=46
Eval at step 586000, survival=5.374%, return=[-1.7480417837311204, 249.01297686735793, -22.476845507915034, -39.52046783625753]
SPS=46
Eval at step 586500, survival=4.795%, return=[-1.739579650903276, 220.07329416592916, -32.38068063076935, -33.45029239766087]
SPS=46
Eval at step 587000, survival=6.205%, return=[-1.9038992469237808, 280.01834676742584, -152.34753282476836, -39.30409356725184]
SPS=46
Eval at step 587500, survival=6.424%, return=[-1.8856152300722897, 300.3681610806786, -29.49482300404634, -41.85964912280718]
SPS=46
Eval at step 588000, survival=3.104%, return=[-1.4116992431421143, 149.6416489648819, -12.876080258322569, -19.438596491228044]
SPS=46
Eval at step 588500, survival=5.283%, return=[-1.7370240744009304, 244.84197347482063, -88.78609637295206, -36.292397660818786]
SPS=46
Eval at step 589000, survival=1.897%, return=[-1.3032870749011636, 90.40013214588176, -22.64933922245594, -13.614035087719282]
SPS=46
Eval at step 589500, survival=4.671%, return=[-1.6357730517047457, 217.55912100156192, -158.95192411922713, -33.04678362573109]
SPS=46
Eval at step 590000, survival=5.382%, return=[-1.8132924451104675, 260.12972582181317, -49.35608110000612, -31.935672514619892]
SPS=46
Eval at step 590500, survival=5.688%, return=[-2.2372060281340964, 266.0515446313225, -94.29962987970794, -40.526315789473905]
SPS=46
Eval at step 591000, survival=5.713%, return=[-1.9317339488576788, 266.03352454185494, -42.07610954311167, -35.871345029239926]
SPS=46
Eval at step 591500, survival=7.854%, return=[-2.5451471188959354, 365.10385287443825, -92.33829135660199, -50.74853801169632]
SPS=46
Eval at step 592000, survival=9.449%, return=[-2.8963848350491994, 436.92772116661075, -115.61439496697858, -64.11695906432824]
SPS=46
Eval at step 592500, survival=4.204%, return=[-1.6562881716138993, 196.72676513989765, -43.471708922142476, -26.380116959064292]
SPS=46
Eval at step 593000, survival=4.621%, return=[-1.5600599498332788, 214.7227060953777, -40.500503000085395, -36.982456140351005]
SPS=46
Eval at step 593500, survival=5.192%, return=[-1.7046192584287685, 249.94867689768478, -11.55534219489588, -34.064327485380055]
SPS=46
Eval at step 594000, survival=5.663%, return=[-1.9885582133041073, 264.1159357182186, -43.93693588104967, -37.502923976608265]
SPS=46
Eval at step 594500, survival=5.771%, return=[-1.8315988016935687, 272.00094348589596, -19.008584809102803, -35.02339181286555]
SPS=46
Eval at step 595000, survival=8.924%, return=[-2.3140879735777466, 414.1629460477831, -114.11338970662716, -65.90643274853868]
SPS=46
Eval at step 595500, survival=3.943%, return=[-1.68227661170143, 186.52353154182438, -17.248004447872518, -23.339181286549763]
SPS=46
Eval at step 596000, survival=5.903%, return=[-1.7612337591126561, 280.2561669985453, -17.487402379338164, -41.619883040935775]
SPS=46
Eval at step 596500, survival=5.928%, return=[-1.766124924373192, 278.6569521490731, -11.111222399415661, -44.356725146199075]
SPS=46
Eval at step 597000, survival=6.911%, return=[-2.3171287275229893, 294.4999930222837, -141.59448993515252, -50.6666666666674]
SPS=46
Eval at step 597500, survival=5.155%, return=[-1.7397903276141733, 242.85744122187293, -17.908580122813873, -32.766081871345314]
SPS=46
Eval at step 598000, survival=7.684%, return=[-2.339210773507754, 356.6937794462844, -106.83520800392701, -50.222222222222605]
SPS=46
Eval at step 598500, survival=5.771%, return=[-1.9282792500647095, 273.02011719703677, -19.771684043104568, -35.54970760233937]
SPS=46
Eval at step 599000, survival=3.898%, return=[-1.5577122718483831, 181.95498143196107, -39.443706558226644, -25.543859649122748]
SPS=46
Eval at step 599500, survival=3.009%, return=[-1.4694353554320212, 142.59254728794102, -28.55598485498922, -19.473684210526375]
SPS=46
Eval at step 600000, survival=0.542%, return=[-1.0874067049395915, 23.836215623219804, -10.200069457137337, -4.116959064327486]
SPS=46
Eval at step 600500, survival=5.547%, return=[-1.7294141435219597, 253.40463170687372, -95.16430339014126, -38.877192982456265]
SPS=46
Eval at step 601000, survival=4.266%, return=[-1.6005246331139158, 203.44243561108908, -18.605626014439622, -27.368421052631515]
SPS=46
Eval at step 601500, survival=2.187%, return=[-1.255174553700878, 105.76350881576536, -8.385725121595897, -14.57894736842104]
SPS=46
Eval at step 602000, survival=1.550%, return=[-1.2124623240088113, 74.36869996070864, -8.686475407448597, -10.397660818713442]
SPS=46
Eval at step 602500, survival=7.345%, return=[-1.959134752532312, 333.09674223264074, -187.67302050614185, -53.19298245614117]
SPS=46
Eval at step 603000, survival=6.093%, return=[-1.9884464389178902, 280.5723763783773, -62.39333550343387, -35.83040935672538]
SPS=46
Eval at step 603500, survival=4.845%, return=[-1.7653723163336206, 239.94378129005432, -19.196378114128795, -34.1345029239766]
SPS=46
Eval at step 604000, survival=6.424%, return=[-2.006852591856538, 296.74301622390755, -32.94103442482932, -39.204678362573105]
SPS=46
Eval at step 604500, survival=5.113%, return=[-1.7031089664669707, 233.48498384952552, -21.306330639358446, -40.07017543859667]
SPS=46
Eval at step 605000, survival=6.688%, return=[-1.8191212729240458, 306.3725347201034, -150.03867440587297, -59.491228070175815]
SPS=46
Eval at step 605500, survival=8.044%, return=[-2.3648654863936827, 365.93287812868766, -140.87417684779697, -66.52046783625833]
SPS=46
Eval at step 606000, survival=7.407%, return=[-2.0931847815906317, 337.18227317492216, -145.777726187378, -60.777777777778375]
SPS=46
Eval at step 606500, survival=5.899%, return=[-1.7804916427121498, 275.1901662762961, -65.86614980512968, -40.614035087719536]
SPS=47
Eval at step 607000, survival=5.861%, return=[-1.8266612957619752, 270.7041612243649, -24.098881008675864, -37.08187134502945]
SPS=47
Eval at step 607500, survival=7.209%, return=[-2.034750801627524, 336.53275105794296, -103.19027753754442, -48.105263157895116]
SPS=47
Eval at step 608000, survival=7.226%, return=[-2.0867523377916464, 344.18846272150694, -39.14440163794401, -44.204678362573425]
SPS=47
Eval at step 608500, survival=5.948%, return=[-1.8342924351842764, 280.59973003387455, -30.166131352768087, -37.397660818713746]
SPS=47
Eval at step 609000, survival=7.110%, return=[-2.0533864634150327, 330.80954641660065, -97.65822086646222, -58.9649122807023]
SPS=47
Eval at step 609500, survival=5.043%, return=[-1.74723925164047, 234.1470360700291, -76.072986871722, -41.099415204678415]
SPS=47
Eval at step 610000, survival=3.658%, return=[-1.4668469374882989, 172.44905257701888, -46.63160259575792, -25.228070175438546]
SPS=47
Eval at step 610500, survival=3.948%, return=[-1.6044319746239732, 186.9487522983551, -23.973531720471026, -23.643274853801035]
SPS=47
Eval at step 611000, survival=4.712%, return=[-1.7084503309451975, 217.24240678548824, -46.98962787163813, -38.046783625731265]
SPS=47
Eval at step 611500, survival=4.592%, return=[-1.7103466303281796, 221.2519183508557, -28.036870251055007, -28.11111111111107]
SPS=47
Eval at step 612000, survival=5.088%, return=[-1.6339034608681686, 240.27752173582712, -14.546913316104716, -32.5204678362573]
SPS=47
Eval at step 612500, survival=7.184%, return=[-2.0676371279599457, 336.93419468085, -43.284139890891915, -49.80116959064341]
SPS=47
Eval at step 613000, survival=2.397%, return=[-1.352917811930335, 115.73751145044967, -13.295417898839029, -14.49707602339177]
SPS=47
Eval at step 613500, survival=3.943%, return=[-1.5721567606087774, 184.0262464761732, -20.72116520605535, -24.321637426900764]
SPS=47
Eval at step 614000, survival=3.381%, return=[-1.4379875948652625, 163.30338327725727, -12.993927680094203, -21.444444444444333]
SPS=47
Eval at step 614500, survival=5.903%, return=[-1.8350395797363792, 285.2418406613668, -16.158877712759324, -37.03508771929821]
SPS=47
Eval at step 615000, survival=6.721%, return=[-1.9679241118719801, 319.3023605442049, -19.02941017019475, -44.356725146199004]
SPS=47
Eval at step 615500, survival=6.796%, return=[-1.9807312455765593, 321.6415400298436, -15.895905881972189, -42.719298245614276]
SPS=47
Eval at step 616000, survival=7.713%, return=[-2.180232901145549, 359.8926076698305, -36.260660369424535, -50.72514619883077]
SPS=47
Eval at step 616500, survival=4.700%, return=[-1.7468311869500515, 219.6404856125515, -46.478019204849865, -35.49122807017549]
SPS=47
Eval at step 617000, survival=2.083%, return=[-1.2845146156614646, 99.1484925174713, -22.19495020896041, -14.56140350877193]
SPS=47
Eval at step 617500, survival=4.948%, return=[-1.685879108379595, 234.6467761468888, -14.242160876485286, -31.005847953216485]
SPS=47
Eval at step 618000, survival=6.316%, return=[-2.031799950908559, 292.3182882150017, -70.89404108472081, -41.80701754386006]
SPS=47
Eval at step 618500, survival=4.109%, return=[-1.6288060027097042, 194.03382319768272, -32.22699915691434, -29.029239766081858]
SPS=47
Eval at step 619000, survival=4.981%, return=[-1.825405904809789, 233.62701361020413, -22.0465437831978, -27.04678362573111]
SPS=47
Eval at step 619500, survival=1.765%, return=[-1.2211218375402193, 85.56781087398531, -18.038683181359374, -12.666666666666657]
SPS=47
Eval at step 620000, survival=1.806%, return=[-1.2365345827226217, 87.77553900718686, -8.393180793869154, -10.380116959064313]
SPS=47
Eval at step 620500, survival=5.808%, return=[-1.8186569151196939, 270.72612312952714, -90.88324696948014, -44.03508771929861]
SPS=47
Eval at step 621000, survival=3.381%, return=[-1.4803646305808797, 159.8955445575714, -11.582026051328285, -21.029239766081812]
SPS=47
Eval at step 621500, survival=1.897%, return=[-1.1875331864963907, 94.11007658958435, -6.807534217038968, -14.888888888888886]
SPS=47
Eval at step 622000, survival=5.750%, return=[-1.8216216533716458, 262.30930425643896, -17.953994809329743, -40.02339181286608]
SPS=47
Eval at step 622500, survival=5.336%, return=[-1.7585647769155912, 246.52944493611653, -65.29106363594958, -36.05263157894766]
SPS=47
Eval at step 623000, survival=1.252%, return=[-1.179675343989705, 57.59997873624166, -7.860884212213326, -9.39766081871345]
SPS=47
Eval at step 623500, survival=3.972%, return=[-1.5969145678100176, 183.89754392623914, -28.641251718751544, -27.210526315789608]
SPS=47
Eval at step 624000, survival=1.509%, return=[-1.1850139396847226, 71.73257912953697, -11.381471141901178, -10.81871345029239]
SPS=47
Eval at step 624500, survival=3.253%, return=[-1.4110087936666484, 156.2327382516861, -9.408370747095129, -22.339181286549657]
SPS=47
Eval at step 625000, survival=4.721%, return=[-1.8245463204414893, 221.3188268438976, -45.991909130170825, -32.485380116959114]
SPS=47
Eval at step 625500, survival=2.488%, return=[-1.318232121586334, 118.36947568575538, -13.182620082438612, -13.92397660818712]
SPS=47
Eval at step 626000, survival=3.964%, return=[-1.6740723178372718, 183.3484612623851, -47.72493019066557, -26.070175438596525]
SPS=47
Eval at step 626500, survival=2.600%, return=[-1.2883049744802217, 128.59380041758217, -7.639836696607138, -15.654970760233889]
SPS=47
Eval at step 627000, survival=2.679%, return=[-1.3100086172344163, 126.66687026977537, -12.963680038228631, -17.43274853801171]
SPS=47
Eval at step 627500, survival=2.852%, return=[-1.4609581641076754, 133.58325627644857, -19.660653704115248, -17.877192982456133]
SPS=47
Eval at step 628000, survival=2.133%, return=[-1.2939126916074504, 101.44465523084004, -10.070265092913663, -12.005847953216366]
SPS=47
Eval at step 628500, survival=6.357%, return=[-2.1692518408720693, 296.18359539031997, -60.88904794836708, -40.90643274853817]
SPS=47
Eval at step 629000, survival=3.824%, return=[-1.5379981655084218, 175.04274065971381, -18.50862496549477, -30.023391812865587]
SPS=47
Eval at step 629500, survival=7.676%, return=[-2.034921563094637, 349.8205101029073, -63.19565323606366, -68.29239766081966]
SPS=47
Eval at step 630000, survival=4.510%, return=[-1.5725589775829576, 214.31746959050528, -39.8663765415428, -29.000000000000025]
SPS=47
Eval at step 630500, survival=2.220%, return=[-1.2674586638847056, 109.20666268984478, -8.889582478645025, -12.03508771929822]
SPS=47
Eval at step 631000, survival=4.129%, return=[-1.5549841686345947, 188.6297337245941, -34.94789366475985, -30.345029239766173]
SPS=47
Eval at step 631500, survival=2.811%, return=[-1.36626954995639, 130.18662515004476, -12.980001269657805, -21.690058479532187]
SPS=47
Eval at step 632000, survival=7.060%, return=[-2.0254518210422248, 326.50531079451184, -21.00427362973763, -47.00584795321691]
SPS=47
Eval at step 632500, survival=8.445%, return=[-2.319329095092447, 382.4349821027118, -30.545370356988617, -61.90058479532246]
SPS=47
Eval at step 633000, survival=5.072%, return=[-1.680498383900461, 237.10064815839118, -15.327933028029898, -34.3976608187138]
SPS=47
Eval at step 633500, survival=3.468%, return=[-1.4742068477983896, 167.19816139221186, -12.193767537481714, -20.81871345029249]
SPS=47
Eval at step 634000, survival=1.480%, return=[-1.1806753282435238, 71.9817233244578, -5.680509526709405, -10.432748538011673]
SPS=47
Eval at step 634500, survival=1.980%, return=[-1.2543315840108942, 96.49100710550941, -10.688826320358203, -10.964912280701745]
SPS=47
Eval at step 635000, survival=2.145%, return=[-1.2756192998300928, 106.16590814908345, -7.6157770665401285, -13.66081871345027]
SPS=47
Eval at step 635500, survival=3.166%, return=[-1.4231978958511415, 153.02975036938986, -12.036329747439595, -19.40350877192985]
SPS=48
Eval at step 636000, survival=3.720%, return=[-1.5621088425784062, 179.86519362449647, -12.009658292896347, -19.760233918128733]
SPS=48
Eval at step 636500, survival=3.948%, return=[-1.5243246405346629, 186.9546752389272, -13.362411465340605, -26.982456140350862]
SPS=48
Eval at step 637000, survival=3.480%, return=[-1.436300596028256, 165.1991107686361, -10.279871275752763, -20.12280701754377]
SPS=48
Eval at step 637500, survival=3.315%, return=[-1.392540302418638, 157.29590756098435, -12.642820903881026, -23.836257309941544]
SPS=48
Eval at step 638000, survival=5.936%, return=[-1.7498628868100543, 280.3322239017489, -50.28557920497648, -46.60233918128673]
SPS=48
Eval at step 638500, survival=5.448%, return=[-1.7434457895578817, 258.3946460946403, -50.57996348672896, -25.023391812865622]
SPS=48
Eval at step 639000, survival=3.340%, return=[-1.4678545720720042, 161.32014710744218, -14.086515405494234, -18.590643274853765]
SPS=48
Eval at step 639500, survival=4.936%, return=[-1.6769060571872008, 234.30446504910788, -18.696756258458965, -26.830409356725244]
SPS=48
Eval at step 640000, survival=5.010%, return=[-1.6728518085049775, 232.21128383318577, -26.051837979046468, -31.766081871345136]
SPS=48
Eval at step 640500, survival=1.277%, return=[-1.1597157481592149, 60.24390641371409, -9.508251235335289, -8.076023391812855]
SPS=48
Eval at step 641000, survival=5.246%, return=[-1.8043641568704818, 244.5385627889634, -18.2657643618392, -32.95321637426904]
SPS=48
Eval at step 641500, survival=4.584%, return=[-1.6663464315546055, 213.69140605131778, -20.584252790843795, -31.567251461988423]
SPS=48
Eval at step 642000, survival=6.647%, return=[-1.99918278339707, 311.78135901927953, -21.888157654725244, -39.719298245614134]
SPS=48
Eval at step 642500, survival=4.282%, return=[-1.672228517360054, 197.8207693703969, -41.10570693197466, -31.2748538011698]
SPS=48
Eval at step 643000, survival=4.018%, return=[-1.5741381684589821, 187.7308096694948, -44.53988291746646, -23.415204678362517]
SPS=48
Eval at step 643500, survival=6.035%, return=[-1.8082710567784186, 280.0882053327561, -26.63219807195128, -36.33918128654965]
SPS=48
Eval at step 644000, survival=5.990%, return=[-1.8174663053359836, 273.2165294917426, -65.37019903373341, -43.24561403508792]
SPS=48
Eval at step 644500, survival=1.889%, return=[-1.2394039903689797, 90.088818786939, -11.927214491641886, -20.064327485380105]
SPS=48
Eval at step 645000, survival=2.774%, return=[-1.3514513356494717, 131.0439554246266, -16.7393089136264, -21.982456140350916]
SPS=48
Eval at step 645500, survival=3.410%, return=[-1.4221661032255117, 161.94759978930156, -9.541435963493617, -25.52631578947363]
SPS=48
Eval at step 646000, survival=4.109%, return=[-1.5811677714809775, 187.39772520224275, -59.48353373847203, -27.573099415204936]
SPS=48
Eval at step 646500, survival=3.348%, return=[-1.4308558491563115, 158.2652323722839, -12.457355865684804, -22.555555555555504]
SPS=48
Eval at step 647000, survival=7.618%, return=[-2.1414536061347462, 352.2455864318211, -35.567284080644946, -48.87134502924033]
SPS=48
Eval at step 647500, survival=6.618%, return=[-2.048563961230684, 316.18804507414507, -46.74936914453671, -41.42690058479548]
SPS=48
Eval at step 648000, survival=2.488%, return=[-1.3527321898533653, 121.22733438968656, -10.404220918417801, -13.438596491228111]
SPS=48
Eval at step 648500, survival=4.559%, return=[-1.7492007359396666, 220.98676668167124, -18.84092154954851, -25.350877192982452]
SPS=48
Eval at step 649000, survival=5.328%, return=[-1.7806448456055175, 262.58670105934175, -45.86395817200537, -34.116959064327546]
SPS=48
Eval at step 649500, survival=6.341%, return=[-2.0669958471359373, 295.8321299886704, -29.212715176832717, -31.947368421052882]
SPS=48
Eval at step 650000, survival=10.532%, return=[-2.671221027810437, 486.87995375951203, -95.5803884481332, -67.80116959064415]
SPS=48
Eval at step 650500, survival=10.148%, return=[-2.6549973026073226, 473.9377313232423, -35.69711294240066, -56.13450292397723]
SPS=48
Eval at step 651000, survival=3.927%, return=[-1.577652021505249, 186.00342366218572, -15.710186831114697, -21.74853801169596]
SPS=48
Eval at step 651500, survival=7.135%, return=[-2.1446964489490106, 337.67373145739265, -41.01348244526889, -43.023391812865704]
SPS=48
Eval at step 652000, survival=7.180%, return=[-2.2342198274952048, 319.06226986567236, -118.18839403753616, -53.654970760234484]
SPS=48
Eval at step 652500, survival=6.998%, return=[-2.128474786586594, 327.4861883401877, -118.98095358784485, -47.42690058479584]
SPS=48
Eval at step 653000, survival=5.593%, return=[-1.815575514609615, 269.9837966505684, -13.98739223355733, -36.89473684210537]
SPS=48
Eval at step 653500, survival=1.724%, return=[-1.2180393091596973, 79.91465535004933, -8.643229341133823, -16.005847953216367]
SPS=48
Eval at step 654000, survival=6.601%, return=[-2.0148901266705557, 307.6993758106232, -25.013369128496077, -50.649122807017704]
SPS=48
Eval at step 654500, survival=5.072%, return=[-1.6512918555915046, 241.16962396303805, -11.600335695931184, -36.92397660818725]
SPS=48
Eval at step 655000, survival=11.971%, return=[-2.934374590035683, 545.1616996049883, -60.82686076175378, -73.81286549707718]
SPS=48
Eval at step 655500, survival=7.391%, return=[-2.2702591526322067, 357.5445579369864, -25.361631468782434, -41.88888888888923]
SPS=48
Eval at step 656000, survival=6.548%, return=[-2.025085590352925, 316.2570240624747, -27.141202828706202, -37.23391812865507]
SPS=48
Eval at step 656500, survival=4.708%, return=[-1.7002544625623461, 222.03810336907705, -24.664074379048543, -26.380116959064523]
SPS=48
Eval at step 657000, survival=5.948%, return=[-1.9059033462156851, 283.7034696324666, -22.669997786462773, -33.95906432748541]
SPS=48
Eval at step 657500, survival=6.428%, return=[-1.9876843083184212, 312.49373385588325, -22.66021525246227, -32.85964912280723]
SPS=48
Eval at step 658000, survival=5.324%, return=[-1.7656663366166565, 256.2356952842076, -19.999389671055116, -36.707602339181385]
SPS=48
Eval at step 658500, survival=12.971%, return=[-3.359086856013164, 581.7693751796093, -117.18339938476372, -90.42105263158037]
SPS=48
Eval at step 659000, survival=7.912%, return=[-2.20705242769327, 372.4225766944883, -50.69712488480824, -49.502923976608535]
SPS=48
Eval at step 659500, survival=11.082%, return=[-2.576267311892783, 510.4585846678421, -122.64513196108116, -86.49707602339294]
SPS=48
Eval at step 660000, survival=7.126%, return=[-2.0608151867442452, 330.0446059036252, -25.475917108594633, -46.23391812865544]
SPS=48
Eval at step 660500, survival=5.390%, return=[-1.7458916424269166, 260.1540419896444, -22.231057684458694, -29.725146198830476]
SPS=48
Eval at step 661000, survival=1.653%, return=[-1.237339148297906, 78.11292114893595, -10.762574064283399, -11.90058479532162]
SPS=48
Eval at step 661500, survival=8.193%, return=[-2.140762139810249, 364.3609440088265, -80.19447990258534, -48.96491228070247]
SPS=48
Eval at step 662000, survival=5.948%, return=[-1.7898110069800168, 284.1166593964894, -23.53184300587327, -37.26900584795354]
SPS=48
Eval at step 662500, survival=5.969%, return=[-1.8709774344267014, 274.2047292613986, -89.93868927116758, -39.29824561403544]
SPS=48
Eval at step 663000, survival=8.544%, return=[-2.3256946082110517, 386.3051607100172, -101.2260529045725, -53.90058479532228]
SPS=48
Eval at step 663500, survival=5.961%, return=[-1.872387068035702, 278.3342199643454, -22.238877130585024, -38.79532163742693]
SPS=48
Eval at step 664000, survival=5.651%, return=[-1.8164465730660595, 274.1723826853435, -15.89052629157959, -32.26900584795328]
SPS=48
Eval at step 664500, survival=7.407%, return=[-1.9898402574666154, 336.6222332255049, -40.40294668010514, -58.09941520467916]
SPS=48
Eval at step 665000, survival=6.225%, return=[-1.8825679914443754, 290.1582149616877, -23.014242718597718, -37.19298245614068]
SPS=48
Eval at step 665500, survival=9.755%, return=[-2.6104590631245324, 446.82894768873865, -36.19991168492803, -63.497076023392566]
SPS=48
Eval at step 666000, survival=14.864%, return=[-3.3844191384656974, 667.876120279629, -49.38004027395194, -94.76608187134671]
SPS=48
Eval at step 666500, survival=8.610%, return=[-2.224783687503077, 405.86690856297827, -30.74142440812769, -54.75438596491296]
SPS=48
Eval at step 667000, survival=4.258%, return=[-1.6078839018785704, 197.49529690901454, -23.271739718601264, -26.239766081871338]
SPS=48
Eval at step 667500, survival=5.609%, return=[-1.808352449676022, 263.40609676361095, -16.151936146944838, -34.04678362573137]
SPS=48
Eval at step 668000, survival=4.535%, return=[-1.6184180816441465, 214.5073422654473, -54.06608549287679, -29.96491228070184]
SPS=48
Eval at step 668500, survival=4.795%, return=[-1.7172114084629964, 227.00223220825205, -30.529249507486384, -30.695906432748547]
SPS=49
Eval at step 669000, survival=5.308%, return=[-1.791199628651763, 250.34927151362106, -34.4754027450302, -38.84210526315817]
SPS=49
Eval at step 669500, survival=9.487%, return=[-2.3021017551460923, 438.5638701454797, -28.519373525947838, -63.502923976608976]
SPS=49
Eval at step 670000, survival=2.716%, return=[-1.3337380484250996, 127.77512546857197, -15.696289397732471, -19.368421052631664]
SPS=49
Eval at step 670500, survival=8.490%, return=[-2.416862116796741, 388.21081242561337, -84.18717121696045, -52.21637426900645]
SPS=49
Eval at step 671000, survival=4.175%, return=[-1.5160751450069558, 201.38075667063399, -19.127749961655354, -25.73099415204679]
SPS=49
Eval at step 671500, survival=3.224%, return=[-1.4381612128927372, 156.1675034284591, -11.155988230690127, -19.976608187134488]
SPS=49
Eval at step 672000, survival=4.820%, return=[-1.9135221098161612, 223.0723100662234, -58.981079739409324, -32.90058479532178]
SPS=49
Eval at step 672500, survival=7.606%, return=[-2.4119972969638184, 343.53477551460315, -140.8636713383894, -55.239766081871814]
SPS=49
Eval at step 673000, survival=5.849%, return=[-1.7006462001979041, 266.27412201086696, -27.0656815313511, -52.90058479532226]
SPS=49
Eval at step 673500, survival=7.775%, return=[-2.0934267592577576, 365.0592099587122, -31.288051199711237, -43.58479532163762]
SPS=49
Eval at step 674000, survival=5.345%, return=[-1.6784492228568222, 256.77244255383823, -14.360483731886083, -30.777777777777747]
SPS=49
Eval at step 674500, survival=11.524%, return=[-2.5829065811315863, 527.2215059328082, -87.01358280460227, -89.4210526315802]
SPS=49
Eval at step 675000, survival=8.300%, return=[-2.181329393895188, 385.31299427986147, -31.33886625778784, -49.356725146199324]
SPS=49
Eval at step 675500, survival=16.142%, return=[-3.2629543082633368, 754.4770783996577, -82.27948376310421, -107.421052631581]
SPS=49
Eval at step 676000, survival=4.204%, return=[-1.6436295381281525, 201.61468876043955, -19.407626912909716, -23.005847953216506]
SPS=49
Eval at step 676500, survival=6.233%, return=[-1.9596511704148725, 291.0312688970565, -35.65174417082744, -39.83040935672541]
SPS=49
Eval at step 677000, survival=5.713%, return=[-1.8924544907640666, 268.65587358315787, -42.436532772648206, -38.56140350877206]
SPS=49
Eval at step 677500, survival=2.943%, return=[-1.3818959053023718, 139.8211595853171, -38.15002807650793, -24.30409356725139]
SPS=49
Eval at step 678000, survival=5.068%, return=[-1.7045456698397174, 244.1151431242624, -22.20660917047644, -35.77777777777802]
SPS=49
Eval at step 678500, survival=5.535%, return=[-1.86445500565848, 260.97115097204863, -56.24691509078548, -44.15204678362568]
SPS=49
Eval at step 679000, survival=9.540%, return=[-2.7710323715000413, 435.1399439064665, -102.13393661833834, -63.70175438596569]
SPS=49
Eval at step 679500, survival=8.300%, return=[-2.2511777922821543, 379.83172442277254, -120.16502106020926, -54.44444444444522]
SPS=49
Eval at step 680000, survival=4.543%, return=[-1.6572887773121086, 219.4771191469828, -16.71583617606666, -27.35087719298254]
SPS=49
Eval at step 680500, survival=3.489%, return=[-1.4282973986119032, 160.57469696998615, -90.73927437208476, -27.181286549707877]
SPS=49
Eval at step 681000, survival=3.427%, return=[-1.5020816871353115, 152.7463289817177, -87.4433509811867, -24.847953216374275]
SPS=49
Eval at step 681500, survival=3.724%, return=[-1.5646508657567513, 178.7975967025758, -34.295997351175174, -24.245614035087698]
SPS=49
Eval at step 682000, survival=5.076%, return=[-1.6844931659288704, 233.1136115789417, -61.77773658874988, -35.71929824561431]
SPS=49
Eval at step 682500, survival=4.812%, return=[-1.72506102900176, 234.45513451735187, -27.574055589063693, -28.052631578947366]
SPS=49
Eval at step 683000, survival=8.846%, return=[-2.211121809630034, 410.3339595890049, -82.78431343414316, -75.48538011695999]
SPS=49
Eval at step 683500, survival=8.329%, return=[-2.136768753543341, 395.1632147407531, -22.264788081594514, -50.228070175439115]
SPS=49
Eval at step 684000, survival=5.580%, return=[-1.7676764999826748, 258.70660054047886, -20.085191233206086, -37.66081871345079]
SPS=49
Eval at step 684500, survival=9.573%, return=[-3.0811381652990044, 437.8998777214685, -128.04148275347325, -70.76023391812953]
SPS=49
Eval at step 685000, survival=6.287%, return=[-1.9929153322785471, 294.1832258447012, -44.16490167276061, -40.502923976608635]
SPS=49
Eval at step 685500, survival=3.906%, return=[-1.572752482102563, 188.6230146328608, -18.495000020833686, -25.17543859649135]
SPS=49
Eval at step 686000, survival=7.023%, return=[-1.9613871843321249, 336.6058942953747, -33.79003453734913, -44.415204678362784]
SPS=49
Eval at step 686500, survival=5.163%, return=[-1.8167742855536442, 241.30509362220778, -22.69509793699399, -39.95321637426922]
SPS=49
Eval at step 687000, survival=5.246%, return=[-1.7202172081451863, 246.85283226331094, -14.870491600673025, -35.029239766082135]
SPS=49
Eval at step 687500, survival=3.881%, return=[-1.458046395254011, 181.21981192668284, -71.24374117991344, -39.17543859649124]
SPS=49
Eval at step 688000, survival=5.440%, return=[-1.908641756104771, 253.05735615094557, -155.37754018133273, -42.09356725146231]
SPS=49
Eval at step 688500, survival=8.924%, return=[-2.457986098830588, 408.53012178103177, -224.244966055577, -76.03508771929896]
SPS=49
Eval at step 689000, survival=3.270%, return=[-1.4794405858071211, 151.36082925478627, -75.2804589701409, -19.50877192982445]
SPS=49
Eval at step 689500, survival=6.502%, return=[-1.9291881278040819, 302.1378980763753, -63.02256684247792, -43.16959064327508]
SPS=49
Eval at step 690000, survival=5.572%, return=[-1.7844619616128814, 273.05273602803567, -29.226255995987838, -39.29239766081884]
SPS=49
Eval at step 690500, survival=4.985%, return=[-1.7649412343938213, 233.09071757634524, -116.0004374452983, -32.181286549707636]
SPS=49
Eval at step 691000, survival=5.518%, return=[-1.7914141491249513, 264.2797948582967, -36.142322561533014, -35.23391812865503]
SPS=49
Eval at step 691500, survival=5.899%, return=[-2.1532434991483265, 272.01865722974156, -114.96620715263028, -42.44444444444463]
SPS=49
Eval at step 692000, survival=3.104%, return=[-1.3721859817548345, 149.56200891494754, -9.704642129227674, -20.959064327485454]
SPS=49
Eval at step 692500, survival=6.572%, return=[-2.409795633944062, 301.4141640472415, -99.77074259392732, -47.46783625731016]
SPS=49
Eval at step 693000, survival=4.481%, return=[-2.0305078340849527, 202.67028618971526, -85.50599591513553, -32.04093567251505]
SPS=49
Eval at step 693500, survival=5.750%, return=[-1.8373477495236632, 275.8337139002483, -40.9542034871119, -38.116959064327695]
SPS=49
Eval at step 694000, survival=7.717%, return=[-2.1621263715205714, 349.48463629404745, -184.2467155428943, -58.90643274853827]
SPS=49
Eval at step 694500, survival=5.522%, return=[-1.9922143894946203, 258.2377390893303, -65.08485600194035, -40.21637426900616]
SPS=49
Eval at step 695000, survival=6.986%, return=[-2.041502324398607, 336.0034195439021, -27.326509257933747, -41.269005847953416]
SPS=49
Eval at step 695500, survival=5.184%, return=[-1.8225943731764953, 248.938320142428, -19.435688015391253, -36.1871345029242]
SPS=49
Eval at step 696000, survival=4.320%, return=[-1.6376406880056795, 205.19675269603738, -21.202658883295953, -26.087719298245702]
SPS=49
Eval at step 696500, survival=4.423%, return=[-1.6563148546265438, 211.10248593966173, -13.846879254201971, -27.450292397660803]
SPS=49
Eval at step 697000, survival=6.076%, return=[-2.37867321636683, 274.61252030054766, -120.87913892048527, -43.30409356725181]
SPS=49
Eval at step 697500, survival=4.138%, return=[-1.5283407987444662, 195.85390463034312, -48.832611710371566, -36.637426900584735]
SPS=49
Eval at step 698000, survival=6.490%, return=[-1.9421000029736508, 306.5864535331729, -65.11195026954859, -48.09356725146199]
SPS=49
Eval at step 698500, survival=5.237%, return=[-1.7934911651924874, 254.3187908411027, -35.28153580194523, -37.859649122806935]
SPS=49
Eval at step 699000, survival=5.973%, return=[-1.7505602990471136, 272.2387656005225, -63.77586829042775, -53.05263157894797]
SPS=49
Eval at step 699500, survival=5.221%, return=[-1.9504301697209787, 243.00038935343437, -51.12645197424172, -36.614035087719394]
SPS=49
Eval at step 700000, survival=7.999%, return=[-2.022658783088749, 366.55236216227195, -21.04018362014661, -70.0643274853809]
SPS=49
Eval at step 700500, survival=8.143%, return=[-2.0736259095720015, 377.6737832864123, -20.209795208196738, -68.82456140350973]
SPS=49
Eval at step 701000, survival=10.942%, return=[-3.291723244241439, 474.8062544870365, -237.1888572030357, -83.15789473684328]
SPS=49
Eval at step 701500, survival=5.279%, return=[-1.7563916999303426, 251.7321944824855, -18.618620865215536, -33.02339181286556]
SPS=49
Eval at step 702000, survival=7.081%, return=[-2.0579901181239015, 338.4102321767807, -20.94275978152291, -52.02923976608205]
SPS=49
Eval at step 702500, survival=7.523%, return=[-2.145484684073987, 360.13799077510845, -31.297127437909392, -44.660818713450546]
SPS=50
Eval at step 703000, survival=4.481%, return=[-1.6752637771811958, 210.6103353214265, -15.093309420539299, -29.23976608187142]
SPS=50
Eval at step 703500, survival=4.510%, return=[-1.5903288214855518, 211.3060166358948, -15.641068861392947, -31.52631578947386]
SPS=50
Eval at step 704000, survival=5.771%, return=[-2.268594381826309, 264.60591896692915, -60.0942413979883, -43.421052631579414]
SPS=50
Eval at step 704500, survival=4.750%, return=[-1.8430836823730108, 214.26876977284755, -24.14953537181039, -31.421052631579172]
SPS=50
Eval at step 705000, survival=7.052%, return=[-1.980927696315727, 341.3217178805671, -26.350920636100152, -40.25730994152058]
SPS=50
Eval at step 705500, survival=6.229%, return=[-1.980694520151398, 294.67165920893376, -42.56554933011648, -43.46783625731013]
SPS=50
Eval at step 706000, survival=7.221%, return=[-2.362696102509896, 332.88439064820653, -113.90143084008498, -48.017543859649464]
SPS=50
Eval at step 706500, survival=7.292%, return=[-2.446856119708779, 338.6244078222914, -94.83148304266676, -50.99415204678396]
SPS=50
Eval at step 707000, survival=3.328%, return=[-1.485944105273423, 144.13138380527536, -124.11995864940884, -23.93567251462009]
SPS=50
Eval at step 707500, survival=6.825%, return=[-2.2456721904066703, 320.31114608605714, -55.52098924135013, -40.8830409356727]
SPS=50
Eval at step 708000, survival=6.597%, return=[-1.93919773993548, 309.042588729859, -174.31286095014852, -65.35672514619918]
SPS=50
Eval at step 708500, survival=4.001%, return=[-1.585669864124308, 189.49125685373943, -16.173064701746625, -25.988304093567223]
SPS=50
Eval at step 709000, survival=6.436%, return=[-2.1442462454433553, 297.8951034418744, -94.91842116349169, -44.82456140350896]
SPS=50
Eval at step 709500, survival=7.626%, return=[-2.0596074550024546, 349.4564942582449, -166.68452625652813, -54.09356725146244]
SPS=50
Eval at step 710000, survival=2.550%, return=[-1.3482088646075379, 122.96409181594846, -11.434867322910577, -15.43274853801171]
SPS=50
Eval at step 710500, survival=9.702%, return=[-2.485935400472954, 445.87388695081046, -56.118498795937434, -72.5614035087729]
SPS=50
Eval at step 711000, survival=5.150%, return=[-1.6969431725253041, 240.01994911511733, -18.805213651547092, -34.093567251462225]
SPS=50
Eval at step 711500, survival=4.109%, return=[-1.7838631637083988, 187.4265837701164, -91.57157263282716, -30.625730994152274]
SPS=50
Eval at step 712000, survival=1.720%, return=[-1.219269931005935, 82.45895380814869, -8.830483753132285, -11.649122807017536]
SPS=50
Eval at step 712500, survival=4.369%, return=[-1.6480341475301732, 208.55842984517415, -16.26004261795121, -33.473684210526294]
SPS=50
Eval at step 713000, survival=3.993%, return=[-1.5370027234312147, 186.10832720120763, -118.06136432241571, -27.61988304093565]
SPS=50
Eval at step 713500, survival=6.597%, return=[-1.90594777771427, 306.6299214426681, -149.65083329242043, -45.473684210526436]
SPS=50
Eval at step 714000, survival=6.605%, return=[-1.9606772092714284, 299.15230518500033, -136.40345355179792, -50.53216374269066]
SPS=50
Eval at step 714500, survival=8.098%, return=[-2.0808310952658453, 372.66563100179013, -25.832359248248395, -55.538011695907294]
SPS=50
Eval at step 715000, survival=8.991%, return=[-2.3047435336047783, 423.52429559389776, -27.060643841022586, -59.1111111111119]
SPS=50
Eval at step 715500, survival=2.699%, return=[-1.3962888789440815, 127.06750699520114, -21.409175612238567, -20.128654970760163]
SPS=50
Eval at step 716000, survival=6.023%, return=[-1.867424189093678, 276.67877087910966, -25.177246092246303, -43.82456140350927]
SPS=50
Eval at step 716500, survival=7.060%, return=[-2.119737737288233, 325.6728501160938, -32.44790827354942, -53.01169590643324]
SPS=50
Eval at step 717000, survival=6.378%, return=[-1.9033663452137262, 292.9897593784337, -118.68050613979965, -45.5614035087722]
SPS=50
Eval at step 717500, survival=5.514%, return=[-1.9617691655488063, 251.6960777600606, -132.5566158790995, -38.59649122807057]
SPS=50
Eval at step 718000, survival=5.452%, return=[-1.7943023361149244, 259.24645641962707, -40.76087446454403, -30.6608187134504]
SPS=50
Eval at step 718500, survival=5.204%, return=[-1.862262620862263, 245.12427531878174, -24.605564657555078, -33.631578947368695]
SPS=50
Eval at step 719000, survival=3.278%, return=[-1.5656670688379866, 149.41921194712316, -13.416433700209987, -23.20467836257311]
SPS=50
Eval at step 719500, survival=7.626%, return=[-2.293391480964298, 354.63500416755704, -103.12080155660321, -47.25146198830435]
SPS=50
Eval at step 720000, survival=6.618%, return=[-2.0083853295460963, 309.47664093176564, -128.6376559212416, -40.415204678362635]
SPS=50
Eval at step 720500, survival=5.308%, return=[-1.7708902372978628, 247.78862038612394, -44.06086934619816, -36.941520467836575]
SPS=50
Eval at step 721000, survival=7.763%, return=[-2.149625300313346, 355.0965335989002, -150.11956880316333, -47.74269005847999]
SPS=50
Eval at step 721500, survival=5.341%, return=[-1.9336416326890078, 251.29259488105808, -69.71605110905814, -42.28070175438612]
SPS=50
Eval at step 722000, survival=5.217%, return=[-1.7513876576558687, 246.1200307893756, -81.20301715895282, -34.245614035087684]
SPS=50
Eval at step 722500, survival=6.721%, return=[-2.016824667186787, 318.86675068378463, -48.43563484110928, -40.877192982456336]
SPS=50
Eval at step 723000, survival=2.410%, return=[-1.2601171904049504, 120.55756203969322, -8.641142303900173, -17.614035087719298]
SPS=50
Eval at step 723500, survival=5.948%, return=[-1.865245904501838, 271.44175058047, -117.1996179746978, -42.11111111111138]
SPS=50
Eval at step 724000, survival=3.815%, return=[-1.4904056786520716, 183.2359989213945, -50.73856572614992, -27.549707602339264]
SPS=50
Eval at step 724500, survival=4.675%, return=[-1.802357836975716, 217.74819894790696, -85.03643146228085, -33.53801169590654]
SPS=50
Eval at step 725000, survival=6.593%, return=[-2.120580683539932, 315.95307914892845, -70.9042293969081, -46.69005847953243]
SPS=50
Eval at step 725500, survival=7.093%, return=[-2.1967773175565526, 332.001315844854, -127.17838925934727, -45.02923976608205]
SPS=50
Eval at step 726000, survival=4.080%, return=[-1.6084492882558454, 193.43048978487673, -92.88581927090611, -26.064327485379977]
SPS=50
Eval at step 726500, survival=5.994%, return=[-1.9810454222218443, 282.12243014653535, -123.36948264467355, -37.44444444444451]
SPS=50
Eval at step 727000, survival=5.783%, return=[-1.8539752416933577, 266.67918865521773, -100.94742000072438, -41.81286549707635]
SPS=50
Eval at step 727500, survival=7.143%, return=[-1.9881883777173546, 331.76965854485866, -156.81128198469136, -49.08187134502973]
SPS=50
Eval at step 728000, survival=6.593%, return=[-1.997051477432251, 300.3032894992829, -161.6013701231956, -45.988304093567784]
SPS=50
Eval at step 728500, survival=7.784%, return=[-2.2286422337444187, 368.90260020573965, -134.90799702017102, -54.42690058479571]
SPS=50
Eval at step 729000, survival=5.188%, return=[-1.7347511187933076, 243.94820095062278, -95.7106213151613, -39.40935672514628]
SPS=50
Eval at step 729500, survival=4.547%, return=[-1.618239131309868, 213.9186389732362, -113.25545542209875, -36.16374269005861]
SPS=50
Eval at step 730000, survival=6.407%, return=[-2.041702084049272, 296.8583494981131, -116.36789769427075, -44.824561403508994]
SPS=50
Eval at step 730500, survival=6.548%, return=[-1.9924478160295014, 306.65034409840916, -71.77486692361708, -43.970760233918604]
SPS=50
Eval at step 731000, survival=3.009%, return=[-1.413843402309188, 142.2351177676518, -12.786379030555205, -21.02923976608195]
SPS=50
Eval at step 731500, survival=6.205%, return=[-2.0263576464688717, 287.66331895192474, -92.24475102193537, -40.86549707602391]
SPS=50
Eval at step 732000, survival=6.403%, return=[-2.1199365189725845, 293.25984250068706, -98.08483666321263, -44.65497076023407]
SPS=50
Eval at step 732500, survival=5.225%, return=[-1.943116147556187, 238.6964660231275, -100.20751698401394, -37.36257309941545]
SPS=50
Eval at step 733000, survival=4.605%, return=[-1.605038318686032, 217.02861437161764, -14.744590235232863, -32.25730994152058]
SPS=50
Eval at step 733500, survival=4.514%, return=[-1.8110949695692398, 215.66177043596886, -16.230634608204127, -23.409356725146154]
SPS=50
Eval at step 734000, survival=4.572%, return=[-1.6087125773580435, 218.48927221616108, -10.28882642727452, -32.85964912280726]
SPS=50
Eval at step 734500, survival=5.444%, return=[-1.855837318774623, 257.0567616748812, -98.06708720213162, -39.304093567251364]
SPS=51
Eval at step 735000, survival=5.138%, return=[-1.7460864618963872, 237.46307960828196, -102.53414283219779, -38.771929824561816]
SPS=51
Eval at step 735500, survival=2.658%, return=[-1.3863267826188046, 129.07054638067882, -10.417101104782583, -16.497076023391795]
SPS=51
Eval at step 736000, survival=4.096%, return=[-1.5763712075616543, 186.04656933148723, -142.61395602003418, -29.31578947368425]
SPS=51
Eval at step 736500, survival=1.567%, return=[-1.2422367270337418, 73.21846266428628, -7.879144268081291, -12.070175438596488]
SPS=51
Eval at step 737000, survival=2.087%, return=[-1.2938428096628438, 102.1079613049825, -10.420933142702173, -15.883040935672506]
SPS=51
Eval at step 737500, survival=5.299%, return=[-1.9225327228972067, 242.10778208573697, -88.6004027770626, -43.707602339181655]
SPS=51
Eval at step 738000, survival=5.233%, return=[-1.7470994458223383, 248.7498239390054, -54.211472331740275, -36.68421052631593]
SPS=51
Eval at step 738500, survival=6.035%, return=[-2.060506639575275, 286.3842671394347, -35.9535889699279, -33.964912280702045]
SPS=51
Eval at step 739000, survival=3.881%, return=[-1.5397642010745283, 188.5553991731008, -13.119677396724, -28.695906432748725]
SPS=51
Eval at step 739500, survival=5.940%, return=[-1.9373466299342301, 275.0775358692804, -24.556923143177602, -37.77192982456171]
SPS=51
Eval at step 740000, survival=3.418%, return=[-1.476987476577051, 162.96387958367686, -93.63157068105647, -31.175438596491386]
SPS=51
Eval at step 740500, survival=3.282%, return=[-1.3709513703361154, 155.6559482955935, -90.6651880312711, -26.701754385965085]
SPS=51
Eval at step 741000, survival=5.560%, return=[-1.861940564548907, 265.1353177801769, -17.909186158232234, -33.47953216374286]
SPS=51
Eval at step 741500, survival=6.597%, return=[-2.0373231329140253, 319.72496788342795, -33.951983965633794, -42.59064327485405]
SPS=51
Eval at step 742000, survival=5.514%, return=[-1.8137851516949013, 258.6552628978095, -76.79168731915793, -39.02339181286571]
SPS=51
Eval at step 742500, survival=3.452%, return=[-1.5374992997191537, 164.3058656009039, -28.49713784551265, -24.701754385965028]
SPS=51
Eval at step 743000, survival=2.141%, return=[-1.284220077000403, 101.34561687787372, -10.953034292188628, -14.637426900584794]
SPS=51
Eval at step 743500, survival=4.824%, return=[-1.788695074482045, 223.92062769254073, -76.51299207667277, -30.584795321637287]
SPS=51
Eval at step 744000, survival=5.237%, return=[-1.7860175616030272, 246.53387236913065, -98.0047180459951, -40.3216374269007]
SPS=51
Eval at step 744500, survival=4.468%, return=[-1.6236216042307205, 222.35225049654628, -12.066891749719312, -32.11111111111118]
SPS=51
Eval at step 745000, survival=5.700%, return=[-1.9063475733467687, 269.3507929674786, -22.43002375360811, -34.748538011696134]
SPS=51
Eval at step 745500, survival=3.939%, return=[-1.696059566049371, 185.6466586240133, -36.040434576668, -27.538011695906608]
SPS=51
Eval at step 746000, survival=4.584%, return=[-1.66102471051272, 220.9288306999206, -14.742996143128645, -27.380116959064534]
SPS=51
Eval at step 746500, survival=5.531%, return=[-1.8817587610683404, 267.8705934429169, -17.877455253156466, -32.766081871345044]
SPS=51
Eval at step 747000, survival=5.308%, return=[-1.7881953693771113, 249.33327134768172, -38.12677752084952, -33.64327485380135]
SPS=51
Eval at step 747500, survival=5.700%, return=[-2.2157147707572826, 260.1862001641596, -82.64067435927063, -41.22222222222258]
SPS=51
Eval at step 748000, survival=6.502%, return=[-2.0444772400078364, 303.7942551088333, -33.91583393900146, -42.77192982456151]
SPS=51
Eval at step 748500, survival=4.163%, return=[-1.5969551078936395, 194.45074766635904, -36.582475737882, -30.491228070175612]
SPS=51
Eval at step 749000, survival=5.398%, return=[-1.8518026529927738, 253.93078136285146, -25.109091785930406, -31.23976608187144]
SPS=51
Eval at step 749500, survival=3.795%, return=[-1.5029934733562793, 183.41104186693835, -11.871731587462515, -23.22807017543852]
SPS=51
Eval at step 750000, survival=2.786%, return=[-1.382422413250121, 132.93251407146457, -12.605747915188354, -17.105263157894772]
SPS=51
Eval at step 750500, survival=2.972%, return=[-1.3961645468565014, 140.5593580849967, -36.67096014099661, -21.824561403508728]
SPS=51
Eval at step 751000, survival=2.604%, return=[-1.4005199942039326, 124.71641462643954, -29.697452465979342, -21.292397660818697]
SPS=51
Eval at step 751500, survival=12.694%, return=[-2.858576499934619, 569.2243116442351, -83.41898929539941, -85.91228070175576]
SPS=51
Eval at step 752000, survival=3.910%, return=[-1.446350296610035, 184.0988972123464, -10.561944122669956, -41.02923976608201]
SPS=51
Eval at step 752500, survival=4.795%, return=[-1.579898630695728, 229.6874503453572, -13.16296474646515, -39.71929824561403]
SPS=51
Eval at step 753000, survival=7.073%, return=[-1.920201605418697, 333.2889271688463, -14.537340982579432, -72.95906432748579]
SPS=51
Eval at step 753500, survival=2.559%, return=[-1.3039764996695642, 122.63082902272538, -7.3495552769503165, -15.795321637426875]
SPS=51
Eval at step 754000, survival=1.918%, return=[-1.2221032613694358, 89.88096746762596, -10.31462964504802, -23.912280701754216]
SPS=51
Eval at step 754500, survival=2.947%, return=[-1.4428057633146334, 140.4157407601675, -14.876878424148648, -21.807017543859686]
SPS=51
Eval at step 755000, survival=1.893%, return=[-1.251341250143014, 91.41949939409886, -9.022590398885464, -16.95321637426899]
SPS=51
Eval at step 755500, survival=4.390%, return=[-1.8102478350823124, 206.99043374061588, -53.403052653113264, -34.80701754385971]
SPS=51
Eval at step 756000, survival=2.112%, return=[-1.2404291286560085, 103.18642462253575, -8.29801495307523, -17.649122807017566]
SPS=51
Eval at step 756500, survival=7.093%, return=[-1.941933349512207, 337.41123394330356, -71.58471577978344, -66.81286549707646]
SPS=51
Eval at step 757000, survival=7.800%, return=[-2.0363061844060817, 370.93290871620184, -32.8979474924466, -82.46783625731081]
SPS=51
Eval at step 757500, survival=5.957%, return=[-1.7356876488192938, 285.42219091097536, -83.07233508593829, -45.90058479532191]
SPS=51
Eval at step 758000, survival=5.651%, return=[-1.740290087473113, 261.8360359938942, -152.10407146408883, -45.57894736842143]
SPS=51
Eval at step 758500, survival=3.580%, return=[-1.7134630891960114, 163.03806312402114, -53.5365737050112, -29.286549707602564]
SPS=51
Eval at step 759000, survival=3.915%, return=[-1.495320572479007, 189.91908080736812, -36.11841583256406, -37.94152046783632]
SPS=51
Eval at step 759500, survival=2.249%, return=[-1.2671370153936248, 101.26194598515845, -68.36337096065108, -18.678362573099452]
SPS=51
Eval at step 760000, survival=6.581%, return=[-2.0216911293488615, 309.5202053610489, -96.55767738508014, -60.467836257310466]
SPS=51
Eval at step 760500, survival=5.932%, return=[-1.7249518411117606, 273.84614874839855, -139.36631231694386, -47.23976608187174]
SPS=51
Eval at step 761000, survival=4.324%, return=[-1.4638080026488751, 208.7862244367599, -8.406853206057955, -43.56725146198816]
SPS=51
Eval at step 761500, survival=1.004%, return=[-1.113783288281411, 47.81848266124725, -8.290355139227662, -9.783625730994151]
SPS=51
Eval at step 762000, survival=8.230%, return=[-2.251775420969352, 374.04053429921447, -37.59784931728185, -57.89473684210602]
SPS=51
Eval at step 762500, survival=5.700%, return=[-2.042250494065229, 268.80287238438945, -69.95728965745609, -43.56140350877195]
SPS=51
Eval at step 763000, survival=4.229%, return=[-1.6783235225011595, 202.57461187680573, -35.949039809333044, -39.14035087719313]
SPS=52
Eval at step 763500, survival=3.749%, return=[-1.4530470738148626, 173.07490039666502, -79.76054224605711, -33.0701754385964]
SPS=52
Eval at step 764000, survival=3.133%, return=[-1.4028011505918887, 151.15497136433916, -21.941010355658364, -22.035087719298314]
SPS=52
Eval at step 764500, survival=4.179%, return=[-1.6420217162619035, 199.43350574175528, -35.62872960444656, -32.39766081871355]
SPS=52
Eval at step 765000, survival=7.126%, return=[-2.1576568916789256, 333.2301665496831, -82.86212568472062, -53.27485380117005]
SPS=52
Eval at step 765500, survival=5.233%, return=[-1.6839470705017447, 248.4098852475485, -43.60457993469512, -46.27485380116974]
SPS=52
Eval at step 766000, survival=7.226%, return=[-1.9412841711115714, 335.4541402180991, -82.60154634634091, -50.25730994152105]
SPS=52
Eval at step 766500, survival=6.076%, return=[-2.106891034170985, 289.33414877732633, -49.094209894217784, -52.34502923976644]
SPS=52
Eval at step 767000, survival=8.999%, return=[-2.549524686376875, 409.211807994843, -181.50908418871754, -70.00000000000078]
SPS=52
Eval at step 767500, survival=4.568%, return=[-1.5381909681212467, 221.1836666456859, -40.7799486812631, -42.05847953216381]
SPS=52
Eval at step 768000, survival=5.039%, return=[-1.8813570560887456, 228.74375215848318, -100.73359256309534, -37.16374269005869]
SPS=52
Eval at step 768500, survival=2.327%, return=[-1.2899855872965418, 116.34005651791888, -7.285079817674462, -17.713450292397695]
SPS=52
Eval at step 769000, survival=6.233%, return=[-1.8541466507401008, 291.9487068510061, -194.61923044488017, -51.90058479532207]
SPS=52
Eval at step 769500, survival=2.257%, return=[-1.4196288874760892, 104.24432994842543, -34.63335391330171, -18.438596491228125]
SPS=52
Eval at step 770000, survival=5.055%, return=[-1.6921628556447104, 232.86279608647078, -83.11429948002721, -36.040935672514756]
SPS=52
Eval at step 770500, survival=7.130%, return=[-2.380759255242689, 327.65476035912894, -115.1166879428062, -50.35087719298274]
SPS=52
Eval at step 771000, survival=4.084%, return=[-1.5138072894187644, 193.27086778004977, -73.60446357942176, -30.789473684210773]
SPS=52
Eval at step 771500, survival=4.266%, return=[-1.5844408225578566, 202.519814605713, -31.50612346853207, -31.643274853801334]
SPS=52
Eval at step 772000, survival=6.114%, return=[-1.8255547262184944, 285.2224247646337, -142.09177311393978, -49.59064327485416]
SPS=52
Eval at step 772500, survival=6.118%, return=[-1.7762199239611316, 288.82198831240333, -15.53067563954634, -45.02923976608228]
SPS=52
Eval at step 773000, survival=2.695%, return=[-1.3410938252539684, 125.42376316388463, -33.66874206475526, -19.988304093567212]
SPS=52
Eval at step 773500, survival=2.282%, return=[-1.295082781308641, 108.54322816054027, -8.574725700513227, -16.19298245614035]
SPS=52
Eval at step 774000, survival=2.691%, return=[-1.374703278396434, 125.39975266297664, -11.86918938557695, -20.35087719298257]
SPS=52
Eval at step 774500, survival=1.604%, return=[-1.2382574525739376, 75.31106317361193, -8.083155483783534, -12.514619883040924]
SPS=52
Eval at step 775000, survival=6.457%, return=[-1.912374610255938, 302.30150760173814, -102.27570703898088, -42.07017543859675]
SPS=52
Eval at step 775500, survival=5.907%, return=[-1.7936411268310621, 275.9287627188365, -40.64678406374878, -42.286549707602695]
SPS=52
Eval at step 776000, survival=7.085%, return=[-2.042096823453903, 336.52050495147745, -85.72354201527453, -50.13450292397647]
SPS=52
Eval at step 776500, survival=1.269%, return=[-1.1609235670766793, 61.13019522825875, -6.736062398752741, -9.976608187134493]
SPS=52
Eval at step 777000, survival=5.576%, return=[-1.7909622685595725, 259.18328474362715, -158.47662667245217, -41.50292397660804]
SPS=52
Eval at step 777500, survival=2.488%, return=[-1.357559845841024, 121.6124661445618, -5.734010680539844, -18.356725146198826]
SPS=52
Eval at step 778000, survival=4.208%, return=[-1.5716543711411457, 194.55870945294694, -12.21608066651, -34.85964912280713]
SPS=52
Eval at step 778500, survival=3.774%, return=[-1.436740275802246, 177.7694487682979, -37.12964929145286, -35.16959064327514]
SPS=52
Eval at step 779000, survival=3.307%, return=[-1.4495262114602763, 151.60154585997284, -50.316325711857644, -30.912280701754344]
SPS=52
Eval at step 779500, survival=3.683%, return=[-1.4897086767984244, 171.47931189378116, -36.32194957308335, -24.502923976608304]
SPS=52
Eval at step 780000, survival=4.576%, return=[-1.6461949670338072, 214.36251430511467, -59.50335119269827, -31.83625730994173]
SPS=52
Eval at step 780500, survival=5.572%, return=[-1.6633741879098427, 265.907087065379, -53.3281481237694, -46.12865497076056]
SPS=52
Eval at step 781000, survival=5.923%, return=[-1.8852901902476635, 277.94847660859404, -43.5461195299528, -42.62573099415254]
SPS=52
Eval at step 781500, survival=0.711%, return=[-1.1156073566138123, 33.30549348195394, -8.300512540154159, -5.01169590643275]
SPS=52
Eval at step 782000, survival=5.179%, return=[-1.6652839695646737, 245.6556149498624, -90.55344768685366, -43.4561403508775]
SPS=52
Eval at step 782500, survival=5.564%, return=[-1.7713220946025103, 257.41335660298705, -89.18793145683048, -39.39766081871339]
SPS=52
Eval at step 783000, survival=4.485%, return=[-1.6164974311056237, 203.41360964775106, -120.28634969888662, -43.064327485380545]
SPS=52
Eval at step 783500, survival=2.059%, return=[-1.2633224828556802, 96.9755651632945, -7.706796029223672, -17.210526315789505]
SPS=52
Eval at step 784000, survival=2.443%, return=[-1.359150306826147, 121.24299841245023, -7.113888962178559, -14.070175438596491]
SPS=52
Eval at step 784500, survival=6.411%, return=[-2.006167044940715, 312.7957275501888, -10.935081881238148, -38.853801169590845]
SPS=52
Eval at step 785000, survival=5.163%, return=[-1.7068362413556315, 237.78053454716996, -19.29488285408782, -39.128654970760635]
SPS=52
Eval at step 785500, survival=5.981%, return=[-1.859839008267348, 269.0322797600432, -160.78198545785563, -45.02339181286592]
SPS=52
Eval at step 786000, survival=4.377%, return=[-1.548973683306637, 209.23978493690484, -20.59448588023224, -28.777777777777857]
SPS=52
Eval at step 786500, survival=2.836%, return=[-1.3474919600024198, 135.57944385210672, -10.592819943480814, -20.076023391812882]
SPS=52
Eval at step 787000, survival=4.551%, return=[-1.6809736039334287, 205.08772243499786, -132.17086763191523, -30.064327485380222]
SPS=52
Eval at step 787500, survival=3.249%, return=[-1.4254530233835492, 153.5585074806213, -12.471606529288692, -24.274853801169737]
SPS=52
Eval at step 788000, survival=3.869%, return=[-1.5680342039753061, 179.09274463971465, -35.6088241869899, -28.660818713450453]
SPS=52
Eval at step 788500, survival=5.341%, return=[-1.6700709106517024, 254.07604966878907, -50.65912656324023, -41.32163742690057]
SPS=52
Eval at step 789000, survival=3.716%, return=[-1.4819176905827287, 177.41775004466396, -49.635959169342335, -29.46198830409359]
SPS=52
Eval at step 789500, survival=5.291%, return=[-1.7893921875123244, 242.40033960024525, -108.78873101472952, -49.9883040935671]
SPS=52
Eval at step 790000, survival=6.221%, return=[-2.1437855227074274, 282.6464993731185, -80.11416308764699, -48.16959064327509]
SPS=52
Eval at step 790500, survival=5.349%, return=[-1.7647713115632844, 252.8734178972243, -12.905317960370061, -42.87719298245636]
SPS=52
Eval at step 791000, survival=4.332%, return=[-1.664590463876569, 200.5425449657442, -66.09708218807161, -32.05847953216369]
SPS=52
Eval at step 791500, survival=3.051%, return=[-1.4242060188165244, 145.39317601839699, -9.717085117285023, -23.73684210526326]
SPS=53
Eval at step 792000, survival=0.442%, return=[-1.0480127151240595, 19.582725381851194, -6.274010754432918, -3.8304093567251463]
SPS=53
Eval at step 792500, survival=8.271%, return=[-2.428395699864874, 387.600643388431, -108.87273520271022, -58.84210526315832]
SPS=53
Eval at step 793000, survival=3.108%, return=[-1.3767235908308066, 144.98660888671895, -57.71383391916606, -24.520467836257485]
SPS=53
Eval at step 793500, survival=5.188%, return=[-1.7934842032069962, 242.5264502159756, -41.88221178155618, -35.19883040935684]
SPS=53
Eval at step 794000, survival=5.328%, return=[-1.7764215669594705, 244.5639337189995, -104.63542443947397, -34.78947368421061]
SPS=53
Eval at step 794500, survival=4.725%, return=[-1.8860444567787151, 219.9658587535226, -62.8533482587712, -34.280701754386136]
SPS=53
Eval at step 795000, survival=5.010%, return=[-1.68504413162979, 237.08488772710152, -63.38811234389019, -39.52631578947375]
SPS=53
Eval at step 795500, survival=3.861%, return=[-1.522612890577875, 182.4743649975461, -36.38379864228773, -25.824561403508753]
SPS=53
Eval at step 796000, survival=5.866%, return=[-1.8043119780098398, 272.80871152559956, -130.13781780603554, -40.32163742690059]
SPS=53
Eval at step 796500, survival=5.332%, return=[-1.7775851597931858, 244.72653843800276, -114.45477417268314, -36.865497076023594]
SPS=53
Eval at step 797000, survival=4.365%, return=[-1.5783709399402142, 202.0316432762147, -36.801751984084454, -34.00584795321655]
SPS=53
Eval at step 797500, survival=6.163%, return=[-1.8126276120116624, 280.1291465457284, -136.27997070685038, -46.514619883041185]
SPS=53
Eval at step 798000, survival=5.320%, return=[-1.6953712498070672, 249.5858523384732, -56.63269590843023, -37.2456140350881]
SPS=53
Eval at step 798500, survival=5.589%, return=[-1.7110794003820047, 266.67852260589626, -62.8208224292733, -41.09356725146217]
SPS=53
Eval at step 799000, survival=2.050%, return=[-1.2812824471038766, 99.10351098219557, -10.913260552479187, -11.959064327485393]
SPS=53
Eval at step 799500, survival=6.899%, return=[-2.0061666097996445, 324.0997281138106, -49.53336189493469, -48.853801169591094]
SPS=53
Eval at step 800000, survival=6.436%, return=[-1.911442263769762, 301.2852336057028, -19.27216436723514, -43.08771929824585]
SPS=53
Eval at step 800500, survival=9.172%, return=[-2.395634326074893, 422.7248515605929, -126.88972455291757, -60.96491228070249]
SPS=53
Eval at step 801000, survival=2.641%, return=[-1.4082917998118016, 129.2909595314662, -7.726721068663513, -15.68421052631579]
SPS=53
Eval at step 801500, survival=4.229%, return=[-1.6657668107460875, 206.01413915952023, -17.828293103449443, -21.374269005848046]
SPS=53
Eval at step 802000, survival=5.498%, return=[-1.6951043805844772, 263.9880070288976, -14.894271747694196, -33.684210526315844]
SPS=53
Eval at step 802500, survival=5.382%, return=[-1.8164643720762494, 253.94869801203424, -79.53053886229252, -32.754385964912274]
SPS=53
Eval at step 803000, survival=4.067%, return=[-1.583638012370405, 194.4548893149694, -13.79305469212583, -23.994152046783743]
SPS=53
Eval at step 803500, survival=2.658%, return=[-1.3339684018865228, 126.98262683550517, -9.34403464041437, -19.812865497076064]
SPS=53
Eval at step 804000, survival=6.556%, return=[-1.9477132334335086, 302.6057282813394, -95.63426752566495, -47.573099415205235]
SPS=53
Eval at step 804500, survival=4.179%, return=[-1.6948177197482437, 193.46841682751975, -37.33813959149605, -29.286549707602475]
SPS=53
Eval at step 805000, survival=6.205%, return=[-1.8566508983688739, 286.94538824081457, -54.66451117855225, -42.654970760234406]
SPS=53
Eval at step 805500, survival=6.787%, return=[-1.8704677135489571, 317.0434941196445, -45.732190788170556, -47.701754385965195]
SPS=53
Eval at step 806000, survival=7.081%, return=[-1.9932804575267558, 327.0184580961866, -91.75123915167705, -46.06432748538035]
SPS=53
Eval at step 806500, survival=3.712%, return=[-1.5280458716054757, 179.5276394192379, -12.68707701926663, -25.35672514619873]
SPS=53
Eval at step 807000, survival=7.961%, return=[-2.111996785349523, 376.75723514397964, -88.80640412570695, -54.05847953216428]
SPS=53
Eval at step 807500, survival=4.274%, return=[-1.5263905954974082, 203.13160815874758, -38.88897143999444, -28.32163742690069]
SPS=53
Eval at step 808000, survival=6.858%, return=[-1.9767860107434292, 325.3425703016923, -75.03323370090705, -44.461988304094035]
SPS=53
Eval at step 808500, survival=2.546%, return=[-1.3907498499611393, 119.81214795271565, -29.52691242073585, -17.409356725146157]
SPS=53
Eval at step 809000, survival=5.940%, return=[-1.8338630146269377, 282.38248333931, -38.90313932207937, -43.087719298245894]
SPS=53
Eval at step 809500, survival=8.428%, return=[-2.1197255914642787, 399.0351601886752, -138.99573187826172, -62.39181286549765]
SPS=53
Eval at step 810000, survival=6.663%, return=[-1.8336315144357893, 309.33286908149745, -100.14029168602428, -63.08771929824598]
SPS=53
Eval at step 810500, survival=3.724%, return=[-1.560837801216015, 179.56412798563642, -16.359655693697277, -28.30409356725143]
SPS=53
Eval at step 811000, survival=5.035%, return=[-1.679494872650442, 241.7002683305743, -41.802337483648444, -31.4444444444445]
SPS=53
Eval at step 811500, survival=8.131%, return=[-2.254170616855845, 372.38926669120775, -44.803268134167105, -47.62573099415264]
SPS=53
Eval at step 812000, survival=6.056%, return=[-1.8941733595565893, 274.1474189853672, -167.30707828549689, -40.707602339181754]
SPS=53
Eval at step 812500, survival=2.459%, return=[-1.389030471696363, 115.50032055536911, -22.555803333913598, -16.783625730994235]
SPS=53
Eval at step 813000, survival=6.804%, return=[-2.0545217796655684, 317.3020002253851, -109.25997769460082, -59.19298245614087]
SPS=53
Eval at step 813500, survival=3.311%, return=[-1.5494801066621828, 151.8136824146907, -39.717074336241545, -18.280701754385955]
SPS=53
Eval at step 814000, survival=3.142%, return=[-1.4207513442573447, 150.14748992125212, -35.75442238048223, -23.362573099415357]
SPS=53
Eval at step 814500, survival=3.853%, return=[-1.546554694029813, 179.26674307028475, -77.81812371157382, -27.08187134502924]
SPS=53
Eval at step 815000, survival=7.350%, return=[-2.074927616942053, 338.2765198437373, -91.33105676859486, -48.111111111111235]
SPS=53
Eval at step 815500, survival=6.978%, return=[-1.9530043595974955, 316.9187455781307, -189.93486829844673, -51.818713450292854]
SPS=53
Eval at step 816000, survival=3.580%, return=[-1.3899177931792412, 165.81483845392884, -118.05178449169519, -28.456140350877174]
SPS=53
Eval at step 816500, survival=4.072%, return=[-1.4735654396160196, 199.7313436412811, -15.068578318450212, -27.21052631578945]
SPS=53
Eval at step 817000, survival=6.399%, return=[-1.8113360339775681, 300.3520595804855, -135.84556454675717, -60.146198830409695]
SPS=53
Eval at step 817500, survival=3.708%, return=[-1.555285095819272, 165.41259788831098, -127.45742556910652, -31.257309941520635]
SPS=53
Eval at step 818000, survival=3.881%, return=[-1.6156978951573062, 170.22991988023165, -116.14205704803801, -29.64912280701782]
SPS=53
Eval at step 818500, survival=4.650%, return=[-1.6485136256669648, 223.1267981274925, -41.75222834459419, -36.20467836257322]
SPS=53
Eval at step 819000, survival=2.431%, return=[-1.334612453492203, 113.75485398928332, -16.087838501036458, -18.157894736842042]
SPS=53
Eval at step 819500, survival=2.869%, return=[-1.4120659105246887, 129.32796330451984, -99.2015671916015, -22.79532163742702]
SPS=53
Eval at step 820000, survival=2.046%, return=[-1.2997398615116253, 96.35594699382791, -27.006181079855498, -16.46198830409358]
SPS=53
Eval at step 820500, survival=2.149%, return=[-1.3420142601826228, 100.61508447647107, -35.404015317209996, -12.508771929824512]
SPS=54
Eval at step 821000, survival=4.588%, return=[-1.734352137000921, 203.6445050509776, -139.4278773163775, -33.64327485380142]
SPS=54
Eval at step 821500, survival=5.163%, return=[-1.7651872770511545, 240.21178403854412, -120.31428661567043, -37.50877192982494]
SPS=54
Eval at step 822000, survival=8.292%, return=[-2.274658928780506, 371.80245578606997, -242.9197542164317, -58.30409356725206]
SPS=54
Eval at step 822500, survival=4.663%, return=[-1.742300525967342, 206.29290319442805, -154.567040680978, -33.51461988304109]
SPS=54
Eval at step 823000, survival=6.440%, return=[-1.9268024255676817, 296.78039832433086, -129.68247361116906, -46.6023391812871]
SPS=54
Eval at step 823500, survival=7.767%, return=[-2.18020671303384, 351.86207515557606, -115.69865321187172, -50.64327485380152]
SPS=54
Eval at step 824000, survival=5.345%, return=[-1.7176952467610438, 256.68182183186235, -23.965258728967456, -53.18128654970752]
SPS=54
Eval at step 824500, survival=0.893%, return=[-1.1207200774806552, 42.193182468414314, -6.922904895446361, -6.128654970760235]
SPS=54
Eval at step 825000, survival=3.683%, return=[-1.5499529058967407, 175.94178827921561, -32.78558354242705, -30.88304093567258]
SPS=54
Eval at step 825500, survival=7.883%, return=[-2.1460118268150836, 372.9280187273026, -51.13452816134668, -47.046783625731706]
SPS=54
Eval at step 826000, survival=3.117%, return=[-1.4499354593378182, 148.21126915454877, -43.822845058292536, -19.321637426900516]
SPS=54
Eval at step 826500, survival=7.875%, return=[-2.130483022580544, 353.89866957982457, -243.12787067877557, -61.4619883040942]
SPS=54
Eval at step 827000, survival=5.415%, return=[-1.7831022469326854, 246.60098107337998, -138.5312042281245, -40.81871345029271]
SPS=54
Eval at step 827500, survival=3.563%, return=[-1.525368716955806, 164.9498125759761, -70.5231147329614, -28.976608187134577]
SPS=54
Eval at step 828000, survival=5.026%, return=[-1.7074984195642173, 233.5451817830401, -9.443331581702296, -34.92982456140379]
SPS=54
Eval at step 828500, survival=9.958%, return=[-2.377494793831526, 445.73666794935826, -321.1064668943679, -81.2748538011708]
SPS=54
Eval at step 829000, survival=4.084%, return=[-1.4187310385750607, 193.7221131594978, -133.37687567140287, -36.48538011695908]
SPS=54
Eval at step 829500, survival=4.787%, return=[-1.6511417254805565, 227.93074070135773, -66.88826854691918, -40.04093567251476]
SPS=54
Eval at step 830000, survival=4.353%, return=[-1.4767056258084874, 215.4623872852325, -8.499879152982126, -36.74269005847947]
SPS=54
Eval at step 830500, survival=7.651%, return=[-2.188138172379695, 340.19818207422827, -237.35283967422825, -58.590643274854706]
SPS=54
Eval at step 831000, survival=3.555%, return=[-1.4962871958462831, 165.42116519292202, -81.05177058621, -28.59649122807021]
SPS=54
Eval at step 831500, survival=3.956%, return=[-1.5510441575897858, 181.42415625413295, -111.28863822274919, -32.74269005847985]
SPS=54
Eval at step 832000, survival=4.721%, return=[-1.5883717939141206, 236.94882667064664, -12.149415221642508, -45.41520467836244]
SPS=54
Eval at step 832500, survival=4.105%, return=[-1.6215429504130345, 186.76089614391344, -67.54178246122804, -28.362573099415254]
SPS=54
Eval at step 833000, survival=10.743%, return=[-2.649807246576529, 487.5669868501033, -211.40786719155813, -81.54970760234049]
SPS=54
Eval at step 833500, survival=7.081%, return=[-2.014974463828063, 325.8193261146551, -119.50254732872297, -56.04093567251517]
SPS=54
Eval at step 834000, survival=6.060%, return=[-1.8498707524850033, 286.30072985331253, -133.4991517984066, -39.15789473684223]
SPS=54
Eval at step 834500, survival=5.758%, return=[-1.775035231510022, 272.71066726684586, -96.13002624985529, -44.222222222222626]
SPS=54
Eval at step 835000, survival=5.134%, return=[-1.7470650761388242, 241.6732985464735, -51.781178924684355, -37.29239766081884]
SPS=54
Eval at step 835500, survival=7.552%, return=[-2.3114624894418134, 334.8983473873146, -195.31774697494984, -73.59649122807052]
SPS=54
Eval at step 836000, survival=3.873%, return=[-1.6166062185851235, 177.00120401064567, -38.87236599324145, -26.45029239766097]
SPS=54
Eval at step 836500, survival=4.621%, return=[-1.7029913722071797, 214.50168516318035, -100.14250323042506, -36.000000000000036]
SPS=54
Eval at step 837000, survival=5.895%, return=[-1.8563543108757585, 271.2919431352622, -138.03514151043782, -44.66666666666677]
SPS=54
Eval at step 837500, survival=5.870%, return=[-1.9217281359015033, 266.8600759792333, -164.21166910701626, -52.33333333333372]
SPS=54
Eval at step 838000, survival=4.630%, return=[-1.6353330205311067, 213.10734151363386, -53.194163118486664, -34.426900584795476]
SPS=54
Eval at step 838500, survival=5.163%, return=[-2.032344110387688, 234.7936917209629, -129.43842862140932, -41.081871345029555]
SPS=54
Eval at step 839000, survival=4.940%, return=[-1.6468143239229296, 232.85555445035322, -83.01270210491202, -41.14035087719328]
SPS=54
Eval at step 839500, survival=5.262%, return=[-1.6847793799242936, 243.07792382081382, -95.41098921210748, -41.59064327485412]
SPS=54
Eval at step 840000, survival=7.064%, return=[-1.9442072694073431, 333.9864811388652, -40.82996678657946, -54.66666666666715]
SPS=54
Eval at step 840500, survival=1.281%, return=[-1.1600568934615392, 61.6045791784922, -7.270889496209293, -8.701754385964911]
SPS=54
Eval at step 841000, survival=7.201%, return=[-1.987427643480866, 333.04053946177197, -116.94431233598152, -52.46783625731033]
SPS=54
Eval at step 841500, survival=4.977%, return=[-1.7873358490954463, 233.0397338040672, -16.879364046428236, -27.672514619883174]
SPS=54
Eval at step 842000, survival=6.556%, return=[-2.1263140556402504, 295.696754779816, -104.26398807631267, -41.65497076023402]
SPS=54
Eval at step 842500, survival=4.059%, return=[-1.5852372545632534, 184.96034576416022, -74.32936527533457, -31.0]
SPS=54
Eval at step 843000, survival=7.750%, return=[-2.2040529252456813, 349.3986145464587, -199.76844647804197, -53.13450292397716]
SPS=54
Eval at step 843500, survival=4.010%, return=[-1.63359898008639, 197.1489947160085, -12.185943259285219, -24.812865497076086]
SPS=54
Eval at step 844000, survival=4.138%, return=[-1.5218453858202945, 199.0145142777761, -10.71415736853489, -33.538011695906505]
SPS=54
Eval at step 844500, survival=7.341%, return=[-1.9823899001348764, 337.7965388107302, -109.65210732125281, -56.52631578947427]
SPS=54
Eval at step 845000, survival=5.316%, return=[-1.7345339217960525, 242.1408536752066, -101.56341810816473, -39.84795321637466]
SPS=54
Eval at step 845500, survival=3.117%, return=[-1.3446727519622073, 148.9251384830476, -67.69860967899149, -25.070175438596532]
SPS=54
Eval at step 846000, survival=5.841%, return=[-1.9738667086542894, 274.92969048817963, -72.05047533983209, -37.1871345029241]
SPS=54
Eval at step 846500, survival=2.046%, return=[-1.260923919073927, 98.32480875651042, -6.657039027450082, -15.099415204678342]
SPS=54
Eval at step 847000, survival=5.101%, return=[-1.6897955010645092, 234.79327489852918, -119.04671595275674, -36.84795321637459]
SPS=54
Eval at step 847500, survival=8.821%, return=[-2.3546384122455493, 408.7401593828197, -48.65290467772138, -71.84795321637523]
SPS=54
Eval at step 848000, survival=2.819%, return=[-1.402864918326183, 134.26189284642558, -51.24825626014111, -25.83040935672517]
SPS=54
Eval at step 848500, survival=9.578%, return=[-2.4000157069725296, 440.944760020574, -163.16424668343583, -69.438596491229]
SPS=54
Eval at step 849000, survival=3.377%, return=[-1.4414406110687803, 159.7337490304311, -12.712167973790201, -25.438596491228157]
SPS=54
Eval at step 849500, survival=2.369%, return=[-1.3014975442007806, 116.14771559397376, -7.866589275091731, -17.4970760233918]
SPS=54
Eval at step 850000, survival=6.655%, return=[-2.0163594422047026, 318.45597189744336, -47.211312550886454, -40.608187134503204]
SPS=54
Eval at step 850500, survival=3.745%, return=[-1.4880834716993074, 184.2406663862865, -13.73111680252623, -20.111111111111065]
SPS=54
Eval at step 851000, survival=5.601%, return=[-1.8025670292942475, 263.8985103432338, -46.164781263801466, -45.11111111111134]
SPS=54
Eval at step 851500, survival=3.964%, return=[-1.5297349852820237, 190.45361335754396, -28.117209219606593, -20.92982456140358]
SPS=54
Eval at step 852000, survival=7.271%, return=[-2.1359831142472103, 328.0310788504279, -158.41631927596367, -55.233918128655866]
SPS=55
Eval at step 852500, survival=4.865%, return=[-1.8099874202744104, 227.46084571520487, -22.75806212698808, -23.350877192982484]
SPS=55
Eval at step 853000, survival=4.175%, return=[-1.5656423044856638, 193.51618963559494, -36.87095470544531, -32.725146198830636]
SPS=55
Eval at step 853500, survival=7.449%, return=[-2.2062987013487145, 352.09412784337974, -35.8212214470938, -44.66081871345057]
SPS=55
Eval at step 854000, survival=2.856%, return=[-1.4638091591380846, 135.05811971028658, -33.26538040145533, -18.567251461988374]
SPS=55
Eval at step 854500, survival=6.147%, return=[-1.9487241297028959, 277.37823410034196, -41.43717063180035, -44.79532163742738]
SPS=55
Eval at step 855000, survival=6.605%, return=[-1.926596302636123, 308.24914101600683, -113.15304692840436, -47.04678362573133]
SPS=55
Eval at step 855500, survival=3.406%, return=[-1.4288644724874757, 160.31512501875554, -12.219644601655697, -24.450292397660792]
SPS=55
Eval at step 856000, survival=4.613%, return=[-1.6068697196315043, 219.50219392299667, -73.61685160004708, -34.818713450292385]
SPS=55
Eval at step 856500, survival=2.472%, return=[-1.3932309176307172, 115.13686275005331, -21.372564062854508, -15.543859649122801]
SPS=55
Eval at step 857000, survival=3.137%, return=[-1.503435611744256, 141.68432280222586, -17.169029538636096, -20.210526315789576]
SPS=55
Eval at step 857500, survival=5.035%, return=[-1.8136540546353597, 243.88105392138172, -31.438429318044655, -37.7660818713449]
SPS=55
Eval at step 858000, survival=7.589%, return=[-2.195872444892302, 344.27865179379825, -171.90764199617115, -45.98830409356743]
SPS=55
Eval at step 858500, survival=7.403%, return=[-2.281656591047067, 341.8731440194449, -121.12830311526584, -42.26315789473711]
SPS=55
Eval at step 859000, survival=4.700%, return=[-1.7314789961092174, 215.85068768183376, -22.878489190848388, -28.760233918128964]
SPS=55
Eval at step 859500, survival=8.561%, return=[-2.2760158925666474, 398.080312401454, -156.66331207564994, -52.684210526316036]
SPS=55
Eval at step 860000, survival=5.870%, return=[-1.8676759192409615, 286.04790573438004, -11.41429604162598, -38.66081871345051]
SPS=55
Eval at step 860500, survival=9.098%, return=[-2.4124125949650383, 437.1937593491873, -44.57061237876284, -59.128654970760884]
SPS=55
Eval at step 861000, survival=5.403%, return=[-1.7001077064778656, 258.942394247055, -51.318523395949036, -40.65497076023399]
SPS=55
Eval at step 861500, survival=8.755%, return=[-2.2159432671226873, 413.22527023633324, -35.96622598413766, -60.526315789474275]
SPS=55
Eval at step 862000, survival=4.481%, return=[-1.6716906317742541, 206.84876168727905, -64.80370804815902, -30.561403508771992]
SPS=55
Eval at step 862500, survival=6.192%, return=[-1.7887483095400967, 294.8935290463769, -151.88659032369227, -43.01754385964918]
SPS=55
Eval at step 863000, survival=6.010%, return=[-1.9024762081486795, 276.5733082771302, -133.53387165265545, -41.45614035087752]
SPS=55
Eval at step 863500, survival=2.951%, return=[-1.395995222167888, 141.96512722174327, -7.451763097592145, -17.97660818713449]
SPS=55
Eval at step 864000, survival=4.869%, return=[-1.8367323649969574, 230.38108708540588, -31.270989792630036, -27.894736842105285]
SPS=55
Eval at step 864500, survival=5.047%, return=[-1.8457542168713796, 233.48056556860638, -92.11696101225, -29.16959064327499]
SPS=55
Eval at step 865000, survival=5.601%, return=[-1.843448899531116, 256.6428535286588, -80.10897749627718, -40.327485380117174]
SPS=55
Eval at step 865500, survival=4.030%, return=[-1.624574020136303, 189.140556348165, -45.304526527978545, -26.654970760233866]
SPS=55
Eval at step 866000, survival=4.977%, return=[-1.865584015341786, 224.4662339750928, -87.74649126296087, -39.87134502924019]
SPS=55
Eval at step 866500, survival=3.584%, return=[-1.5278591536722768, 176.50057990074154, -10.606597075529862, -19.71929824561403]
SPS=55
Eval at step 867000, survival=7.106%, return=[-2.0222597010433674, 329.53538567860943, -98.42021716446227, -46.695906432748664]
SPS=55
Eval at step 867500, survival=4.167%, return=[-1.571032269159332, 200.95909761985138, -12.796849820286903, -28.157894736842024]
SPS=55
Eval at step 868000, survival=6.895%, return=[-1.9885644107319724, 332.1872897402447, -55.96369999633074, -35.59064327485396]
SPS=55
Eval at step 868500, survival=5.952%, return=[-1.825237937970087, 288.98214426040664, -39.95980733303198, -33.859649122807134]
SPS=55
Eval at step 869000, survival=4.725%, return=[-1.6559684680541977, 232.87907157262177, -35.34720990763284, -27.32163742690047]
SPS=55
Eval at step 869500, survival=4.406%, return=[-1.7347560077517603, 212.29331041018153, -16.506144231224123, -24.660818713450414]
SPS=55
Eval at step 870000, survival=6.676%, return=[-1.9610620032569084, 308.6870494143172, -171.7954588518381, -49.573099415204744]
SPS=55
Eval at step 870500, survival=3.208%, return=[-1.4902735623763874, 152.60868943532307, -56.517479676840594, -19.397660818713437]
SPS=55
Eval at step 871000, survival=3.848%, return=[-1.7412259466946125, 169.93595599810314, -79.03690692091793, -27.263157894736935]
SPS=55
Eval at step 871500, survival=3.770%, return=[-1.5278684650547802, 174.8058594640096, -8.717748506930851, -25.52046783625728]
SPS=55
Eval at step 872000, survival=7.680%, return=[-2.1816267858763845, 365.13835189660404, -51.22246616185779, -43.619883040935946]
SPS=55
Eval at step 872500, survival=3.770%, return=[-1.5156400886674721, 183.01386094411214, -17.118083993280987, -24.859649122807053]
SPS=55
Eval at step 873000, survival=2.187%, return=[-1.3068983796595905, 103.93905591964716, -6.878003235382494, -15.859649122807028]
SPS=55
Eval at step 873500, survival=6.684%, return=[-2.049855340505019, 310.0959750811264, -173.51156893060156, -42.906432748538144]
SPS=55
Eval at step 874000, survival=6.556%, return=[-1.9829853694730748, 305.84417707284325, -155.98584927165453, -52.947368421052715]
SPS=55
Eval at step 874500, survival=3.356%, return=[-1.5084848370558273, 162.94205675125136, -70.76640548950915, -20.08187134502919]
SPS=55
Eval at step 875000, survival=2.790%, return=[-1.4064409678491454, 131.52101287841796, -30.28837901703082, -19.198830409356802]
SPS=55
Eval at step 875500, survival=3.443%, return=[-1.522973913544168, 158.4747276703519, -61.42268825814244, -17.239766081871295]
SPS=55
Eval at step 876000, survival=3.848%, return=[-1.5913204427342862, 178.96609401067124, -60.846311244289005, -21.87134502923981]
SPS=55
Eval at step 876500, survival=3.786%, return=[-1.490440443798434, 173.83499835332267, -122.32281019193276, -50.26315789473693]
SPS=55
Eval at step 877000, survival=8.986%, return=[-2.214559730996067, 414.0252315839132, -101.44945261205915, -92.62573099415317]
SPS=55
Eval at step 877500, survival=4.861%, return=[-1.710417459117404, 227.5767089573541, -22.294054022917408, -30.356725146198723]
SPS=55
Eval at step 878000, survival=6.465%, return=[-2.0568599969071024, 296.8391300694148, -39.97792542318143, -38.374269005848454]
SPS=55
Eval at step 878500, survival=5.192%, return=[-1.7294161715350735, 243.3192444086076, -21.514495300594717, -35.134502923976946]
SPS=55
Eval at step 879000, survival=2.083%, return=[-1.271905225313579, 97.54337356885266, -6.388275216411178, -15.00584795321634]
SPS=55
Eval at step 879500, survival=5.336%, return=[-1.9283134661382064, 257.70891065279653, -37.86054651137965, -29.80701754385957]
SPS=55
Eval at step 880000, survival=3.712%, return=[-1.5731008416623808, 177.61453727245336, -16.5505645096661, -21.853801169590625]
SPS=55
Eval at step 880500, survival=1.645%, return=[-1.218983653234318, 76.70016911347705, -7.318051957937617, -13.830409356725141]
SPS=55
Eval at step 881000, survival=4.439%, return=[-1.7149383378370355, 213.36144241650888, -20.29385804053163, -22.146198830409418]
SPS=55
Eval at step 881500, survival=2.187%, return=[-1.2555677510875587, 108.66094446182252, -8.291318926188978, -14.122807017543854]
SPS=55
Eval at step 882000, survival=3.493%, return=[-1.5904233619027461, 163.65847484906507, -16.121351193492348, -21.029239766081975]
SPS=55
Eval at step 882500, survival=4.729%, return=[-1.7533327489703272, 230.26449435075128, -17.088704505814047, -21.84210526315788]
SPS=55
Eval at step 883000, survival=8.585%, return=[-2.6128955708506205, 397.67835644404107, -98.44588938301119, -52.22807017543922]
SPS=55
Eval at step 883500, survival=5.903%, return=[-1.9884985605021939, 280.63533294518766, -20.90953621902736, -25.374269005847978]
SPS=56
Eval at step 884000, survival=5.274%, return=[-1.8188727351177174, 253.35702823003126, -19.039298346450476, -23.39181286549702]
SPS=56
Eval at step 884500, survival=3.323%, return=[-1.4948596524773166, 154.31398349444063, -15.677702009057006, -23.959064327485507]
SPS=56
Eval at step 885000, survival=8.486%, return=[-2.340365126845427, 391.6025583918884, -131.2227580514688, -54.04093567251504]
SPS=56
Eval at step 885500, survival=4.671%, return=[-1.7094867567842205, 219.16294891675344, -71.48565249996803, -30.80701754385969]
SPS=56
Eval at step 886000, survival=5.398%, return=[-1.876780407988311, 253.06635105927774, -22.514968755373655, -28.23391812865494]
SPS=56
Eval at step 886500, survival=6.076%, return=[-1.9528794832100782, 286.78672168890665, -89.53475722265041, -37.654970760234136]
SPS=56
Eval at step 887000, survival=5.998%, return=[-1.886686923118153, 279.8954064973197, -128.25864210999194, -40.935672514619974]
SPS=56
Eval at step 887500, survival=11.227%, return=[-2.705700450014168, 516.9827643680561, -176.5744092015084, -81.52631578947492]
SPS=56
Eval at step 888000, survival=1.075%, return=[-1.1220871435749966, 51.091290651957195, -8.847663977299817, -6.824561403508773]
SPS=56
Eval at step 888500, survival=3.675%, return=[-1.5080386561069947, 174.2725630060835, -60.71125325600345, -21.198830409356763]
SPS=56
Eval at step 889000, survival=4.477%, return=[-1.6909222877584398, 210.36336171309173, -84.91055827192031, -29.040935672514635]
SPS=56
Eval at step 889500, survival=6.506%, return=[-2.0025638302710527, 311.8899030176799, -19.574943911983308, -35.59649122807024]
SPS=56
Eval at step 890000, survival=5.208%, return=[-1.867268343960556, 242.86082597891505, -31.839015229197685, -33.60818713450288]
SPS=56
Eval at step 890500, survival=6.316%, return=[-1.9714281286966677, 290.1003208017349, -80.04234534880622, -43.26900584795356]
SPS=56
Eval at step 891000, survival=5.415%, return=[-1.7506486294247832, 258.3062916946414, -92.58559099253883, -44.58479532163748]
SPS=56
Eval at step 891500, survival=4.014%, return=[-1.578358625585679, 189.69878115336124, -94.05270842163979, -29.035087719298293]
SPS=56
Eval at step 892000, survival=6.564%, return=[-2.154135309140353, 308.99534261385617, -52.60917929950241, -43.30409356725138]
SPS=56
Eval at step 892500, survival=5.853%, return=[-1.9443557049962692, 274.6344845294952, -22.790340590290725, -30.36842105263177]
SPS=56
Eval at step 893000, survival=5.031%, return=[-1.7835121689519535, 239.483249092102, -16.684356695526123, -30.169590643274876]
SPS=56
Eval at step 893500, survival=10.888%, return=[-2.830874820569685, 502.4140398470559, -33.49874138979309, -64.35087719298302]
SPS=56
Eval at step 894000, survival=10.103%, return=[-2.8665558608675688, 471.490862607956, -67.90904034637303, -55.41520467836309]
SPS=56
Eval at step 894500, survival=2.546%, return=[-1.3551851429898913, 122.57937583128614, -9.810386012861272, -14.467836257309926]
SPS=56
Eval at step 895000, survival=7.221%, return=[-2.2514832108281553, 342.5813070360821, -33.21867060649947, -32.678362573099534]
SPS=56
Eval at step 895500, survival=3.902%, return=[-1.5768617262947373, 186.2983662605286, -15.817477917905004, -24.292397660818867]
SPS=56
Eval at step 896000, survival=2.063%, return=[-1.2522906388815802, 97.35993478775045, -37.093530021755214, -22.508771929824466]
SPS=56
Eval at step 896500, survival=5.175%, return=[-1.7595128261018544, 246.33843997160602, -107.2125303070449, -34.87719298245621]
SPS=56
Eval at step 897000, survival=4.766%, return=[-1.8026969940789666, 220.52764909903226, -81.53319267302989, -43.46783625731012]
SPS=56
Eval at step 897500, survival=8.271%, return=[-2.312157173155962, 387.2651968479161, -43.06510262306983, -45.91812865497107]
SPS=56
Eval at step 898000, survival=3.055%, return=[-1.3287048732939486, 150.61846515655517, -6.891781729200981, -22.16959064327486]
SPS=56
Eval at step 898500, survival=8.209%, return=[-2.147079428153423, 371.34416591326453, -195.75011974369895, -61.74269005848024]
SPS=56
Eval at step 899000, survival=6.010%, return=[-1.8534997124030876, 290.465504948298, -23.5450591318413, -34.74269005847959]
SPS=56
Eval at step 899500, survival=3.431%, return=[-1.441678336064797, 161.3290942827861, -72.81022261681694, -21.824561403508792]
SPS=56
Eval at step 900000, survival=4.960%, return=[-1.6809596044477075, 231.98340466022512, -81.46831035122159, -42.54385964912279]
SPS=56
Eval at step 900500, survival=6.779%, return=[-2.0659810470727584, 311.07287437915835, -140.81392806318763, -48.09356725146214]
SPS=56
Eval at step 901000, survival=4.005%, return=[-1.6244566893049825, 178.85522839864117, -158.60307142029828, -27.502923976608173]
SPS=56
Eval at step 901500, survival=3.638%, return=[-1.4590833937594045, 169.31489260037762, -98.83675445581139, -38.01754385964909]
SPS=56
Eval at step 902000, survival=2.819%, return=[-1.4574768965054925, 132.61678760210683, -21.365723017894197, -12.959064327485384]
SPS=56
Eval at step 902500, survival=3.303%, return=[-1.578327585128136, 153.78021542231238, -80.20746346386538, -21.602339181286627]
SPS=56
Eval at step 903000, survival=7.122%, return=[-2.32583192406067, 332.43826292355885, -82.72206204834704, -53.78947368421069]
SPS=56
Eval at step 903500, survival=5.514%, return=[-2.0038197224688097, 255.41056536197664, -45.46913024212821, -32.32163742690082]
SPS=56
Eval at step 904000, survival=4.092%, return=[-1.6666671370427746, 193.5682355403902, -41.498299874869794, -21.479532163742658]
SPS=56
Eval at step 904500, survival=6.713%, return=[-2.1327862550194063, 311.8890648587546, -51.19959090201822, -38.30994152046815]
SPS=56
Eval at step 905000, survival=8.065%, return=[-2.328550692065619, 376.6249224209782, -38.56264780185484, -43.63157894736869]
SPS=56
Eval at step 905500, survival=6.374%, return=[-1.9950562732216592, 300.39895335197434, -28.276416761461103, -33.09941520467857]
SPS=56
Eval at step 906000, survival=4.332%, return=[-1.7167889035772532, 202.3150604724883, -24.64901765381607, -24.923976608187093]
SPS=56
Eval at step 906500, survival=5.622%, return=[-2.0169260791735724, 258.76254795710287, -84.53134319813155, -27.8830409356725]
SPS=56
Eval at step 907000, survival=7.184%, return=[-2.220955937014272, 338.553789933523, -80.87412189939157, -38.380116959064466]
SPS=56
Eval at step 907500, survival=3.328%, return=[-1.4606468649969127, 152.90447879632322, -38.50679025106729, -23.526315789473912]
SPS=56
Eval at step 908000, survival=8.275%, return=[-2.2868708206418282, 371.9308580366774, -128.39815527127212, -56.649122807018195]
SPS=56
Eval at step 908500, survival=2.257%, return=[-1.3078589651267976, 106.19695049921671, -8.821206441498362, -16.368421052631614]
SPS=56
Eval at step 909000, survival=1.521%, return=[-1.2374427695176564, 71.46783504168197, -9.597900237577656, -8.561403508771916]
SPS=56
Eval at step 909500, survival=0.616%, return=[-1.0646434077061713, 29.583051242828372, -6.458479413335833, -5.888888888888885]
SPS=56
Eval at step 910000, survival=8.767%, return=[-2.743958212978517, 398.01685895125075, -39.063858175999485, -74.28070175438684]
SPS=56
Eval at step 910500, survival=5.465%, return=[-1.874341489688959, 250.71601238091822, -94.60103073068119, -30.871345029239844]
SPS=56
Eval at step 911000, survival=1.802%, return=[-1.273099762329366, 85.07740567525225, -8.870330414579561, -10.959064327485377]
SPS=56
Eval at step 911500, survival=4.382%, return=[-1.7269594543031417, 204.97537610054007, -21.19312158601436, -26.438596491228214]
SPS=56
Eval at step 912000, survival=3.972%, return=[-1.632833447404361, 184.79700250784558, -19.286114232653443, -21.643274853801287]
SPS=56
Eval at step 912500, survival=0.860%, return=[-1.1350053172015275, 40.64023651281993, -6.437978833942907, -6.584795321637429]
SPS=56
Eval at step 913000, survival=6.035%, return=[-2.0122632874796786, 277.7990116389595, -62.700019568212156, -39.01169590643286]
SPS=56
Eval at step 913500, survival=3.369%, return=[-1.4422659087964955, 161.7800170993805, -35.187306355820816, -23.900584795321663]
SPS=56
Eval at step 914000, survival=2.592%, return=[-1.3297641006841634, 118.79957658767718, -17.073200964764208, -15.152046783625712]
SPS=56
Eval at step 914500, survival=5.084%, return=[-2.0864450349860513, 231.84933626810735, -46.80160752493248, -34.05263157894767]
SPS=56
Eval at step 915000, survival=6.866%, return=[-1.9035954395270285, 320.0786192607881, -43.264473775549654, -53.98830409356774]
SPS=56
Eval at step 915500, survival=5.837%, return=[-1.8577145587769337, 278.50568483352686, -63.070522109691716, -37.63157894736859]
SPS=56
Eval at step 916000, survival=0.777%, return=[-1.0955762781280403, 36.218030133247375, -13.015502593838997, -9.725146198830403]
SPS=56
Eval at step 916500, survival=3.807%, return=[-1.5372491020243615, 187.19939862569177, -13.988442842227718, -23.198830409356873]
SPS=57
Eval at step 917000, survival=4.460%, return=[-1.65243461188705, 212.8257510280608, -13.772552306162348, -28.4736842105264]
SPS=57
Eval at step 917500, survival=8.300%, return=[-2.308737605131076, 388.97516443888367, -50.29693767515224, -49.85964912280743]
SPS=57
Eval at step 918000, survival=2.017%, return=[-1.2347373312804848, 93.04769114494327, -11.230985336306427, -21.66666666666654]
SPS=57
Eval at step 918500, survival=4.196%, return=[-1.5973653805752595, 196.30583925247197, -36.55153664853424, -28.397660818713703]
SPS=57
Eval at step 919000, survival=7.300%, return=[-2.1840353154499703, 342.9250970109304, -26.689501453598496, -52.42690058479551]
SPS=57
Eval at step 919500, survival=7.490%, return=[-2.231533235307628, 352.3384550340968, -61.17637291456291, -40.81286549707646]
SPS=57
Eval at step 920000, survival=7.453%, return=[-2.106633673480246, 349.19255615393337, -52.99194069622657, -53.84210526315849]
SPS=57
Eval at step 920500, survival=3.671%, return=[-1.534783562781134, 178.84354320526117, -15.62580856121834, -16.064327485380087]
SPS=57
Eval at step 921000, survival=6.647%, return=[-2.180246152643425, 302.72995536168446, -134.88951944786882, -51.84795321637473]
SPS=57
Eval at step 921500, survival=6.337%, return=[-1.9977542114017222, 296.86931927363105, -52.0461480291342, -35.549707602339396]
SPS=57
Eval at step 922000, survival=2.464%, return=[-1.2933472841784048, 118.51863771756503, -34.60603745173042, -25.28070175438589]
SPS=57
Eval at step 922500, survival=5.576%, return=[-1.8371725702891126, 269.40391315142296, -17.77901006321311, -29.912280701754497]
SPS=57
Eval at step 923000, survival=3.671%, return=[-1.5239370346534997, 183.87429443359372, -11.023613317824735, -23.95906432748532]
SPS=57
Eval at step 923500, survival=3.733%, return=[-1.5545245430936727, 185.12583637237537, -9.09747910258981, -19.561403508771978]
SPS=57
Eval at step 924000, survival=1.881%, return=[-1.3103739883517846, 91.082974653244, -11.538963717757724, -13.461988304093532]
SPS=57
Eval at step 924500, survival=0.562%, return=[-1.0849703918211162, 25.546423810323077, -7.683810249902308, -3.801169590643275]
SPS=57
Eval at step 925000, survival=3.315%, return=[-1.5156435169434797, 163.3136775461832, -7.795856745564379, -26.62573099415233]
SPS=57
Eval at step 925500, survival=5.196%, return=[-1.8510756937321275, 248.6423777516683, -18.38708437125509, -25.532163742690184]
SPS=57
Eval at step 926000, survival=5.117%, return=[-1.7503004196914844, 237.75208741505958, -48.09474219417704, -31.877192982456435]
SPS=57
Eval at step 926500, survival=3.142%, return=[-1.4432281571789645, 153.47415283521016, -13.021623067853701, -18.561403508771907]
SPS=57
Eval at step 927000, survival=4.816%, return=[-1.7501428923763644, 232.47017119248724, -16.12927105333074, -27.29239766081878]
SPS=57
Eval at step 927500, survival=3.745%, return=[-1.5729040265044507, 181.36015676498405, -13.007058183184805, -19.450292397660977]
SPS=57
Eval at step 928000, survival=1.893%, return=[-1.264045188727323, 91.97482608477281, -6.634086580505634, -13.105263157894775]
SPS=57
Eval at step 928500, survival=5.241%, return=[-1.7584501567374293, 248.15502545118338, -40.398708690636944, -31.871345029239865]
SPS=57
Eval at step 929000, survival=4.514%, return=[-1.6084796760890943, 212.07365404923766, -42.05616430853843, -27.894736842105377]
SPS=57
Eval at step 929500, survival=7.114%, return=[-2.1218932907407484, 333.0741802867255, -70.70764621372898, -42.60233918128693]
SPS=57
Eval at step 930000, survival=4.291%, return=[-1.695035153068602, 199.6350107924145, -59.39730980262781, -22.76023391812862]
SPS=57
Eval at step 930500, survival=3.931%, return=[-1.4961223982584972, 185.41118603070603, -94.42520589515334, -26.409356725146214]
SPS=57
Eval at step 931000, survival=6.481%, return=[-1.9241319571738131, 292.3734040991467, -225.09378945289305, -47.6432748538015]
SPS=57
Eval at step 931500, survival=3.675%, return=[-1.4827110281330533, 169.214796702067, -61.25380552591135, -36.18128654970747]
SPS=57
Eval at step 932000, survival=3.923%, return=[-1.6882462916740526, 183.62931584040328, -29.244101480944664, -26.50292397660807]
SPS=57
Eval at step 932500, survival=9.598%, return=[-2.4895646816391186, 455.48899342219056, -58.38716907603339, -39.22807017543885]
SPS=57
Eval at step 933000, survival=6.940%, return=[-2.252744626447869, 313.1872535546624, -95.20304424286824, -46.42690058479576]
SPS=57
Eval at step 933500, survival=4.171%, return=[-1.6007244668823357, 192.83483961900097, -63.6162378910764, -40.24561403508767]
SPS=57
Eval at step 934000, survival=6.572%, return=[-2.090382946499934, 306.8671888510385, -120.66608846282013, -49.982456140351076]
SPS=57
Eval at step 934500, survival=4.952%, return=[-1.545018834430569, 231.93933760643017, -132.07641432630285, -42.26900584795333]
SPS=57
Eval at step 935000, survival=5.812%, return=[-1.8868307622421223, 277.39242861906695, -46.02414824447866, -38.32163742690076]
SPS=57
Eval at step 935500, survival=5.907%, return=[-1.9116110997080493, 282.38271382967633, -51.122376295364425, -42.19298245614045]
SPS=57
Eval at step 936000, survival=5.733%, return=[-1.8622426811489277, 264.53135254859956, -112.65491315905213, -49.05847953216378]
SPS=57
Eval at step 936500, survival=7.610%, return=[-2.1891228247744343, 338.0865167474753, -184.01941811047922, -55.690058479533]
SPS=57
Eval at step 937000, survival=4.907%, return=[-1.7143656291882508, 233.58234351317105, -23.710572854363516, -39.707602339181456]
SPS=57
Eval at step 937500, survival=3.592%, return=[-1.4480932162841782, 167.4114717006684, -7.1414508422506815, -32.10526315789473]
SPS=57
Eval at step 938000, survival=4.518%, return=[-1.6013227588070247, 209.44890923182172, -33.63791087391049, -35.65497076023404]
SPS=57
Eval at step 938500, survival=3.745%, return=[-1.5335072897529851, 177.76116855621365, -56.30907044866277, -31.46783625731021]
SPS=57
Eval at step 939000, survival=5.514%, return=[-1.839850428669403, 260.0532747713725, -14.560968878732334, -35.69590643274867]
SPS=57
Eval at step 939500, survival=4.845%, return=[-1.7220240744451683, 224.5164392725627, -18.19076723435046, -35.20467836257303]
SPS=57
Eval at step 940000, survival=3.390%, return=[-1.3536785963030222, 162.15830480257665, -14.435407484357711, -28.725146198830462]
SPS=57
Eval at step 940500, survival=7.159%, return=[-1.9899125017691404, 331.375525725683, -129.56698463959947, -54.508771929824945]
SPS=57
Eval at step 941000, survival=4.857%, return=[-1.714341266003127, 226.05910568714128, -72.96811574478245, -38.54385964912309]
SPS=57
Eval at step 941500, survival=3.373%, return=[-1.4892853909016897, 154.1268957360585, -58.9547003187084, -26.56140350877203]
SPS=57
Eval at step 942000, survival=4.175%, return=[-1.5337421302683651, 202.34628605365768, -76.09812266413549, -51.35087719298232]
SPS=57
Eval at step 942500, survival=6.634%, return=[-2.0747701243963093, 316.28962357838947, -20.285167103400454, -46.368421052631895]
SPS=57
Eval at step 943000, survival=6.320%, return=[-1.8383641578645136, 296.5857343228659, -111.21322326335212, -46.76608187134551]
SPS=57
Eval at step 943500, survival=5.212%, return=[-1.7457805933857646, 247.43219777107234, -37.96090712452618, -29.853801169590707]
SPS=57
Eval at step 944000, survival=4.518%, return=[-1.6107055477332324, 216.16012774308533, -36.11176657641348, -30.00584795321645]
SPS=57
Eval at step 944500, survival=2.079%, return=[-1.2447830273304135, 94.30788137276971, -67.42105327963054, -17.029239766081883]
SPS=57
Eval at step 945000, survival=6.601%, return=[-1.9968605092144571, 302.8240513881055, -111.29188410989688, -44.05263157894782]
SPS=57
Eval at step 945500, survival=6.105%, return=[-1.7501831263847027, 289.27673342863756, -131.75395676743938, -56.473684210526294]
SPS=57
Eval at step 946000, survival=5.258%, return=[-1.7803693867754191, 252.10517025311796, -89.01486355238012, -41.807017543859466]
SPS=57
Eval at step 946500, survival=7.684%, return=[-2.035798440609748, 358.71482026736004, -246.44997059386515, -56.97076023391869]
SPS=57
Eval at step 947000, survival=5.506%, return=[-1.843295183905866, 265.7235515753427, -16.056233869315292, -37.02923976608193]
SPS=57
Eval at step 947500, survival=7.155%, return=[-2.132091369984361, 340.34004387696575, -64.38185602182178, -39.935672514620315]
SPS=57
Eval at step 948000, survival=5.039%, return=[-1.7677293451076064, 237.65888708750444, -69.18081078866574, -29.707602339181303]
SPS=57
Eval at step 948500, survival=7.498%, return=[-2.1409780451795086, 356.15884924888627, -47.36339040005502, -46.63742690058521]
SPS=57
Eval at step 949000, survival=5.440%, return=[-1.953125939394037, 259.57110323905925, -25.505205031329144, -34.4327485380119]
SPS=57
Eval at step 949500, survival=4.700%, return=[-1.7949276563789074, 215.7105654128393, -46.19189413102625, -24.707602339181335]
SPS=57
Eval at step 950000, survival=8.441%, return=[-2.361016810289584, 385.92891754468275, -152.7700762939215, -52.95321637426974]
SPS=57
Eval at step 950500, survival=5.225%, return=[-1.8039351813107107, 240.7757173776628, -65.54711955157109, -36.883040935672774]
SPS=58
Eval at step 951000, survival=8.619%, return=[-2.2501508574544764, 403.9748225053156, -162.55221162423064, -56.91812865497143]
SPS=58
Eval at step 951500, survival=7.928%, return=[-2.011572894989513, 372.9882932758337, -157.37765714917623, -55.49122807017593]
SPS=58
Eval at step 952000, survival=5.312%, return=[-1.7446621742565185, 252.6623830986026, -100.05905336194944, -36.34502923976615]
SPS=58
Eval at step 952500, survival=4.621%, return=[-1.5510612572543323, 212.03321026961035, -146.10266187705565, -38.666666666666785]
SPS=58
Eval at step 953000, survival=6.134%, return=[-1.8155146150190073, 282.11172873179135, -159.0181109032419, -44.859649122807234]
SPS=58
Eval at step 953500, survival=5.328%, return=[-1.6914750313735567, 246.75059381961842, -159.3477774313651, -47.333333333333286]
SPS=58
Eval at step 954000, survival=3.981%, return=[-1.5561763065052219, 192.76577270825695, -9.544517271511722, -25.60233918128654]
SPS=58
Eval at step 954500, survival=4.365%, return=[-1.567753654710638, 210.9437894185384, -48.4204629281982, -28.64327485380116]
SPS=58
Eval at step 955000, survival=6.006%, return=[-1.7882575542510797, 280.6594889481865, -104.95066604639094, -39.976608187134595]
SPS=58
Eval at step 955500, survival=7.192%, return=[-2.1207694710853198, 340.510549367269, -75.26297089018044, -38.90058479532185]
SPS=58
Eval at step 956000, survival=4.200%, return=[-1.6772856836129602, 189.50387031873103, -155.67611300188582, -31.052631578947487]
SPS=58
Eval at step 956500, survival=5.952%, return=[-1.8204794524353929, 276.7796359443668, -157.29088959940904, -43.30994152046799]
SPS=58
Eval at step 957000, survival=6.618%, return=[-1.8464554694170754, 303.4400267616909, -203.15972596299252, -47.801169590643646]
SPS=58
Eval at step 957500, survival=6.812%, return=[-2.064694218628574, 325.532899748484, -38.589156017482914, -41.836257309942056]
SPS=58
Eval at step 958000, survival=4.696%, return=[-1.6772940994123928, 220.52923542022734, -92.63424123521933, -34.011695906432976]
SPS=58
Eval at step 958500, survival=7.482%, return=[-2.0116624197689816, 350.2858289432529, -181.9363954210421, -51.403508771930234]
SPS=58
Eval at step 959000, survival=8.441%, return=[-2.2201726197187477, 398.2351759004596, -119.36271947786129, -62.56140350877265]
SPS=58
Eval at step 959500, survival=3.865%, return=[-1.4811667172471061, 184.19642151355757, -35.55574253380231, -28.456140350877188]
SPS=58
Eval at step 960000, survival=3.538%, return=[-1.475065547740087, 169.44283281644192, -31.849322967871558, -22.070175438596397]
SPS=58
Eval at step 960500, survival=5.328%, return=[-1.7845374810276553, 248.631822802226, -81.4664589822296, -36.982456140350784]
SPS=58
Eval at step 961000, survival=5.477%, return=[-1.6876392969667602, 261.3230330371859, -71.1619468994965, -44.93567251462]
SPS=58
Eval at step 961500, survival=4.501%, return=[-1.5488157163296516, 208.8686846446992, -63.73653375840513, -36.43859649122834]
SPS=58
Eval at step 962000, survival=4.220%, return=[-1.5402387221693061, 203.20884669144962, -42.89475121765281, -24.964912280701792]
SPS=58
Eval at step 962500, survival=2.389%, return=[-1.3093151880893856, 116.44497451305381, -9.88390565306569, -15.91812865497082]
SPS=58
Eval at step 963000, survival=3.993%, return=[-1.5269165167119354, 199.2419618940354, -42.05098782257119, -32.6374269005848]
SPS=58
Eval at step 963500, survival=4.282%, return=[-1.6009187840002899, 201.4762804683052, -89.66254082329881, -29.532163742690084]
SPS=58
Eval at step 964000, survival=7.246%, return=[-2.0812659284565598, 344.42352625846905, -85.32950330741976, -52.742690058479944]
SPS=58
Eval at step 964500, survival=5.597%, return=[-1.7470824347692542, 264.9919200293222, -72.3860072094297, -37.12865497076029]
SPS=58
Eval at step 965000, survival=6.663%, return=[-2.052605391906885, 318.56168151855485, -43.78307382102988, -46.97660818713467]
SPS=58
Eval at step 965500, survival=4.750%, return=[-1.6545771675688836, 223.3043814881646, -62.074742307377164, -32.95321637426912]
SPS=58
Eval at step 966000, survival=4.489%, return=[-1.647404460934922, 207.93499798297896, -61.077105465810746, -29.795321637426948]
SPS=58
Eval at step 966500, survival=6.287%, return=[-2.0063977679237723, 295.2686620235447, -76.80639875639463, -45.05847953216425]
SPS=58
Eval at step 967000, survival=4.543%, return=[-1.679671576207814, 216.78860460599262, -17.213223030688823, -28.350877192982534]
SPS=58
Eval at step 967500, survival=5.837%, return=[-1.862345063612641, 277.70102638244657, -54.590580243995646, -37.21637426900613]
SPS=58
Eval at step 968000, survival=2.703%, return=[-1.3390022670694937, 125.29953115622205, -66.34311759716002, -28.140350877192905]
SPS=58
Eval at step 968500, survival=7.263%, return=[-2.0461063831074475, 342.14138768514016, -113.7369837759082, -53.146198830409645]
SPS=58
Eval at step 969000, survival=5.510%, return=[-1.8348780123051256, 264.2856034167609, -51.7859215150238, -33.538011695906455]
SPS=58
Eval at step 969500, survival=4.840%, return=[-1.7821711824508384, 229.04332621097578, -23.854745625139913, -25.964912280701856]
SPS=58
Eval at step 970000, survival=5.630%, return=[-1.9093805124866776, 269.46045003890987, -26.987966133480466, -33.66666666666679]
SPS=58
Eval at step 970500, survival=7.837%, return=[-2.291702876527173, 366.94892690022795, -68.59530999306298, -46.79532163742718]
SPS=58
Eval at step 971000, survival=9.197%, return=[-2.4519906044976474, 435.19981526056944, -42.33690592083258, -54.88888888888942]
SPS=58
Eval at step 971500, survival=7.569%, return=[-1.9931246362587747, 357.5896606731414, -55.07752343578068, -55.9181286549711]
SPS=58
Eval at step 972000, survival=8.242%, return=[-2.3037382690041945, 378.7961888917292, -72.82630752279692, -56.16374269005914]
SPS=58
Eval at step 972500, survival=5.874%, return=[-1.8562654391668427, 271.9873051643374, -97.65487814461812, -37.71929824561429]
SPS=58
Eval at step 973000, survival=5.543%, return=[-1.8196543748684537, 271.30216187159203, -14.197317910079922, -30.713450292397628]
SPS=58
Eval at step 973500, survival=4.117%, return=[-1.5768104575108737, 194.48102481842042, -11.401565018101488, -29.608187134502966]
SPS=58
Eval at step 974000, survival=5.812%, return=[-1.9009462577911715, 276.9043009312949, -39.28409271281756, -33.192982456140584]
SPS=58
Eval at step 974500, survival=5.663%, return=[-1.9153793790416482, 271.2006153869628, -49.74632602127409, -37.49122807017557]
SPS=58
Eval at step 975000, survival=6.233%, return=[-1.85349528384783, 280.8959634908046, -160.39092299780654, -46.67251461988366]
SPS=58
Eval at step 975500, survival=3.840%, return=[-1.579130104704139, 181.0593100929261, -22.082027501407236, -25.514619883041004]
SPS=58
Eval at step 976000, survival=5.762%, return=[-1.7599389999716852, 259.04876991589896, -212.32949542425922, -42.57309941520476]
SPS=58
Eval at step 976500, survival=8.139%, return=[-2.1991218127465495, 373.66774480183966, -183.47886650436763, -53.789473684210954]
SPS=58
Eval at step 977000, survival=6.692%, return=[-1.873997638351284, 310.99847615559946, -180.1302402660755, -44.71345029239789]
SPS=58
Eval at step 977500, survival=6.742%, return=[-2.0074893512840695, 313.58587644577057, -107.76084364839456, -47.23391812865532]
SPS=58
Eval at step 978000, survival=8.470%, return=[-2.165755075887622, 398.55121729215034, -146.35023487433259, -56.26900584795391]
SPS=58
Eval at step 978500, survival=5.837%, return=[-1.8936568611534312, 270.11232535521236, -92.09663769487331, -40.53801169590684]
SPS=58
Eval at step 979000, survival=6.618%, return=[-1.9598323830869049, 309.7023323949181, -71.89231002821664, -45.654970760234185]
SPS=58
Eval at step 979500, survival=6.767%, return=[-1.8984896484568405, 316.9322892506919, -108.5809351678763, -57.05263157894742]
SPS=58
Eval at step 980000, survival=3.142%, return=[-1.4163646526479472, 151.0891145324706, -10.575019244250143, -27.192982456140573]
SPS=58
Eval at step 980500, survival=6.490%, return=[-1.9902569912762071, 308.0120229053498, -34.603732205442306, -39.35087719298257]
SPS=58
Eval at step 981000, survival=6.275%, return=[-1.91197416477371, 292.03708258152005, -32.37637776158923, -40.8187134502925]
SPS=58
Eval at step 981500, survival=5.630%, return=[-1.7417261451676798, 264.6221174399058, -12.139355318620801, -39.450292397660924]
SPS=58
Eval at step 982000, survival=7.726%, return=[-2.11287348678646, 365.59726155757926, -18.96784771628639, -50.35087719298314]
SPS=58
Eval at step 982500, survival=4.320%, return=[-1.5760330417736743, 200.683895711899, -92.02010255785717, -32.18713450292403]
SPS=58
Eval at step 983000, survival=5.155%, return=[-1.6418562442995608, 234.6650725905104, -85.1466822125755, -55.72514619883074]
SPS=58
Eval at step 983500, survival=7.391%, return=[-2.0777285439738384, 346.77978308041924, -101.75462983066488, -45.84795321637463]
SPS=58
Eval at step 984000, survival=5.750%, return=[-1.7558708085368078, 267.9118061733247, -72.41515638033161, -43.192982456140534]
SPS=58
Eval at step 984500, survival=6.601%, return=[-1.9428329550040264, 306.0804782199862, -64.41155952151014, -47.69590643274879]
SPS=58
Eval at step 985000, survival=6.386%, return=[-1.9411881076327215, 303.92316711743683, -21.40204743865858, -41.85380116959082]
SPS=58
Eval at step 985500, survival=6.982%, return=[-2.1487638209558404, 326.62705061276773, -54.75885239207855, -47.77777777777826]
SPS=58
Eval at step 986000, survival=4.179%, return=[-1.6832954870381702, 196.40634547233597, -24.041819699678552, -28.39766081871346]
SPS=58
Eval at step 986500, survival=9.127%, return=[-2.840103949808205, 423.41742977460245, -112.66268906862872, -57.83040935672566]
SPS=58
Eval at step 987000, survival=5.510%, return=[-1.788454506623869, 257.5748531659445, -55.09086467032345, -38.93567251461996]
SPS=58
Eval at step 987500, survival=4.977%, return=[-1.751280922384467, 242.91433753331523, -27.82564970592163, -34.175438596491425]
SPS=58
Eval at step 988000, survival=3.886%, return=[-1.567713068953405, 180.7398818381628, -75.27412369346712, -32.269005847953174]
SPS=58
Eval at step 988500, survival=9.503%, return=[-2.503350668664401, 439.74570485591863, -153.45823145750424, -63.046783625731734]
SPS=58
Eval at step 989000, survival=6.453%, return=[-2.0124949511761465, 299.8160335350038, -44.691478851202795, -53.929824561403755]
SPS=59
Eval at step 989500, survival=4.096%, return=[-1.647289104720888, 201.33182763735454, -19.663463517060944, -26.374269005847946]
SPS=59
Eval at step 990000, survival=4.973%, return=[-1.7730612449425582, 241.35097279866554, -38.238206384320314, -28.47953216374267]
SPS=59
Eval at step 990500, survival=5.365%, return=[-1.8039218998746946, 261.85273329734804, -16.680675903298834, -34.339181286549746]
SPS=59
Eval at step 991000, survival=7.073%, return=[-1.9703494430480835, 338.8816268825534, -89.35760571833573, -53.15789473684262]
SPS=59
Eval at step 991500, survival=5.853%, return=[-1.9194217917392962, 283.1796804078421, -26.8878851085304, -41.30409356725182]
SPS=59
Eval at step 992000, survival=5.965%, return=[-1.984093134388483, 282.66346540768956, -78.42722433120555, -40.62573099415223]
SPS=59
Eval at step 992500, survival=4.948%, return=[-1.7620294408213037, 239.18616360664373, -17.943020385382017, -28.982456140351008]
SPS=59
Eval at step 993000, survival=5.022%, return=[-1.8249242945263784, 241.7961079088847, -18.511982818035374, -29.105263157894896]
SPS=59
Eval at step 993500, survival=5.060%, return=[-1.805507604808857, 244.33257876078275, -38.870258326309944, -32.19298245614036]
SPS=59
Eval at step 994000, survival=7.924%, return=[-2.2221931678747446, 376.7542336622878, -83.99100166395026, -48.824561403509215]
SPS=59
Eval at step 994500, survival=3.133%, return=[-1.3721850839210674, 142.9609236717225, -72.43612931045936, -26.883040935672614]
SPS=59
Eval at step 995000, survival=4.625%, return=[-1.7279445687308908, 224.3724797407788, -79.64839008443475, -29.70175438596505]
SPS=59
Eval at step 995500, survival=6.242%, return=[-1.9574579126589622, 301.6733588091533, -43.072926790565056, -36.473684210526486]
SPS=59
Eval at step 996000, survival=5.279%, return=[-1.758112425392028, 253.97753788312278, -65.22008879712182, -37.052631578947505]
SPS=59
Eval at step 996500, survival=7.085%, return=[-2.142080525906446, 341.3106705156965, -33.01233468607219, -41.15204678362605]
SPS=59
Eval at step 997000, survival=5.675%, return=[-1.975106464078029, 269.28454809824655, -85.57001437537353, -36.16959064327501]
SPS=59
Eval at step 997500, survival=5.527%, return=[-1.7685208379213389, 263.588654227257, -60.371118464790925, -37.748538011695864]
SPS=59
Eval at step 998000, survival=5.357%, return=[-1.6694977501756512, 258.26270675500257, -93.96215169962186, -36.43274853801174]
SPS=59
Eval at step 998500, survival=4.328%, return=[-1.650850656364734, 205.98389250437444, -39.00350248440615, -24.91812865497079]
SPS=59
Eval at step 999000, survival=6.262%, return=[-1.8211273112489532, 297.1769127957027, -59.8779464676154, -48.690058479532546]
SPS=59
Eval at step 999500, survival=4.849%, return=[-1.66919738323971, 235.3507849216461, -18.858918961593492, -39.00000000000012]
SPS=59
Eval at step 1000000, survival=5.076%, return=[-1.7329686508552793, 238.40242667198197, -43.164226048111836, -37.12865497076062]
SPS=59
Eval at step 1000500, survival=5.932%, return=[-1.9411298654740676, 277.6693051131568, -56.24544692043552, -40.426900584795824]
SPS=59
Eval at step 1001000, survival=6.849%, return=[-2.1069814222864807, 321.5547586917878, -120.00149789871891, -53.19883040935721]
SPS=59
Eval at step 1001500, survival=3.724%, return=[-1.5632936557522044, 180.57680161158234, -14.315390652928423, -25.959064327485645]
SPS=59
Eval at step 1002000, survival=4.931%, return=[-1.6096588719907838, 231.81711273829148, -96.97160121145134, -39.92397660818743]
SPS=59
Eval at step 1002500, survival=5.981%, return=[-1.9775823543507915, 291.12753783226043, -40.20213441716138, -42.25730994152074]
SPS=59
Eval at step 1003000, survival=5.506%, return=[-1.793932112166658, 256.876114327113, -84.32602125397291, -41.26315789473692]
SPS=59
Eval at step 1003500, survival=5.485%, return=[-1.8649496803797472, 259.8960290940606, -70.62185968626, -42.45029239766097]
SPS=59
Eval at step 1004000, survival=6.903%, return=[-2.056810993817635, 334.25048093557353, -43.4437620023867, -42.730994152047124]
SPS=59
Eval at step 1004500, survival=5.560%, return=[-1.6958950295423467, 261.71000846703885, -103.15697366509994, -42.74853801169615]
SPS=59
Eval at step 1005000, survival=5.109%, return=[-1.6087192202491376, 241.30606359799722, -84.61227142254938, -44.2923976608187]
SPS=59
Eval at step 1005500, survival=7.800%, return=[-2.041218675013321, 365.01825316588105, -92.18435061688069, -58.37426900584839]
SPS=59
Eval at step 1006000, survival=5.618%, return=[-1.7982166153960861, 273.1911586586634, -14.236070312120319, -40.85964912280726]
SPS=59
Eval at step 1006500, survival=5.919%, return=[-1.9024006792266543, 273.7870992755891, -79.59396147239507, -39.6725146198831]
SPS=59
Eval at step 1007000, survival=5.928%, return=[-1.9150956272690867, 285.1900899537406, -40.83538252355356, -35.567251461988434]
SPS=59
Eval at step 1007500, survival=5.609%, return=[-1.834645051935998, 273.18613300641385, -49.609434555207066, -39.97076023391822]
SPS=59
Eval at step 1008000, survival=7.635%, return=[-2.2033686323169, 356.49119713147473, -73.40877936592248, -52.35087719298293]
SPS=59
Eval at step 1008500, survival=4.419%, return=[-1.687324556017605, 213.64394851922998, -29.482590382928418, -31.73684210526331]
SPS=59
Eval at step 1009000, survival=3.960%, return=[-1.578037682804279, 186.0048789405828, -91.459081854553, -38.543859649123185]
SPS=59
Eval at step 1009500, survival=6.622%, return=[-1.9717004713602364, 309.18177761395793, -14.705381411574004, -44.47953216374305]
SPS=59
Eval at step 1010000, survival=5.432%, return=[-1.7356565019387442, 264.53416194915803, -33.74248678054088, -39.29824561403521]
SPS=59
Eval at step 1010500, survival=5.725%, return=[-1.8888624251703732, 274.00825048605606, -64.1717583980547, -36.4561403508774]
SPS=59
Eval at step 1011000, survival=5.651%, return=[-1.785874769712488, 263.5518172470729, -86.51274217692723, -42.988304093567365]
SPS=59
Eval at step 1011500, survival=6.486%, return=[-1.9905469650014613, 308.344559437434, -39.88715466251597, -41.18128654970783]
SPS=59
Eval at step 1012000, survival=5.618%, return=[-1.756260814125805, 268.6861889775593, -13.281448683216391, -36.94152046783643]
SPS=59
Eval at step 1012500, survival=7.040%, return=[-2.1600075705791824, 325.21647465070123, -27.48827810079941, -42.94736842105277]
SPS=59
Eval at step 1013000, survival=4.014%, return=[-1.5811604692523058, 193.32786184787747, -33.714656182623, -20.26315789473688]
SPS=59
Eval at step 1013500, survival=5.341%, return=[-1.7248586931188281, 260.60613728682193, -14.365648063867411, -40.76023391812877]
SPS=59
Eval at step 1014000, survival=5.093%, return=[-1.7262968002469279, 247.59202492713936, -17.018836569506675, -32.438596491228125]
SPS=59
Eval at step 1014500, survival=7.254%, return=[-2.3238663793890737, 345.802421542009, -35.9011348652372, -38.181286549707735]
SPS=59
Eval at step 1015000, survival=8.453%, return=[-2.4504192453847886, 395.2632813803353, -85.62659169189283, -55.77777777777817]
SPS=59
Eval at step 1015500, survival=1.133%, return=[-1.1314063580163445, 52.69402485847471, -7.794995845858163, -8.415204678362572]
SPS=59
Eval at step 1016000, survival=5.221%, return=[-1.8543015860098724, 246.7584718004862, -35.39587579855288, -30.485380116959035]
SPS=59
Eval at step 1016500, survival=6.605%, return=[-2.034403119895918, 314.0878489971163, -18.911791793335095, -38.89473684210549]
SPS=59
Eval at step 1017000, survival=6.878%, return=[-2.2505093015691577, 325.37990828990934, -41.2015201881101, -38.23976608187155]
SPS=59
Eval at step 1017500, survival=6.047%, return=[-2.0683800436478728, 282.9905587927503, -57.49822653053949, -33.59064327485384]
SPS=59
Eval at step 1018000, survival=5.138%, return=[-1.8458723847094614, 244.78743117332468, -18.29489004868689, -33.30994152046816]
SPS=59
Eval at step 1018500, survival=8.077%, return=[-2.3118509886359484, 377.51049899737035, -44.29396121759904, -60.62573099415267]
SPS=59
Eval at step 1019000, survival=5.155%, return=[-1.6368941318166133, 257.245093255043, -12.999601839789344, -41.37426900584803]
SPS=59
Eval at step 1019500, survival=4.448%, return=[-1.544469631917309, 218.7329463386536, -37.675026058612275, -32.8713450292398]
SPS=59
Eval at step 1020000, survival=3.712%, return=[-1.4672512491427672, 176.24384634653734, -86.67136789124925, -25.0526315789474]
SPS=59
Eval at step 1020500, survival=3.460%, return=[-1.4602603440289386, 168.73819357554115, -9.006497407089531, -23.59649122807015]
SPS=59
Eval at step 1021000, survival=6.477%, return=[-2.229317734910486, 300.99801112175015, -63.74719723263115, -42.0292397660825]
SPS=59
Eval at step 1021500, survival=6.775%, return=[-1.9473912380053662, 325.2830765247343, -22.7676249600554, -40.7836257309942]
SPS=59
Eval at step 1022000, survival=5.506%, return=[-1.7682895199395716, 277.9846276283265, -10.235555927337069, -32.777777777777835]
SPS=59
Eval at step 1022500, survival=6.634%, return=[-2.0046496722692004, 318.2391080824534, -36.30106996991284, -46.725146198830885]
SPS=59
Eval at step 1023000, survival=6.105%, return=[-1.8197001858109918, 295.9429734738669, -47.54614451142455, -50.01754385964912]
SPS=59
Eval at step 1023500, survival=4.836%, return=[-1.602766983754312, 243.14319336573294, -15.040157792212995, -38.07017543859663]
SPS=59
Eval at step 1024000, survival=5.531%, return=[-1.7909801798717429, 276.7595312023163, -8.48639103831374, -36.73684210526335]
SPS=59
Eval at step 1024500, survival=3.840%, return=[-1.554335500113666, 188.56420157909398, -31.42527040364318, -24.350877192982427]
SPS=59
Eval at step 1025000, survival=5.444%, return=[-1.7370196932461113, 262.47585540453593, -73.66134713684733, -40.596491228069986]
SPS=59
Eval at step 1025500, survival=6.085%, return=[-1.7783774141959536, 272.44197778383926, -161.17898998627788, -64.59649122807043]
SPS=59
Eval at step 1026000, survival=5.270%, return=[-1.7796813524910249, 254.10804128487902, -39.419951643444314, -35.38011695906434]
SPS=59
Eval at step 1026500, survival=4.787%, return=[-1.6397900865413249, 232.96884985287988, -13.518762117471246, -32.953216374269225]
SPS=59
Eval at step 1027000, survival=6.729%, return=[-1.893081350523668, 322.77308918952946, -82.46685715096828, -49.023391812865945]
SPS=59
Eval at step 1027500, survival=4.807%, return=[-1.6745576036628336, 232.12849452177684, -39.53381027230838, -35.43274853801169]
SPS=59
Eval at step 1028000, survival=6.097%, return=[-1.7785000628597725, 296.81670255502064, -58.6103765530764, -42.07017543859663]
SPS=59
Eval at step 1028500, survival=5.043%, return=[-1.6567840321998422, 244.15523153305057, -10.217813680125497, -40.25730994152068]
SPS=60
Eval at step 1029000, survival=7.031%, return=[-2.052422836616946, 326.2097896242144, -109.74509014960131, -46.01169590643308]
SPS=60
Eval at step 1029500, survival=5.489%, return=[-1.7084379863614838, 258.8763663705192, -74.91625149958418, -36.608187134503055]
SPS=60
Eval at step 1030000, survival=4.287%, return=[-1.5926436379668303, 202.19804597854622, -11.470184130383132, -27.70175438596496]
SPS=60
Eval at step 1030500, survival=3.381%, return=[-1.4343747710227035, 167.0723877239228, -11.247033120866641, -22.333333333333346]
SPS=60
Eval at step 1031000, survival=6.324%, return=[-1.9058423324022442, 304.5042350323995, -17.386793848859572, -40.684210526316186]
SPS=60
Eval at step 1031500, survival=7.093%, return=[-2.088911503126534, 345.1818242645265, -23.28847831770084, -43.83040935672528]
SPS=60
Eval at step 1032000, survival=3.931%, return=[-1.5750642478621255, 191.4427062606812, -17.006394097969558, -21.081871345029203]
SPS=60
Eval at step 1032500, survival=6.378%, return=[-2.1215736933324174, 305.310485502879, -58.49952768075673, -47.78362573099414]
SPS=60
Eval at step 1033000, survival=3.943%, return=[-1.5396239794014643, 187.48598786989848, -13.285907215089537, -27.83625730994152]
SPS=60
Eval at step 1033500, survival=4.497%, return=[-1.6153520174945395, 216.1695820871989, -24.698901480730758, -27.6608187134503]
SPS=60
Eval at step 1034000, survival=5.006%, return=[-1.6592733081585418, 232.0471056842807, -49.006736751235316, -45.67836257309952]
SPS=60
Eval at step 1034500, survival=4.390%, return=[-1.6328717550883691, 209.87049572626742, -16.69056362718402, -23.36842105263157]
SPS=60
Eval at step 1035000, survival=5.494%, return=[-1.8914334540798639, 256.44278689066573, -87.49438596898108, -33.05263157894752]
SPS=60
Eval at step 1035500, survival=7.230%, return=[-2.040727424765161, 335.0434521675112, -130.29954299371457, -63.467836257310275]
SPS=60
Eval at step 1036000, survival=3.522%, return=[-1.5093385218642652, 166.40296845754, -58.8650729246098, -31.736842105263232]
SPS=60
Eval at step 1036500, survival=8.896%, return=[-2.31857048398039, 411.50202251434354, -145.17560159112327, -73.78362573099498]
SPS=60
Eval at step 1037000, survival=2.402%, return=[-1.314793383819051, 119.07004798889163, -7.580748301697895, -19.777777777777825]
SPS=60
Eval at step 1037500, survival=3.927%, return=[-1.5542029042456609, 191.5742289876938, -15.310305635512728, -30.538011695906466]
SPS=60
Eval at step 1038000, survival=5.498%, return=[-1.7790225035666178, 265.29672824859625, -28.497485037446797, -33.39766081871351]
SPS=60
Eval at step 1038500, survival=6.176%, return=[-1.8961488902568817, 306.6078189706802, -17.171719758868374, -46.52046783625764]
SPS=60
Eval at step 1039000, survival=3.898%, return=[-1.4965603486440766, 185.0223416042329, -75.31105261187379, -27.502923976608077]
SPS=60
Eval at step 1039500, survival=4.084%, return=[-1.6484488285689924, 194.42116369406372, -23.1100768615385, -29.34502923976608]
SPS=60
Eval at step 1040000, survival=3.055%, return=[-1.3842044390621595, 144.48357145627355, -73.26787580761204, -21.865497076023406]
SPS=60
Eval at step 1040500, survival=5.853%, return=[-1.829592428325365, 268.5000661245985, -154.14055725492653, -46.25730994152078]
SPS=60
Eval at step 1041000, survival=4.745%, return=[-1.7427174701200177, 220.19911127090495, -111.53482075490986, -39.28654970760265]
SPS=60
Eval at step 1041500, survival=9.135%, return=[-2.4823752529143044, 426.24037556807224, -149.61454490212418, -57.011695906433324]
SPS=60
Eval at step 1042000, survival=3.778%, return=[-1.5131690810861376, 177.600703608195, -75.01641605105397, -27.69590643274869]
SPS=60
Eval at step 1042500, survival=2.703%, return=[-1.368397728772834, 127.41924420356754, -33.80706752210002, -22.350877192982423]
SPS=60
Eval at step 1043000, survival=5.861%, return=[-1.898825086420402, 279.4809521198272, -77.14830097623538, -41.11111111111142]
SPS=60
Eval at step 1043500, survival=6.329%, return=[-1.8209793921171997, 302.90958556493155, -105.35818489851954, -47.32748538011712]
SPS=60
Eval at step 1044000, survival=7.974%, return=[-2.2375585350285596, 379.48146484533964, -93.04630687312844, -49.713450292397994]
SPS=60
Eval at step 1044500, survival=6.705%, return=[-2.130229369853623, 313.10707084337906, -80.48075914953445, -44.754385964912416]
SPS=60
Eval at step 1045000, survival=3.286%, return=[-1.4177612880788122, 161.6114626948039, -72.72422475640997, -24.350877192982466]
SPS=60
Eval at step 1045500, survival=6.089%, return=[-1.9692853517869178, 289.11811215877566, -74.9263478350349, -37.16374269005857]
SPS=60
Eval at step 1046000, survival=7.081%, return=[-2.2516830577127016, 327.7206531778975, -85.53249339492565, -42.432748538011936]
SPS=60
Eval at step 1046500, survival=4.266%, return=[-1.56782635737909, 204.38732219060284, -59.2667307769813, -34.01754385964928]
SPS=60
Eval at step 1047000, survival=5.014%, return=[-1.7748660646611825, 230.80066678047194, -47.042732575497816, -34.33918128654994]
SPS=60
Eval at step 1047500, survival=6.829%, return=[-2.182293320152288, 313.14018530527767, -131.75459938054337, -37.941520467836334]
SPS=60
Eval at step 1048000, survival=2.604%, return=[-1.377106257287475, 124.62777329444889, -9.16990754690399, -18.116959064327517]
SPS=60
Eval at step 1048500, survival=4.146%, return=[-1.6424573767386998, 198.71207757631942, -17.12256137647334, -20.86549707602335]
SPS=60
Eval at step 1049000, survival=5.179%, return=[-1.9172225237707607, 239.66890878041616, -72.8435278164543, -39.48538011695938]
SPS=60
Eval at step 1049500, survival=6.589%, return=[-1.8311503036141705, 303.09327943166136, -124.47412768305367, -65.14619883040983]
SPS=60
Eval at step 1050000, survival=5.241%, return=[-1.6861381512911369, 247.19025177637755, -81.94869251626854, -38.58479532163759]
SPS=60
Eval at step 1050500, survival=6.519%, return=[-2.028174764496119, 291.2827595806127, -193.45409659877382, -60.13450292397655]
SPS=60
Eval at step 1051000, survival=4.386%, return=[-1.5759995707970422, 208.69599737167357, -74.96600625039234, -30.8713450292398]
SPS=60
Eval at step 1051500, survival=5.469%, return=[-1.8099861258330445, 260.0386615339915, -29.240750054319506, -34.508771929824576]
SPS=60
Eval at step 1052000, survival=5.589%, return=[-1.7623745075931463, 258.29760112921423, -125.31319337668178, -44.58479532163742]
SPS=60
Eval at step 1052500, survival=6.655%, return=[-2.1363848015122735, 318.34860889593807, -53.26639246949586, -44.19883040935705]
SPS=60
Eval at step 1053000, survival=4.998%, return=[-1.685832074668724, 237.3153457641603, -102.61914126210952, -34.538011695906356]
SPS=60
Eval at step 1053500, survival=9.499%, return=[-2.4390103354041153, 444.5863717110956, -120.04578490998635, -59.81871345029313]
SPS=60
Eval at step 1054000, survival=7.498%, return=[-2.1283429644536227, 350.5106827354434, -91.53748025094198, -47.45614035087758]
SPS=60
Eval at step 1054500, survival=8.474%, return=[-2.2541537991686105, 404.1445549615223, -29.96340321439493, -54.713450292398136]
SPS=60
Eval at step 1055000, survival=7.734%, return=[-2.151585594188267, 374.0840027014415, -24.830257126176246, -51.56725146198884]
SPS=60
Eval at step 1055500, survival=5.361%, return=[-1.7706851226782117, 262.47807287534084, -14.353210318971833, -35.49707602339196]
SPS=60
Eval at step 1056000, survival=10.131%, return=[-2.515645335195586, 477.4831811237334, -71.9034225496689, -69.09941520467919]
SPS=60
Eval at step 1056500, survival=4.894%, return=[-1.680341848928947, 242.4514639123282, -12.812903766462114, -33.9239766081872]
SPS=60
Eval at step 1057000, survival=7.457%, return=[-2.038155599924115, 367.1361413860322, -39.39539988633381, -53.795321637427385]
SPS=60
Eval at step 1057500, survival=5.833%, return=[-1.9550760057172738, 262.8982716623948, -111.12135161896943, -44.00000000000042]
SPS=60
Eval at step 1058000, survival=7.833%, return=[-2.5004791289102286, 368.82250705401117, -36.02878023226367, -42.94736842105301]
SPS=60
Eval at step 1058500, survival=5.324%, return=[-1.8316366119737115, 256.5215895366669, -17.61012058512688, -28.865497076023463]
SPS=60
Eval at step 1059000, survival=9.185%, return=[-2.5900755339146904, 425.3543156512581, -97.72162711129447, -57.77777777777831]
SPS=60
Eval at step 1059500, survival=6.097%, return=[-2.023400370594269, 288.5250429375968, -42.10521113492238, -31.2222222222223]
SPS=60
Eval at step 1060000, survival=4.613%, return=[-1.8139412607997656, 211.6676821676892, -38.12798100525591, -36.44444444444445]
SPS=60
Eval at step 1060500, survival=4.927%, return=[-1.8153349004763488, 229.87702887535087, -59.28555697260648, -30.37426900584802]
SPS=60
Eval at step 1061000, survival=3.385%, return=[-1.442087353983273, 162.9774519300461, -10.23570998807069, -24.011695906432763]
SPS=60
Eval at step 1061500, survival=7.234%, return=[-2.047585572989192, 344.6594006268186, -53.75548734011924, -44.140350877193036]
SPS=60
Eval at step 1062000, survival=3.530%, return=[-1.528457444801461, 169.2594699875513, -11.990164531957513, -22.122807017543867]
SPS=60
Eval at step 1062500, survival=8.346%, return=[-2.176336370408535, 398.19205304145794, -50.08741758669688, -58.01169590643347]
SPS=60
Eval at step 1063000, survival=7.854%, return=[-2.1044617090180204, 375.3111427561444, -52.19883543521913, -50.15204678362608]
SPS=60
Eval at step 1063500, survival=7.738%, return=[-2.089770672066758, 360.4562023401265, -130.66913838393643, -55.064327485380566]
SPS=60
Eval at step 1064000, survival=9.838%, return=[-2.5365030146591985, 465.6708229700728, -49.99075676260569, -61.52046783625806]
SPS=60
Eval at step 1064500, survival=5.469%, return=[-1.7201665186633666, 269.1289568265281, -40.23138689777503, -36.345029239766056]
SPS=60
Eval at step 1065000, survival=5.204%, return=[-1.6916515905565273, 250.73384001572944, -81.07945995963867, -46.40350877192977]
SPS=60
Eval at step 1065500, survival=4.105%, return=[-1.4975100229882325, 201.10527596950536, -9.45138466473145, -29.789473684210567]
SPS=60
Eval at step 1066000, survival=6.386%, return=[-1.9569424763127852, 302.06900197346994, -67.81769422773989, -45.44444444444479]
SPS=60
Eval at step 1066500, survival=5.403%, return=[-1.7456269369383033, 262.86176300366725, -48.930825912863234, -39.84210526315797]
SPS=60
Eval at step 1067000, survival=4.915%, return=[-1.6537319372291677, 241.96348272959392, -42.709259660410076, -39.637426900584934]
SPS=60
Eval at step 1067500, survival=7.006%, return=[-2.0208958804723807, 336.1743224048616, -78.70234729665874, -53.14619883040965]
SPS=60
Eval at step 1068000, survival=7.085%, return=[-2.090865411407625, 339.8282501792908, -59.525228519691154, -41.233918128655155]
SPS=60
Eval at step 1068500, survival=5.109%, return=[-1.8376592235872522, 230.9246442047761, -204.88640146346734, -48.783625730994515]
SPS=60
Eval at step 1069000, survival=8.135%, return=[-2.2702882467613867, 395.11709350903817, -52.787242207597046, -46.9181286549711]
SPS=60
Eval at step 1069500, survival=8.962%, return=[-2.6100311423263824, 419.6213264465328, -45.8653453302098, -58.62573099415272]
SPS=60
Eval at step 1070000, survival=5.415%, return=[-1.7027838418337826, 260.5142125336331, -64.53483298920037, -37.68421052631583]
SPS=60
Eval at step 1070500, survival=5.031%, return=[-1.6473701169597916, 244.2073048909507, -93.14894451412935, -33.18128654970764]
SPS=60
Eval at step 1071000, survival=10.177%, return=[-2.497934233455453, 496.29549546241725, -26.878634687115362, -61.34502923976683]
SPS=61
Eval at step 1071500, survival=4.671%, return=[-1.6582072953266713, 225.070629577637, -51.40281503419586, -36.1286549707604]
SPS=61
Eval at step 1072000, survival=6.680%, return=[-1.9942541555113469, 315.31473614692715, -80.09220543922856, -40.070175438596685]
SPS=61
Eval at step 1072500, survival=7.800%, return=[-2.1035578382434323, 367.39534406026263, -88.50806378226844, -49.08771929824602]
SPS=61
Eval at step 1073000, survival=7.254%, return=[-2.100313527645388, 344.7739203993483, -66.26481941133777, -48.12865497076052]
SPS=61
Eval at step 1073500, survival=4.063%, return=[-1.6147528669486444, 194.82694108645123, -37.817084580669565, -26.5380116959065]
SPS=61
Eval at step 1074000, survival=4.535%, return=[-1.7326579633712147, 218.0465003999074, -33.09744504110131, -29.49707602339196]
SPS=61
Eval at step 1074500, survival=7.102%, return=[-2.310871575687391, 333.9157982444763, -60.15983852416442, -49.43859649122836]
SPS=61
Eval at step 1075000, survival=5.403%, return=[-1.7665750577968236, 256.18383541742975, -61.64452003694411, -33.99415204678372]
SPS=61
Eval at step 1075500, survival=4.361%, return=[-1.624888746611153, 210.4925062910717, -30.324212657423534, -29.830409356725323]
SPS=61
Eval at step 1076000, survival=5.923%, return=[-1.9165789385636647, 286.48765991846744, -23.66647023835685, -38.081871345029434]
SPS=61
Eval at step 1076500, survival=7.205%, return=[-2.18324124335777, 326.764764545759, -155.69799089917797, -48.070175438596685]
SPS=61
Eval at step 1077000, survival=6.643%, return=[-2.105254432283497, 310.59767128944424, -131.63741945356014, -42.76608187134528]
SPS=61
Eval at step 1077500, survival=5.580%, return=[-1.7443002604995854, 268.77573903242757, -13.408793727364051, -41.50292397660829]
SPS=61
Eval at step 1078000, survival=7.527%, return=[-1.9949271583852048, 364.16338078816744, -14.432336018015425, -52.660818713450546]
SPS=61
Eval at step 1078500, survival=5.572%, return=[-1.7642489713810694, 267.5453203662241, -63.40471238806155, -36.877192982456364]
SPS=61
Eval at step 1079000, survival=7.391%, return=[-2.088241585821379, 335.718221228918, -161.7736670560286, -66.09356725146263]
SPS=61
Eval at step 1079500, survival=4.882%, return=[-1.6882186556079735, 228.4216419839859, -166.7232432566622, -41.8479532163742]
SPS=61
Eval at step 1080000, survival=3.319%, return=[-1.4697241925556834, 160.70719947179185, -49.894646491661355, -20.660818713450272]
SPS=61
Eval at step 1080500, survival=7.073%, return=[-1.947723349284691, 334.6555010477705, -93.32709282633004, -43.20467836257322]
SPS=61
Eval at step 1081000, survival=4.212%, return=[-1.5318205733395491, 204.02138911883057, -41.00886620894016, -26.134502923976573]
SPS=61
Eval at step 1081500, survival=5.254%, return=[-1.7031595897472773, 249.30962978998798, -17.59260049103371, -35.56725146198842]
SPS=61
Eval at step 1082000, survival=5.642%, return=[-1.747690279832265, 268.1694943523406, -131.18130497123153, -43.35672514619885]
SPS=61
Eval at step 1082500, survival=7.660%, return=[-2.1222266727127135, 363.74829590956386, -106.47426538795965, -56.421052631579414]
SPS=61
Eval at step 1083000, survival=7.746%, return=[-2.125167942411887, 365.59342189788845, -95.88282452327742, -43.514619883041085]
SPS=61
Eval at step 1083500, survival=5.907%, return=[-1.756909310138629, 280.02921818653755, -89.82735653885175, -38.30994152046792]
SPS=61
Eval at step 1084000, survival=8.482%, return=[-2.2093146346742287, 406.2252068964642, -67.45319190542311, -45.10526315789499]
SPS=61
Eval at step 1084500, survival=5.957%, return=[-1.7761189411976375, 283.73959148089085, -100.03458132961048, -40.99415204678364]
SPS=61
Eval at step 1085000, survival=6.341%, return=[-1.8258722144334267, 303.81535143216473, -75.85752813507376, -46.66081871345066]
SPS=61
Eval at step 1085500, survival=8.639%, return=[-2.220765869754056, 402.64959271272073, -174.50982949706668, -71.0467836257315]
SPS=61
Eval at step 1086000, survival=7.527%, return=[-2.086537330877036, 349.4986394627891, -229.66475314906953, -53.33918128655001]
SPS=61
Eval at step 1086500, survival=6.200%, return=[-1.895817978385215, 299.25684032440216, -103.96449146817274, -47.35672514619881]
SPS=61
Eval at step 1087000, survival=8.226%, return=[-2.246689921419602, 395.36189698696154, -53.32247918646802, -48.33333333333359]
SPS=61
Eval at step 1087500, survival=5.357%, return=[-1.7961450151633471, 256.71196639061, -43.31945065098504, -30.22222222222239]
SPS=61
Eval at step 1088000, survival=4.431%, return=[-1.570305421599187, 206.00882198651652, -67.35005965549499, -32.10526315789489]
SPS=61
Eval at step 1088500, survival=5.394%, return=[-1.6855525561453153, 256.74687571525595, -99.12635554991236, -37.16374269005856]
SPS=61
Eval at step 1089000, survival=7.068%, return=[-1.95209254976362, 320.9364528656013, -169.19403663731646, -49.31578947368462]
SPS=61
Eval at step 1089500, survival=7.002%, return=[-2.167244562956815, 335.806208492915, -86.81201335053386, -36.67836257309949]
SPS=61
Eval at step 1090000, survival=4.894%, return=[-1.5872826936926383, 235.4221940644584, -41.120169134454045, -35.36842105263159]
SPS=61
Eval at step 1090500, survival=6.093%, return=[-1.878656021047694, 291.50816564401003, -72.20472723593412, -44.52046783625741]
SPS=61
Eval at step 1091000, survival=5.923%, return=[-1.882518947745363, 276.4184974511466, -97.59033377120075, -38.280701754386165]
SPS=61
Eval at step 1091500, survival=7.118%, return=[-2.067281034348222, 341.68448972702026, -35.82975296732426, -41.75438596491253]
SPS=61
Eval at step 1092000, survival=4.642%, return=[-1.54802608587003, 232.72554264068594, -13.516214873617477, -33.41520467836268]
SPS=61
Eval at step 1092500, survival=5.117%, return=[-1.6969422002245362, 245.65004398186986, -21.310381254486856, -32.116959064327546]
SPS=61
Eval at step 1093000, survival=5.126%, return=[-1.8630234288672607, 241.1534283479056, -51.19750479839907, -30.198830409356976]
SPS=61
Eval at step 1093500, survival=6.783%, return=[-1.98258298796524, 323.4217953268689, -72.50525755097624, -44.76608187134517]
SPS=61
Eval at step 1094000, survival=5.870%, return=[-1.9105775955831632, 278.26601731300366, -51.33198320300289, -35.011695906432685]
SPS=61
Eval at step 1094500, survival=3.683%, return=[-1.4600982994112808, 181.77740255991625, -17.297379672081053, -28.163742690058495]
SPS=61
Eval at step 1095000, survival=5.254%, return=[-1.685302148379075, 249.682113691966, -78.62528171535935, -37.070175438596515]
SPS=61
Eval at step 1095500, survival=8.313%, return=[-2.2636261329753324, 396.14774738311763, -32.01853087083631, -49.502923976608464]
SPS=61
Eval at step 1096000, survival=6.341%, return=[-1.8674349375845243, 305.49894853115114, -75.01463487942237, -42.74269005847973]
SPS=61
Eval at step 1096500, survival=8.515%, return=[-2.2599530471488833, 405.49765862147024, -33.69140235992442, -55.415204678363146]
SPS=61
Eval at step 1097000, survival=7.221%, return=[-2.0044277103734203, 330.7033431021377, -158.58212321637984, -48.78362573099452]
SPS=61
Eval at step 1097500, survival=7.139%, return=[-2.1993183576657125, 333.570424203873, -86.81888758425096, -38.163742690058676]
SPS=61
Eval at step 1098000, survival=6.225%, return=[-1.8977988212912653, 301.7265387964251, -59.892476311608334, -45.82456140350885]
SPS=61
Eval at step 1098500, survival=6.035%, return=[-1.9382262409781106, 285.5530624461175, -38.948655417463065, -39.5438596491229]
SPS=61
Eval at step 1099000, survival=5.390%, return=[-1.7420506220466148, 261.8051965268453, -43.866899623487065, -43.438596491228054]
SPS=61
Eval at step 1099500, survival=6.052%, return=[-1.9378363929572515, 288.99123853842417, -22.15386654584169, -38.93567251461996]
SPS=61
Eval at step 1100000, survival=9.077%, return=[-2.3929096500893743, 431.88979125658665, -31.584944540823926, -60.75438596491262]
SPS=61
Eval at step 1100500, survival=5.551%, return=[-1.9068913194544923, 263.1695016702018, -21.839644931082148, -28.760233918128648]
SPS=61
Eval at step 1101000, survival=2.017%, return=[-1.2278694903555636, 93.0688443644842, -69.13285137858475, -16.309941520467806]
SPS=61
Eval at step 1101500, survival=2.650%, return=[-1.3739711523909743, 121.3833278981845, -29.50260715893819, -17.94152046783629]
SPS=61
Eval at step 1102000, survival=5.899%, return=[-1.7704304622214597, 286.2504520209631, -14.355974153470015, -44.92397660818748]
SPS=61
Eval at step 1102500, survival=6.994%, return=[-1.9334085248604727, 334.6281168683368, -12.533877543464769, -53.31578947368431]
SPS=61
Eval at step 1103000, survival=5.969%, return=[-1.9084754338061127, 289.4227395788829, -14.786513999361583, -33.81871345029251]
SPS=61
Eval at step 1103500, survival=7.461%, return=[-2.0550432322003567, 352.7998815441136, -82.80164786042344, -52.58479532163798]
SPS=61
Eval at step 1104000, survival=7.800%, return=[-2.1876536433119327, 368.4489513111114, -84.59647917166028, -49.04678362573142]
SPS=61
Eval at step 1104500, survival=6.626%, return=[-1.9039021704229526, 319.58917441368106, -10.534631857794011, -44.38011695906459]
SPS=61
Eval at step 1105000, survival=8.614%, return=[-2.235070127334135, 400.3953551499051, -76.66002839739183, -66.6432748538019]
SPS=61
Eval at step 1105500, survival=8.461%, return=[-2.3122414697427303, 388.16018477916685, -153.5279711574573, -52.77192982456202]
SPS=61
Eval at step 1106000, survival=7.002%, return=[-1.9199944413849153, 327.1058905188244, -115.55316038579319, -56.3157894736845]
SPS=61
Eval at step 1106500, survival=6.316%, return=[-1.8770531089394353, 308.739806690216, -19.265307274161994, -37.30409356725159]
SPS=61
Eval at step 1107000, survival=6.192%, return=[-1.8429842642508447, 296.00588875770586, -51.15179459757443, -43.12865497076039]
SPS=61
Eval at step 1107500, survival=4.142%, return=[-1.5339673285294946, 206.91776583353678, -9.911627831311003, -22.53216374269006]
SPS=61
Eval at step 1108000, survival=5.316%, return=[-1.6653932735789567, 256.35313070933023, -9.314359689855033, -41.56725146198857]
SPS=61
Eval at step 1108500, survival=8.627%, return=[-2.149315666213321, 418.4299313354498, -18.882542260991688, -67.75438596491274]
SPS=61
Eval at step 1109000, survival=4.452%, return=[-1.641867637517862, 207.6271165164313, -24.957570721938584, -29.415204678362766]
SPS=61
Eval at step 1109500, survival=6.655%, return=[-1.9821873298690964, 320.8410488478342, -41.73211181945711, -40.39181286549729]
SPS=61
Eval at step 1110000, survival=3.819%, return=[-1.4500681152567267, 189.14352102756501, -14.171333737324554, -28.78947368421052]
SPS=61
Eval at step 1110500, survival=2.393%, return=[-1.3044294073285225, 117.24572297732038, -10.429021626478061, -14.725146198830421]
SPS=61
Eval at step 1111000, survival=4.191%, return=[-1.5575542208583404, 209.84021486441293, -9.19290386867518, -27.128654970760294]
SPS=61
Eval at step 1111500, survival=5.667%, return=[-1.7953542158938944, 270.9495383866629, -21.208254356596928, -36.09941520467834]
SPS=61
Eval at step 1112000, survival=7.738%, return=[-2.20195517099152, 360.9608593066536, -74.665612415527, -59.88304093567285]
SPS=61
Eval at step 1112500, survival=6.114%, return=[-1.8919047232096393, 293.2477157004674, -29.164903306751512, -44.61403508771941]
SPS=61
Eval at step 1113000, survival=4.295%, return=[-1.592337260216785, 202.7154552968343, -17.03399380199456, -34.54385964912279]
SPS=61
Eval at step 1113500, survival=7.531%, return=[-2.1160020855022594, 357.73495191891897, -59.974142654242314, -56.1345029239775]
SPS=61
Eval at step 1114000, survival=5.857%, return=[-1.8786530298530124, 281.44359920501734, -36.21365455285801, -37.801169590643354]
SPS=61
Eval at step 1114500, survival=4.014%, return=[-1.5840469222748652, 199.16111640612291, -19.030348707009882, -26.34502923976615]
SPS=61
Eval at step 1115000, survival=5.254%, return=[-1.7468957574650024, 256.57988097190844, -10.942368718105476, -31.064327485380257]
SPS=61
Eval at step 1115500, survival=3.555%, return=[-1.5117575078038499, 171.03516584714257, -12.10973633294149, -18.88304093567254]
SPS=61
Eval at step 1116000, survival=6.126%, return=[-1.9213571219976682, 294.2402456251782, -26.055497787495067, -43.33333333333332]
SPS=61
Eval at step 1116500, survival=13.013%, return=[-3.2274323328165337, 603.7509416071573, -63.58798901916331, -73.64912280701871]
SPS=61
Eval at step 1117000, survival=10.962%, return=[-2.807097773475107, 513.6155110057197, -72.19174400049087, -73.72514619883135]
SPS=61
Eval at step 1117500, survival=6.229%, return=[-1.860417756154978, 295.1603617095948, -49.76945037850722, -43.06432748538032]
SPS=61
Eval at step 1118000, survival=7.271%, return=[-1.9188788249739446, 337.21462148030577, -58.01458640428609, -56.918128654971305]
SPS=61
Eval at step 1118500, survival=7.825%, return=[-2.326888005598448, 357.5430452458065, -71.64110857591731, -49.46783625731024]
SPS=61
Eval at step 1119000, survival=6.643%, return=[-1.9038296202003646, 321.387632028262, -19.668080214960355, -41.68421052631597]
SPS=62
Eval at step 1119500, survival=8.027%, return=[-2.245366442327698, 369.72446675777445, -110.55877139006527, -55.71345029239817]
SPS=62
Eval at step 1120000, survival=6.779%, return=[-2.040270508538621, 318.1184757423403, -77.778532200328, -45.0643274853802]
SPS=62
Eval at step 1120500, survival=5.485%, return=[-1.7807637989365805, 259.7659883538883, -29.214332251848344, -43.67836257309943]
SPS=62
Eval at step 1121000, survival=3.902%, return=[-1.5470155694832404, 187.9819002056122, -9.750113074308805, -22.631578947368393]
SPS=62
Eval at step 1121500, survival=6.767%, return=[-1.9287076340794254, 326.18972887833905, -15.654131361947899, -42.169590643275065]
SPS=62
Eval at step 1122000, survival=9.425%, return=[-2.6276544602781846, 423.8440716060007, -260.9735696327104, -74.08771929824671]
SPS=62
Eval at step 1122500, survival=5.580%, return=[-1.8253675338346511, 266.25679539044705, -25.52682734191573, -37.77192982456152]
SPS=62
Eval at step 1123000, survival=4.729%, return=[-1.7271228996687569, 223.78536251227078, -48.532691591923744, -34.38596491228086]
SPS=62
Eval at step 1123500, survival=6.643%, return=[-1.9224688879136618, 310.2196763642631, -47.16345615833416, -55.17543859649177]
SPS=62
Eval at step 1124000, survival=6.072%, return=[-1.8505508088273928, 292.9899369748434, -38.35946409452299, -43.403508771930085]
SPS=62
Eval at step 1124500, survival=7.044%, return=[-2.018099327241847, 327.7495220963164, -77.41940255400247, -45.73099415204695]
SPS=62
Eval at step 1125000, survival=4.415%, return=[-1.6278173633812305, 207.715407099724, -56.23446981376279, -33.660818713450375]
SPS=62
Eval at step 1125500, survival=7.093%, return=[-2.0895166196472323, 331.2312174638117, -94.08891871973658, -49.45614035087766]
SPS=62
Eval at step 1126000, survival=8.838%, return=[-2.3742481207009405, 414.24995108286566, -87.85928954074916, -60.49707602339233]
SPS=62
Eval at step 1126500, survival=3.815%, return=[-1.5262817480640176, 186.8536265150707, -14.42345953977565, -23.643274853801206]
SPS=62
Eval at step 1127000, survival=5.531%, return=[-1.7927762346807867, 265.5118254915874, -25.359835962444777, -31.51461988304098]
SPS=62
Eval at step 1127500, survival=4.671%, return=[-1.6940641576074995, 220.0905538892747, -56.98731961633894, -32.26315789473688]
SPS=62
Eval at step 1128000, survival=4.423%, return=[-1.6658279333884518, 214.04530963579816, -19.496122165583074, -30.350877192982452]
SPS=62
Eval at step 1128500, survival=5.494%, return=[-1.773159596894402, 268.10546659310666, -19.110717876001825, -31.78947368421053]
SPS=62
Eval at step 1129000, survival=2.596%, return=[-1.380812062707264, 123.33441845893856, -12.41740584563619, -21.93567251461991]
SPS=62
Eval at step 1129500, survival=5.494%, return=[-1.7801564196318698, 266.0615065972011, -28.420363343114634, -38.04093567251474]
SPS=62
Eval at step 1130000, survival=4.993%, return=[-1.658109192426006, 236.7709376827877, -10.340227492525932, -28.04093567251476]
SPS=62
Eval at step 1130500, survival=5.064%, return=[-1.8097462615114637, 241.14467562039704, -16.75396566212051, -39.84210526315798]
SPS=62
Eval at step 1131000, survival=12.000%, return=[-2.968505081604235, 571.0357668844862, -131.55222830485823, -72.26900584795423]
SPS=62
Eval at step 1131500, survival=4.386%, return=[-1.6186462927726097, 214.90722723484035, -19.15378779808816, -32.80116959064335]
SPS=62
Eval at step 1132000, survival=2.426%, return=[-1.3866050976018112, 115.0062975358963, -12.84431565333216, -15.947368421052607]
SPS=62
Eval at step 1132500, survival=4.014%, return=[-1.559746520263919, 192.8226268498105, -25.960895989788696, -27.105263157894722]
SPS=62
Eval at step 1133000, survival=6.953%, return=[-2.12832837672128, 331.71607516368255, -42.528958578846265, -53.04093567251497]
SPS=62
Eval at step 1133500, survival=6.081%, return=[-1.9886805458421197, 285.4071030688287, -52.189198194551864, -38.36257309941535]
SPS=62
Eval at step 1134000, survival=3.018%, return=[-1.4375913329810526, 144.27165089289355, -32.434796971201045, -22.526315789473784]
SPS=62
Eval at step 1134500, survival=6.064%, return=[-1.8533340405750398, 284.6329739793145, -69.5494355484446, -37.5497076023393]
SPS=62
Eval at step 1135000, survival=5.494%, return=[-1.937792580613556, 258.493040196101, -47.04121696633714, -42.57894736842124]
SPS=62
Eval at step 1135500, survival=9.532%, return=[-2.448292042458585, 446.40665393034595, -95.30590542955058, -66.24561403508856]
SPS=62
Eval at step 1136000, survival=7.139%, return=[-2.132413020939566, 332.0096375385925, -105.21198483156088, -52.70175438596527]
SPS=62
Eval at step 1136500, survival=9.602%, return=[-2.4910629865480587, 445.6080002228423, -95.90398749558244, -65.16374269005912]
SPS=62
Eval at step 1137000, survival=5.456%, return=[-1.745758942697042, 261.16674704233805, -29.639380753525376, -39.760233918128854]
SPS=62
Eval at step 1137500, survival=4.820%, return=[-1.7324949215787153, 227.9238026301068, -37.38866509184663, -35.04678362573109]
SPS=62
Eval at step 1138000, survival=6.213%, return=[-2.0265454565330097, 291.8391761732106, -84.07261820459064, -50.73684210526374]
SPS=62
Eval at step 1138500, survival=8.904%, return=[-2.4952526075843102, 411.33769593238867, -131.22330451499147, -64.28654970760302]
SPS=62
Eval at step 1139000, survival=3.067%, return=[-1.4065084947117914, 147.6949108330408, -7.784952165927582, -22.0526315789474]
SPS=62
Eval at step 1139500, survival=8.106%, return=[-2.1309843386212983, 378.33551813284566, -41.86434334961147, -65.35672514619968]
SPS=62
Eval at step 1140000, survival=6.705%, return=[-1.987853699324963, 321.78110362370813, -30.58232187043177, -36.1403508771931]
SPS=62
Eval at step 1140500, survival=9.007%, return=[-2.5438367654569447, 403.4356633949285, -69.31861146382532, -70.01754385964996]
SPS=62
Eval at step 1141000, survival=9.586%, return=[-2.765633536366901, 448.05431296666484, -77.6502801273278, -55.14619883040996]
SPS=62
Eval at step 1141500, survival=4.778%, return=[-1.656228186194009, 229.0108775027593, -18.837960228510685, -31.590643274853942]
SPS=62
Eval at step 1142000, survival=5.353%, return=[-1.7989431920771797, 256.4897654914857, -39.58426063464685, -40.28654970760245]
SPS=62
Eval at step 1142500, survival=3.695%, return=[-1.5710774839196044, 173.6699611552557, -20.955136699984603, -21.239766081871302]
SPS=62
Eval at step 1143000, survival=7.660%, return=[-2.165753868369696, 359.57306822061554, -22.569819879861218, -53.8888888888894]
SPS=62
Eval at step 1143500, survival=3.398%, return=[-1.528073195911323, 156.9740391143163, -54.23838264548491, -25.385964912280745]
SPS=62
Eval at step 1144000, survival=7.420%, return=[-2.0597778570178584, 348.45411832809447, -20.993470898024196, -59.44444444444497]
SPS=62
Eval at step 1144500, survival=6.626%, return=[-1.9816972947252605, 311.6950249163311, -57.50890167644866, -45.27485380116999]
SPS=62
Eval at step 1145000, survival=7.263%, return=[-2.078548831089089, 340.4943630472819, -44.13130233009482, -45.58479532163769]
SPS=62
Eval at step 1145500, survival=7.635%, return=[-2.116020660420569, 369.804998995463, -15.111135677160442, -48.50292397660841]
SPS=62
Eval at step 1146000, survival=7.767%, return=[-2.195823907114876, 366.2236627356215, -50.27501701643147, -49.754385964912665]
SPS=62
Eval at step 1146500, survival=3.786%, return=[-1.5320922178410303, 179.4615073490144, -35.26554838657224, -28.55555555555567]
SPS=62
Eval at step 1147000, survival=5.560%, return=[-1.7903545670754586, 268.5735276444753, -12.433985890956441, -35.88304093567262]
SPS=62
Eval at step 1147500, survival=7.316%, return=[-2.07696464471519, 355.79007704416904, -12.23543940341771, -40.66666666666694]
SPS=62
Eval at step 1148000, survival=4.919%, return=[-1.8316635178634897, 231.85938603242252, -27.725110072269064, -31.62573099415228]
SPS=62
Eval at step 1148500, survival=8.718%, return=[-2.286232588424658, 417.4947692616783, -24.464210963613976, -60.56725146198885]
SPS=62
Eval at step 1149000, survival=4.679%, return=[-1.6703318704967387, 218.82969927390423, -15.324740022399055, -30.257309941520635]
SPS=62
Eval at step 1149500, survival=2.360%, return=[-1.2860411294968799, 113.04732968807222, -8.045951797093343, -18.61988304093568]
SPS=62
Eval at step 1150000, survival=3.480%, return=[-1.486940340876269, 168.03536282539372, -11.134756359291108, -24.116959064327375]
SPS=62
Eval at step 1150500, survival=10.140%, return=[-2.540915547598464, 473.24799818356814, -36.36395373870376, -59.4444444444452]
SPS=62
Eval at step 1151000, survival=9.623%, return=[-2.455151184888867, 446.69202357848485, -54.59873330384895, -67.50292397660907]
SPS=62
Eval at step 1151500, survival=7.164%, return=[-2.1378098260611296, 344.20412854512534, -36.0440466847164, -41.497076023392005]
SPS=62
Eval at step 1152000, survival=6.684%, return=[-1.9665976840769872, 313.1754339313507, -31.146941398910712, -60.1812865497078]
SPS=62
Eval at step 1152500, survival=6.651%, return=[-2.152624975812311, 315.4359571456908, -43.228120468177316, -41.45614035087744]
SPS=62
Eval at step 1153000, survival=6.581%, return=[-1.888600666328178, 314.0179473145802, -26.23593911257679, -50.16374269005852]
SPS=62
Eval at step 1153500, survival=7.110%, return=[-2.0876915372985727, 344.48420719464616, -17.651637523585425, -46.25146198830445]
SPS=62
Eval at step 1154000, survival=7.866%, return=[-2.1835657779398994, 384.84102608044924, -12.864494704432824, -47.34502923976652]
SPS=62
Eval at step 1154500, survival=6.221%, return=[-1.9495053419377655, 304.74109842936195, -11.92372402465359, -37.88888888888917]
SPS=62
Eval at step 1155000, survival=5.680%, return=[-1.7965580591893133, 281.79630135854103, -21.892471080757485, -39.22807017543868]
SPS=62
Eval at step 1155500, survival=4.762%, return=[-1.7600967564697687, 230.40961820920313, -10.77128290313461, -29.26315789473699]
SPS=62
Eval at step 1156000, survival=10.334%, return=[-2.592723901713422, 487.1255276425679, -35.67278190416255, -56.497076023392395]
SPS=62
Eval at step 1156500, survival=6.800%, return=[-2.0417221367242746, 332.57379483222957, -27.36001655853526, -39.5672514619886]
SPS=62
Eval at step 1157000, survival=6.436%, return=[-1.9279574527560424, 315.402442925771, -21.91869508556556, -38.19883040935696]
SPS=62
Eval at step 1157500, survival=9.007%, return=[-2.3518482888660706, 420.0732069873805, -57.7801090412601, -63.34502923976674]
SPS=62
Eval at step 1158000, survival=9.747%, return=[-2.426365080095517, 460.1330948813759, -43.48683271427095, -59.67251461988372]
SPS=62
Eval at step 1158500, survival=6.329%, return=[-1.950390184065327, 305.5526493708293, -37.395903550893614, -38.614035087719465]
SPS=62
Eval at step 1159000, survival=6.734%, return=[-2.0202871318518496, 322.64294369061804, -38.7701907080503, -46.15789473684233]
SPS=62
Eval at step 1159500, survival=10.809%, return=[-2.9487526154650063, 490.9513546689345, -104.7107988542751, -69.36257309941625]
SPS=62
Eval at step 1160000, survival=5.961%, return=[-1.8661262986133806, 285.0491881767908, -32.490411745447396, -41.85380116959062]
SPS=62
Eval at step 1160500, survival=6.610%, return=[-1.980355689379697, 310.93871081988027, -17.786737402071594, -45.17543859649145]
SPS=62
Eval at step 1161000, survival=7.143%, return=[-2.2263758581054085, 328.34057254473396, -53.519008354851394, -41.85380116959076]
SPS=62
Eval at step 1161500, survival=4.820%, return=[-1.6013504790995892, 233.84403544425967, -14.627091778151225, -36.538011695906505]
SPS=62
Eval at step 1162000, survival=7.201%, return=[-2.0648706322147823, 342.9882492955526, -44.73984830764433, -45.70760233918145]
SPS=62
Eval at step 1162500, survival=6.300%, return=[-1.905720806098543, 302.59258575280506, -24.34188868314474, -46.98245614035102]
SPS=62
Eval at step 1163000, survival=7.362%, return=[-2.0912353376625106, 342.6239178244275, -25.003967135349132, -46.51461988304133]
SPS=62
Eval at step 1163500, survival=5.646%, return=[-1.89188616113582, 261.2514903386435, -36.193762811076645, -41.82456140350913]
SPS=62
Eval at step 1164000, survival=4.328%, return=[-1.640722369251307, 204.7848654365541, -32.635851981157124, -24.906432748538055]
SPS=62
Eval at step 1164500, survival=5.824%, return=[-1.8986398918010916, 275.6555301380158, -65.33138539463107, -35.58479532163761]
SPS=62
Eval at step 1165000, survival=6.349%, return=[-1.9803584269636, 299.67222275733985, -36.190836291988184, -38.57309941520494]
SPS=62
Eval at step 1165500, survival=5.258%, return=[-1.7458321368127752, 251.5710270977019, -34.36196610398201, -33.90058479532163]
SPS=62
Eval at step 1166000, survival=5.448%, return=[-1.896730564457054, 260.3172641658784, -31.063956461711314, -32.95321637426926]
SPS=62
Eval at step 1166500, survival=7.858%, return=[-2.2734383197384886, 367.9920248905817, -80.95708166271409, -48.801169590643724]
SPS=62
Eval at step 1167000, survival=6.428%, return=[-1.9589441733357187, 313.1262529659275, -56.87084629292076, -38.30994152046794]
SPS=62
Eval at step 1167500, survival=5.250%, return=[-1.8861398785375059, 247.13110382080083, -38.31494998581919, -32.935672514619974]
SPS=62
Eval at step 1168000, survival=5.221%, return=[-1.8898572189888607, 243.99235558191936, -31.45888001440714, -28.567251461988274]
SPS=62
Eval at step 1168500, survival=4.679%, return=[-1.7219928218012985, 219.67754078070334, -18.457930175961035, -34.38596491228073]
SPS=62
Eval at step 1169000, survival=4.729%, return=[-1.7109555669206504, 228.17931509335835, -22.479854519168537, -30.69590643274869]
SPS=62
Eval at step 1169500, survival=3.741%, return=[-1.595471129170619, 175.5281139850615, -14.697661120745275, -30.02339181286563]
SPS=62
Eval at step 1170000, survival=6.767%, return=[-2.08623048911492, 321.8562992986044, -60.38872415429796, -40.28654970760264]
SPS=62
Eval at step 1170500, survival=5.448%, return=[-1.929110203248759, 258.8821360603969, -56.60113825131035, -30.60818713450313]
SPS=62
Eval at step 1171000, survival=4.816%, return=[-1.7401783156674355, 236.11596260070812, -22.937925353428, -29.251461988304147]
SPS=62
Eval at step 1171500, survival=6.064%, return=[-1.9958035211311653, 287.9553219254814, -46.4534810124375, -34.8187134502926]
SPS=62
Eval at step 1172000, survival=5.208%, return=[-1.7571114567108452, 255.32476908365894, -29.710733028358543, -35.760233918128854]
SPS=62
Eval at step 1172500, survival=10.830%, return=[-2.8387902490018555, 505.76740758895886, -82.90499452295626, -81.23391812865609]
SPS=62
Eval at step 1173000, survival=8.875%, return=[-2.5172026218303167, 410.769326289495, -58.037027192369045, -51.713450292398186]
SPS=62
Eval at step 1173500, survival=13.732%, return=[-3.332542572907793, 638.183592742284, -153.20486378306182, -106.83625730994324]
SPS=62
Eval at step 1174000, survival=5.907%, return=[-1.9431436822439234, 279.915584024588, -36.07857220256119, -40.57894736842152]
SPS=62
Eval at step 1174500, survival=11.793%, return=[-2.7986731408551955, 522.4400646670666, -227.84848380027324, -111.83040935672649]
SPS=62
Eval at step 1175000, survival=8.218%, return=[-2.3159828810991407, 388.4739606777827, -49.85941781802103, -52.514619883041426]
SPS=63
Eval at step 1175500, survival=6.143%, return=[-1.8706516167731024, 295.7049570465087, -25.67432817100295, -45.812865497076366]
SPS=63
Eval at step 1176000, survival=5.981%, return=[-1.9273857256630436, 282.21808767159797, -26.91144208512075, -45.35087719298263]
SPS=63
Eval at step 1176500, survival=7.044%, return=[-2.0068826902424917, 333.46149426937137, -36.58119773233435, -56.74269005847973]
SPS=63
Eval at step 1177000, survival=7.238%, return=[-2.090289497456979, 348.38244579951015, -34.32467179252611, -56.216374269006245]
SPS=63
Eval at step 1177500, survival=10.785%, return=[-2.5414113527707136, 507.57536606152865, -57.13452725724104, -75.56140350877256]
SPS=63
Eval at step 1178000, survival=9.714%, return=[-2.3216838211325617, 464.46817514101684, -14.279737717404108, -72.5204678362579]
SPS=63
Eval at step 1178500, survival=5.229%, return=[-1.7947072084061801, 251.8186124388376, -7.320471591956448, -41.47368421052655]
SPS=63
Eval at step 1179000, survival=10.123%, return=[-2.4835671747957044, 473.41668011347474, -11.594438459120283, -66.66081871345091]
SPS=63
Eval at step 1179500, survival=4.241%, return=[-1.5639403676614165, 199.1178793430329, -9.473459972534329, -31.666666666666885]
SPS=63
Eval at step 1180000, survival=5.485%, return=[-1.7686383680362876, 262.6094255638125, -23.518486891650053, -39.304093567251506]
SPS=63
Eval at step 1180500, survival=5.771%, return=[-1.8465201703171867, 280.50647937774653, -16.181030167817273, -46.4269005847953]
SPS=63
Eval at step 1181000, survival=5.241%, return=[-1.6863192528253421, 258.38021084308616, -11.156606013314255, -35.900584795321706]
SPS=63
Eval at step 1181500, survival=6.944%, return=[-1.9776576499377068, 334.48121183872183, -45.582738542247775, -49.5497076023398]
SPS=63
Eval at step 1182000, survival=7.717%, return=[-2.124682374764234, 365.2289670626324, -74.79362734025926, -45.70760233918156]
SPS=63
Eval at step 1182500, survival=5.398%, return=[-1.6794806644514513, 261.65537789026894, -16.733252285174483, -42.146198830409666]
SPS=63
Eval at step 1183000, survival=3.216%, return=[-1.424870760703925, 152.4985110632578, -28.98721066575884, -30.95906432748529]
SPS=63
Eval at step 1183500, survival=5.882%, return=[-1.833580446720589, 276.5858638763431, -53.548800579022405, -44.228070175438596]
SPS=63
Eval at step 1184000, survival=4.324%, return=[-1.587378391433352, 210.55829295794183, -7.802718208962081, -26.830409356725145]
SPS=63
Eval at step 1184500, survival=5.378%, return=[-1.6710618173043865, 261.9147358703614, -10.933712810663565, -39.7953216374271]
SPS=63
Eval at step 1185000, survival=6.068%, return=[-1.872806519231138, 295.1190240335464, -11.50638616621533, -42.099415204678515]
SPS=63
Eval at step 1185500, survival=8.581%, return=[-2.277432852832135, 400.3266626707714, -14.581884411318848, -65.69590643274917]
SPS=63
Eval at step 1186000, survival=7.226%, return=[-2.0129349802737124, 340.4246943378446, -32.51860136246736, -59.01754385964966]
SPS=63
Eval at step 1186500, survival=5.287%, return=[-1.6999628980217192, 249.05552670955657, -19.07524790583314, -41.052631578947384]
SPS=63
Eval at step 1187000, survival=6.006%, return=[-1.908254398071828, 286.04797598520946, -28.506557495008263, -44.935672514620045]
SPS=63
Eval at step 1187500, survival=7.680%, return=[-2.077758260187693, 358.55516565322887, -23.42421828280203, -57.7076023391816]
SPS=63
Eval at step 1188000, survival=3.158%, return=[-1.4445262181106955, 151.89845027764645, -10.458272582475425, -21.076023391812928]
SPS=63
Eval at step 1188500, survival=7.837%, return=[-2.168613970396109, 370.3832347742719, -46.64457336233871, -56.28070175438635]
SPS=63
Eval at step 1189000, survival=7.891%, return=[-2.102187242048482, 362.5472589429217, -29.27441448564544, -55.5204678362579]
SPS=63
Eval at step 1189500, survival=6.729%, return=[-1.9217001959720317, 318.9847548707329, -61.97963444754714, -47.333333333333705]
SPS=63
Eval at step 1190000, survival=4.291%, return=[-1.562348200454532, 207.06249850908924, -16.357835620525293, -28.824561403508728]
SPS=63
Eval at step 1190500, survival=3.683%, return=[-1.5329130611692865, 178.1186973349254, -12.148348393816073, -27.53801169590638]
SPS=63
Eval at step 1191000, survival=7.502%, return=[-2.1100227535159015, 362.5816444333397, -16.624619540646865, -45.76023391812902]
SPS=63
Eval at step 1191500, survival=5.729%, return=[-1.863046143592025, 267.5704872322085, -59.14806158586483, -44.67836257309974]
SPS=63
Eval at step 1192000, survival=7.250%, return=[-2.053857488926345, 343.85636473655705, -26.21329969726503, -51.58479532163776]
SPS=63
Eval at step 1192500, survival=7.275%, return=[-2.0805608117564893, 341.3927292855581, -39.730368530438376, -60.03508771929842]
SPS=63
Eval at step 1193000, survival=5.126%, return=[-1.7133370388376836, 238.48499263763435, -28.855122094010465, -38.84795321637437]
SPS=63
Eval at step 1193500, survival=6.572%, return=[-1.9676425746486832, 309.19876684029884, -31.56091515800411, -52.91228070175466]
SPS=63
Eval at step 1194000, survival=6.543%, return=[-2.016085724947819, 297.0881239159906, -124.36687629201333, -50.93567251462031]
SPS=63
Eval at step 1194500, survival=7.858%, return=[-2.367566369706765, 367.84021788597124, -49.15280653118922, -59.01169590643334]
SPS=63
Eval at step 1195000, survival=8.929%, return=[-2.5837614111951552, 405.02240733861913, -34.25142072364785, -76.08771929824667]
SPS=63
Eval at step 1195500, survival=5.411%, return=[-1.8932486088209164, 250.31625960350038, -33.44639070210784, -45.005847953216744]
SPS=63
Eval at step 1196000, survival=10.813%, return=[-2.61472274386324, 507.0048592917124, -44.95648852101416, -83.30409356725268]
SPS=63
Eval at step 1196500, survival=8.970%, return=[-2.350768654840067, 404.72421809196527, -183.4208759860097, -74.21637426900678]
SPS=63
Eval at step 1197000, survival=5.010%, return=[-1.6657511956485298, 240.6558937342962, -12.653698047521175, -37.6374269005849]
SPS=63
Eval at step 1197500, survival=8.300%, return=[-2.2506192087894306, 387.5505831432344, -88.49713225821809, -55.31578947368468]
SPS=63
Eval at step 1198000, survival=5.394%, return=[-1.7658155755877185, 260.622727063497, -43.613963230644, -39.67251461988309]
SPS=63
Eval at step 1198500, survival=5.374%, return=[-1.7236282564505625, 247.11164442221335, -62.33880160896903, -49.83040935672559]
SPS=63
Eval at step 1199000, survival=6.163%, return=[-1.9511325793573633, 286.56274528185554, -60.9657431839781, -40.6959064327487]
SPS=63
Eval at step 1199500, survival=6.118%, return=[-1.946158337329204, 289.7859720579786, -39.99780410148863, -38.72514619883063]
SPS=63
Eval at step 1200000, survival=7.676%, return=[-2.170648278299874, 367.0566677395505, -54.76258833609851, -52.01754385964964]
SPS=63
Eval at step 1200500, survival=5.440%, return=[-1.8196406864444725, 258.71612386703487, -20.88503481248578, -36.83040935672531]
SPS=63
Eval at step 1201000, survival=5.113%, return=[-1.674173212183329, 246.62504627545695, -22.79055773934427, -42.71345029239785]
SPS=63
Eval at step 1201500, survival=7.560%, return=[-2.2412186513150423, 341.7497135066989, -126.04414125352923, -46.10526315789496]
SPS=63
Eval at step 1202000, survival=4.278%, return=[-1.5875045528712992, 202.36907677968358, -48.06206087822405, -34.555555555555664]
SPS=63
Eval at step 1202500, survival=9.495%, return=[-2.585977100126911, 427.5602828327819, -172.2467340717009, -61.36842105263196]
SPS=63
Eval at step 1203000, survival=6.329%, return=[-1.8348494651339327, 296.95287372907006, -22.655833069926302, -49.812865497076416]
SPS=63
Eval at step 1203500, survival=6.151%, return=[-1.8888144663651474, 289.6166097418466, -49.61492585511102, -39.263157894736786]
SPS=63
Eval at step 1204000, survival=6.684%, return=[-1.86513857372726, 317.6154859606425, -23.433182174894075, -54.09356725146217]
SPS=63
Eval at step 1204500, survival=4.820%, return=[-1.64989263395546, 233.61974347432465, -22.480507666690755, -38.02339181286559]
SPS=63
Eval at step 1205000, survival=5.440%, return=[-1.7383842116881472, 254.82326988061268, -32.53690884433551, -39.59064327485395]
SPS=63
Eval at step 1205500, survival=5.514%, return=[-1.7200367367865208, 264.49736817359917, -56.075850623588245, -43.18128654970772]
SPS=63
Eval at step 1206000, survival=8.966%, return=[-2.4096292872951985, 420.61739359696753, -87.56499853547818, -62.62573099415263]
SPS=63
Eval at step 1206500, survival=8.048%, return=[-2.1948545424772115, 382.14004939397176, -58.589557168106694, -54.22807017543903]
SPS=63
Eval at step 1207000, survival=7.217%, return=[-2.110933401156217, 325.17755135536277, -235.5415064057282, -52.23976608187169]
SPS=63
Eval at step 1207500, survival=10.111%, return=[-2.7171971859643236, 458.0292343107858, -130.33303511418248, -51.87134502924035]
SPS=63
Eval at step 1208000, survival=8.391%, return=[-2.3588588926553107, 387.6636994949977, -106.69306720158299, -51.56725146198867]
SPS=63
Eval at step 1208500, survival=5.415%, return=[-1.7799016406061128, 250.66533452669816, -88.23245718927744, -38.01754385964916]
SPS=63
Eval at step 1209000, survival=5.432%, return=[-1.8150256738687556, 256.2596821308137, -75.58914075396144, -34.94736842105262]
SPS=63
Eval at step 1209500, survival=4.902%, return=[-1.6724429043436733, 234.76170672734585, -54.034914867341286, -31.970760233918185]
SPS=63
Eval at step 1210000, survival=3.423%, return=[-1.4875918340403587, 164.42190577507017, -14.402508042296782, -18.649122807017488]
SPS=63
Eval at step 1210500, survival=37.190%, return=[-7.472991600147604, 1716.155587484038, -37.875595788869155, -287.0818713449926]
SPS=63
Eval at step 1211000, survival=5.117%, return=[-1.7393142470973544, 250.41815396467868, -36.90365267303908, -36.48538011695933]
SPS=63
Eval at step 1211500, survival=5.957%, return=[-2.0433569154702127, 279.9741005102796, -63.590532595902914, -37.68421052631604]
SPS=63
Eval at step 1212000, survival=5.374%, return=[-1.7820931313714634, 256.59599548021947, -26.949942909908714, -33.01169590643263]
SPS=63
Eval at step 1212500, survival=5.365%, return=[-1.815742095951767, 260.3930999374389, -15.973084496573696, -41.76023391812867]
SPS=63
Eval at step 1213000, survival=2.757%, return=[-1.4454483355705936, 132.97706369717926, -21.505975126796027, -18.941520467836245]
SPS=63
Eval at step 1213500, survival=6.147%, return=[-1.9163703054461318, 300.10415607134513, -20.63657224193351, -50.24561403508785]
SPS=63
Eval at step 1214000, survival=10.148%, return=[-2.6610932346472205, 471.0232862695057, -75.08339890014031, -88.82456140350997]
SPS=63
Eval at step 1214500, survival=3.935%, return=[-1.597647931581984, 186.7014576498668, -34.668441151312436, -29.573099415204695]
SPS=63
Eval at step 1215000, survival=6.444%, return=[-2.0366893141763285, 306.3261220868429, -17.135266249014723, -67.53216374269029]
SPS=63
Eval at step 1215500, survival=5.365%, return=[-1.8453172101872042, 256.9620677057901, -23.949630611374232, -42.55555555555569]
SPS=63
Eval at step 1216000, survival=7.895%, return=[-2.302551254921127, 365.7855198335651, -90.96287861061865, -49.30994152046828]
SPS=63
Eval at step 1216500, survival=5.241%, return=[-1.8269135993517314, 250.21899966239934, -58.33151741331676, -30.918128654970804]
SPS=63
Eval at step 1217000, survival=5.394%, return=[-1.816222731101637, 263.19771130879735, -49.74356543705062, -36.54385964912285]
SPS=63
Eval at step 1217500, survival=7.684%, return=[-2.246913561966115, 359.2561021828654, -89.32985592831392, -45.152046783625956]
SPS=63
Eval at step 1218000, survival=6.391%, return=[-1.9783259090424206, 307.5469324604673, -44.71158458587403, -57.36257309941529]
SPS=63
Eval at step 1218500, survival=7.312%, return=[-2.1826577415146553, 347.6987069590887, -90.15586071874714, -45.766081871345534]
SPS=63
Eval at step 1219000, survival=6.659%, return=[-1.996114547655452, 319.91721978187576, -47.08166666222193, -55.7894736842109]
SPS=63
Eval at step 1219500, survival=7.337%, return=[-2.2726863129840544, 344.6418162790936, -94.429107520881, -41.83040935672554]
SPS=63
Eval at step 1220000, survival=8.647%, return=[-2.5113351276959293, 398.3150503460568, -120.29744769809167, -50.16374269005892]
SPS=63
Eval at step 1220500, survival=4.704%, return=[-1.7563440897113953, 221.97939027468374, -52.6962775955811, -25.596491228070224]
SPS=63
Eval at step 1221000, survival=9.433%, return=[-2.664585869681711, 432.22270899136794, -116.95765289706469, -44.29239766081911]
SPS=63
Eval at step 1221500, survival=5.539%, return=[-1.9836874613926436, 259.19470046361306, -89.41652365906823, -29.912280701754437]
SPS=63
Eval at step 1222000, survival=6.205%, return=[-1.8604819229998004, 294.6848065837226, -53.25671954833524, -40.74853801169609]
SPS=63
Eval at step 1222500, survival=5.188%, return=[-1.866513563785702, 246.26210166454325, -60.35106314633837, -34.666666666666934]
SPS=63
Eval at step 1223000, survival=6.589%, return=[-1.9966549169815455, 300.21943479855884, -136.9033664460779, -49.76608187134556]
SPS=63
Eval at step 1223500, survival=4.696%, return=[-1.6912237286451273, 219.53356490929914, -29.022236266871914, -31.690058479532258]
SPS=63
Eval at step 1224000, survival=5.572%, return=[-1.8700949429767206, 265.1584288946787, -41.183190661693516, -30.362573099415158]
SPS=63
Eval at step 1224500, survival=6.849%, return=[-2.1581614253809676, 324.83762936274246, -62.40877540170671, -41.853801169590874]
SPS=63
Eval at step 1225000, survival=5.150%, return=[-1.7377187014984277, 239.3349839274089, -29.58478297711311, -30.94152046783653]
SPS=63
Eval at step 1225500, survival=8.953%, return=[-2.5222006616337844, 416.7178507486979, -72.55364966324608, -68.83040935672592]
SPS=63
Eval at step 1226000, survival=7.895%, return=[-2.184247987306056, 372.6970158306761, -57.09447705476365, -47.3508771929829]
SPS=63
Eval at step 1226500, survival=9.482%, return=[-2.412707896437496, 448.4917400264738, -74.70450705355081, -57.63157894736917]
SPS=63
Eval at step 1227000, survival=5.370%, return=[-1.8590472185169347, 249.53616371154794, -79.48920373572037, -40.81871345029244]
SPS=63
Eval at step 1227500, survival=5.833%, return=[-1.852683220951197, 273.93104884465555, -14.060175874367511, -43.567251461988455]
SPS=63
Eval at step 1228000, survival=10.301%, return=[-2.6267298118327744, 479.489527206421, -144.50560524733615, -65.67836257310022]
SPS=63
Eval at step 1228500, survival=7.139%, return=[-2.1826053462767354, 335.3487183284761, -83.14326874166727, -41.13450292397702]
SPS=63
Eval at step 1229000, survival=7.263%, return=[-2.0990660080181747, 333.1399174944564, -112.64219037741054, -44.93567251462017]
SPS=63
Eval at step 1229500, survival=7.858%, return=[-2.3193912993301637, 368.29509662469263, -111.62910996517651, -51.97660818713478]
SPS=63
Eval at step 1230000, survival=7.011%, return=[-2.0602801794108623, 331.18925053914404, -108.60791020820034, -47.12280701754423]
SPS=63
Eval at step 1230500, survival=5.192%, return=[-1.7942673889338039, 240.3055055999757, -52.92559367974172, -32.0935672514622]
SPS=63
Eval at step 1231000, survival=6.779%, return=[-1.9590005679250073, 312.20906507809985, -48.020738966743615, -42.730994152046996]
SPS=63
Eval at step 1231500, survival=8.040%, return=[-2.358794504737792, 379.5651507377624, -103.8587771355936, -49.98830409356782]
SPS=63
Eval at step 1232000, survival=6.122%, return=[-1.9357607589918189, 290.7691054566703, -51.36449780821082, -40.71345029239794]
SPS=63
Eval at step 1232500, survival=3.704%, return=[-1.5552270849584602, 175.44483795801793, -20.598286090456288, -21.309941520467802]
SPS=63
Eval at step 1233000, survival=7.267%, return=[-2.1710522240221812, 332.78219889481915, -95.5407630686653, -47.33333333333385]
SPS=63
Eval at step 1233500, survival=6.039%, return=[-1.9789846825102966, 281.95909492492683, -50.59243749074327, -41.333333333333634]
SPS=63
Eval at step 1234000, survival=6.085%, return=[-1.936032833434486, 283.76296616713245, -40.76904504707394, -33.157894736842316]
SPS=63
Eval at step 1234500, survival=6.667%, return=[-2.1306792508500316, 315.41078052679717, -66.08961418351585, -40.444444444444635]
SPS=63
Eval at step 1235000, survival=6.568%, return=[-1.9836035112966783, 319.0619707107544, -46.25380766048571, -39.68421052631592]
SPS=63
Eval at step 1235500, survival=6.419%, return=[-2.0098270812110663, 300.56846622626, -87.87290186470393, -39.339181286549895]
SPS=63
Eval at step 1236000, survival=5.018%, return=[-1.7944766334840097, 240.08648025035882, -49.6477683755899, -28.09356725146201]
SPS=64
Eval at step 1236500, survival=8.094%, return=[-2.3732555706131584, 377.94080678621935, -97.81139204482315, -62.181286549707956]
SPS=64
Eval at step 1237000, survival=6.742%, return=[-2.067019573917302, 315.3804733467105, -84.67360780470972, -43.10526315789497]
SPS=64
Eval at step 1237500, survival=8.300%, return=[-2.4384784944316684, 382.2401918792727, -104.10511118586389, -47.08187134502955]
SPS=64
Eval at step 1238000, survival=5.489%, return=[-1.919788402155973, 260.39816571394636, -48.42162532523313, -34.69590643274859]
SPS=64
Eval at step 1238500, survival=5.427%, return=[-1.795099382812623, 260.765045379003, -31.241210967864998, -29.380116959064352]
SPS=64
Eval at step 1239000, survival=6.618%, return=[-2.043971376066717, 312.9249995231631, -46.50675932885861, -45.08187134502948]
SPS=64
Eval at step 1239500, survival=4.225%, return=[-1.6286087307380512, 201.0356408341726, -28.685927995752234, -26.649122807017573]
SPS=64
Eval at step 1240000, survival=6.552%, return=[-2.072132956702262, 304.8633698685964, -63.464238835736374, -43.046783625731315]
SPS=64
Eval at step 1240500, survival=9.197%, return=[-2.5136148907671063, 426.05245760281883, -132.9746745313399, -60.7777777777784]
SPS=64
Eval at step 1241000, survival=5.014%, return=[-1.8378363111017582, 236.64403546015433, -49.89089776950156, -29.543859649122947]
SPS=64
Eval at step 1241500, survival=7.267%, return=[-2.1413459923351184, 338.46540228366894, -93.52786372609746, -42.11111111111136]
SPS=64
Eval at step 1242000, survival=9.044%, return=[-2.4357726148252064, 418.3707232157394, -109.66244413776683, -59.79532163742755]
SPS=64
Eval at step 1242500, survival=7.875%, return=[-2.1958593018741035, 366.4768073574707, -68.02562069455598, -50.210526315789956]
SPS=64
Eval at step 1243000, survival=6.217%, return=[-1.9697029334492981, 284.9558211962387, -102.43995319855306, -41.567251461988526]
SPS=64
Eval at step 1243500, survival=7.602%, return=[-2.2196539340269132, 357.85695373217277, -87.73878302324253, -45.55555555555586]
SPS=64
Eval at step 1244000, survival=7.192%, return=[-1.9686150249908678, 341.88306652704904, -36.29938112254604, -41.210526315789735]
SPS=64
Eval at step 1244500, survival=7.275%, return=[-2.103878597728908, 336.38077367146855, -108.17040721166995, -50.25730994152085]
SPS=64
Eval at step 1245000, survival=3.352%, return=[-1.4529682390469436, 162.07421941121416, -15.346341371730281, -19.982456140350862]
SPS=64
Eval at step 1245500, survival=10.276%, return=[-2.5546718762100986, 469.5276781717935, -135.99329677440983, -63.09356725146271]
SPS=64
Eval at step 1246000, survival=7.300%, return=[-2.0866555603570305, 348.617194004059, -43.8245855847393, -38.64912280701769]
SPS=64
Eval at step 1246500, survival=6.064%, return=[-1.8921444011114847, 289.6725845464071, -44.779670762528745, -35.45614035087723]
SPS=64
Eval at step 1247000, survival=8.337%, return=[-2.2807120968354866, 379.4572131013878, -152.8327864293145, -58.0350877192989]
SPS=64
Eval at step 1247500, survival=8.871%, return=[-2.413680234923959, 423.1082569535576, -69.40848070383254, -50.134502923977095]
SPS=64
Eval at step 1248000, survival=6.221%, return=[-1.9594080850365572, 290.6960371335351, -82.8799554259167, -43.877192982456386]
SPS=64
Eval at step 1248500, survival=7.544%, return=[-2.182543720526155, 354.2284314123792, -55.00887977332392, -44.64912280701785]
SPS=64
Eval at step 1249000, survival=4.535%, return=[-1.6997302576589088, 213.06251936912528, -25.719798552250722, -28.28654970760248]
SPS=64
Eval at step 1249500, survival=3.997%, return=[-1.6245256969899249, 191.9982964007061, -28.018597558122718, -29.95906432748537]
SPS=64
Eval at step 1250000, survival=6.882%, return=[-2.009670176097037, 328.0647347164157, -77.88272135820928, -43.49707602339199]
SPS=64
Eval at step 1250500, survival=13.182%, return=[-3.2526780714591346, 608.4138755687078, -51.066467683481584, -112.38011695906572]
SPS=64
Eval at step 1251000, survival=7.184%, return=[-2.610875937602638, 341.486557437579, -21.18291241757106, -60.116959064327744]
SPS=64
Eval at step 1251500, survival=11.322%, return=[-2.962246485229116, 522.7083183113739, -97.18569676635282, -67.32163742690149]
SPS=64
Eval at step 1252000, survival=6.543%, return=[-2.140005615132395, 308.75479145209, -48.48751495814213, -36.5964912280703]
SPS=64
Eval at step 1252500, survival=6.010%, return=[-1.7902972816761273, 283.17783768335966, -17.450352101376364, -36.52631578947405]
SPS=64
Eval at step 1253000, survival=11.355%, return=[-3.1035333929855065, 521.1691157229742, -88.28452901728936, -60.52046783625804]
SPS=64
Eval at step 1253500, survival=6.477%, return=[-2.04444880366403, 292.05241349061345, -157.05372100810928, -47.74853801169606]
SPS=64
Eval at step 1254000, survival=7.755%, return=[-2.1259535405940064, 368.7824409723282, -50.80145353584279, -41.60233918128689]
SPS=64
Eval at step 1254500, survival=7.750%, return=[-2.257490651546201, 353.44354951381666, -119.86127508078546, -43.48538011695964]
SPS=64
Eval at step 1255000, survival=7.300%, return=[-2.080559389820943, 350.52068905671484, -58.82553957523487, -42.49122807017574]
SPS=64
Eval at step 1255500, survival=7.254%, return=[-2.1240433916682377, 342.2304009342193, -39.97009627675774, -42.134502923976875]
SPS=64
Eval at step 1256000, survival=7.903%, return=[-2.2123701376452423, 358.45833458979956, -160.3964066686458, -55.00000000000032]
SPS=64
Eval at step 1256500, survival=7.564%, return=[-2.118060565107347, 350.70887388706205, -89.26336215351814, -47.89473684210568]
SPS=64
Eval at step 1257000, survival=3.968%, return=[-1.5630895473101798, 190.78547183513646, -26.227585388990217, -26.29824561403505]
SPS=64
Eval at step 1257500, survival=7.259%, return=[-2.132542001102896, 345.68371480306024, -62.11577633399671, -47.02339181286572]
SPS=64
Eval at step 1258000, survival=7.821%, return=[-2.2348953464146084, 361.5170676867167, -124.97716565539547, -51.81286549707644]
SPS=64
Eval at step 1258500, survival=9.086%, return=[-2.5096309687166163, 416.78361214001916, -127.095999197804, -64.70760233918209]
SPS=64
Eval at step 1259000, survival=6.581%, return=[-1.9477340438364383, 309.2942378934226, -91.47336614260348, -41.04678362573119]
SPS=64
Eval at step 1259500, survival=17.063%, return=[-3.577037661705011, 779.7058598963417, -165.63859667897245, -99.79532163742873]
SPS=64
Eval at step 1260000, survival=6.808%, return=[-2.094497548105816, 313.2216036891941, -92.53153290077898, -42.33333333333351]
SPS=64
Eval at step 1260500, survival=6.560%, return=[-1.9499717300835375, 312.121189041138, -36.15874660299596, -35.60818713450298]
SPS=64
Eval at step 1261000, survival=5.274%, return=[-1.8255781272697884, 249.02709357897444, -38.36594124947684, -29.561403508771928]
SPS=64
Eval at step 1261500, survival=6.076%, return=[-1.9394587665058982, 284.19893641312945, -67.73573107041496, -33.01754385964929]
SPS=64
Eval at step 1262000, survival=7.246%, return=[-1.952072665056524, 341.29855918248506, -54.28164267710478, -44.45614035087746]
SPS=64
Eval at step 1262500, survival=8.544%, return=[-2.2183180644060485, 403.6833110189438, -51.383583378444506, -47.877192982456485]
SPS=64
Eval at step 1263000, survival=6.639%, return=[-2.0062665169825777, 319.3695339043937, -40.577973741593574, -38.15204678362594]
SPS=64
Eval at step 1263500, survival=7.626%, return=[-2.14461488435821, 361.4369338719054, -55.795531961262895, -43.40350877193007]
SPS=64
Eval at step 1264000, survival=8.420%, return=[-2.4569696789452187, 397.48504584630354, -93.01707583877335, -50.95906432748584]
SPS=64
Eval at step 1264500, survival=9.098%, return=[-2.4930612566531636, 418.8346150700252, -148.3481881383244, -61.491228070176156]
SPS=64
Eval at step 1265000, survival=11.859%, return=[-3.1295144574833103, 552.2420975748695, -156.46212795675578, -75.42690058479634]
SPS=64
Eval at step 1265500, survival=7.953%, return=[-2.3454721447972893, 375.6966681861879, -89.59105615970293, -42.0350877192985]
SPS=64
Eval at step 1266000, survival=7.507%, return=[-2.221511220714698, 350.12746268908205, -60.44684999162564, -46.52046783625753]
SPS=64
Eval at step 1266500, survival=7.825%, return=[-2.238334236239704, 364.4399029858909, -107.73987639237264, -51.8538011695911]
SPS=64
Eval at step 1267000, survival=9.842%, return=[-2.612102380662691, 453.04897762457523, -157.93889682522664, -61.2397660818719]
SPS=64
Eval at step 1267500, survival=10.119%, return=[-2.7221263896596306, 467.82327493826534, -106.55497250097687, -63.730994152047565]
SPS=64
Eval at step 1268000, survival=6.378%, return=[-1.9382963113991234, 296.64975330511726, -43.503768003050936, -40.80701754386015]
SPS=64
Eval at step 1268500, survival=10.677%, return=[-2.6403565758955665, 491.5586004686357, -105.70360831373061, -62.76023391812928]
SPS=64
Eval at step 1269000, survival=6.647%, return=[-1.913278717993914, 315.2970662625633, -38.472978460404796, -38.81286549707615]
SPS=64
Eval at step 1269500, survival=7.085%, return=[-2.0920948390654908, 336.55482636451757, -71.93742763488262, -37.807017543859736]
SPS=64
Eval at step 1270000, survival=9.416%, return=[-2.3925305954762734, 439.19281030813863, -80.40504528380673, -56.34502923976655]
SPS=64
Eval at step 1270500, survival=7.784%, return=[-2.1251157401517653, 361.202464133899, -59.25496843320434, -48.023391812865924]
SPS=64
Eval at step 1271000, survival=8.495%, return=[-2.2653405408685408, 395.0522965637847, -110.09380179160992, -54.79532163742733]
SPS=64
Eval at step 1271500, survival=7.420%, return=[-2.149192007840611, 349.56444200197876, -83.66135295268516, -47.649122807017825]
SPS=64
Eval at step 1272000, survival=7.928%, return=[-2.294235148758162, 369.0761951065063, -47.216310187010095, -46.84210526315826]
SPS=64
Eval at step 1272500, survival=14.290%, return=[-3.284467229153961, 657.7501309951125, -99.28516986037964, -79.70760233918286]
SPS=64
Eval at step 1273000, survival=21.524%, return=[-4.737799193205622, 981.8220623620356, -150.63404704161144, -116.47953216374505]
SPS=64
Eval at step 1273500, survival=6.391%, return=[-1.9152998035230364, 307.26783144633004, -65.60817388081584, -38.163742690058534]
SPS=64
Eval at step 1274000, survival=9.594%, return=[-2.644057803302227, 445.9355295960106, -81.78209052430854, -54.789473684210996]
SPS=64
Eval at step 1274500, survival=10.218%, return=[-2.8839124167182795, 474.9526755428321, -115.19454328029435, -59.81871345029314]
SPS=64
Eval at step 1275000, survival=7.883%, return=[-2.1332357305218466, 370.3384833304087, -62.95255256826446, -50.41520467836284]
SPS=64
Eval at step 1275500, survival=9.573%, return=[-2.491846920165699, 432.0857238483432, -136.50965694230885, -59.40935672514686]
SPS=64
Eval at step 1276000, survival=10.809%, return=[-2.688316921237856, 483.67908364295994, -92.73566394703569, -81.73099415204794]
SPS=64
Eval at step 1276500, survival=11.012%, return=[-2.941222714687077, 505.9207264820739, -146.05633373009428, -63.90058479532248]
SPS=64
Eval at step 1277000, survival=6.887%, return=[-2.1313057394581847, 315.7066092999776, -97.9512526158748, -42.66081871345073]
SPS=64
Eval at step 1277500, survival=7.527%, return=[-2.0740506039971174, 359.2406084012987, -30.5496903633466, -43.14035087719312]
SPS=64
Eval at step 1278000, survival=10.313%, return=[-2.7760260436528674, 475.8332915925982, -88.21024263069557, -55.21637426900643]
SPS=64
Eval at step 1278500, survival=8.495%, return=[-2.34283852778996, 393.470927448273, -63.89138044346328, -42.67251461988328]
SPS=64
Eval at step 1279000, survival=7.982%, return=[-2.3236737909416356, 373.78404367764796, -70.26168138599799, -39.55555555555579]
SPS=64
Eval at step 1279500, survival=9.197%, return=[-2.305365517580261, 433.949121114413, -60.16404413707884, -45.94736842105298]
SPS=64
Eval at step 1280000, survival=7.825%, return=[-2.1931713151279837, 364.31872387250286, -37.68094037060897, -44.23391812865526]
SPS=64
Eval at step 1280500, survival=7.945%, return=[-2.1554473193439967, 374.9192154630029, -54.57072508983159, -46.456140350877526]
SPS=64
Eval at step 1281000, survival=28.100%, return=[-5.255798310604102, 1308.3273288234059, -161.10249223421064, -172.49122807017912]
SPS=64
Eval at step 1281500, survival=10.206%, return=[-2.493601236395383, 472.36964902242124, -61.21282980441416, -52.63157894736895]
SPS=64
Eval at step 1282000, survival=9.883%, return=[-2.411258988043604, 465.4462001991272, -47.73598721491695, -64.69590643274933]
SPS=64
Eval at step 1282500, survival=6.056%, return=[-1.9395135597248252, 288.1938706715904, -61.2428273652234, -37.087719298245766]
SPS=64
Eval at step 1283000, survival=7.403%, return=[-2.1478608746159202, 341.81554910818767, -67.49244606084055, -47.292397660819034]
SPS=64
Eval at step 1283500, survival=9.478%, return=[-2.559005566193567, 434.79740146319097, -130.08432010287288, -55.549707602339744]
SPS=64
Eval at step 1284000, survival=6.696%, return=[-2.0236503602354787, 312.344295153618, -83.26339913997678, -37.163742690058676]
SPS=64
Eval at step 1284500, survival=8.408%, return=[-2.425109805597458, 383.1506933339437, -98.16821202987437, -46.12865497076052]
SPS=64
Eval at step 1285000, survival=9.139%, return=[-2.4947189681309587, 414.7918660783774, -157.38610307142758, -50.11695906432778]
SPS=64
Eval at step 1285500, survival=10.892%, return=[-2.9048107495182194, 494.47765640417737, -187.06239721189195, -64.87134502924057]
SPS=64
Eval at step 1286000, survival=7.325%, return=[-2.103100474070137, 351.8417473793033, -53.67269127887198, -37.146198830409524]
SPS=64
Eval at step 1286500, survival=6.072%, return=[-1.9034503832032594, 291.38692619641625, -18.33907873025358, -35.87134502923987]
SPS=64
Eval at step 1287000, survival=2.894%, return=[-1.3979822896265734, 140.74324618975325, -10.268336662108291, -19.35672514619882]
SPS=64
Eval at step 1287500, survival=12.558%, return=[-3.1561492163843163, 580.3347818724314, -152.4222800606279, -105.80116959064479]
SPS=64
Eval at step 1288000, survival=12.037%, return=[-2.6740477078710683, 566.2252778005594, -38.36555934137626, -67.35672514619974]
SPS=64
Eval at step 1288500, survival=10.557%, return=[-3.037372053212797, 479.25377988179525, -31.04555972495973, -69.88888888888968]
SPS=64
Eval at step 1289000, survival=9.396%, return=[-2.506670657196082, 431.9784980328877, -49.38517848303369, -51.03508771929872]
SPS=64
Eval at step 1289500, survival=5.159%, return=[-1.8250777509335119, 241.87000021616612, -21.89458500110777, -31.23976608187147]
SPS=64
Eval at step 1290000, survival=6.283%, return=[-1.983167182537727, 299.599631840388, -19.859513845464488, -38.14619883040941]
SPS=64
Eval at step 1290500, survival=4.043%, return=[-1.6232231757603586, 186.1216746250791, -35.520483290256685, -25.122807017543916]
SPS=64
Eval at step 1291000, survival=5.320%, return=[-1.6968654866990012, 258.7843059237798, -15.483026487849807, -35.081871345029164]
SPS=64
Eval at step 1291500, survival=4.601%, return=[-2.0043334889924154, 204.29178202788023, -9.685121976508526, -31.081871345029683]
SPS=64
Eval at step 1292000, survival=3.352%, return=[-1.4707712534776267, 167.64427539507545, -6.373067324602744, -25.526315789473717]
SPS=64
Eval at step 1292500, survival=14.385%, return=[-3.2154959522692175, 673.2772313483554, -89.04858974812184, -84.63157894736995]
SPS=64
Eval at step 1293000, survival=7.961%, return=[-2.33407202642411, 368.52150373140995, -77.92399749719577, -51.970760233918384]
SPS=64
Eval at step 1293500, survival=9.970%, return=[-2.5890012847764106, 466.85136205673217, -51.087983132097484, -57.97660818713513]
SPS=64
Eval at step 1294000, survival=10.466%, return=[-2.4461754973939, 501.1064902083076, -41.81054018922441, -70.84795321637507]
SPS=64
Eval at step 1294500, survival=11.516%, return=[-2.666003790781057, 530.9794756619133, -71.56759644016104, -84.35672514619998]
SPS=64
Eval at step 1295000, survival=9.420%, return=[-2.6379784415281997, 428.1025291601822, -120.39296749949183, -49.4561403508776]
SPS=64
Eval at step 1295500, survival=11.359%, return=[-3.1223278862889856, 505.79007925192514, -231.35350624943385, -64.11695906432833]
SPS=64
Eval at step 1296000, survival=7.924%, return=[-2.287576907062127, 366.5035301272076, -88.51212474672502, -42.169590643275136]
SPS=64
Eval at step 1296500, survival=8.408%, return=[-2.5455515680563017, 376.44446001370653, -152.9706414033426, -40.26315789473721]
SPS=64
Eval at step 1297000, survival=5.775%, return=[-1.8828188282786869, 276.53999354680394, -76.98366779183561, -35.34502923976613]
SPS=64
Eval at step 1297500, survival=7.060%, return=[-2.2695114976959303, 319.0791410271329, -105.23464459637277, -34.16374269005852]
SPS=64
Eval at step 1298000, survival=9.726%, return=[-2.8430999553917595, 440.5865295553199, -117.88598684425718, -51.65497076023464]
SPS=64
Eval at step 1298500, survival=6.407%, return=[-2.0417756553700506, 301.0942137837413, -47.9223078085876, -36.68421052631583]
SPS=64
Eval at step 1299000, survival=8.337%, return=[-2.33148256293498, 384.99181790033964, -66.45487672653205, -42.80116959064356]
SPS=64
Eval at step 1299500, survival=7.172%, return=[-2.202787974034436, 338.9739140971504, -54.361320844131114, -45.947368421052886]
SPS=64
Eval at step 1300000, survival=6.085%, return=[-1.9918427587642025, 280.28034391403224, -90.64224506949176, -36.25146198830415]
SPS=64
Eval at step 1300500, survival=11.310%, return=[-2.611301760499676, 524.5948877684278, -25.080897607368872, -74.970760233919]
SPS=64
Eval at step 1301000, survival=6.419%, return=[-2.060079605648449, 304.5810207287472, -57.53182848743745, -36.1345029239767]
SPS=64
Eval at step 1301500, survival=4.572%, return=[-1.7414872609854986, 212.96766467412328, -35.97635885319081, -24.58479532163744]
SPS=64
Eval at step 1302000, survival=11.074%, return=[-2.7977633979171515, 518.6037988917033, -70.60427790181286, -74.88888888888987]
SPS=64
Eval at step 1302500, survival=4.787%, return=[-1.69358789959612, 223.37471078077954, -31.645170171408, -30.16374269005855]
SPS=64
Eval at step 1303000, survival=6.031%, return=[-1.9172702645106863, 286.1095076402029, -39.02885714181078, -34.38011695906445]
SPS=64
Eval at step 1303500, survival=5.171%, return=[-1.7267942347098142, 251.43715243657434, -45.300480288155086, -28.75438596491227]
SPS=64
Eval at step 1304000, survival=5.295%, return=[-1.8012572053897504, 255.68714295387258, -22.723213713087414, -28.233918128654977]
SPS=64
Eval at step 1304500, survival=7.366%, return=[-2.1563289270270616, 340.87648162206034, -85.8710558919259, -44.152046783626155]
SPS=64
Eval at step 1305000, survival=6.994%, return=[-2.175455603224691, 314.3296487935388, -109.95734851053628, -41.9941520467838]
SPS=64
Eval at step 1305500, survival=6.808%, return=[-2.157022631513731, 313.29179602623026, -130.80736216392083, -49.28654970760283]
SPS=64
Eval at step 1306000, survival=10.661%, return=[-2.8751822879227498, 482.3177530320492, -156.34840129855488, -58.82456140350945]
SPS=64
Eval at step 1306500, survival=8.664%, return=[-2.3425337407776774, 410.107737647693, -93.00582652751473, -60.380116959064885]
SPS=64
Eval at step 1307000, survival=7.172%, return=[-2.4095871695705378, 319.05843904972113, -99.26296976447338, -60.73684210526361]
SPS=64
Eval at step 1307500, survival=2.848%, return=[-1.41076911011866, 134.63563391367583, -21.08952451609851, -20.41520467836256]
SPS=64
Eval at step 1308000, survival=14.699%, return=[-3.072438942753555, 672.0583808644624, -74.28262097390932, -135.1871345029241]
SPS=64
Eval at step 1308500, survival=5.928%, return=[-2.0209718082721033, 272.3107592733701, -42.6684612960089, -49.017543859649436]
SPS=64
Eval at step 1309000, survival=6.618%, return=[-1.97417425030532, 310.2837249159815, -114.82099870536088, -41.116959064327744]
SPS=64
Eval at step 1309500, survival=1.893%, return=[-1.26937616794991, 88.30939482212068, -14.560881470009917, -14.064327485380097]
SPS=64
Eval at step 1310000, survival=2.121%, return=[-1.3365442889432113, 96.65893916447969, -48.83291377323136, -18.24561403508776]
SPS=64
Eval at step 1310500, survival=6.374%, return=[-1.9100252494875651, 308.1157317876816, -28.913649438117016, -43.59064327485402]
SPS=64
Eval at step 1311000, survival=8.420%, return=[-2.386931997432839, 391.4504663753514, -107.67110565539527, -49.976608187134836]
SPS=64
Eval at step 1311500, survival=3.939%, return=[-1.567669632398368, 188.42301361560826, -27.93040711816381, -24.409356725146168]
SPS=64
Eval at step 1312000, survival=9.954%, return=[-2.639310044120066, 464.32318989594813, -60.66266903094947, -58.13450292397727]
SPS=64
Eval at step 1312500, survival=8.933%, return=[-2.4990050344883152, 422.69014223575635, -94.69581105747966, -59.81871345029291]
SPS=64
Eval at step 1313000, survival=4.439%, return=[-1.6365009568010767, 211.841315557162, -19.11310849980934, -33.005847953216424]
SPS=64
Eval at step 1313500, survival=7.486%, return=[-2.16603990001992, 352.81600016911835, -43.91618359588599, -42.760233918128904]
SPS=64
Eval at step 1314000, survival=7.701%, return=[-2.1662526819854975, 350.6194321187333, -38.652565285752644, -42.57894736842169]
SPS=64
Eval at step 1314500, survival=4.704%, return=[-1.746373165185408, 221.24794083436325, -27.187603704292467, -29.80116959064331]
SPS=64
Eval at step 1315000, survival=5.535%, return=[-1.7761144728865474, 262.7355045191446, -19.387567770356934, -35.415204678362805]
SPS=64
Eval at step 1315500, survival=6.469%, return=[-1.856313768599648, 310.4049617465335, -19.101200968783814, -43.456140350877575]
SPS=64
Eval at step 1316000, survival=5.175%, return=[-1.688681272265967, 238.80014157931018, -23.25178452414305, -32.88888888888914]
SPS=64
Eval at step 1316500, survival=2.302%, return=[-1.2751892392795223, 108.81910092989598, -30.089299129438587, -18.426900584795295]
SPS=64
Eval at step 1317000, survival=6.436%, return=[-1.890285722212866, 297.5539701573057, -118.74736344283883, -49.18713450292412]
SPS=64
Eval at step 1317500, survival=7.635%, return=[-2.228981979113693, 360.96385483741795, -20.6716129478494, -47.75438596491279]
SPS=64
Eval at step 1318000, survival=6.440%, return=[-2.0164119825155162, 301.66126025994623, -36.87378587728987, -39.73099415204688]
SPS=64
Eval at step 1318500, survival=5.944%, return=[-1.8725707177072763, 283.44993241786966, -35.541646402862774, -36.66081871345029]
SPS=64
Eval at step 1319000, survival=7.254%, return=[-2.0598189768303805, 343.4707038354875, -66.24415906496385, -47.57894736842135]
SPS=65
Eval at step 1319500, survival=6.903%, return=[-2.2358035605284385, 318.2677464691797, -27.14756963614006, -46.011695906433054]
SPS=65
Eval at step 1320000, survival=5.436%, return=[-1.7693414434518975, 261.87232408523545, -36.83531613933155, -33.73684210526329]
SPS=65
Eval at step 1320500, survival=7.436%, return=[-2.456132849561982, 333.5626277478544, -156.8258574355823, -54.63157894736897]
SPS=65
Eval at step 1321000, survival=4.960%, return=[-1.6585122360265814, 235.9179208723706, -21.11294445011299, -30.836257309941555]
SPS=65
Eval at step 1321500, survival=6.114%, return=[-1.8718927948114772, 292.8805436213813, -34.41689621407446, -38.801169590643376]
SPS=65
Eval at step 1322000, survival=8.503%, return=[-2.347926005818105, 390.8070643361414, -167.57382137094586, -54.70175438596556]
SPS=65
Eval at step 1322500, survival=10.388%, return=[-2.6981829925013394, 474.3746973196662, -105.40063322232163, -62.169590643275775]
SPS=65
Eval at step 1323000, survival=10.689%, return=[-2.5280387465803265, 500.1593680953982, -54.32754723460918, -73.94152046783708]
SPS=65
Eval at step 1323500, survival=5.936%, return=[-1.9474776404482934, 278.97568144639354, -51.692906891771905, -36.54970760233942]
SPS=65
Eval at step 1324000, survival=9.528%, return=[-2.760465642223911, 456.288764060338, -13.306076545714555, -61.47953216374386]
SPS=65
Eval at step 1324500, survival=3.720%, return=[-1.6834889780147932, 166.09305478731815, -46.066851686880305, -20.070175438596593]
SPS=65
Eval at step 1325000, survival=6.535%, return=[-2.06757984108602, 296.47794343630466, -61.29787164982228, -34.71929824561436]
SPS=65
Eval at step 1325500, survival=7.730%, return=[-2.5268058070602515, 351.432503851255, -48.555842092978615, -46.461988304094035]
SPS=65
Eval at step 1326000, survival=5.188%, return=[-1.9464743656571954, 241.67308548450475, -15.14319253549911, -31.67836257309955]
SPS=65
Eval at step 1326500, survival=4.816%, return=[-1.8295843130908906, 219.69869350592307, -37.153009164093724, -35.84795321637426]
SPS=65
Eval at step 1327000, survival=5.196%, return=[-1.8346324768305446, 239.04876345316586, -57.98585817654384, -32.16374269005852]
SPS=65
Eval at step 1327500, survival=10.218%, return=[-2.7870205177071816, 468.2808497015626, -136.97984915317525, -70.07602339181385]
SPS=65
Eval at step 1328000, survival=8.193%, return=[-2.336074031831231, 370.159074103038, -143.13919122978646, -57.72514619883126]
SPS=65
Eval at step 1328500, survival=8.821%, return=[-2.5095262519704797, 399.901322636604, -99.93584120390976, -48.38596491228113]
SPS=65
Eval at step 1329000, survival=7.664%, return=[-2.2273198145558126, 351.4937689940136, -73.35054233600385, -52.31578947368444]
SPS=65
Eval at step 1329500, survival=4.386%, return=[-1.622166250036874, 211.67850923856096, -22.521283529801924, -26.029239766081872]
SPS=65
Eval at step 1330000, survival=7.279%, return=[-2.0532011197065003, 338.7573680909473, -63.376352169832295, -43.66666666666697]
SPS=65
Eval at step 1330500, survival=32.176%, return=[-6.972264190689505, 1423.3059864552724, -784.8412924424374, -256.79532163742357]
SPS=65
Eval at step 1331000, survival=11.996%, return=[-3.2098218399720886, 529.638834788005, -166.27910238361315, -65.29239766081939]
SPS=65
Eval at step 1331500, survival=5.320%, return=[-1.811973095308834, 251.36226388374982, -45.41203508948092, -32.58479532163745]
SPS=65
Eval at step 1332000, survival=12.595%, return=[-3.107572498440277, 554.1329507430368, -448.6949967301528, -89.38011695906609]
SPS=65
Eval at step 1332500, survival=7.395%, return=[-2.228856493602507, 338.0501354376479, -105.85642688742821, -52.28654970760264]
SPS=65
Eval at step 1333000, survival=3.609%, return=[-1.4940500141431887, 174.94728625774385, -16.112204429053236, -24.152046783625718]
SPS=65
Eval at step 1333500, survival=6.349%, return=[-2.002315867207168, 305.93258202075987, -59.37230507207763, -48.08771929824593]
SPS=65
Eval at step 1334000, survival=9.764%, return=[-2.758412055807033, 441.8710592079156, -143.3289423045935, -47.584795321637785]
SPS=65
Eval at step 1334500, survival=4.563%, return=[-1.720731087475239, 217.80473395029716, -59.3266190791619, -28.040935672514752]
SPS=65
Eval at step 1335000, survival=10.144%, return=[-2.761785426972589, 454.969867580732, -97.87097207004263, -64.85964912280768]
SPS=65
Eval at step 1335500, survival=4.721%, return=[-1.72737878508633, 219.1899189440411, -66.35457978871757, -26.39766081871342]
SPS=65
Eval at step 1336000, survival=4.816%, return=[-1.7395714717373874, 227.16008980115262, -81.26156344041313, -36.50292397660821]
SPS=65
Eval at step 1336500, survival=3.402%, return=[-1.4566323272883892, 158.16474253336585, -15.173480842883388, -23.660818713450272]
SPS=65
Eval at step 1337000, survival=13.583%, return=[-3.5141979790835953, 596.0479428537684, -247.88176488199193, -61.59649122807088]
SPS=65
Eval at step 1337500, survival=7.279%, return=[-2.1890440158507167, 333.7622554969788, -91.48321804161726, -39.13450292397671]
SPS=65
Eval at step 1338000, survival=8.978%, return=[-2.4438145493040793, 416.838558479945, -90.25378539709102, -58.532163742690635]
SPS=65
Eval at step 1338500, survival=4.874%, return=[-1.7515546716943693, 226.99586009502437, -60.3163786893953, -26.040935672514617]
SPS=65
Eval at step 1339000, survival=7.746%, return=[-2.165382116121085, 361.10271052598955, -28.243568227063708, -55.33918128655017]
SPS=65
Eval at step 1339500, survival=2.794%, return=[-1.4636594634891178, 129.14060131073003, -8.74270013809049, -17.94152046783619]
SPS=65
Eval at step 1340000, survival=7.044%, return=[-2.1627020618179813, 324.8888109540941, -35.36158756215203, -48.47953216374298]
SPS=65
Eval at step 1340500, survival=8.540%, return=[-2.6008929734816775, 385.0889220015212, -98.83726048696735, -47.61988304093601]
SPS=65
Eval at step 1341000, survival=3.518%, return=[-1.4972937735146843, 166.9551728916168, -24.32162869653257, -21.67836257309933]
SPS=65
Eval at step 1341500, survival=5.208%, return=[-1.80714941562231, 251.89045173327136, -15.205604682545527, -29.415204678362453]
SPS=65
Eval at step 1342000, survival=8.627%, return=[-2.453937876600927, 395.2002345720928, -128.0278456762268, -45.18713450292429]
SPS=65
Eval at step 1342500, survival=7.164%, return=[-2.2757377175148576, 320.4483323812487, -112.21286118853216, -37.111111111111285]
SPS=65
Eval at step 1343000, survival=13.645%, return=[-3.4790574087140462, 609.9566062370932, -200.98066683122306, -76.327485380118]
SPS=65
Eval at step 1343500, survival=6.035%, return=[-2.015103493623125, 272.56640906651825, -107.77786310755376, -38.43274853801165]
SPS=65
Eval at step 1344000, survival=10.689%, return=[-2.7298451194462054, 488.86094653924266, -116.71953298067638, -58.742690058480235]
SPS=65
Eval at step 1344500, survival=6.519%, return=[-2.028594413306564, 298.5898271258673, -104.89773601765046, -35.853801169590774]
SPS=65
Eval at step 1345000, survival=9.156%, return=[-2.7316995342456116, 404.10294327894866, -214.76653910358195, -73.93567251462065]
SPS=65
Eval at step 1345500, survival=7.250%, return=[-2.2449064380683317, 325.9573007806146, -156.1400009970918, -42.36257309941553]
SPS=65
Eval at step 1346000, survival=9.015%, return=[-2.5877168160708, 406.24276747862524, -137.85822178411763, -45.713450292397965]
SPS=65
Eval at step 1346500, survival=6.023%, return=[-1.847738116106484, 286.6389682388304, -86.85774770579845, -47.847953216374854]
SPS=65
Eval at step 1347000, survival=6.494%, return=[-2.058595515554771, 301.30759078343743, -69.23897360738677, -38.8479532163744]
SPS=65
Eval at step 1347500, survival=5.088%, return=[-1.6719921708184604, 243.18525546232866, -28.585019481513882, -30.590643274853807]
SPS=65
Eval at step 1348000, survival=10.024%, return=[-2.8204438485360392, 452.3711173788711, -162.5966036987132, -65.84795321637485]
SPS=65
Eval at step 1348500, survival=5.576%, return=[-1.7495598244131543, 270.2541672293348, -43.162261160187576, -36.257309941520525]
SPS=65
Eval at step 1349000, survival=4.853%, return=[-1.8356372664760177, 219.5778997929891, -70.60284255586642, -25.52631578947376]
SPS=65
Eval at step 1349500, survival=5.353%, return=[-1.8547481134107027, 255.12320790926628, -84.76594596190262, -30.321637426900548]
SPS=65
Eval at step 1350000, survival=8.660%, return=[-2.572191775407797, 382.99646050135374, -177.48026756740487, -42.99415204678393]
SPS=65
Eval at step 1350500, survival=14.736%, return=[-3.7317774561815895, 658.943387651441, -279.20966007414, -70.81871345029346]
SPS=65
Eval at step 1351000, survival=4.857%, return=[-1.8754906130488962, 216.66089438915267, -93.25727026504076, -27.865497076023473]
SPS=65
Eval at step 1351500, survival=4.675%, return=[-1.7524245993699878, 214.19188515663177, -88.93749675178454, -22.67836257309935]
SPS=65
Eval at step 1352000, survival=11.971%, return=[-3.1384311954801283, 542.2189140526453, -158.57492578612073, -70.81871345029337]
SPS=65
Eval at step 1352500, survival=8.358%, return=[-2.2552630455660014, 392.29648795127855, -84.38669984713972, -52.59064327485418]
SPS=65
Eval at step 1353000, survival=8.573%, return=[-2.308726051259631, 390.720324357351, -94.92258197419385, -41.70760233918179]
SPS=65
Eval at step 1353500, survival=6.878%, return=[-2.092109427418715, 315.50145219802886, -141.16918865368157, -46.4269005847955]
SPS=65
Eval at step 1354000, survival=6.089%, return=[-2.0125208673804686, 279.62979806264275, -111.25863780329625, -38.10526315789503]
SPS=65
Eval at step 1354500, survival=9.098%, return=[-2.443515708359579, 419.5637382380171, -116.29991612892142, -53.53801169590693]
SPS=65
Eval at step 1355000, survival=5.518%, return=[-1.826261990024553, 255.11611771424614, -72.1262476867026, -36.134502923976754]
SPS=65
Eval at step 1355500, survival=8.222%, return=[-2.265101964546678, 384.4615296300255, -111.39508155058138, -49.18713450292401]
SPS=65
Eval at step 1356000, survival=6.605%, return=[-1.848879977692074, 312.45048485755916, -28.90867214325893, -40.894736842105395]
SPS=65
Eval at step 1356500, survival=9.048%, return=[-2.362723144935444, 419.4600966358186, -77.94576476419267, -57.59064327485445]
SPS=65
Eval at step 1357000, survival=10.685%, return=[-2.6173213725560345, 489.2852565765377, -109.78248378751839, -58.43274853801234]
SPS=65
Eval at step 1357500, survival=15.931%, return=[-3.3245118882429474, 738.0123888222356, -204.21038473541557, -92.05847953216532]
SPS=65
Eval at step 1358000, survival=9.400%, return=[-2.655322907861167, 436.47364337603267, -34.11880263524487, -59.02339181286621]
SPS=65
Eval at step 1358500, survival=5.994%, return=[-1.9262130157051918, 285.4398171917598, -55.12950795482417, -30.181286549707618]
SPS=65
Eval at step 1359000, survival=7.168%, return=[-2.0445225021491447, 329.0266370884577, -36.485050161039304, -49.95321637426957]
SPS=65
Eval at step 1359500, survival=5.345%, return=[-1.7887960193523516, 253.7817575391135, -34.09188902524571, -32.82456140350896]
SPS=65
Eval at step 1360000, survival=5.287%, return=[-1.7692584385319303, 250.60834000587474, -33.6894148580468, -31.918128654971003]
SPS=65
Eval at step 1360500, survival=9.983%, return=[-2.5356612923787907, 470.7340060011542, -98.09077364189822, -58.906432748538485]
SPS=65
Eval at step 1361000, survival=4.927%, return=[-1.7036325650212045, 235.38296091715506, -35.118635949101495, -31.0350877192984]
SPS=65
Eval at step 1361500, survival=8.321%, return=[-2.336461593552182, 380.68815562884043, -109.71882045698446, -50.00000000000042]
SPS=65
Eval at step 1362000, survival=4.047%, return=[-1.6427628610593576, 189.48758899688718, -31.228013508351676, -20.906432748538077]
SPS=65
Eval at step 1362500, survival=7.399%, return=[-2.0990907451875196, 358.21550617059097, -53.53773612822988, -42.128654970760486]
SPS=65
Eval at step 1363000, survival=6.130%, return=[-1.9266887966465827, 292.8401330788932, -34.47498786630846, -33.82456140350887]
SPS=65
Eval at step 1363500, survival=6.432%, return=[-1.9666722072482419, 301.03195152203256, -36.90918152745871, -35.30409356725159]
SPS=65
Eval at step 1364000, survival=5.804%, return=[-1.9386173628930312, 273.1763624493281, -41.50832169706094, -35.43274853801163]
SPS=65
Eval at step 1364500, survival=4.043%, return=[-1.5840790023406346, 198.2575064007442, -23.110079987091012, -23.69590643274847]
SPS=65
Eval at step 1365000, survival=5.940%, return=[-1.8535626520363924, 282.53191728115104, -23.77002090255458, -34.46198830409355]
SPS=65
Eval at step 1365500, survival=9.020%, return=[-2.5105718785586455, 425.13666184425347, -49.27460352278528, -73.5672514619892]
SPS=65
Eval at step 1366000, survival=5.576%, return=[-1.8119907449775685, 265.74887070178994, -26.49536587832578, -35.90058479532172]
SPS=65
Eval at step 1366500, survival=4.349%, return=[-1.6402633813753102, 209.79475566705082, -38.307532487456534, -34.76023391812868]
SPS=65
Eval at step 1367000, survival=6.419%, return=[-1.9809215477046866, 301.7811871814729, -24.794238270551432, -51.649122807017825]
SPS=65
Eval at step 1367500, survival=3.807%, return=[-1.4814078486330498, 186.6770131635667, -28.126466522843355, -22.719298245613984]
SPS=65
Eval at step 1368000, survival=3.067%, return=[-1.475499027040011, 147.71414273897804, -8.981442819039026, -17.637426900584718]
SPS=65
Eval at step 1368500, survival=5.895%, return=[-2.001103859123153, 282.29646535396574, -77.6747018572787, -45.52046783625749]
SPS=65
Eval at step 1369000, survival=7.875%, return=[-2.2728244236592823, 365.05375423272454, -64.84991027934302, -48.49707602339216]
SPS=65
Eval at step 1369500, survival=5.109%, return=[-1.7123666472616605, 243.68252327601135, -27.12778052901073, -32.54970760233926]
SPS=65
Eval at step 1370000, survival=5.308%, return=[-1.7747420806942198, 257.86209181467694, -35.06281579333396, -33.181286549707615]
SPS=65
Eval at step 1370500, survival=4.816%, return=[-1.699072530105089, 232.21273332436877, -19.113871329844795, -40.83040935672519]
SPS=65
Eval at step 1371000, survival=4.832%, return=[-1.5794911398164306, 230.96078554630273, -19.05971333417013, -40.748538011695906]
SPS=65
Eval at step 1371500, survival=5.609%, return=[-1.8503432488651015, 265.86643590132394, -37.00236521983728, -41.63157894736849]
SPS=65
Eval at step 1372000, survival=5.229%, return=[-1.7770373730842646, 244.14299481074036, -35.593641712640725, -38.298245614035174]
SPS=65
Eval at step 1372500, survival=7.990%, return=[-2.1870267022556313, 381.79365387916613, -83.19115104198863, -66.26900584795393]
SPS=65
Eval at step 1373000, survival=6.796%, return=[-2.0316554740226516, 323.8928364404046, -47.873389280808624, -45.74853801169601]
SPS=65
Eval at step 1373500, survival=4.332%, return=[-1.5854813521921944, 206.17946753660848, -12.048360260669142, -26.403508771929793]
SPS=65
Eval at step 1374000, survival=4.911%, return=[-1.706172163054968, 241.1707740592956, -17.411347238075297, -48.116959064327396]
SPS=65
Eval at step 1374500, survival=6.217%, return=[-1.9369479941475827, 297.2188740452129, -19.152532957402098, -41.05263157894749]
SPS=65
Eval at step 1375000, survival=6.415%, return=[-2.013070834936419, 300.3445080439251, -10.436725964316187, -55.432748538012156]
SPS=65
Eval at step 1375500, survival=8.247%, return=[-2.2945243277742216, 391.6739172577857, -35.72360715942341, -53.19883040935722]
SPS=65
Eval at step 1376000, survival=6.998%, return=[-2.313530641433317, 320.20314967314386, -23.906534947338514, -53.58479532163809]
SPS=65
Eval at step 1376500, survival=6.775%, return=[-1.9160689436636555, 323.02960232575737, -14.989417677587577, -49.473684210526635]
SPS=65
Eval at step 1377000, survival=4.659%, return=[-1.6861939614949126, 222.08809557120014, -15.163828500701735, -31.678362573099417]
SPS=65
Eval at step 1377500, survival=6.672%, return=[-2.087884600701121, 310.74111836910265, -36.520684906407645, -46.03508771929845]
SPS=65
Eval at step 1378000, survival=3.993%, return=[-1.558885345662323, 190.5749656502406, -13.071718395357797, -27.21052631578964]
SPS=65
Eval at step 1378500, survival=5.374%, return=[-1.8093025175039656, 257.31459794521345, -24.8198100173128, -40.50877192982458]
SPS=65
Eval at step 1379000, survival=3.745%, return=[-1.6246722896466963, 176.25334511280064, -25.219246205141342, -29.20467836257315]
SPS=65
Eval at step 1379500, survival=6.047%, return=[-1.9588367616330895, 280.8796720091503, -53.01395145353308, -47.43274853801197]
SPS=65
Eval at step 1380000, survival=13.207%, return=[-3.097426964493934, 597.0217675892508, -168.0769045101115, -94.09356725146351]
SPS=65
Eval at step 1380500, survival=9.565%, return=[-2.4847570691684573, 445.52848660469067, -80.82179949926892, -65.45614035087796]
SPS=65
Eval at step 1381000, survival=4.200%, return=[-1.5546589384321123, 203.63837749004358, -10.126912872539833, -33.40935672514613]
SPS=65
Eval at step 1381500, survival=6.395%, return=[-2.015560129948426, 301.465794439316, -74.79505017897948, -45.66666666666697]
SPS=65
Eval at step 1382000, survival=9.586%, return=[-2.4591402310567596, 443.2652906131748, -96.0478251283057, -71.39181286549795]
SPS=65
Eval at step 1382500, survival=8.557%, return=[-2.3428494384085448, 405.5420063734053, -100.9434697577987, -60.520467836257886]
SPS=65
Eval at step 1383000, survival=9.338%, return=[-3.005410804762505, 407.1871429936088, -86.16410911258087, -78.18713450292513]
SPS=65
Eval at step 1383500, survival=7.875%, return=[-2.177665464541254, 359.33707867940296, -109.00826790771377, -60.00584795321699]
SPS=65
Eval at step 1384000, survival=5.254%, return=[-1.7756641630160932, 248.21855746269225, -7.512759783517443, -37.52631578947362]
SPS=65
Eval at step 1384500, survival=7.031%, return=[-2.039649530003468, 334.98960586865746, -22.00130219309358, -48.81871345029263]
SPS=65
Eval at step 1385000, survival=5.551%, return=[-1.845132114094061, 259.07571423212704, -60.20520087073479, -41.099415204678515]
SPS=65
Eval at step 1385500, survival=6.291%, return=[-1.8941976305019732, 294.4821094830829, -35.96649716657703, -46.9590643274857]
SPS=65
Eval at step 1386000, survival=10.582%, return=[-2.801456737293241, 494.2091685787835, -65.28973008569058, -88.04678362573266]
SPS=65
Eval at step 1386500, survival=7.821%, return=[-2.289752531039994, 357.98817250887583, -156.10809238061483, -56.362573099415776]
SPS=65
Eval at step 1387000, survival=4.559%, return=[-1.7219751276037034, 221.5997195164363, -11.1695065535993, -34.32163742690048]
SPS=65
Eval at step 1387500, survival=5.638%, return=[-1.7730755129402194, 271.3657923952739, -27.54036631565153, -46.13450292397689]
SPS=65
Eval at step 1388000, survival=7.093%, return=[-2.079386326018721, 338.57453706741336, -80.73958550924242, -52.70175438596535]
SPS=65
Eval at step 1388500, survival=11.376%, return=[-2.7662468918715604, 510.4694322586059, -101.43915760469584, -85.1637426900599]
SPS=65
Eval at step 1389000, survival=3.753%, return=[-1.6105369404346372, 174.58604921499887, -38.33069021154855, -28.549707602339225]
SPS=65
Eval at step 1389500, survival=7.883%, return=[-2.213402344340769, 371.93224023024277, -61.78386839850282, -53.89473684210575]
SPS=65
Eval at step 1390000, survival=21.536%, return=[-4.420421500767891, 973.5418162918071, -276.41334425638587, -138.00000000000293]
SPS=65
Eval at step 1390500, survival=6.775%, return=[-1.9531896000844426, 315.7052856206895, -27.673008863709885, -48.00000000000029]
SPS=65
Eval at step 1391000, survival=29.960%, return=[-4.789562759668722, 1300.464376168273, -1037.0438321829909, -355.65497076019915]
SPS=65
Eval at step 1391500, survival=5.895%, return=[-1.8426593886688352, 271.84315340995784, -18.441016250367586, -37.654970760234185]
SPS=65
Eval at step 1392000, survival=2.472%, return=[-1.2968827645139147, 119.84317500432341, -23.270603180591326, -20.95906432748534]
SPS=65
Eval at step 1392500, survival=3.328%, return=[-1.4030442278987418, 160.93239387035365, -10.032315867652263, -25.315789473684173]
SPS=65
Eval at step 1393000, survival=4.237%, return=[-1.6477414291002788, 200.4727586237591, -72.16119925331441, -30.75438596491232]
SPS=65
Eval at step 1393500, survival=6.564%, return=[-1.9220464846584946, 312.11464401880926, -158.6835294807679, -60.35087719298278]
SPS=65
Eval at step 1394000, survival=1.678%, return=[-1.22226834500907, 75.76904889583587, -32.07128806130883, -13.286549707602324]
SPS=65
Eval at step 1394500, survival=6.171%, return=[-1.801493732452703, 289.21219246864354, -69.27163963971422, -55.95906432748555]
SPS=65
Eval at step 1395000, survival=3.489%, return=[-1.4312350834952667, 175.1393779373167, -12.46245247811506, -31.070175438596646]
SPS=65
Eval at step 1395500, survival=5.010%, return=[-1.7574883836011093, 229.54660949071254, -37.761349278929025, -43.73684210526318]
SPS=65
Eval at step 1396000, survival=4.262%, return=[-1.5784868615640637, 195.43305857022605, -74.62361743774575, -39.122807017543764]
SPS=65
Eval at step 1396500, survival=5.915%, return=[-1.9624483698086503, 265.67615160783157, -55.502985340499436, -55.883040935672796]
SPS=66
Eval at step 1397000, survival=31.221%, return=[-7.038201997211824, 1406.4574559322998, -344.2732637486394, -278.5789473684172]
SPS=65
Eval at step 1397500, survival=8.453%, return=[-2.459185530761412, 390.19014153957363, -45.854715293865105, -63.502923976608805]
SPS=65
Eval at step 1398000, survival=14.435%, return=[-3.1379632202054686, 657.3604159243872, -155.28937383089215, -106.70175438596688]
SPS=65
Eval at step 1398500, survival=2.348%, return=[-1.2776438174187206, 112.9040429703394, -10.91636976354736, -18.023391812865484]
SPS=65
Eval at step 1399000, survival=12.665%, return=[-3.177165569194282, 557.184934852918, -99.29780829544325, -96.36842105263321]
SPS=65
Eval at step 1399500, survival=6.568%, return=[-1.977906276898769, 296.714691851934, -66.4408720608335, -47.53801169590701]
SPS=65
Eval at step 1400000, survival=6.151%, return=[-1.8222877774969675, 290.8391245651247, -37.53056760779388, -45.91812865497098]
SPS=65
Eval at step 1400500, survival=37.074%, return=[-6.802750050245474, 1712.6543654632562, -34.61486997888036, -362.9532163742534]
SPS=65
Eval at step 1401000, survival=19.556%, return=[-3.932208735476403, 858.4187051073696, -396.4137526181391, -162.43859649123118]
SPS=65
Eval at step 1401500, survival=6.717%, return=[-2.106059020617977, 300.5545426241558, -181.47584134982753, -54.988304093567685]
SPS=65
Eval at step 1402000, survival=5.985%, return=[-1.881932082993444, 283.8398285897572, -31.32188153686002, -44.47953216374284]
SPS=65
Eval at step 1402500, survival=9.429%, return=[-2.4956369648959176, 427.6817369095489, -115.9004752212107, -73.05847953216475]
SPS=65
Eval at step 1403000, survival=5.816%, return=[-1.7262829731917009, 273.1558923371635, -65.86435350822285, -48.409356725146345]
SPS=65
Eval at step 1403500, survival=6.663%, return=[-2.0609030919343545, 303.09332010746044, -83.1417572119996, -51.62573099415249]
SPS=65
Eval at step 1404000, survival=8.023%, return=[-2.2174774678618028, 370.7858625888825, -54.10531076868332, -56.48538011695981]
SPS=65
Eval at step 1404500, survival=6.229%, return=[-1.8641879137333792, 289.2247700595858, -49.508386092544846, -44.70175438596502]
SPS=65
Eval at step 1405000, survival=11.450%, return=[-2.6503858625655994, 510.1913383547462, -243.33428563608322, -96.72514619883192]
SPS=65
Eval at step 1405500, survival=9.644%, return=[-2.5109687268656367, 445.9528063090643, -72.92175740168507, -71.81871345029317]
SPS=65
Eval at step 1406000, survival=6.184%, return=[-1.9886489962615694, 283.7289610576631, -139.95088705695525, -54.029239766082206]
SPS=66
Eval at step 1406500, survival=6.672%, return=[-1.9957297321719427, 317.55545110305144, -21.967303633088402, -53.169590643275036]
SPS=66
Eval at step 1407000, survival=3.352%, return=[-1.4825610040376584, 156.25107873519278, -39.80114957355787, -26.736842105263218]
SPS=66
Eval at step 1407500, survival=4.654%, return=[-1.7418729518928255, 217.01004793485012, -51.944714040359635, -35.824561403508966]
SPS=66
Eval at step 1408000, survival=6.651%, return=[-2.0120554890600033, 316.86160798072825, -25.779986340428877, -49.97076023391828]
SPS=66
Eval at step 1408500, survival=7.292%, return=[-2.0950589812515923, 344.0669218047461, -42.39723276718238, -50.076023391813216]
SPS=66
Eval at step 1409000, survival=6.068%, return=[-1.8282242381052736, 293.9859411811828, -25.99146805538885, -45.865497076023466]
SPS=66
Eval at step 1409500, survival=5.535%, return=[-1.855081905455639, 260.7300126393636, -25.771133058670483, -41.824561403509]
SPS=66
Eval at step 1410000, survival=12.777%, return=[-3.231776238360908, 601.2416422494256, -93.30004577203181, -96.146198830411]
SPS=66
Eval at step 1410500, survival=6.721%, return=[-1.9886974201072007, 310.9187446816762, -51.367903168740064, -49.25730994152091]
SPS=66
Eval at step 1411000, survival=14.935%, return=[-3.4255994332488626, 691.7709587732919, -302.152875869467, -126.65497076023492]
SPS=66
Eval at step 1411500, survival=10.450%, return=[-2.7165704331321954, 467.1855811532335, -147.24448777724015, -63.68421052631664]
SPS=66
Eval at step 1412000, survival=5.361%, return=[-1.716833684690452, 258.6363574727376, -15.409790641451158, -41.52046783625733]
SPS=66
Eval at step 1412500, survival=6.696%, return=[-1.908582954958547, 315.3953749370576, -37.03653314649758, -50.15789473684242]
SPS=66
Eval at step 1413000, survival=2.025%, return=[-1.2860049234004691, 92.90413946151749, -34.72244219591327, -19.56725146198838]
SPS=66
Eval at step 1413500, survival=4.840%, return=[-1.6498823285607311, 236.31874314467112, -20.925388227876585, -35.76023391812857]
SPS=66
Eval at step 1414000, survival=7.292%, return=[-2.1748158114690646, 334.726102371216, -73.35832324185564, -57.28070175438637]
SPS=66
Eval at step 1414500, survival=7.192%, return=[-2.2418431806145236, 332.9370479329428, -83.9246572470535, -53.92397660818767]
SPS=66
Eval at step 1415000, survival=8.251%, return=[-2.2158725241897628, 389.34634071668034, -25.85420348319955, -69.83625730994214]
SPS=66
Eval at step 1415500, survival=5.308%, return=[-1.7923968269994173, 253.20931693712882, -38.21040045211945, -32.380116959064274]
SPS=66
Eval at step 1416000, survival=8.172%, return=[-2.24427228308438, 379.38804299990323, -101.70967588322917, -63.385964912281565]
SPS=66
Eval at step 1416500, survival=4.774%, return=[-1.7383380486086633, 217.16940211931887, -67.77302384076513, -38.66666666666672]
SPS=66
Eval at step 1417000, survival=8.743%, return=[-2.3587741036123284, 412.8996455446883, -75.16012704805082, -54.36842105263214]
SPS=66
Eval at step 1417500, survival=9.536%, return=[-2.7162484056510343, 427.1443549696606, -233.52663418696224, -57.187134502924664]
SPS=66
Eval at step 1418000, survival=8.652%, return=[-2.3923695904862448, 403.05660178820335, -120.5559305032463, -51.2923976608192]
SPS=66
Eval at step 1418500, survival=8.226%, return=[-2.221846428253533, 372.4668650563561, -69.37392278583805, -60.08771929824636]
SPS=66
Eval at step 1419000, survival=7.953%, return=[-2.2177373049974753, 365.5436894067115, -98.91530657222513, -53.5555555555564]
SPS=66
Eval at step 1419500, survival=3.195%, return=[-1.4800228508538567, 153.53214030106858, -12.539442161459496, -22.438596491228044]
SPS=66
Eval at step 1420000, survival=10.516%, return=[-2.747555934280778, 471.879150026639, -144.14077199265952, -66.31578947368534]
SPS=66
Eval at step 1420500, survival=15.009%, return=[-3.739461726101581, 669.0002283954603, -219.75064807730573, -100.8596491228089]
SPS=66
Eval at step 1421000, survival=7.866%, return=[-2.278316222674524, 360.5717303784693, -102.25425249956606, -52.83625730994198]
SPS=66
Eval at step 1421500, survival=7.135%, return=[-2.0792515501379967, 333.2406408818564, -99.83350488148608, -48.83625730994174]
SPS=66
Eval at step 1422000, survival=10.950%, return=[-2.713052228811042, 498.0634653600053, -137.38671337203778, -62.871345029240665]
SPS=66
Eval at step 1422500, survival=6.043%, return=[-1.9217546748695895, 288.2671267811461, -62.0459895337602, -34.68421052631579]
SPS=66
Eval at step 1423000, survival=7.118%, return=[-2.1696718427701853, 322.2681400219597, -89.36429097170185, -49.269005847953814]
SPS=66
Eval at step 1423500, survival=4.282%, return=[-1.7039724114971857, 198.6709963957471, -52.779270214077165, -29.543859649122894]
SPS=66
Eval at step 1424000, survival=4.076%, return=[-1.5877566878916696, 190.31615194002794, -50.395427481649676, -27.140350877192997]
SPS=66
Eval at step 1424500, survival=6.667%, return=[-2.068188957249125, 317.2933296521507, -40.12381967478723, -42.42105263157932]
SPS=66
Eval at step 1425000, survival=9.664%, return=[-2.5698966066896296, 456.8128449312846, -65.68406698466909, -69.04093567251516]
SPS=66
Eval at step 1425500, survival=5.208%, return=[-1.7979996492892194, 247.68820024967204, -26.731081018942252, -28.005847953216346]
SPS=66
Eval at step 1426000, survival=5.568%, return=[-1.8529216623088967, 258.0775076889992, -69.0394454786777, -39.87134502923984]
SPS=66
Eval at step 1426500, survival=6.324%, return=[-1.9453490742792685, 291.83220760981266, -80.42808570931811, -37.824561403509094]
SPS=66
Eval at step 1427000, survival=9.635%, return=[-2.447907030795856, 446.4066894404097, -142.8062351706952, -68.29824561403603]
SPS=66
Eval at step 1427500, survival=5.816%, return=[-1.8933832981468488, 268.34158432960527, -70.72364607053653, -37.86549707602361]
SPS=66
Eval at step 1428000, survival=8.515%, return=[-2.539348611588745, 398.07551686286956, -87.03451633884106, -57.43859649122865]
SPS=66
Eval at step 1428500, survival=7.899%, return=[-2.3107516762490072, 360.67101353009565, -111.67562848493496, -51.08771929824605]
SPS=66
Eval at step 1429000, survival=3.398%, return=[-1.6625685451435857, 150.98303664843237, -144.76072695176117, -32.087719298245545]
SPS=66
Eval at step 1429500, survival=9.309%, return=[-2.489788203344991, 432.55405999501573, -115.93719088815912, -58.21052631579011]
SPS=66
Eval at step 1430000, survival=7.602%, return=[-2.395861394392947, 340.7247190093996, -105.98649601501529, -48.52631578947412]
SPS=66
Eval at step 1430500, survival=10.756%, return=[-2.8565192403815067, 498.5726462968193, -133.7109777750229, -68.83040935672615]
SPS=66
Eval at step 1431000, survival=7.593%, return=[-2.2409401709252657, 344.5029904842383, -132.85218611864062, -40.36257309941547]
SPS=66
Eval at step 1431500, survival=5.981%, return=[-1.9409662966111985, 277.75189775149045, -78.01799096254656, -36.18128654970775]
SPS=66
Eval at step 1432000, survival=8.234%, return=[-2.217036456121908, 374.46127815246626, -88.80750879427796, -49.30994152046825]
SPS=66
Eval at step 1432500, survival=5.969%, return=[-1.8373715980754544, 282.8880091047289, -83.36967063900131, -41.09941520467853]
SPS=66
Eval at step 1433000, survival=2.666%, return=[-1.3617352422055167, 129.97137373765312, -10.403525134393325, -15.766081871344978]
SPS=66
Eval at step 1433500, survival=5.973%, return=[-1.8960865661889936, 280.86500780423484, -14.956421307976902, -54.83040935672553]
SPS=66
Eval at step 1434000, survival=5.522%, return=[-1.8243672801375699, 255.9269834232333, -124.30855340266135, -41.14619883040943]
SPS=66
Eval at step 1434500, survival=6.027%, return=[-1.8572463931826253, 282.38141854921975, -36.60878826929062, -40.36257309941542]
SPS=66
Eval at step 1435000, survival=5.684%, return=[-1.7975203669047914, 266.63842629273756, -86.14066402166479, -36.239766081871515]
SPS=66
Eval at step 1435500, survival=4.659%, return=[-1.7197889018571004, 222.20884539127337, -36.900895160782966, -34.15789473684226]
SPS=66
Eval at step 1436000, survival=7.804%, return=[-2.277857526903972, 364.85491886933596, -42.969478920145775, -54.80116959064386]
SPS=66
Eval at step 1436500, survival=6.634%, return=[-2.013320028296827, 315.1849988174436, -21.548017540323297, -49.12865497076084]
SPS=66
Eval at step 1437000, survival=3.286%, return=[-1.5286453550991912, 155.3005443763734, -25.354221873474064, -26.000000000000018]
SPS=66
Eval at step 1437500, survival=3.468%, return=[-1.5352257682437387, 160.56627804120384, -26.811315258403226, -21.16374269005849]
SPS=66
Eval at step 1438000, survival=6.605%, return=[-1.9641259510729772, 304.701067059835, -25.221459111974884, -42.01754385964938]
SPS=66
Eval at step 1438500, survival=7.494%, return=[-2.020958394762905, 344.9202296892801, -17.965958415559726, -41.77777777777812]
SPS=66
Eval at step 1439000, survival=6.262%, return=[-1.8878986884568196, 290.1220571470256, -19.539222638593703, -39.08771929824593]
SPS=66
Eval at step 1439500, survival=5.775%, return=[-1.7710968648510363, 271.64489977359773, -20.608110248867888, -34.017543859649294]
SPS=66
Eval at step 1440000, survival=6.622%, return=[-1.8806245527036178, 305.92718386650137, -25.898702895518, -41.33918128655024]
SPS=66
Eval at step 1440500, survival=4.807%, return=[-1.7150264066876844, 225.12717812379208, -78.27479041730597, -36.5555555555556]
SPS=66
Eval at step 1441000, survival=4.245%, return=[-1.613973054549812, 202.02216451168064, -17.482482859254862, -28.54970760233914]
SPS=66
Eval at step 1441500, survival=6.271%, return=[-1.9877576449071057, 291.26384542942026, -60.79374227641771, -41.85380116959124]
SPS=66
Eval at step 1442000, survival=8.118%, return=[-2.2425801813757666, 373.5078371334075, -61.078166613277666, -58.7368421052635]
SPS=66
Eval at step 1442500, survival=7.618%, return=[-2.153217724893087, 347.76567717711123, -103.58085418177264, -59.79532163742757]
SPS=66
Eval at step 1443000, survival=5.762%, return=[-2.0493312887653397, 259.3838203954701, -124.18511425195418, -41.25146198830441]
SPS=66
Eval at step 1443500, survival=6.593%, return=[-2.1250850495222644, 305.6041068220139, -59.68264628801747, -44.830409356725376]
SPS=66
Eval at step 1444000, survival=3.315%, return=[-1.5520495477636966, 152.79357325077055, -26.182295928127132, -24.23391812865491]
SPS=66
Eval at step 1444500, survival=3.542%, return=[-1.6262784528468426, 157.02644429842624, -20.81880213828602, -22.05263157894755]
SPS=66
Eval at step 1445000, survival=6.167%, return=[-1.9337233926635236, 294.99346857070935, -15.06780682252914, -45.55555555555569]
SPS=66
Eval at step 1445500, survival=4.882%, return=[-1.8272109674483847, 234.8087754821778, -19.291846483805177, -32.233918128655084]
SPS=66
Eval at step 1446000, survival=4.572%, return=[-1.7999019108247012, 215.55074647585562, -43.849867993577696, -35.0643274853804]
SPS=66
Eval at step 1446500, survival=5.684%, return=[-1.7522633306022424, 267.29348743438686, -23.08026646277176, -36.976608187134815]
SPS=66
Eval at step 1447000, survival=7.986%, return=[-2.4464335460797884, 374.37786246776614, -75.17448168152866, -63.48538011695971]
SPS=66
Eval at step 1447500, survival=6.469%, return=[-2.0776411372741372, 302.79889493783355, -94.18315774406558, -42.52046783625758]
SPS=66
Eval at step 1448000, survival=5.316%, return=[-1.8504620384968196, 243.33291004975658, -63.111396100327816, -40.321637426900686]
SPS=66
Eval at step 1448500, survival=8.300%, return=[-2.2569584228331223, 377.100665628115, -91.80404497897007, -53.847953216374776]
SPS=66
Eval at step 1449000, survival=6.548%, return=[-2.0459951548449076, 312.17087208906844, -46.943146771259, -46.350877192982814]
SPS=66
Eval at step 1449500, survival=5.857%, return=[-2.015864289326904, 267.39738239288357, -184.18260936375736, -43.46198830409381]
SPS=66
Eval at step 1450000, survival=6.403%, return=[-1.9056246802404833, 299.1194624090196, -33.93048915280209, -42.78362573099427]
SPS=66
Eval at step 1450500, survival=7.643%, return=[-2.325314632539327, 359.5840189297998, -61.66186074059806, -49.602339181286915]
SPS=66
Eval at step 1451000, survival=10.735%, return=[-2.816697524918709, 494.76048769950893, -86.50364536454951, -64.34502923976686]
SPS=66
Eval at step 1451500, survival=5.750%, return=[-1.8405277890269645, 274.94086140791575, -41.90625943404302, -37.61403508771937]
SPS=66
Eval at step 1452000, survival=3.687%, return=[-1.4998429671977647, 178.0448890590669, -19.35627414240298, -23.391812865497034]
SPS=66
Eval at step 1452500, survival=3.096%, return=[-1.5031017550694135, 151.14820692380272, -23.138320820968755, -25.953216374269022]
SPS=66
Eval at step 1453000, survival=4.832%, return=[-1.8628605723303433, 229.6920056804022, -52.94707814749078, -33.16959064327513]
SPS=66
Eval at step 1453500, survival=5.241%, return=[-1.7249516308268842, 249.8486765193941, -76.3213847943892, -43.14619883040947]
SPS=66
Eval at step 1454000, survival=2.894%, return=[-1.4134605882766966, 138.95929194450386, -10.584455163024055, -19.099415204678323]
SPS=66
Eval at step 1454500, survival=6.043%, return=[-2.095902286489339, 287.26393605073304, -22.106739143256465, -48.05847953216399]
SPS=66
Eval at step 1455000, survival=8.304%, return=[-2.1645860424420484, 382.1921319182707, -50.62552427093033, -56.64912280701808]
SPS=66
Eval at step 1455500, survival=4.741%, return=[-1.768319062073715, 227.66686828454337, -57.695493549792445, -36.07602339181299]
SPS=66
Eval at step 1456000, survival=5.324%, return=[-1.8263870440617513, 253.86262077013657, -34.98338179752076, -42.146198830409354]
SPS=66
Eval at step 1456500, survival=9.561%, return=[-2.474919319114027, 452.88272312482235, -22.484042811595526, -58.39766081871409]
SPS=66
Eval at step 1457000, survival=7.089%, return=[-2.010378383391071, 333.51918007532794, -27.10905391022243, -44.75438596491286]
SPS=66
Eval at step 1457500, survival=6.023%, return=[-1.939815910125617, 286.2205100472767, -49.54225956488517, -41.49122807017569]
SPS=66
Eval at step 1458000, survival=5.841%, return=[-1.876898085756693, 281.02012811024986, -33.846432348109374, -41.02339181286559]
SPS=66
Eval at step 1458500, survival=6.052%, return=[-1.8525941156743404, 286.6765692154566, -41.999029844339624, -42.02339181286545]
SPS=66
Eval at step 1459000, survival=8.213%, return=[-2.2441722885123454, 373.15100858847336, -84.11319338229562, -51.13450292397706]
SPS=66
Eval at step 1459500, survival=4.464%, return=[-1.762704219087027, 202.80576080799105, -133.3386866594859, -31.766081871345055]
SPS=66
Eval at step 1460000, survival=5.204%, return=[-1.7876574438802588, 242.35484815279645, -52.938212226882264, -32.13450292397658]
SPS=66
Eval at step 1460500, survival=7.147%, return=[-2.188466400412532, 333.5241883087162, -100.4940380283321, -44.94152046783645]
SPS=66
Eval at step 1461000, survival=5.398%, return=[-1.9227856239691998, 245.5735210148495, -73.41019259565898, -32.69590643274876]
SPS=66
Eval at step 1461500, survival=8.809%, return=[-2.4516607430996373, 407.921948919296, -74.33733734251776, -58.29824561403569]
SPS=66
Eval at step 1462000, survival=3.642%, return=[-1.5069593869654152, 176.56905878067016, -25.9489987565903, -24.461988304093552]
SPS=66
Eval at step 1462500, survival=4.067%, return=[-1.5698519771103747, 196.75166686375937, -15.35819541637708, -25.801169590643223]
SPS=66
Eval at step 1463000, survival=7.048%, return=[-2.065875869283142, 333.8859691874186, -41.289707761597434, -41.947368421052715]
SPS=66
Eval at step 1463500, survival=6.643%, return=[-1.9621498019744952, 308.87392564137826, -151.3483222691575, -55.71929824561446]
SPS=66
Eval at step 1464000, survival=12.066%, return=[-2.794174416184736, 552.4306369638442, -58.93843217081545, -77.59649122807123]
SPS=66
Eval at step 1464500, survival=7.040%, return=[-2.0186080475299, 338.5089473152164, -33.87452761302605, -48.1754385964914]
SPS=66
Eval at step 1465000, survival=10.069%, return=[-2.4819865043197447, 465.19719065348346, -99.24338873154313, -65.04678362573186]
SPS=66
Eval at step 1465500, survival=7.734%, return=[-2.124854715909654, 351.3103952233002, -165.70789436138148, -56.32748538011732]
SPS=66
Eval at step 1466000, survival=8.755%, return=[-2.454087145102676, 407.9650839487715, -65.29570619435981, -52.39181286549752]
SPS=66
Eval at step 1466500, survival=9.950%, return=[-2.503724784590304, 451.3009154574077, -30.42133621342752, -64.8011695906441]
SPS=66
Eval at step 1467000, survival=5.163%, return=[-1.7611225556077745, 242.98985152562454, -13.916166274497906, -32.62573099415204]
SPS=66
Eval at step 1467500, survival=7.073%, return=[-2.065751656909318, 322.1000623019537, -36.60112026474235, -44.6432748538015]
SPS=66
Eval at step 1468000, survival=8.949%, return=[-2.4256802954672216, 412.76981573422773, -46.936633333499536, -59.46198830409435]
SPS=66
Eval at step 1468500, survival=4.439%, return=[-1.651944869120295, 206.42683098475132, -31.352479159793194, -29.812865497075972]
SPS=66
Eval at step 1469000, survival=2.488%, return=[-1.3685562285051371, 119.02560914993296, -22.43455675438842, -16.210526315789465]
SPS=66
Eval at step 1469500, survival=6.246%, return=[-1.999183804805701, 289.4681935063998, -39.595299192820676, -42.2105263157899]
SPS=66
Eval at step 1470000, survival=7.027%, return=[-2.1023051516967826, 325.8663542906447, -63.59432149884136, -44.87134502924008]
SPS=66
Eval at step 1470500, survival=4.840%, return=[-1.7666969297182125, 224.59839913050337, -45.099758966670684, -29.397660818713504]
SPS=66
Eval at step 1471000, survival=6.105%, return=[-2.107537117165824, 279.6987588071825, -54.852908131831406, -41.40350877192991]
SPS=66
Eval at step 1471500, survival=9.156%, return=[-2.8117135457190066, 411.7370462322231, -105.97848782342044, -65.093567251463]
SPS=66
Eval at step 1472000, survival=12.000%, return=[-3.0502141680529653, 551.5642008002601, -88.7486065895966, -77.72514619883141]
SPS=66
Eval at step 1472500, survival=5.965%, return=[-1.8944696100467506, 276.1944920460383, -45.81779982796191, -40.15789473684219]
SPS=66
Eval at step 1473000, survival=5.390%, return=[-1.8813956894058113, 251.48196815172847, -34.017159657766264, -37.99415204678369]
SPS=66
Eval at step 1473500, survival=5.907%, return=[-1.9924033141772572, 267.15212248802214, -72.23670114966323, -43.38596491228094]
SPS=66
Eval at step 1474000, survival=8.962%, return=[-2.447706966214658, 410.8173791503905, -67.75945395282906, -54.157894736842444]
SPS=66
Eval at step 1474500, survival=7.387%, return=[-2.290657169961681, 334.8129596924782, -66.0749523434303, -58.005847953216765]
SPS=66
Eval at step 1475000, survival=10.090%, return=[-2.9235926034743898, 466.2947168111805, -119.21237638491827, -66.50292397660898]
SPS=66
Eval at step 1475500, survival=4.026%, return=[-1.5855228291863266, 192.36705554167438, -19.779416806675727, -26.122807017543806]
SPS=66
Eval at step 1476000, survival=5.824%, return=[-1.8455138599771697, 278.6239891640345, -30.513965838006698, -42.421052631579265]
SPS=66
Eval at step 1476500, survival=4.795%, return=[-1.8232156599794205, 227.16027669270832, -29.134001696579315, -34.4269005847954]
SPS=66
Eval at step 1477000, survival=5.394%, return=[-1.8837035036413, 257.00238022645317, -23.643817670973174, -34.549707602339204]
SPS=66
Eval at step 1477500, survival=10.656%, return=[-2.941840126295574, 502.4443202400209, -71.28851427933357, -69.02339181286636]
SPS=66
Eval at step 1478000, survival=5.246%, return=[-1.7138325308139126, 256.8819248263042, -29.659605700231623, -37.54970760233923]
SPS=66
Eval at step 1478500, survival=7.449%, return=[-2.0785404212074354, 346.86213935216256, -28.58961095696759, -52.695906432748835]
SPS=66
Eval at step 1479000, survival=5.874%, return=[-1.8275424440701802, 276.70347104867295, -29.101024232239677, -37.2923976608189]
SPS=66
Eval at step 1479500, survival=6.490%, return=[-2.0051831133508435, 296.45059536616014, -44.37495040972135, -38.4269005847955]
SPS=66
Eval at step 1480000, survival=6.229%, return=[-2.2428716848953627, 288.0392803319297, -16.68833412059151, -40.34502923976649]
SPS=67
Eval at step 1480500, survival=7.259%, return=[-2.1500219039541357, 331.25188023726116, -66.9155656426774, -44.67836257309984]
SPS=67
Eval at step 1481000, survival=5.742%, return=[-1.8943506673482868, 271.6235328133902, -41.47702547997202, -37.339181286550094]
SPS=67
Eval at step 1481500, survival=7.006%, return=[-2.2232120690168813, 330.5402150424323, -86.1379355402217, -48.02339181286593]
SPS=67
Eval at step 1482000, survival=5.936%, return=[-1.9787754580805388, 284.24343617757194, -72.84671638342358, -38.14619883040953]
SPS=67
Eval at step 1482500, survival=5.903%, return=[-1.8845759220033262, 279.2076420132319, -33.3352021270936, -37.35672514619899]
SPS=67
Eval at step 1483000, survival=11.343%, return=[-2.693308248980126, 528.6065826098127, -43.58798095974877, -66.29824561403582]
SPS=67
Eval at step 1483500, survival=5.477%, return=[-1.8303926830218795, 261.37986420631427, -53.461887826214785, -37.77192982456153]
SPS=67
Eval at step 1484000, survival=6.060%, return=[-1.9430772097354445, 292.4439717578889, -33.664557412979775, -42.654970760234086]
SPS=67
Eval at step 1484500, survival=5.907%, return=[-1.991288288263604, 279.65115111986796, -30.09335299785501, -36.78362573099431]
SPS=67
Eval at step 1485000, survival=7.002%, return=[-1.9865551917658497, 327.38565546671543, -13.812620551342965, -47.719298245614546]
SPS=67
Eval at step 1485500, survival=7.928%, return=[-2.4123602176938825, 373.2437926483155, -61.93761178098551, -52.713450292397944]
SPS=67
Eval at step 1486000, survival=4.981%, return=[-1.8554865869227797, 227.1310092051825, -111.078231992006, -34.27485380116969]
SPS=67
Eval at step 1486500, survival=7.077%, return=[-2.101761732114634, 330.0399671586354, -20.303787206066772, -45.7894736842109]
SPS=67
Eval at step 1487000, survival=7.614%, return=[-2.259106647456065, 348.1076661109925, -65.51606475756368, -49.60233918128688]
SPS=67
Eval at step 1487500, survival=6.176%, return=[-2.204967527766712, 278.3594775199894, -90.28177266086762, -40.61988304093599]
SPS=67
Eval at step 1488000, survival=9.412%, return=[-2.8157729025697336, 424.81939925432135, -202.19334878512504, -67.70760233918223]
SPS=67
Eval at step 1488500, survival=5.688%, return=[-1.9886502613468717, 268.0818998241425, -59.71612294894779, -34.54970760233934]
SPS=67
Eval at step 1489000, survival=4.105%, return=[-1.6054446299482759, 197.0423633623124, -39.78335459549029, -27.684210526315777]
SPS=67
Eval at step 1489500, survival=4.973%, return=[-1.7456577015691437, 234.80615608056397, -53.90717374957361, -35.649122807017825]
SPS=67
Eval at step 1490000, survival=4.832%, return=[-1.693354060058482, 234.4014889844261, -39.54610355127564, -34.35672514619878]
SPS=67
Eval at step 1490500, survival=6.841%, return=[-2.1623125600162894, 320.69089808146185, -57.01575635538514, -44.26900584795347]
SPS=67
Eval at step 1491000, survival=6.093%, return=[-2.026671076057634, 273.82603117783884, -68.68500489739624, -40.74269005847962]
SPS=67
Eval at step 1491500, survival=6.014%, return=[-1.9119909200429295, 276.4415978829068, -73.57123344975601, -39.92397660818724]
SPS=67
Eval at step 1492000, survival=5.791%, return=[-1.8923691890668124, 267.6363851054511, -45.47594881618473, -41.543859649122965]
SPS=67
Eval at step 1492500, survival=7.750%, return=[-2.279636776947882, 359.15444741884886, -47.92238729686596, -44.78947368421077]
SPS=67
Eval at step 1493000, survival=5.824%, return=[-1.8316447945156444, 270.47316182136547, -80.1056075412198, -39.46198830409357]
SPS=67
Eval at step 1493500, survival=7.383%, return=[-2.0677430715295486, 348.8786491012574, -25.34260246483609, -47.397660818713774]
SPS=67
Eval at step 1494000, survival=11.851%, return=[-3.5656558087988137, 528.8378322283419, -164.63447204159456, -75.23976608187247]
SPS=67
Eval at step 1494500, survival=12.000%, return=[-3.269089263281785, 537.5229610808685, -134.68880939148826, -72.31578947368558]
SPS=67
Eval at step 1495000, survival=6.432%, return=[-2.138771638351803, 293.1343520069124, -53.78243711506851, -41.742690058479845]
SPS=67
Eval at step 1495500, survival=5.543%, return=[-1.9936479980824515, 257.1185247866315, -77.57282306460547, -35.22807017543875]
SPS=67
Eval at step 1496000, survival=7.750%, return=[-2.434788100188598, 349.4341040563583, -112.32359517854154, -48.92982456140414]
SPS=67
Eval at step 1496500, survival=4.770%, return=[-1.664838153286837, 232.4258990971248, -28.45387818008506, -29.169590643274898]
SPS=67
Eval at step 1497000, survival=10.578%, return=[-2.7682628573772186, 480.40351634343364, -120.95010929568882, -61.54385964912378]
SPS=67
Eval at step 1497500, survival=4.191%, return=[-1.7267163312256646, 192.9447149205208, -51.64949613099452, -26.175438596491194]
SPS=67
Eval at step 1498000, survival=7.085%, return=[-2.053011719661299, 307.824835065206, -197.7282522372358, -63.27485380117046]
SPS=67
Eval at step 1498500, survival=6.713%, return=[-1.8776501558410625, 319.1331753571829, -11.731367076673147, -41.426900584795455]
SPS=67
Eval at step 1499000, survival=9.921%, return=[-2.577697461975428, 440.0854052019126, -89.64149899509114, -67.40935672514688]
SPS=67
Eval at step 1499500, survival=5.221%, return=[-1.8320896024815738, 244.60000919977836, -27.194154414290097, -35.42105263157896]
SPS=67
Eval at step 1500000, survival=9.445%, return=[-2.4255094292651243, 430.85662173906917, -29.920685043655492, -70.12280701754484]
SPS=67
Eval at step 1500500, survival=12.310%, return=[-2.7776217612748346, 586.6395395183562, -14.552696061349707, -74.18128654970825]
SPS=67
Eval at step 1501000, survival=13.732%, return=[-3.4399412297449694, 637.8944347556438, -8.858069019741379, -88.5789473684225]
SPS=67
Eval at step 1501500, survival=6.345%, return=[-1.9437384241027758, 300.9428265794119, -29.96964186500615, -44.32748538011714]
SPS=67
Eval at step 1502000, survival=6.973%, return=[-2.0740189434727654, 319.24961784044905, -29.501539105845342, -57.10526315789527]
SPS=67
Eval at step 1502500, survival=8.404%, return=[-2.350320917981056, 387.0265341647469, -49.690435948438484, -61.71345029239837]
SPS=67
Eval at step 1503000, survival=8.329%, return=[-2.1590325979826352, 380.5537542899453, -17.175804653913172, -59.90643274853852]
SPS=67
Eval at step 1503500, survival=14.488%, return=[-3.4227735285918848, 646.5382805760702, -50.160959993411474, -92.12280701754548]
SPS=67
Eval at step 1504000, survival=8.106%, return=[-2.205583126458805, 367.71609652996045, -40.99413094385333, -47.99415204678426]
SPS=67
Eval at step 1504500, survival=8.945%, return=[-2.381170478707645, 408.2264081398648, -36.62152738039246, -59.62573099415246]
SPS=67
Eval at step 1505000, survival=4.092%, return=[-1.6050515699122723, 189.12100879828134, -14.100375478841366, -35.56725146198832]
SPS=67
Eval at step 1505500, survival=8.639%, return=[-2.3177007207414135, 399.8137017695113, -57.56180318102876, -58.064327485380694]
SPS=67
Eval at step 1506000, survival=2.832%, return=[-1.4468272864081275, 133.23433000167225, -37.33931632890987, -19.315789473684163]
SPS=67
Eval at step 1506500, survival=8.896%, return=[-2.4304637634389414, 404.06256461461385, -51.57627317700341, -57.40935672514686]
SPS=67
Eval at step 1507000, survival=8.759%, return=[-2.1933823460519, 398.7337619733809, -37.37213167831942, -50.38596491228119]
SPS=67
Eval at step 1507500, survival=7.143%, return=[-2.015192090669492, 330.6756290372211, -71.149823080832, -55.05263157894783]
SPS=67
Eval at step 1508000, survival=7.924%, return=[-2.234164728821876, 367.8807156181336, -47.359489460841964, -60.76608187134581]
SPS=67
Eval at step 1508500, survival=8.664%, return=[-2.2370752642164007, 391.96641949812573, -67.43251074701281, -62.695906432749325]
SPS=67
Eval at step 1509000, survival=10.098%, return=[-2.424095684157995, 467.0105208396908, -17.64140801281792, -89.95321637427027]
SPS=67
Eval at step 1509500, survival=10.247%, return=[-2.7087903118614727, 457.8253504435226, -67.47595212574622, -68.03508771929914]
SPS=67
Eval at step 1510000, survival=13.608%, return=[-3.0222893325650753, 618.7182815106712, -38.93572069696287, -92.74853801169748]
SPS=67
Eval at step 1510500, survival=15.505%, return=[-3.8205314785785354, 673.6261426750809, -180.19332708122724, -96.7309941520485]
SPS=67
Eval at step 1511000, survival=8.209%, return=[-2.2197550830896944, 387.0934880320235, -21.985067153572647, -45.771929824561774]
SPS=67
Eval at step 1511500, survival=9.371%, return=[-2.6382582344813272, 418.10018927256266, -90.36940514768867, -54.836257309942084]
SPS=67
Eval at step 1512000, survival=7.176%, return=[-2.000282759719994, 334.81150674660995, -21.22134197288445, -47.02339181286563]
SPS=67
Eval at step 1512500, survival=7.172%, return=[-2.0675993222588054, 329.4996550178532, -86.60604183680941, -57.02339181286612]
SPS=67
Eval at step 1513000, survival=5.097%, return=[-1.69390916164654, 235.15375610033675, -56.32959952906216, -43.058479532163915]
SPS=67
Eval at step 1513500, survival=8.478%, return=[-2.1665722730297907, 392.61489454269395, -58.04425977509042, -59.426900584795895]
SPS=67
Eval at step 1514000, survival=10.202%, return=[-2.4977857902025185, 472.61926779588083, -66.28738973218908, -74.38011695906528]
SPS=67
Eval at step 1514500, survival=5.634%, return=[-1.7887354934549269, 263.4008061933518, -24.803101111324697, -36.40935672514626]
SPS=67
Eval at step 1515000, survival=9.358%, return=[-2.3662208963845237, 425.4816299152374, -40.88765441948635, -54.57309941520515]
SPS=67
Eval at step 1515500, survival=6.560%, return=[-1.93779551119466, 303.96176338672626, -23.310951037982402, -36.73099415204718]
SPS=67
Eval at step 1516000, survival=8.875%, return=[-2.405028553912416, 406.694114470482, -55.61636151947823, -50.2105263157899]
SPS=67
Eval at step 1516500, survival=4.708%, return=[-1.6402550734540757, 216.1924676974614, -35.33664952637628, -30.181286549707746]
SPS=67
Eval at step 1517000, survival=5.539%, return=[-1.886450895263503, 261.1604906924567, -61.68453061678156, -38.47368421052648]
SPS=67
Eval at step 1517500, survival=11.169%, return=[-2.7432560204761103, 499.22157033125586, -93.96474177014898, -66.0233918128664]
SPS=67
Eval at step 1518000, survival=9.429%, return=[-2.5328886190157696, 427.6759203545246, -42.03944695610456, -53.97660818713515]
SPS=67
Eval at step 1518500, survival=13.141%, return=[-2.8984638078254648, 596.8457890351606, -27.762883839008282, -76.87134502924086]
SPS=67
Eval at step 1519000, survival=7.308%, return=[-2.116131598032856, 325.33736219803455, -52.36021106619349, -46.14035087719325]
SPS=67
Eval at step 1519500, survival=10.710%, return=[-2.618591838690918, 486.95741872946456, -55.81951947165036, -63.43859649122891]
SPS=67
Eval at step 1520000, survival=15.675%, return=[-3.171065676743941, 723.8192064921062, -67.37148612028007, -92.538011695908]
SPS=67
Eval at step 1520500, survival=4.340%, return=[-1.6370245288514222, 200.10556849161767, -12.91663000175807, -30.818713450292396]
SPS=67
Eval at step 1521000, survival=22.069%, return=[-4.331754830549471, 994.2864690780651, -117.1669906730546, -127.72514619883304]
SPS=67
Eval at step 1521500, survival=10.677%, return=[-2.637955169620303, 486.73492794990506, -46.10070182399553, -65.77192982456222]
SPS=67
Eval at step 1522000, survival=9.615%, return=[-2.327777118557909, 445.1416967407863, -28.890763937359832, -65.69005847953296]
SPS=67
Eval at step 1522500, survival=9.433%, return=[-2.4452366878977045, 428.68972164630895, -28.264543878865272, -61.660818713451]
SPS=67
Eval at step 1523000, survival=5.374%, return=[-1.8296579163288698, 248.6648932154974, -28.275496439503815, -41.91812865497081]
SPS=67
Eval at step 1523500, survival=13.628%, return=[-2.8505956590136825, 628.7047202571229, -31.234593131961446, -79.24561403508902]
SPS=67
Eval at step 1524000, survival=5.444%, return=[-1.8214073753527675, 252.6100439389546, -20.443590620687853, -36.30409356725161]
SPS=67
Eval at step 1524500, survival=15.956%, return=[-3.411326667992398, 739.0573830127704, -111.34044475912621, -82.67251461988461]
SPS=67
Eval at step 1525000, survival=8.366%, return=[-2.1999851840664633, 393.458350203832, -57.20297014296133, -52.286549707602795]
SPS=67
Eval at step 1525500, survival=9.524%, return=[-2.5012503677086593, 448.26142825285547, -75.10489558450838, -49.485380116959526]
SPS=67
Eval at step 1526000, survival=6.246%, return=[-1.877373488736339, 295.34830987930303, -30.510369317489676, -34.02923976608195]
SPS=67
Eval at step 1526500, survival=9.094%, return=[-2.3931030253879726, 424.5516028086344, -57.15028437510288, -48.08771929824619]
SPS=67
Eval at step 1527000, survival=11.186%, return=[-2.5891663710741946, 521.0724947341279, -54.11870447916832, -56.78362573099503]
SPS=67
Eval at step 1527500, survival=7.870%, return=[-2.114443352620583, 368.1982155195874, -42.33302497875411, -41.5497076023395]
SPS=67
Eval at step 1528000, survival=11.847%, return=[-2.7717968163390956, 550.4494397783279, -51.16963247379075, -74.27485380117078]
SPS=67
Eval at step 1528500, survival=6.676%, return=[-1.914998429400536, 314.01916631380715, -35.05680455619457, -43.216374269006025]
SPS=67
Eval at step 1529000, survival=9.652%, return=[-2.3630784697791873, 444.6131998809178, -30.060615515578927, -65.43274853801269]
SPS=67
Eval at step 1529500, survival=5.184%, return=[-1.762313848535996, 242.80337798754385, -95.92785199329956, -35.11111111111109]
SPS=67
Eval at step 1530000, survival=18.337%, return=[-4.072768600017298, 828.7512373797093, -228.54070946162878, -108.59064327485571]
SPS=67
Eval at step 1530500, survival=3.815%, return=[-1.6303665167846095, 172.8266526556015, -97.92714928087662, -26.017543859649237]
SPS=67
Eval at step 1531000, survival=15.993%, return=[-3.2216076761445342, 747.3678218269353, -77.54930848524964, -111.04093567251682]
SPS=67
Eval at step 1531500, survival=7.147%, return=[-2.0980292976795076, 329.3893499811491, -41.192161807601224, -46.67836257309983]
SPS=67
Eval at step 1532000, survival=22.569%, return=[-4.358795831736643, 1032.5611119047792, -74.14385443245465, -152.48538011695967]
SPS=67
Eval at step 1532500, survival=7.486%, return=[-2.0765264642153247, 354.61091061433143, -21.12692817660233, -51.15204678362619]
SPS=67
Eval at step 1533000, survival=9.024%, return=[-2.2127213506028056, 418.9614036162695, -60.980265775586304, -52.04678362573154]
SPS=67
Eval at step 1533500, survival=5.481%, return=[-1.8550698310524847, 247.1166521509488, -93.29656449254253, -41.6842105263159]
SPS=67
Eval at step 1534000, survival=13.314%, return=[-3.0260519454604946, 591.2589243849119, -147.47637320176, -82.93567251462126]
SPS=67
Eval at step 1534500, survival=5.014%, return=[-1.7694585127756, 225.80705883661926, -125.26438141691808, -37.24561403508779]
SPS=67
Eval at step 1535000, survival=7.432%, return=[-2.0744105256938687, 340.7068628327054, -76.25711959140365, -54.92982456140396]
SPS=67
Eval at step 1535500, survival=4.886%, return=[-1.7516089909089108, 225.85245315869633, -22.352586459851107, -36.479532163742675]
SPS=67
Eval at step 1536000, survival=7.143%, return=[-2.0048726442813254, 326.87045767148305, -27.286698319308925, -53.263157894737525]
SPS=67
Eval at step 1536500, survival=6.758%, return=[-1.9456565831399832, 318.2277107143403, -20.190549891902872, -41.59064327485424]
SPS=67
Eval at step 1537000, survival=5.957%, return=[-1.8877490391023457, 282.06434045791644, -84.19740339245982, -41.61988304093581]
SPS=67
Eval at step 1537500, survival=7.618%, return=[-2.0778547322455174, 349.89623266696896, -113.51263263255471, -46.60233918128705]
SPS=67
Eval at step 1538000, survival=13.459%, return=[-2.957732704875525, 613.2478850968672, -106.2296506259432, -96.07602339181445]
SPS=67
Eval at step 1538500, survival=6.742%, return=[-1.873748075508047, 315.1085716756184, -25.03607411334997, -45.39766081871386]
SPS=67
Eval at step 1539000, survival=6.023%, return=[-1.8464681465605584, 281.5145678901677, -143.59833950373772, -47.16374269005862]
SPS=67
Eval at step 1539500, survival=15.323%, return=[-3.2845297734602354, 695.0180440982176, -71.23117645806269, -118.66666666666877]
SPS=67
Eval at step 1540000, survival=14.761%, return=[-3.1834926391408467, 679.8027237574262, -44.89606690290824, -92.0350877192999]
SPS=67
Eval at step 1540500, survival=5.965%, return=[-1.8579048338190962, 271.97330830574043, -50.105003580198776, -41.0935672514622]
SPS=67
Eval at step 1541000, survival=3.146%, return=[-1.4842193052560713, 143.44073810418448, -46.13435458423434, -21.625730994152036]
SPS=67
Eval at step 1541500, survival=4.357%, return=[-1.6013073271800142, 202.5572916793826, -22.19428004172126, -28.514619883041032]
SPS=67
Eval at step 1542000, survival=4.328%, return=[-1.7953982095350511, 191.71048894882222, -110.48366261774208, -30.02339181286563]
SPS=67
Eval at step 1542500, survival=6.659%, return=[-1.9667204308789223, 297.55550073623715, -192.65126166546057, -50.81871345029285]
SPS=67
Eval at step 1543000, survival=14.079%, return=[-3.1181177258646735, 626.636856497127, -321.3913274780692, -101.15789473684397]
SPS=67
Eval at step 1543500, survival=8.007%, return=[-2.1558199449791573, 383.9373059240979, -89.23145914300888, -51.935672514620286]
SPS=67
Eval at step 1544000, survival=6.147%, return=[-1.9563773173334387, 276.56229695955943, -161.08218117364837, -47.08187134502956]
SPS=67
Eval at step 1544500, survival=9.797%, return=[-2.8069282328166687, 439.23182238578806, -91.14417377348582, -56.90058479532238]
SPS=67
Eval at step 1545000, survival=7.168%, return=[-2.043707372096833, 321.61583374897674, -161.23186413167664, -59.076023391813315]
SPS=67
Eval at step 1545500, survival=6.618%, return=[-2.5282618575535403, 295.46524450461135, -157.97671811392988, -52.68421052631627]
SPS=67
Eval at step 1546000, survival=10.524%, return=[-2.480696388888949, 472.2058585055676, -129.89306684758049, -67.50292397660891]
SPS=67
Eval at step 1546500, survival=7.709%, return=[-2.2200199311676747, 359.6255843496322, -67.33673476870172, -50.69005847953269]
SPS=67
Eval at step 1547000, survival=6.362%, return=[-1.9725852727424353, 286.9944614124301, -110.54360636463873, -39.26900584795364]
SPS=67
Eval at step 1547500, survival=11.256%, return=[-2.7884920204329924, 515.8937299871445, -66.80907933937185, -71.06432748538114]
SPS=67
Eval at step 1548000, survival=2.885%, return=[-1.3691755894105881, 135.99657159805312, -24.38208775509459, -18.07602339181283]
SPS=67
Eval at step 1548500, survival=5.667%, return=[-1.8751459004706703, 265.3264671023689, -43.75474705407942, -41.333333333333805]
SPS=67
Eval at step 1549000, survival=7.639%, return=[-2.180097679180714, 347.6937199338278, -54.4654712670114, -46.385964912281025]
SPS=67
Eval at step 1549500, survival=12.909%, return=[-3.032610921150384, 581.7058425259577, -174.05492888042986, -81.01169590643433]
SPS=67
Eval at step 1550000, survival=6.279%, return=[-1.878920034932283, 295.55143584887196, -27.543126770511055, -49.27485380117006]
SPS=67
Eval at step 1550500, survival=4.481%, return=[-1.728803481402186, 210.71245854218805, -16.708952090625342, -31.005847953216506]
SPS=67
Eval at step 1551000, survival=5.349%, return=[-1.7992357091667752, 254.46697427431744, -24.080746941023488, -42.017543859649315]
SPS=67
Eval at step 1551500, survival=12.190%, return=[-2.8972743953733393, 539.8090979750936, -229.9811915003908, -88.46783625731165]
SPS=67
Eval at step 1552000, survival=7.908%, return=[-2.215198399091605, 353.8171930011113, -94.25926907282944, -59.333333333333826]
SPS=67
Eval at step 1552500, survival=5.146%, return=[-1.7440853314862277, 237.9466727415722, -62.449099273673106, -43.67836257309981]
SPS=67
Eval at step 1553000, survival=5.184%, return=[-1.7333218547476765, 248.34542369524658, -39.788108956852135, -36.08771929824571]
SPS=67
Eval at step 1553500, survival=5.812%, return=[-1.9079741114595283, 262.55573293209096, -50.7567187382956, -39.53216374269025]
SPS=67
Eval at step 1554000, survival=9.069%, return=[-2.3018338834711662, 405.3859110434849, -186.0234982954183, -70.61403508772047]
SPS=67
Eval at step 1554500, survival=4.489%, return=[-1.7093628348472218, 205.36316067377743, -57.89373704719279, -29.69005847953233]
SPS=67
Eval at step 1555000, survival=3.332%, return=[-1.4898297067265958, 154.97904267787928, -25.643961204050964, -25.994152046783785]
SPS=67
Eval at step 1555500, survival=7.908%, return=[-2.026907659989471, 366.8122043546044, -116.14703438190433, -48.91812865497108]
SPS=67
Eval at step 1556000, survival=3.733%, return=[-1.544231222961874, 175.23116166432706, -83.53522769090098, -28.92397660818712]
SPS=67
Eval at step 1556500, survival=5.866%, return=[-1.7914597640240875, 276.44694005807247, -66.96287898682446, -38.71929824561414]
SPS=67
Eval at step 1557000, survival=7.490%, return=[-2.0202740765719986, 351.43332408269254, -41.460552208887144, -47.578947368421446]
SPS=67
Eval at step 1557500, survival=10.247%, return=[-2.4217686198729402, 470.0088042291004, -88.60150610240332, -63.62573099415289]
SPS=67
Eval at step 1558000, survival=8.267%, return=[-2.1632381610106677, 391.2479946033159, -23.15807203541044, -54.38011695906482]
SPS=67
Eval at step 1558500, survival=4.601%, return=[-1.6803466200944968, 218.53356163660678, -32.6670639262793, -34.116959064327744]
SPS=67
Eval at step 1559000, survival=5.535%, return=[-1.7544344534398988, 257.17506841818505, -59.480804096441716, -46.18713450292419]
SPS=67
Eval at step 1559500, survival=6.775%, return=[-1.9490072080710281, 309.2253333409633, -174.45908832720306, -56.18713450292449]
SPS=67
Eval at step 1560000, survival=8.817%, return=[-2.3298482295358554, 408.8489620939893, -35.71633076968404, -70.52631578947442]
SPS=67
Eval at step 1560500, survival=7.837%, return=[-2.1678781682470194, 373.20642146269506, -45.713657458380716, -55.2163742690062]
SPS=67
Eval at step 1561000, survival=5.146%, return=[-1.7416044362665464, 234.5533951600396, -76.51449580211192, -39.47953216374273]
SPS=67
Eval at step 1561500, survival=5.952%, return=[-1.8256937031401321, 277.5674204699201, -9.889099397226042, -49.327485380117366]
SPS=67
Eval at step 1562000, survival=3.443%, return=[-1.563522471037383, 154.01190097490965, -100.95834684635822, -31.63742690058479]
SPS=67
Eval at step 1562500, survival=4.138%, return=[-1.5471268445253372, 193.01602723598478, -10.555040372981844, -32.555555555555564]
SPS=67
Eval at step 1563000, survival=10.028%, return=[-2.4849904999136925, 452.5760020756725, -29.585586475441232, -64.80116959064395]
SPS=67
Eval at step 1563500, survival=6.043%, return=[-1.8054219163993064, 279.8453479417163, -25.57942026391053, -38.251461988304285]
SPS=67
Eval at step 1564000, survival=6.374%, return=[-1.9454088666243479, 290.516140839259, -47.509644087481625, -39.74853801169602]
SPS=67
Eval at step 1564500, survival=4.134%, return=[-1.6555621662409976, 188.5108543046316, -15.882837977992798, -25.64327485380115]
SPS=67
Eval at step 1565000, survival=6.494%, return=[-1.9035757292294875, 294.439646792412, -42.196804644814655, -45.34502923976635]
SPS=67
Eval at step 1565500, survival=7.531%, return=[-2.1777270316379145, 336.8192885573705, -33.295107102254406, -48.08771929824596]
SPS=67
Eval at step 1566000, survival=7.734%, return=[-2.18993392198657, 350.93148852984103, -23.381869537336268, -53.00584795321664]
SPS=67
Eval at step 1566500, survival=8.999%, return=[-2.3910975824886314, 413.490590473811, -25.008608463569544, -58.000000000000604]
SPS=67
Eval at step 1567000, survival=7.519%, return=[-2.4032717892162814, 330.5916753848391, -94.56819461367559, -52.900584795322345]
SPS=67
Eval at step 1567500, survival=9.251%, return=[-2.301956344357071, 430.94688794930784, -31.532330708811667, -52.85964912280759]
SPS=67
Eval at step 1568000, survival=7.544%, return=[-2.12239074887475, 349.54232224623365, -38.30040556711174, -49.61988304093611]
SPS=67
Eval at step 1568500, survival=7.445%, return=[-2.049644393477744, 341.93752075354206, -36.26889972414998, -40.052631578947775]
SPS=67
Eval at step 1569000, survival=5.783%, return=[-1.7718983541126363, 272.1526900641125, -20.09081609196922, -33.94152046783656]
SPS=67
Eval at step 1569500, survival=8.077%, return=[-2.809110835349808, 360.72444109757777, -8.484105232399694, -56.14035087719376]
SPS=67
Eval at step 1570000, survival=6.357%, return=[-1.9263128262440052, 291.79483239491805, -62.73729931173087, -37.02339181286587]
SPS=67
Eval at step 1570500, survival=0.318%, return=[-1.0644298422848806, 12.219486538569134, -6.415878145955503, -2.4093567251461985]
SPS=67
Eval at step 1571000, survival=9.706%, return=[-2.376477214488356, 447.57154436429283, -69.3153477840436, -53.43274853801233]
SPS=67
Eval at step 1571500, survival=6.192%, return=[-1.9578730845823884, 291.6495906448364, -11.872872412660703, -37.22222222222245]
SPS=67
Eval at step 1572000, survival=9.086%, return=[-2.229858576126086, 420.08505413691245, -34.5523780034952, -46.89473684210583]
SPS=67
Eval at step 1572500, survival=8.375%, return=[-2.301998255037082, 380.5806831598288, -186.6555940074953, -57.894736842105864]
SPS=67
Eval at step 1573000, survival=7.742%, return=[-2.1219205587597876, 364.0334159946444, -42.158055467521386, -40.713450292398136]
SPS=67
Eval at step 1573500, survival=9.966%, return=[-2.4748445721149133, 462.99303521474195, -9.82673251507731, -74.43274853801266]
SPS=67
Eval at step 1574000, survival=10.363%, return=[-2.5918964055211595, 484.6440671666466, -44.706498656688076, -57.00000000000072]
SPS=67
Eval at step 1574500, survival=7.688%, return=[-2.2485579216930396, 343.6583884716036, -135.04569057722014, -48.4385964912285]
SPS=67
Eval at step 1575000, survival=18.750%, return=[-3.7259269527470074, 867.7701212278988, -27.814339498387806, -132.6081871345057]
SPS=67
Eval at step 1575500, survival=5.489%, return=[-1.738325650532109, 256.57251261075345, -13.6216147038164, -36.2982456140353]
SPS=67
Eval at step 1576000, survival=4.857%, return=[-1.7848802438626687, 231.45370508988717, -93.75268712018926, -42.61988304093581]
SPS=67
Eval at step 1576500, survival=6.039%, return=[-2.2640932185652978, 265.8857032024864, -54.82663495013427, -43.97076023391844]
SPS=67
Eval at step 1577000, survival=5.456%, return=[-1.8438048557727598, 247.92267093976366, -138.06494203982098, -40.09941520467858]
SPS=67
Eval at step 1577500, survival=6.643%, return=[-1.9635458631091751, 309.15805840492277, -31.749636252504086, -52.24561403508816]
SPS=67
Eval at step 1578000, survival=7.403%, return=[-2.0273037145185904, 343.7642050266266, -45.00583677729204, -49.0935672514623]
SPS=67
Eval at step 1578500, survival=6.171%, return=[-2.075899128258849, 273.46940191268953, -111.59196165349567, -49.42690058479554]
SPS=67
Eval at step 1579000, survival=4.568%, return=[-1.5773123151933153, 217.06518596013402, -25.137422520977754, -32.339181286549824]
SPS=67
Eval at step 1579500, survival=5.390%, return=[-1.7131975898131107, 249.53754473050455, -48.80874808101604, -40.69590643274862]
SPS=67
Eval at step 1580000, survival=7.073%, return=[-2.1258677286095917, 320.7878050263724, -56.26423651547035, -45.286549707602575]
SPS=67
Eval at step 1580500, survival=10.743%, return=[-2.7384145989781246, 482.36782651106586, -165.95501736816368, -78.263157894738]
SPS=67
Eval at step 1581000, survival=6.701%, return=[-2.0139078007584126, 305.2507171487811, -68.78182578142575, -49.60233918128686]
SPS=67
Eval at step 1581500, survival=8.027%, return=[-1.9754363211104646, 380.521517238617, -59.56151530614443, -44.964912280702066]
SPS=67
Eval at step 1582000, survival=6.515%, return=[-1.8910452344765265, 302.3446970621745, -14.136974987753396, -39.90643274853832]
SPS=67
Eval at step 1582500, survival=6.490%, return=[-1.9640814822438795, 296.3261739110948, -37.01617327404407, -44.350877192982665]
SPS=67
Eval at step 1583000, survival=9.449%, return=[-2.48802482309596, 435.141642479897, -97.17802752251373, -75.87134502924057]
SPS=67
Eval at step 1583500, survival=6.415%, return=[-1.9433561198529787, 296.41602833906813, -27.90352748246126, -44.37426900584816]
SPS=67
Eval at step 1584000, survival=12.049%, return=[-2.863367460706892, 548.5551802253717, -177.43920134985333, -85.20467836257455]
SPS=67
Eval at step 1584500, survival=4.576%, return=[-1.6592207563032086, 222.8903813473382, -9.549723895577094, -29.39181286549716]
SPS=67
Eval at step 1585000, survival=6.833%, return=[-1.925135480045962, 314.5844159015019, -50.58801606139847, -44.72514619883057]
SPS=67
Eval at step 1585500, survival=5.427%, return=[-1.8096253082039766, 254.92362109978993, -61.1939529702698, -37.69590643274872]
SPS=67
Eval at step 1586000, survival=7.234%, return=[-2.2812154287433564, 334.46368447621666, -41.208387364968075, -47.03508771929833]
SPS=67
Eval at step 1586500, survival=7.341%, return=[-2.0914862052110643, 333.13069409529413, -64.23702424381433, -48.73099415204706]
SPS=67
Eval at step 1587000, survival=3.964%, return=[-1.6365308126745124, 185.4042143440246, -54.88298291709119, -24.327485380116986]
SPS=67
Eval at step 1587500, survival=5.208%, return=[-1.7941257900868852, 248.92843094825744, -22.82823192802607, -31.637426900584803]
SPS=67
Eval at step 1588000, survival=8.176%, return=[-2.2797446233647256, 373.99076480388675, -47.71987458729806, -48.34502923976646]
SPS=67
Eval at step 1588500, survival=4.592%, return=[-1.8062521702377126, 208.2546102968853, -64.58962987887692, -29.3684210526316]
SPS=67
Eval at step 1589000, survival=5.899%, return=[-1.9028750885045156, 275.9335870011646, -11.820579468854703, -37.36842105263175]
SPS=67
Eval at step 1589500, survival=4.791%, return=[-1.711112127872184, 232.87504020373032, -30.01311669023562, -33.89473684210526]
SPS=68
Eval at step 1590000, survival=3.088%, return=[-1.4331555728179712, 147.0012098550797, -8.247704695056504, -20.801169590643262]
SPS=68
Eval at step 1590500, survival=4.204%, return=[-1.5503805457653168, 202.59783223311115, -27.807597970097657, -27.245614035087694]
SPS=68
Eval at step 1591000, survival=6.295%, return=[-1.9344511615733306, 294.166084046364, -73.37985878662828, -46.7777777777782]
SPS=68
Eval at step 1591500, survival=8.941%, return=[-2.5257391816315553, 397.8637164036432, -60.090039062604774, -66.70175438596564]
SPS=68
Eval at step 1592000, survival=7.197%, return=[-2.092013450572267, 333.33561227162687, -52.89802478979497, -42.56725146198847]
SPS=68
Eval at step 1592500, survival=5.163%, return=[-1.7616006117702152, 236.74176551103577, -56.32137412216495, -35.345029239766085]
SPS=68
Eval at step 1593000, survival=4.683%, return=[-1.6913461850878473, 205.80878342310598, -73.55031068805481, -34.45029239766087]
SPS=68
Eval at step 1593500, survival=5.262%, return=[-1.7590145504024501, 244.81437167644506, -26.538351630947243, -38.274853801169826]
SPS=68
Eval at step 1594000, survival=4.005%, return=[-1.6170567479954723, 189.49148437499994, -21.13723774983858, -24.514619883041018]
SPS=68
Eval at step 1594500, survival=7.168%, return=[-2.0621948371990584, 331.99545344670634, -71.90133269038051, -43.000000000000306]
SPS=68
Eval at step 1595000, survival=8.325%, return=[-2.3763864513020962, 367.83803997675614, -87.25269975907092, -47.59649122807056]
SPS=68
Eval at step 1595500, survival=4.745%, return=[-1.77166929274487, 221.52193131605796, -26.570185927674174, -33.9883040935673]
SPS=68
Eval at step 1596000, survival=5.870%, return=[-2.0581772863127603, 266.4609028975171, -73.55269141365231, -46.789473684210655]
SPS=68
Eval at step 1596500, survival=6.515%, return=[-1.9833870745496824, 310.33975355943045, -18.551247060667567, -44.391812865497336]
SPS=68
Eval at step 1597000, survival=7.019%, return=[-2.0298274945816956, 332.3183657368026, -44.789721220741434, -44.292397660818864]
SPS=68
Eval at step 1597500, survival=6.899%, return=[-1.9202563517998594, 317.35187502861044, -22.231647752108984, -44.54385964912305]
SPS=68
Eval at step 1598000, survival=9.561%, return=[-2.459390137674442, 451.1300771045685, -14.508811332852474, -61.63742690058541]
SPS=68
Eval at step 1598500, survival=8.317%, return=[-2.301360404720375, 381.2896383285525, -38.778829427804645, -47.32748538011748]
SPS=68
Eval at step 1599000, survival=7.428%, return=[-2.0687652506361096, 343.5064344890914, -49.78181498544291, -54.04678362573154]
SPS=68
Eval at step 1599500, survival=4.807%, return=[-1.8437133383316298, 223.72726255178455, -13.368305900522197, -34.56725146198843]
SPS=68
Eval at step 1600000, survival=8.784%, return=[-2.3050785315960334, 405.42114721616116, -49.5893068988856, -52.69590643274904]
SPS=68
Eval at step 1600500, survival=4.625%, return=[-1.6059596294459577, 211.90591506987812, -35.24703726809336, -29.88304093567265]
SPS=68
Eval at step 1601000, survival=5.952%, return=[-1.997493615160541, 273.4840011936426, -32.39668220528498, -31.988304093567365]
SPS=68
Eval at step 1601500, survival=9.573%, return=[-2.649150697495012, 446.51885411580406, -53.51609312653454, -53.9064327485386]
SPS=68
Eval at step 1602000, survival=8.362%, return=[-2.2996509266473972, 390.2239541316032, -36.51129382914951, -55.06432748538058]
SPS=68
Eval at step 1602500, survival=9.454%, return=[-2.6196859148525014, 431.90319208780966, -103.55881149880467, -57.57309941520517]
SPS=68
Eval at step 1603000, survival=5.370%, return=[-1.8903775409174461, 245.18802275657671, -111.39547362698552, -38.21637426900592]
SPS=68
Eval at step 1603500, survival=7.226%, return=[-2.2636128903444237, 324.78474389314675, -107.30543467262275, -44.789473684210826]
SPS=68
Eval at step 1604000, survival=6.287%, return=[-2.2535332226931737, 278.70018765131675, -172.77897808172565, -39.08187134502949]
SPS=68
Eval at step 1604500, survival=8.379%, return=[-2.428391885109401, 386.54484090010345, -116.10219025504436, -51.13450292397699]
SPS=68
Eval at step 1605000, survival=14.856%, return=[-3.67033984529553, 666.72882080237, -186.14100164334135, -88.05263157894886]
SPS=68
Eval at step 1605500, survival=18.895%, return=[-4.640834172450316, 845.080600428579, -244.4545063142626, -108.40350877193181]
SPS=68
Eval at step 1606000, survival=20.701%, return=[-4.957285706904561, 921.2332029263143, -301.2747624621479, -112.56725146199051]
SPS=68
Eval at step 1606500, survival=9.379%, return=[-2.5949344314673604, 432.0752467250829, -87.6111611731855, -70.33333333333424]
SPS=68
Eval at step 1607000, survival=19.556%, return=[-4.829610255100609, 873.8390483427033, -270.1982941790787, -106.53216374269205]
SPS=68
Eval at step 1607500, survival=15.881%, return=[-3.824605297316642, 721.9156210597336, -144.65947386868842, -95.48538011696085]
SPS=68
Eval at step 1608000, survival=16.109%, return=[-3.574678200588096, 734.2254816214241, -127.60544847036363, -116.08187134503135]
SPS=68
Eval at step 1608500, survival=3.493%, return=[-1.527783595607616, 170.08189073880516, -9.417558153159916, -21.906432748537995]
SPS=68
Eval at step 1609000, survival=7.449%, return=[-2.254836493249362, 348.68992974281326, -32.988960013947995, -51.03508771929841]
SPS=68
Eval at step 1609500, survival=4.874%, return=[-1.810375990869943, 221.72694084167497, -67.46143875402534, -33.91228070175455]
SPS=68
Eval at step 1610000, survival=9.350%, return=[-2.445496465874991, 435.42361274560307, -41.67815519040232, -65.33918128655024]
SPS=68
Eval at step 1610500, survival=7.209%, return=[-2.0634013149538077, 331.53250431378723, -38.2581938735481, -44.70175438596524]
SPS=68
Eval at step 1611000, survival=8.619%, return=[-2.1308963778428733, 388.5490743509933, -111.1404548254953, -65.05847953216418]
SPS=68
Eval at step 1611500, survival=8.189%, return=[-2.3259427051331536, 372.7146256065368, -41.87448663180112, -51.578947368421574]
SPS=68
Eval at step 1612000, survival=8.627%, return=[-2.407401475783748, 392.0511349232991, -88.10836028149545, -62.467836257310715]
SPS=68
Eval at step 1612500, survival=9.020%, return=[-2.367199365942118, 417.0170260159178, -60.545615554379765, -57.198830409357214]
SPS=68
Eval at step 1613000, survival=15.980%, return=[-3.529622469621245, 726.5249769083666, -162.96336291944803, -88.71929824561563]
SPS=68
Eval at step 1613500, survival=13.248%, return=[-2.8119091151165776, 620.773217725752, -66.8260333261181, -75.74269005848085]
SPS=68
Eval at step 1614000, survival=11.843%, return=[-2.8499501331049637, 533.5888732401526, -82.37204049044522, -86.36842105263281]
SPS=68
Eval at step 1614500, survival=13.728%, return=[-3.2064723735675216, 608.1902884149554, -210.07474838074026, -93.29824561403656]
SPS=68
Eval at step 1615000, survival=21.978%, return=[-4.3770555915155755, 1001.3150256570169, -126.34688042466102, -125.89473684210782]
SPS=68
Eval at step 1615500, survival=12.806%, return=[-3.0057058186697154, 574.155702932675, -101.4767913443017, -76.75438596491341]
SPS=68
Eval at step 1616000, survival=10.404%, return=[-2.6582743113782876, 469.8241683737431, -77.6576513731173, -61.45614035087792]
SPS=68
Eval at step 1616500, survival=10.702%, return=[-2.782021334647046, 472.4850912547112, -115.2245145891017, -59.953216374269665]
SPS=68
Eval at step 1617000, survival=8.172%, return=[-2.1780327222465226, 369.33482262452463, -45.12927153250348, -52.099415204678785]
SPS=68
Eval at step 1617500, survival=4.419%, return=[-1.6104916684950392, 209.54883643468222, -17.273532387528878, -27.584795321637475]
SPS=68
Eval at step 1618000, survival=18.994%, return=[-4.254720628572007, 848.0244281291949, -158.7394036151915, -127.29239766082121]
SPS=68
Eval at step 1618500, survival=17.154%, return=[-3.6643026244904227, 785.8783619912437, -177.26190518199778, -88.46198830409513]
SPS=68
Eval at step 1619000, survival=4.609%, return=[-1.6974410433322191, 207.846534992854, -121.30809411951729, -31.105263157894953]
SPS=68
Eval at step 1619500, survival=18.221%, return=[-3.9447189169974686, 817.0208182016996, -171.17316121807622, -108.41520467836472]
SPS=68
Eval at step 1620000, survival=11.888%, return=[-3.0864775094669312, 533.0143429247535, -129.73149664608354, -64.02339181286634]
SPS=68
Eval at step 1620500, survival=22.069%, return=[-4.261728689908826, 1018.5822137276336, -176.42103049176026, -117.55555555555782]
SPS=68
Eval at step 1621000, survival=13.868%, return=[-3.231671235349495, 632.9702512296038, -147.09758366103537, -73.36842105263295]
SPS=68
Eval at step 1621500, survival=26.753%, return=[-4.714978303294629, 1237.900148022966, -353.5152854234523, -160.51461988304462]
SPS=68
Eval at step 1622000, survival=11.128%, return=[-2.6335630214695507, 504.1411732975642, -93.34942628171605, -61.1286549707609]
SPS=68
Eval at step 1622500, survival=13.323%, return=[-3.0729107996060825, 612.3004672336579, -122.75842565931089, -68.49707602339308]
SPS=68
Eval at step 1623000, survival=15.766%, return=[-3.5476648358938596, 700.3146350733435, -222.62628865476776, -87.04093567251607]
SPS=68
Eval at step 1623500, survival=19.482%, return=[-4.31194446455144, 876.8017117929444, -234.20844308059895, -105.67836257310138]
SPS=68
Eval at step 1624000, survival=10.239%, return=[-2.741636043336863, 462.98888060728723, -187.6371017957208, -68.68421052631655]
SPS=68
Eval at step 1624500, survival=14.815%, return=[-2.9896762217589035, 690.9470168987909, -83.94384134358067, -100.27485380117128]
SPS=68
Eval at step 1625000, survival=1.972%, return=[-1.281826613470912, 87.45053156216939, -19.876415533944964, -14.070175438596484]
SPS=68
Eval at step 1625500, survival=17.803%, return=[-3.97462892672047, 785.8477588446918, -219.9750730796659, -117.53216374269232]
SPS=68
Eval at step 1626000, survival=4.816%, return=[-1.71337972470792, 217.8266709868113, -23.115655828034505, -37.8713450292399]
SPS=68
Eval at step 1626500, survival=6.965%, return=[-2.0475118561880663, 320.3898808606467, -63.837947321365085, -44.45614035087763]
SPS=68
Eval at step 1627000, survival=4.787%, return=[-1.716307770383234, 231.43046476046266, -19.704972590116085, -32.91812865497096]
SPS=68
Eval at step 1627500, survival=5.886%, return=[-1.8461862652911805, 278.4511351394655, -35.86087561175615, -38.12280701754398]
SPS=68
Eval at step 1628000, survival=13.327%, return=[-2.948531963474428, 612.9382597859703, -108.17245039858729, -83.00584795321761]
SPS=68
Eval at step 1628500, survival=6.556%, return=[-1.9635238112920586, 308.3087656672797, -52.401063340560846, -46.66081871345057]
SPS=68
Eval at step 1629000, survival=8.230%, return=[-2.2295398107574633, 374.3451371558513, -81.34078787845404, -51.81286549707653]
SPS=68
Eval at step 1629500, survival=7.502%, return=[-2.174822779217114, 343.41942956129736, -91.54066491472379, -54.5730994152051]
SPS=68
Eval at step 1630000, survival=8.189%, return=[-2.2013565785212754, 377.33802530765587, -42.30524020140971, -52.59064327485422]
SPS=68
Eval at step 1630500, survival=14.443%, return=[-3.5202210258770115, 652.105743792852, -94.24845016351901, -81.26900584795486]
SPS=68
Eval at step 1631000, survival=6.746%, return=[-1.983820876145425, 309.3372144158684, -74.80345694057662, -41.760233918128854]
SPS=68
Eval at step 1631500, survival=5.345%, return=[-1.7369014341384172, 247.94860731442768, -43.02762506610452, -41.8538011695909]
SPS=68
Eval at step 1632000, survival=5.998%, return=[-1.8648704467535329, 277.07058321476, -63.638404382256944, -37.42690058479538]
SPS=68
Eval at step 1632500, survival=10.061%, return=[-2.5875044752998897, 452.7757821305598, -121.08082254010758, -66.78947368421122]
SPS=68
Eval at step 1633000, survival=20.238%, return=[-4.547319525930409, 910.489563649493, -265.0007871833198, -117.60818713450539]
SPS=68
Eval at step 1633500, survival=12.951%, return=[-3.1472524746592776, 597.900124734243, -232.57508713318262, -79.63742690058591]
SPS=68
Eval at step 1634000, survival=8.296%, return=[-2.525308758893516, 370.6036348009114, -127.74279267097397, -62.169590643275605]
SPS=68
Eval at step 1634500, survival=8.350%, return=[-2.500933856004849, 375.08837675412525, -95.90714971846076, -58.719298245614596]
SPS=68
Eval at step 1635000, survival=3.042%, return=[-1.459905860479921, 141.31283387343086, -24.172110903833527, -22.64327485380115]
SPS=68
Eval at step 1635500, survival=7.569%, return=[-2.3215154058028324, 341.51847787698154, -121.51087167166406, -44.187134502924245]
SPS=68
Eval at step 1636000, survival=9.945%, return=[-2.758397645452836, 458.2488021389645, -162.2935317538213, -51.73684210526368]
SPS=68
Eval at step 1636500, survival=18.895%, return=[-4.2788742773700505, 856.4326536242146, -299.48157493525287, -104.91228070175634]
SPS=68
Eval at step 1637000, survival=21.528%, return=[-4.765674030291848, 977.3141411606445, -320.93983412328816, -107.21052631579163]
SPS=68
Eval at step 1637500, survival=12.554%, return=[-3.295638028435254, 561.2318305627499, -205.36527740204474, -68.28654970760333]
SPS=68
Eval at step 1638000, survival=4.067%, return=[-1.666963404471365, 189.2464213800432, -47.939470736552416, -24.076023391812825]
SPS=68
Eval at step 1638500, survival=16.778%, return=[-3.9743965773377568, 759.0994190406788, -127.51091751474694, -107.52046783625893]
SPS=68
Eval at step 1639000, survival=10.623%, return=[-2.9065443152794614, 476.21332914988193, -130.14657064974745, -65.78362573099501]
SPS=68
Eval at step 1639500, survival=7.796%, return=[-2.1879526230234965, 351.4557885297142, -110.79751417974451, -50.74853801169623]
SPS=68
Eval at step 1640000, survival=7.631%, return=[-2.341715285651541, 338.5731964826586, -90.15905386349186, -46.59064327485431]
SPS=68
Eval at step 1640500, survival=6.986%, return=[-2.1720645759099475, 320.37768971045847, -88.58077882963698, -42.47368421052655]
SPS=68
Eval at step 1641000, survival=5.837%, return=[-1.896168686003269, 265.52255904833504, -45.74953827310552, -41.85964912280735]
SPS=68
Eval at step 1641500, survival=5.097%, return=[-1.8006551685975865, 234.28229355653139, -43.134135825326666, -33.555555555555536]
SPS=68
Eval at step 1642000, survival=4.506%, return=[-1.7098797433427535, 202.64562783877054, -13.629505867822445, -44.35672514619879]
SPS=68
Eval at step 1642500, survival=9.507%, return=[-2.550261771578031, 429.8260710748041, -145.88803472177702, -47.83625730994197]
SPS=68
Eval at step 1643000, survival=6.473%, return=[-1.9658566455473192, 299.54842800140386, -22.301542794991594, -48.035087719298794]
SPS=68
Eval at step 1643500, survival=6.820%, return=[-2.145048355916515, 313.09463491439845, -68.57432505923013, -37.57309941520492]
SPS=68
Eval at step 1644000, survival=10.065%, return=[-2.7418096699596695, 455.38142688592234, -45.91714424655705, -68.77777777777867]
SPS=68
Eval at step 1644500, survival=7.519%, return=[-2.0988487858558074, 345.61692059993726, -20.365174746402772, -57.08771929824587]
SPS=68
Eval at step 1645000, survival=4.969%, return=[-1.7508875003938253, 231.53270470937105, -44.2537416612613, -33.92982456140369]
SPS=68
Eval at step 1645500, survival=8.962%, return=[-2.5203839494691542, 411.20996784528114, -39.88051015640182, -65.10526315789552]
SPS=68
Eval at step 1646000, survival=4.076%, return=[-1.5774080834235065, 187.80244908809672, -58.804740181706926, -26.81871345029242]
SPS=68
Eval at step 1646500, survival=6.465%, return=[-2.132889008401738, 299.6787462870282, -51.916732162809545, -49.538011695906896]
SPS=68
Eval at step 1647000, survival=7.172%, return=[-2.2171050641918555, 324.9204709513986, -109.54690275226797, -52.508771929824945]
SPS=68
Eval at step 1647500, survival=9.929%, return=[-2.739211126967954, 461.74015375455184, -50.48605138281224, -69.6257309941532]
SPS=68
Eval at step 1648000, survival=10.218%, return=[-2.77935696329223, 470.8486638323465, -66.57846143494316, -86.18713450292539]
SPS=68
Eval at step 1648500, survival=4.518%, return=[-1.6554613123492647, 217.08596029758462, -21.317940659629432, -33.04093567251478]
SPS=68
Eval at step 1649000, survival=6.920%, return=[-2.149205250238689, 314.775351103147, -36.44693720567496, -46.608187134503204]
SPS=68
Eval at step 1649500, survival=5.448%, return=[-1.8433080701506697, 260.5215945641201, -49.87281361479351, -42.491228070175644]
SPS=68
Eval at step 1650000, survival=4.067%, return=[-1.6032815645448864, 192.52947078228, -26.244940738387715, -30.046783625731138]
SPS=68
Eval at step 1650500, survival=7.060%, return=[-2.222265321024073, 325.37917974789934, -49.20704571458676, -45.473684210526606]
SPS=68
Eval at step 1651000, survival=7.006%, return=[-2.0208939946023747, 324.18736735661815, -22.948522957753692, -44.49122807017584]
SPS=68
Eval at step 1651500, survival=5.217%, return=[-1.927209164132364, 239.02785906950655, -73.72116152596816, -30.801169590643415]
SPS=68
Eval at step 1652000, survival=4.084%, return=[-1.599409643909894, 193.92007045586902, -46.16894987821191, -24.947368421052627]
SPS=68
Eval at step 1652500, survival=11.148%, return=[-2.9872476284120544, 508.22336835066494, -160.14049082876105, -58.783625730994885]
SPS=68
Eval at step 1653000, survival=36.669%, return=[-7.429445808151892, 1661.486488464673, -656.0691292642296, -217.70175438596638]
SPS=68
Eval at step 1653500, survival=26.224%, return=[-5.753036345646251, 1189.296561889644, -378.68818540582043, -147.081871345032]
SPS=68
Eval at step 1654000, survival=10.673%, return=[-2.9562225879247612, 476.62819057782536, -171.5761149738925, -59.36257309941599]
SPS=68
Eval at step 1654500, survival=8.354%, return=[-2.4652996089619896, 388.87212534268673, -59.98875514852504, -50.07602339181341]
SPS=68
Eval at step 1655000, survival=12.847%, return=[-3.186900627624709, 583.4971758715295, -191.87977248256598, -68.46783625731113]
SPS=68
Eval at step 1655500, survival=10.227%, return=[-2.751084911035529, 474.89986182212806, -116.34839038663388, -53.99415204678443]
SPS=68
Eval at step 1656000, survival=21.478%, return=[-4.752188791152245, 974.9807374016424, -307.09642936126085, -98.89473684210702]
SPS=68
Eval at step 1656500, survival=7.052%, return=[-2.1855746524524875, 330.5023846022295, -112.33210252516437, -34.48538011695911]
SPS=68
Eval at step 1657000, survival=20.490%, return=[-4.374169467967779, 934.2144885158528, -264.2045121098684, -102.72514619883236]
SPS=68
Eval at step 1657500, survival=12.636%, return=[-3.232376337303625, 554.8290553458537, -158.97827181956868, -77.72514619883161]
SPS=68
Eval at step 1658000, survival=29.683%, return=[-6.209647011128254, 1338.6045024665198, -318.1120343451233, -143.7368421052651]
SPS=68
Eval at step 1658500, survival=9.375%, return=[-2.5890247826852524, 425.02179074128486, -95.57371983379319, -51.65497076023442]
SPS=68
Eval at step 1659000, survival=6.990%, return=[-2.1909433743761233, 316.5119360828401, -48.92881082900567, -42.473684210526464]
SPS=68
Eval at step 1659500, survival=9.007%, return=[-2.4141421416037097, 406.21544139782645, -79.00617301445648, -61.70760233918188]
SPS=68
Eval at step 1660000, survival=12.992%, return=[-3.2380744860662767, 578.0024157087004, -137.45572632000162, -84.53216374269122]
SPS=68
Eval at step 1660500, survival=11.165%, return=[-2.881574219247947, 513.7649026552832, -116.30058031266769, -60.391812865497826]
SPS=68
Eval at step 1661000, survival=7.478%, return=[-2.263524765672628, 337.24889227072384, -91.11836887270329, -48.38011695906469]
SPS=68
Eval at step 1661500, survival=15.927%, return=[-3.833773056025772, 728.7393851868313, -37.5478467050707, -119.46783625731003]
SPS=68
Eval at step 1662000, survival=9.759%, return=[-2.76817848905921, 434.6490958897275, -76.11233324872592, -59.02339181286632]
SPS=68
Eval at step 1662500, survival=10.053%, return=[-2.6385977613390423, 451.51772396087637, -123.24492679683802, -70.50877192982536]
SPS=68
Eval at step 1663000, survival=4.828%, return=[-1.7913904400969234, 224.02838760375994, -74.19331218694181, -27.432748538011868]
SPS=68
Eval at step 1663500, survival=8.780%, return=[-2.477360198759319, 400.23309127012925, -101.11279777281743, -49.000000000000476]
SPS=68
Eval at step 1664000, survival=2.269%, return=[-1.3926550919810932, 106.20832942962649, -22.551909442602966, -12.415204678362572]
SPS=68
Eval at step 1664500, survival=4.650%, return=[-1.716420123858067, 216.28283664226524, -51.27685212751385, -26.497076023391937]
SPS=68
Eval at step 1665000, survival=7.957%, return=[-2.3860457255893075, 356.39062715371443, -60.33409192683757, -51.567251461988974]
SPS=68
Eval at step 1665500, survival=6.039%, return=[-1.9502097185662326, 270.2168392276764, -47.98416250894176, -43.52046783625738]
SPS=68
Eval at step 1666000, survival=5.473%, return=[-1.9825661244879786, 245.62765207767504, -67.7320442305839, -35.30994152046804]
SPS=68
Eval at step 1666500, survival=4.675%, return=[-1.8619763877553244, 217.60665072441103, -30.68632837397551, -31.286549707602585]
SPS=68
Eval at step 1667000, survival=6.246%, return=[-1.9881280595242667, 281.8197345193226, -71.77146358791894, -42.666666666666735]
SPS=68
Eval at step 1667500, survival=18.986%, return=[-4.264513899067727, 847.069590249061, -193.90898563853503, -121.02339181286801]
SPS=68
Eval at step 1668000, survival=8.908%, return=[-2.617807905538939, 406.8469838062926, -77.6005910201687, -55.14035087719353]
SPS=68
Eval at step 1668500, survival=6.643%, return=[-2.032402592342502, 308.7645995998382, -46.44588526994145, -50.163742690058534]
SPS=68
Eval at step 1669000, survival=17.221%, return=[-3.9358344940119423, 781.5625474611929, -108.90853565217792, -138.5263157894764]
SPS=68
Eval at step 1669500, survival=7.027%, return=[-2.2058949136796095, 320.5989238635698, -80.2809799334306, -39.22222222222248]
SPS=68
Eval at step 1670000, survival=4.907%, return=[-1.8246377190225758, 227.4925701832775, -64.57501236974106, -30.052631578947587]
SPS=68
Eval at step 1670500, survival=4.576%, return=[-1.7695165233065684, 207.33927480379725, -52.37498577180668, -27.853801169590984]
SPS=68
Eval at step 1671000, survival=4.733%, return=[-1.8170971155438262, 208.6347637875875, -45.53521072334843, -36.263157894736814]
SPS=68
Eval at step 1671500, survival=4.886%, return=[-1.749151114510217, 224.5775276184083, -63.342086111622244, -28.84210526315806]
SPS=68
Eval at step 1672000, survival=6.560%, return=[-2.000860439535851, 306.6721027008695, -33.83605931628457, -46.590643274854095]
SPS=68
Eval at step 1672500, survival=17.965%, return=[-4.480169460681888, 796.8915825955064, -110.46901829339429, -125.41520467836506]
SPS=68
Eval at step 1673000, survival=8.379%, return=[-2.373222990659997, 374.0173177464806, -95.40523745249205, -65.8421052631585]
SPS=68
Eval at step 1673500, survival=4.138%, return=[-1.6845672974013723, 191.6299760198593, -27.285814040883754, -19.894736842105257]
SPS=68
Eval at step 1674000, survival=6.589%, return=[-1.9599064162854727, 310.4950611782078, -44.58848123480857, -39.36842105263164]
SPS=68
Eval at step 1674500, survival=5.262%, return=[-1.9016313874162734, 244.71905398845692, -55.82700623829927, -31.52046783625734]
SPS=68
Eval at step 1675000, survival=5.911%, return=[-1.9748722681542858, 270.69391273975407, -49.71084378956463, -40.46198830409375]
SPS=68
Eval at step 1675500, survival=4.551%, return=[-1.725629892918126, 213.70533272425348, -56.45843849435914, -28.39766081871345]
SPS=68
Eval at step 1676000, survival=2.823%, return=[-1.4673058353558492, 131.4255847644807, -28.884827235005407, -16.90058479532168]
SPS=68
Eval at step 1676500, survival=3.881%, return=[-1.742119088031662, 175.8076003901164, -40.47026928185369, -23.982456140350923]
SPS=68
Eval at step 1677000, survival=5.233%, return=[-1.8583188394162182, 243.53797046025593, -35.56912605770534, -32.6374269005848]
SPS=68
Eval at step 1677500, survival=3.795%, return=[-1.5245916413453717, 182.13414671580003, -25.744133348567022, -22.865497076023555]
SPS=68
Eval at step 1678000, survival=11.239%, return=[-2.851663110389685, 513.1559866444267, -65.14411401754478, -59.742690058480264]
SPS=68
Eval at step 1678500, survival=7.970%, return=[-2.290790599596221, 369.11851161003096, -91.41430065617654, -51.742690058480015]
SPS=68
Eval at step 1679000, survival=9.520%, return=[-2.631840844580438, 428.12192294120786, -84.83924100341876, -53.54970760233971]
SPS=68
Eval at step 1679500, survival=9.416%, return=[-2.6940307620873987, 416.96324209531184, -102.31717954398482, -55.432748538012106]
SPS=68
Eval at step 1680000, survival=8.337%, return=[-2.130636386553912, 393.1863638687136, -61.03502906704671, -58.64912280701801]
SPS=68
Eval at step 1680500, survival=12.058%, return=[-3.17103151443492, 549.0503988091151, -105.53152736856039, -77.33918128655081]
SPS=68
Eval at step 1681000, survival=8.726%, return=[-2.567039417743217, 390.3396944236758, -72.6971779676581, -44.70175438596525]
SPS=68
Eval at step 1681500, survival=12.653%, return=[-2.987404434029789, 576.2302823988593, -100.19781487000971, -73.26315789473797]
SPS=68
Eval at step 1682000, survival=9.086%, return=[-2.485760599859835, 413.3823186238606, -134.89860005295864, -48.07602339181333]
SPS=68
Eval at step 1682500, survival=7.965%, return=[-2.298330224759411, 360.8822326533002, -141.87219447384996, -51.988304093567656]
SPS=68
Eval at step 1683000, survival=4.993%, return=[-1.896725503591976, 231.61151704947176, -44.391245206391126, -37.05847953216392]
SPS=68
Eval at step 1683500, survival=6.680%, return=[-2.219678836486613, 307.01308650573094, -30.247688686989324, -58.47953216374349]
SPS=68
Eval at step 1684000, survival=1.170%, return=[-1.1796252767477806, 52.35035813490549, -8.89358634967357, -6.146198830409358]
SPS=68
Eval at step 1684500, survival=3.819%, return=[-1.5293991838116199, 178.04266529401147, -27.606925136894763, -20.128654970760213]
SPS=68
Eval at step 1685000, survival=4.423%, return=[-1.5875488312255281, 205.06493098894762, -46.6316971181271, -26.92982456140385]
SPS=68
Eval at step 1685500, survival=6.043%, return=[-2.2591079923052653, 278.880403474172, -61.377603734688215, -38.39181286549739]
SPS=68
Eval at step 1686000, survival=6.262%, return=[-1.9327761043095961, 291.2495813719435, -54.07124103693059, -33.561403508772194]
SPS=68
Eval at step 1686500, survival=2.025%, return=[-1.3028469698620029, 94.72875591595961, -14.294940995469611, -13.32163742690057]
SPS=68
Eval at step 1687000, survival=1.897%, return=[-1.2620851784013212, 86.80007503191632, -7.522239169901392, -15.754385964912345]
SPS=68
Eval at step 1687500, survival=0.364%, return=[-1.0759903772268444, 14.55498406092326, -6.472479100028674, -2.8187134502923974]
SPS=68
Eval at step 1688000, survival=4.915%, return=[-1.8218710909131914, 231.6341275858878, -34.98477461842898, -34.45614035087741]
SPS=68
Eval at step 1688500, survival=34.850%, return=[-6.651423040874458, 1595.592485151288, -338.553281989259, -190.72514619883]
SPS=68
Eval at step 1689000, survival=7.139%, return=[-2.1698871957099377, 323.91480251789085, -75.8963306254215, -40.456140350877526]
SPS=68
Eval at step 1689500, survival=12.855%, return=[-3.0437997620902024, 578.6956606690086, -116.04739080023865, -74.44444444444568]
SPS=68
Eval at step 1690000, survival=4.183%, return=[-2.0419984878972173, 189.4642613744736, -63.06816798693035, -29.95321637426899]
SPS=68
Eval at step 1690500, survival=7.081%, return=[-2.1481002573273145, 321.4904760265353, -52.09857985432609, -41.63742690058518]
SPS=68
Eval at step 1691000, survival=7.354%, return=[-2.1480460547609255, 347.9975709279376, -41.24587893371548, -51.362573099415535]
SPS=68
Eval at step 1691500, survival=11.595%, return=[-2.850733868428506, 527.3123381121953, -71.89734899068087, -74.0292397660829]
SPS=68
Eval at step 1692000, survival=24.376%, return=[-5.4368955988514545, 1083.3490142424891, -237.86371238323287, -137.23976608187422]
SPS=68
Eval at step 1692500, survival=17.407%, return=[-3.967275317700114, 798.6460148239139, -119.41861735633574, -120.3274853801192]
SPS=68
Eval at step 1693000, survival=8.850%, return=[-2.5162035202180655, 407.84955333709735, -60.73033398651796, -49.13450292397685]
SPS=68
Eval at step 1693500, survival=9.549%, return=[-2.691115870353921, 433.2153894249603, -126.1409457467186, -56.02923976608245]
SPS=68
Eval at step 1694000, survival=3.604%, return=[-1.4793106028810143, 174.31560820897434, -11.279997167075635, -23.122807017543767]
SPS=68
Eval at step 1694500, survival=5.196%, return=[-1.7720990812134307, 243.42412219206486, -13.859292436536634, -34.263157894736885]
SPS=68
Eval at step 1695000, survival=7.102%, return=[-2.1677165749133565, 324.033806740443, -24.12532338752256, -57.96491228070253]
SPS=68
Eval at step 1695500, survival=18.692%, return=[-3.7624811306207753, 857.3003443400061, -75.53681065093406, -132.15204678362852]
SPS=68
Eval at step 1696000, survival=32.746%, return=[-8.860104574492047, 1315.2034077040073, -1803.716915800874, -441.97076023392054]
SPS=68
Eval at step 1696500, survival=17.948%, return=[-3.6916666080942377, 830.4158943891513, -60.558405852939664, -100.03508771930017]
SPS=68
Eval at step 1697000, survival=15.770%, return=[-3.6490310259590237, 710.2307972764969, -122.50178545990882, -91.27485380117133]
SPS=68
Eval at step 1697500, survival=16.737%, return=[-3.6870200060269176, 775.4992641782746, -123.82764984893886, -93.71929824561583]
SPS=68
Eval at step 1698000, survival=6.916%, return=[-2.0650753632459478, 322.24365611155855, -55.67720465669603, -37.22807017543878]
SPS=68
Eval at step 1698500, survival=6.035%, return=[-1.970232675744531, 278.8906637676559, -92.48214679451969, -33.292397660818715]
SPS=68
Eval at step 1699000, survival=6.713%, return=[-2.0611661359434947, 304.282078880469, -105.14762105469224, -40.49707602339249]
SPS=68
Eval at step 1699500, survival=5.890%, return=[-1.8917675744160078, 271.75121801058464, -46.63365073788433, -34.45614035087732]
SPS=68
Eval at step 1700000, survival=8.449%, return=[-2.4902775048588714, 378.2284703493113, -131.05856473654663, -51.95321637426992]
SPS=68
Eval at step 1700500, survival=6.866%, return=[-2.1019863200296336, 314.39385168075586, -90.96152096303801, -48.64327485380162]
SPS=68
Eval at step 1701000, survival=5.452%, return=[-1.8589229308223973, 250.06407030105606, -53.62954729729972, -39.035087719298204]
SPS=68
Eval at step 1701500, survival=7.106%, return=[-2.251382246885138, 322.7366846736275, -100.7354319719913, -42.13450292397692]
SPS=68
Eval at step 1702000, survival=15.898%, return=[-3.927192308668358, 723.2341299915284, -262.1377011741861, -104.2807017543879]
SPS=68
Eval at step 1702500, survival=15.179%, return=[-3.6172730818313235, 695.3474102290465, -202.68804284802172, -95.21052631579117]
SPS=68
Eval at step 1703000, survival=9.941%, return=[-2.6894121106985645, 451.06297316869023, -113.95210230452965, -68.40350877193076]
SPS=68
Eval at step 1703500, survival=6.341%, return=[-2.4003508406264396, 279.32072297255223, -38.702658857822826, -46.30409356725202]
SPS=68
Eval at step 1704000, survival=12.760%, return=[-3.2272753265957967, 575.6521833801255, -149.29836950485938, -98.02923976608339]
SPS=68
Eval at step 1704500, survival=3.485%, return=[-1.510577607783489, 161.299352347056, -23.584240547036945, -25.32163742690066]
SPS=68
Eval at step 1705000, survival=3.166%, return=[-1.499778622528538, 147.32807362635927, -17.91899546457959, -19.742690058479646]
SPS=68
Eval at step 1705500, survival=8.796%, return=[-2.5894080734384866, 392.5741463375093, -61.834150479446784, -61.55555555555613]
SPS=68
Eval at step 1706000, survival=7.622%, return=[-2.6165439248822318, 338.9734747759506, -43.857077905751794, -53.88304093567334]
SPS=68
Eval at step 1706500, survival=9.987%, return=[-3.3163349259993993, 427.62498206774404, -80.33863846047946, -85.35087719298339]
SPS=68
Eval at step 1707000, survival=10.483%, return=[-2.8973453115904704, 468.97192712704305, -135.16907804719327, -62.643274853802296]
SPS=68
Eval at step 1707500, survival=13.042%, return=[-3.352333758821866, 580.2986843236287, -129.30489399417516, -81.70175438596618]
SPS=68
Eval at step 1708000, survival=19.540%, return=[-4.121695574955083, 882.0470614226641, -191.49603089624483, -116.16374269006083]
SPS=68
Eval at step 1708500, survival=7.498%, return=[-2.257405528856907, 335.4515844488141, -100.02923525802423, -46.385964912281175]
SPS=68
Eval at step 1709000, survival=10.247%, return=[-2.8429572389965565, 460.33243326028213, -107.34040605736179, -61.941520467837]
SPS=68
Eval at step 1709500, survival=10.007%, return=[-2.692120888037607, 445.1197690550489, -109.53248215008837, -53.91228070175489]
SPS=68
Eval at step 1710000, survival=7.618%, return=[-2.2162570311532668, 355.50140188694013, -95.2393537024127, -51.68421052631629]
SPS=68
Eval at step 1710500, survival=8.784%, return=[-2.5413288791896775, 399.9659600130717, -111.71368890418671, -59.467836257310545]
SPS=68
Eval at step 1711000, survival=9.619%, return=[-2.5635612973128445, 436.4006664816532, -118.29828952697183, -56.94152046783682]
SPS=68
Eval at step 1711500, survival=8.515%, return=[-2.258161959432376, 397.351345396042, -62.16845979380499, -48.397660818713916]
SPS=68
Eval at step 1712000, survival=8.833%, return=[-2.5333036953622163, 404.64877097447726, -56.68505519690249, -57.17543859649182]
SPS=68
Eval at step 1712500, survival=12.603%, return=[-2.981479932825702, 585.3893801561981, -75.97791643597884, -68.02339181286656]
SPS=68
Eval at step 1713000, survival=6.713%, return=[-1.9065733848838136, 310.5613781293234, -17.73081910890566, -40.98830409356744]
SPS=68
Eval at step 1713500, survival=10.090%, return=[-2.8070316842446723, 445.20188669204686, -89.63711235385078, -56.85964912280772]
SPS=68
Eval at step 1714000, survival=18.353%, return=[-4.118425426461424, 825.2062599023167, -217.01229395389296, -101.09356725146388]
SPS=68
Eval at step 1714500, survival=8.007%, return=[-2.4176422591359974, 357.8597374375658, -92.45641655232369, -49.830409356725646]
SPS=68
Eval at step 1715000, survival=12.000%, return=[-3.0113153249258175, 546.0927036984759, -125.1633163696509, -70.32163742690155]
SPS=68
Eval at step 1715500, survival=21.325%, return=[-4.732188159987952, 960.6054464101771, -263.08676451798414, -123.56725146199064]
SPS=68
Eval at step 1716000, survival=8.131%, return=[-2.263406133026971, 374.18567016840007, -70.57334959173265, -53.55555555555603]
SPS=68
Eval at step 1716500, survival=6.473%, return=[-2.052323017967865, 294.46669808864596, -44.920143783907406, -47.1578947368424]
SPS=68
Eval at step 1717000, survival=18.981%, return=[-4.09984653518768, 862.4832192834205, -179.37188839224595, -117.97660818713689]
SPS=68
Eval at step 1717500, survival=9.958%, return=[-2.6982029102315814, 450.7202353382106, -102.31104332418181, -58.204678362573794]
SPS=68
Eval at step 1718000, survival=9.110%, return=[-2.6730063119903207, 408.8164072688421, -101.52178702910896, -51.75438596491268]
SPS=68
Eval at step 1718500, survival=10.057%, return=[-2.782539816883703, 445.53068218549123, -141.04064673923617, -57.24561403508858]
SPS=68
Eval at step 1719000, survival=12.496%, return=[-2.994630684843287, 567.4187525622038, -154.2889209089238, -72.84795321637534]
SPS=68
Eval at step 1719500, survival=9.821%, return=[-2.851613821364784, 446.2249201186494, -76.24910684394126, -80.13450292397813]
SPS=68
Eval at step 1720000, survival=12.029%, return=[-3.062865085201338, 556.8777131525677, -147.1585275772765, -84.78362573099538]
SPS=68
Eval at step 1720500, survival=40.294%, return=[-8.592526830752226, 1766.373731261884, -781.7627348364076, -323.69590643272903]
SPS=68
Eval at step 1721000, survival=6.907%, return=[-1.945793721145795, 324.9274467833837, -35.7741037645416, -45.73099415204718]
SPS=68
Eval at step 1721500, survival=7.602%, return=[-2.2904651856903606, 341.92790608723914, -80.19581981413891, -52.058479532164576]
SPS=68
Eval at step 1722000, survival=9.788%, return=[-2.656874275281249, 451.1225611527766, -29.23220375517849, -78.59064327485494]
SPS=68
Eval at step 1722500, survival=5.494%, return=[-1.8327506928665873, 250.29905401388805, -33.585694554494694, -37.19883040935701]
SPS=68
Eval at step 1723000, survival=8.780%, return=[-2.5049361151371463, 393.8908217668536, -62.58788048522547, -65.27485380117018]
SPS=68
Eval at step 1723500, survival=14.381%, return=[-3.6314432877503955, 651.8987875048308, -137.45578152901726, -109.47953216374462]
SPS=68
Eval at step 1724000, survival=5.465%, return=[-2.0167587921993495, 233.86369453748077, -65.92009392099378, -49.28070175438622]
SPS=68
Eval at step 1724500, survival=7.684%, return=[-2.1255344292148948, 347.76790981451694, -68.90573296742514, -51.01169590643315]
SPS=68
Eval at step 1725000, survival=10.768%, return=[-2.849977436029197, 479.71570022503533, -112.03151259674148, -73.45614035087787]
SPS=68
Eval at step 1725500, survival=8.085%, return=[-2.263328635774087, 363.4596881596246, -68.6378796270692, -52.08771929824627]
SPS=68
Eval at step 1726000, survival=16.725%, return=[-3.372911623097025, 762.5156060338009, -186.5185780222091, -110.8362573099436]
SPS=68
Eval at step 1726500, survival=3.534%, return=[-1.4843324538475524, 157.02051916917176, -29.19276526127942, -28.707602339181644]
SPS=68
Eval at step 1727000, survival=13.504%, return=[-3.152089045053193, 599.8390603562191, -119.87390125931172, -87.47953216374405]
SPS=68
Eval at step 1727500, survival=7.126%, return=[-2.020000797424776, 329.28284233729073, -69.35731958510587, -45.578947368421474]
SPS=68
Eval at step 1728000, survival=8.800%, return=[-2.3404145256693787, 405.74252154032393, -65.1714415682424, -59.82456140350941]
SPS=68
Eval at step 1728500, survival=8.722%, return=[-2.442897121227967, 390.20835974216476, -79.64135028215242, -53.54970760233963]
SPS=68
Eval at step 1729000, survival=13.124%, return=[-3.1179109280346893, 588.0675554752348, -127.1822677081412, -82.91812865497204]
SPS=68
Eval at step 1729500, survival=9.040%, return=[-2.9163986356773726, 406.75493444283893, -170.31268755274746, -64.29824561403599]
SPS=68
Eval at step 1730000, survival=9.792%, return=[-2.7297328331818185, 435.1030675951644, -124.33843901285097, -64.53216374269077]
SPS=68
Eval at step 1730500, survival=10.003%, return=[-2.6573089903298146, 460.52411402384473, -141.91666056469936, -55.95906432748595]
SPS=68
Eval at step 1731000, survival=10.454%, return=[-2.849383086975043, 464.15258468945757, -139.92403527554902, -64.0233918128663]
SPS=68
Eval at step 1731500, survival=24.983%, return=[-5.313404615308779, 1129.1024442386622, -383.9432864494156, -155.2046783625681]
SPS=68
Eval at step 1732000, survival=7.875%, return=[-2.2126276754618934, 361.7895264466608, -90.9847852847209, -52.01169590643314]
SPS=68
Eval at step 1732500, survival=16.981%, return=[-3.6751034316645623, 773.0759560632699, -237.63010855363487, -103.2163742690077]
SPS=68
Eval at step 1733000, survival=20.180%, return=[-4.639801761562315, 919.2965004960685, -261.1419504480582, -139.74853801169715]
SPS=68
Eval at step 1733500, survival=6.531%, return=[-2.098567111805702, 292.6125062306724, -41.796576723594626, -52.12280701754417]
SPS=68
Eval at step 1734000, survival=8.908%, return=[-2.3519807243331647, 406.3439700984955, -64.85105270659551, -52.19298245614084]
SPS=68
Eval at step 1734500, survival=8.325%, return=[-2.3323228832062646, 377.985618828138, -44.1320333184558, -48.52046783625773]
SPS=68
Eval at step 1735000, survival=4.832%, return=[-1.7628594715109405, 220.22958172480273, -21.093266149953706, -32.58479532163759]
SPS=68
Eval at step 1735500, survival=7.664%, return=[-2.2548236557049677, 354.5335573101045, -64.60115081545275, -42.842105263158366]
SPS=68
Eval at step 1736000, survival=5.915%, return=[-1.9243724529709045, 278.3278040122986, -54.86023484212152, -36.011695906432756]
SPS=68
Eval at step 1736500, survival=9.458%, return=[-2.7136066046271785, 430.02540008544906, -76.46790954655928, -74.97076023391905]
SPS=68
Eval at step 1737000, survival=6.696%, return=[-2.0466102928233645, 304.9386961285274, -38.53057065673784, -44.70175438596515]
SPS=68
Eval at step 1737500, survival=6.159%, return=[-2.28059260698501, 270.3851756461461, -19.691332203142036, -42.6608187134509]
SPS=68
Eval at step 1738000, survival=23.818%, return=[-4.712444132077508, 1093.404588363966, -60.92071480792947, -120.4561403508796]
SPS=68
Eval at step 1738500, survival=15.389%, return=[-3.4248924620527155, 710.8577671623217, -33.4281734210684, -79.24561403508903]
SPS=68
Eval at step 1739000, survival=6.453%, return=[-1.9155367083731107, 302.67600155432996, -16.278466356811503, -40.6315789473687]
SPS=68
Eval at step 1739500, survival=10.871%, return=[-2.703295023762621, 501.47189695040396, -22.124900510156294, -78.21052631579066]
SPS=68
Eval at step 1740000, survival=8.470%, return=[-2.3251038623469262, 382.18878604332576, -36.47824994593975, -52.90058479532218]
SPS=68
Eval at step 1740500, survival=19.506%, return=[-4.262206683304005, 892.1566737365723, -42.564191276585916, -115.53801169590872]
SPS=68
Eval at step 1741000, survival=18.481%, return=[-3.8961444869831516, 842.81936493794, -58.391847611773606, -97.5438596491246]
SPS=68
Eval at step 1741500, survival=5.998%, return=[-1.9188199611768748, 277.2545406723021, -12.75454357881487, -43.14035087719327]
SPS=68
Eval at step 1742000, survival=8.912%, return=[-2.265923985338304, 410.5633938876786, -24.505883753363985, -55.36842105263222]
SPS=68
Eval at step 1742500, survival=10.251%, return=[-2.6355279939016327, 464.3848111995066, -81.54302587964655, -65.76608187134589]
SPS=68
Eval at step 1743000, survival=5.994%, return=[-1.9973783542906556, 282.5306232166287, -6.722350627067499, -49.321637426901255]
SPS=68
Eval at step 1743500, survival=6.564%, return=[-2.002027511926523, 304.17471932570146, -35.40747489851977, -37.32748538011725]
SPS=68
Eval at step 1744000, survival=4.770%, return=[-1.695132159375741, 220.44483682791392, -32.79819864112263, -34.53216374269008]
SPS=68
Eval at step 1744500, survival=9.065%, return=[-2.5422037325333804, 407.8410624996818, -73.89899890950862, -69.65497076023455]
SPS=68
Eval at step 1745000, survival=6.271%, return=[-1.9219852815731429, 294.08753355026255, -18.72636992740566, -40.25730994152054]
SPS=68
Eval at step 1745500, survival=5.365%, return=[-1.7634153370163403, 252.00022761027003, -18.954178853397025, -32.66081871345042]
SPS=68
Eval at step 1746000, survival=4.311%, return=[-1.6827000965713523, 197.15690323273347, -21.506142122865032, -31.426900584795433]
SPS=68
Eval at step 1746500, survival=5.816%, return=[-1.9311864059030388, 264.1343043613433, -22.128801137526654, -42.30409356725168]
SPS=68
Eval at step 1747000, survival=8.300%, return=[-2.29620335555713, 383.2558566776911, -21.473540734732524, -43.140350877193384]
SPS=68
Eval at step 1747500, survival=8.627%, return=[-2.2862337876382903, 399.72409196694707, -20.74788726051338, -45.81871345029273]
SPS=68
Eval at step 1748000, survival=10.681%, return=[-2.730409885155192, 489.11040671348604, -25.80276409173287, -56.76608187134573]
SPS=68
Eval at step 1748500, survival=14.162%, return=[-3.162149709435956, 656.3900693178166, -34.101747738857135, -74.8479532163754]
SPS=68
Eval at step 1749000, survival=6.647%, return=[-1.9641520870112192, 313.98709088007604, -12.095823202379202, -41.70760233918154]
SPS=68
Eval at step 1749500, survival=7.602%, return=[-2.234887810792619, 342.7034045632681, -24.15720631738077, -43.29824561403533]
SPS=68
Eval at step 1750000, survival=1.703%, return=[-1.254204099085958, 76.13266506036126, -10.521795705581704, -13.146198830409324]
SPS=68
Eval at step 1750500, survival=13.042%, return=[-2.9803005554907336, 590.9468963273365, -52.269032036846816, -65.61403508772024]
SPS=68
Eval at step 1751000, survival=12.326%, return=[-2.8726191694343775, 562.1540827369686, -30.4094978889237, -59.60818713450387]
SPS=68
Eval at step 1751500, survival=14.972%, return=[-3.280008058897996, 685.9283707714077, -62.12092624707778, -75.64912280701877]
SPS=68
Eval at step 1752000, survival=20.511%, return=[-4.225885039796897, 930.6836836783083, -119.81038608987001, -106.04678362573308]
SPS=68
Eval at step 1752500, survival=9.251%, return=[-2.68991781771183, 410.38280896504716, -24.892361469217576, -57.20467836257385]
SPS=68
Eval at step 1753000, survival=7.986%, return=[-2.489664731741262, 363.49544119675943, -18.762813402359217, -51.4327485380121]
SPS=68
Eval at step 1753500, survival=12.537%, return=[-2.724279218004085, 581.0229483171304, -33.54029749998396, -63.61988304093658]
SPS=68
Eval at step 1754000, survival=6.543%, return=[-2.0333423794363625, 299.15683138052617, -22.583797692394, -42.82456140350891]
SPS=68
Eval at step 1754500, survival=18.312%, return=[-3.8820982648758218, 833.7356440099078, -77.66071014389551, -92.4795321637444]
SPS=68
Eval at step 1755000, survival=8.156%, return=[-2.143694974074606, 384.7152874215447, -22.893333563317963, -40.19883040935715]
SPS=68
Eval at step 1755500, survival=23.929%, return=[-4.5250034147757106, 1126.6299099381772, -66.47996361377106, -107.33918128655195]
SPS=68
Eval at step 1756000, survival=22.259%, return=[-5.806206119867663, 997.2361333862927, -31.797422058732383, -143.57309941520782]
SPS=68
Eval at step 1756500, survival=21.896%, return=[-5.534348178305663, 978.9945953027395, -65.9556867564582, -132.37426900585086]
SPS=68
Eval at step 1757000, survival=7.044%, return=[-2.062241004256066, 327.1627789036432, -45.35670815939496, -33.62573099415223]
SPS=68
Eval at step 1757500, survival=5.283%, return=[-1.7309767092810944, 251.1635633639495, -31.329656854621135, -27.169590643274947]
SPS=68
Eval at step 1758000, survival=6.341%, return=[-1.8625794428323086, 295.26565489610005, -20.330906236175604, -41.432748538012106]
SPS=68
Eval at step 1758500, survival=4.237%, return=[-1.6197670659748837, 197.10768050511675, -18.996206188496824, -19.78362573099437]
SPS=68
Eval at step 1759000, survival=9.073%, return=[-3.026598181478524, 399.68929172833685, -11.759141035790284, -64.6081871345044]
SPS=68
Eval at step 1759500, survival=4.654%, return=[-1.7695257402956486, 210.6370925553634, -33.16346682565927, -23.60818713450325]
SPS=68
Eval at step 1760000, survival=4.113%, return=[-1.5308694383711554, 196.10483576933532, -16.506566235116527, -20.964912280701842]
SPS=68
Eval at step 1760500, survival=8.846%, return=[-2.3537253899072916, 414.18898151715604, -29.10762850024427, -43.245614035088344]
SPS=68
Eval at step 1761000, survival=7.151%, return=[-2.126261165132746, 328.02019733111064, -24.632828198518837, -50.894736842105736]
SPS=68
Eval at step 1761500, survival=8.346%, return=[-2.067994335879727, 392.62068409283984, -8.541566544834495, -44.57309941520506]
SPS=68
Eval at step 1762000, survival=6.692%, return=[-2.1973479414591566, 304.11421430269894, -30.303390400949866, -50.245614035088124]
SPS=68
Eval at step 1762500, survival=20.358%, return=[-4.570594970078673, 906.8931893730165, -43.48174595398692, -169.6725146198838]
SPS=68
Eval at step 1763000, survival=6.068%, return=[-2.029460888239555, 274.78324825604733, -28.30899621734473, -28.877192982456588]
SPS=68
Eval at step 1763500, survival=10.367%, return=[-2.654137374192942, 475.95608788808204, -59.10949340436491, -71.60233918128736]
SPS=68
Eval at step 1764000, survival=11.582%, return=[-3.0660383866052143, 525.6101441144946, -66.01978086829574, -70.63742690058602]
SPS=68
Eval at step 1764500, survival=7.015%, return=[-2.08384796474517, 322.47200116316475, -33.7109421733403, -37.883040935672796]
SPS=68
Eval at step 1765000, survival=13.781%, return=[-3.708278989244718, 622.0327349519724, -27.892637462476767, -80.98245614035234]
SPS=68
Eval at step 1765500, survival=7.688%, return=[-2.142436687136069, 373.19819457689937, -13.550639060500544, -66.76608187134599]
SPS=68
Eval at step 1766000, survival=9.933%, return=[-2.646505886106752, 444.80136695861853, -54.79296942338988, -59.730994152047465]
SPS=68
Eval at step 1766500, survival=7.205%, return=[-2.0688819789599315, 340.4306136322022, -26.260808960107777, -39.701754385965195]
SPS=68
Eval at step 1767000, survival=4.568%, return=[-1.9184931336979691, 198.01058769702945, -27.403956466548454, -25.619883040936106]
SPS=68
Eval at step 1767500, survival=12.186%, return=[-2.6949773870874196, 569.5888745832436, -64.19690468191887, -73.51461988304236]
SPS=68
Eval at step 1768000, survival=6.089%, return=[-1.972498707473278, 276.33259377320593, -36.73191727240677, -56.22222222222303]
SPS=68
Eval at step 1768500, survival=6.143%, return=[-2.019230638165027, 281.1076963567735, -22.251833763916846, -38.35672514619919]
SPS=68
Eval at step 1769000, survival=9.210%, return=[-2.4097029017090486, 439.6810463460284, -32.55684277516169, -54.9298245614041]
SPS=68
Eval at step 1769500, survival=17.171%, return=[-3.7775815732699507, 789.1964056491856, -46.092246432196895, -124.22807017544108]
SPS=68
Eval at step 1770000, survival=10.185%, return=[-2.537266632192768, 481.3247381019593, -20.067452807202546, -60.77777777777848]
SPS=68
Eval at step 1770500, survival=11.396%, return=[-2.778129695856478, 535.291127940814, -41.9647465097587, -52.274853801170245]
SPS=68
Eval at step 1771000, survival=6.333%, return=[-2.0085984200704843, 299.08705257733664, -21.739114608460415, -28.32163742690072]
SPS=68
Eval at step 1771500, survival=9.425%, return=[-2.443694549573896, 436.206341231664, -27.676647205752186, -43.7894736842112]
SPS=68
Eval at step 1772000, survival=8.991%, return=[-2.4014965516204634, 415.2544038677213, -17.775349646651495, -58.584795321638445]
SPS=68
Eval at step 1772500, survival=10.880%, return=[-2.5984044183860533, 509.1111421918868, -27.737118343162972, -49.818713450293274]
SPS=68
Eval at step 1773000, survival=3.414%, return=[-1.5541306261632901, 155.03733528772997, -21.00879328692099, -22.1461988304096]
SPS=68
Eval at step 1773500, survival=10.342%, return=[-2.6132260853579887, 483.4065254211427, -50.083168295266056, -66.88304093567342]
SPS=68
Eval at step 1774000, survival=20.482%, return=[-4.0946340296650305, 953.1044645531974, -91.75382234555825, -100.18128654970913]
SPS=68
Eval at step 1774500, survival=7.614%, return=[-2.3543263538352526, 350.1462266953784, -39.144218248547986, -52.070175438597325]
SPS=68
Eval at step 1775000, survival=6.903%, return=[-2.1724660365725867, 316.6706971208251, -39.329174772991486, -40.976608187135014]
SPS=68
Eval at step 1775500, survival=7.139%, return=[-2.02225630255028, 337.9112762959799, -20.028267871001542, -50.912280701754604]
SPS=68
Eval at step 1776000, survival=11.190%, return=[-2.893055447125031, 505.1659915002186, -56.74355662333255, -61.83625730994233]
SPS=68
Eval at step 1776500, survival=20.775%, return=[-4.417143918088793, 951.3492783006018, -111.69865666104306, -106.21637426900789]
SPS=68
Eval at step 1777000, survival=15.394%, return=[-3.4885792096223063, 701.6232371171313, -69.30129425012274, -78.58479532163871]
SPS=68
Eval at step 1777500, survival=16.964%, return=[-3.392171524077033, 808.0186534818004, -36.03895033972731, -77.69590643274985]
SPS=68
Eval at step 1778000, survival=11.082%, return=[-2.576603236006728, 516.7746768776572, -36.88791233902642, -48.561403508772536]
SPS=68
Eval at step 1778500, survival=11.855%, return=[-2.8248919349280186, 547.0532755247752, -46.447760305493524, -59.719298245614915]
SPS=68
Eval at step 1779000, survival=16.117%, return=[-3.395248546168053, 750.3584297784167, -57.79217658890411, -76.83625730994284]
SPS=68
Eval at step 1779500, survival=4.072%, return=[-1.6764855255799678, 191.73807699998224, -25.939329496817663, -21.046783625731038]
SPS=68
Eval at step 1780000, survival=5.175%, return=[-1.8730730085711305, 240.2459294462203, -45.80476359596165, -31.730994152046847]
SPS=68
Eval at step 1780500, survival=5.775%, return=[-1.9205549307128724, 274.7149255243938, -29.241069938638248, -32.9590643274854]
SPS=68
Eval at step 1781000, survival=9.631%, return=[-2.593840307517288, 443.5538160530723, -61.72087049322727, -56.40350877193055]
SPS=68
Eval at step 1781500, survival=11.781%, return=[-3.0855375509127043, 535.3692228126525, -107.62831535117584, -70.66081871345129]
SPS=68
Eval at step 1782000, survival=18.948%, return=[-4.308034045059078, 851.7326764531928, -196.7188432815698, -92.71345029239929]
SPS=68
Eval at step 1782500, survival=6.440%, return=[-2.0041936176324575, 291.4831625699997, -53.85904379973848, -36.421052631579215]
SPS=68
Eval at step 1783000, survival=7.577%, return=[-2.308570527995471, 349.243120326996, -71.7691306508641, -46.54970760233936]
SPS=68
Eval at step 1783500, survival=8.234%, return=[-2.3127612215660824, 375.0270945787432, -111.95850026248566, -47.257309941520845]
SPS=68
Eval at step 1784000, survival=11.132%, return=[-3.400908383676627, 500.7880843893677, -136.13989722082624, -63.48538011695987]
SPS=68
Eval at step 1784500, survival=29.783%, return=[-5.99922582800112, 1361.8126950359347, -349.44514409743715, -154.16374269005846]
SPS=68
Eval at step 1785000, survival=26.141%, return=[-5.256882096000481, 1190.8834964156142, -287.0063682536517, -142.4327485380148]
SPS=68
Eval at step 1785500, survival=19.924%, return=[-4.119229313665225, 913.8064172067234, -239.59679893481857, -103.23976608187327]
SPS=68
Eval at step 1786000, survival=20.027%, return=[-4.141902884371423, 918.7932537643086, -208.97258383355316, -99.96491228070367]
SPS=68
Eval at step 1786500, survival=10.607%, return=[-2.6018477366693937, 483.6032491985956, -139.22331235082433, -60.22807017543935]
SPS=68
Eval at step 1787000, survival=19.804%, return=[-3.899499040814893, 925.6031346368774, -158.50508337019224, -96.6432748538029]
SPS=68
Eval at step 1787500, survival=9.259%, return=[-2.361014804414784, 430.5306281137469, -41.76223748006547, -44.280701754386286]
SPS=68
Eval at step 1788000, survival=16.501%, return=[-3.6547901185501055, 753.9592595624923, -91.07432209219162, -84.00000000000132]
SPS=68
Eval at step 1788500, survival=6.940%, return=[-2.022672363809155, 321.5369635248183, -40.27077245676386, -36.90643274853801]
SPS=68
Eval at step 1789000, survival=4.894%, return=[-1.6454538133305807, 227.73793105840704, -35.452834819016665, -25.304093567251673]
SPS=68
Eval at step 1789500, survival=19.370%, return=[-4.162642018151625, 858.6295403655373, -135.24455812796623, -93.6140350877211]
SPS=68
Eval at step 1790000, survival=13.525%, return=[-3.047093456319999, 616.1782334335638, -107.56972001046718, -63.713450292398754]
SPS=68
Eval at step 1790500, survival=13.037%, return=[-2.9895605526786917, 599.6856059741979, -137.53521899731518, -64.22807017543954]
SPS=68
Eval at step 1791000, survival=26.703%, return=[-5.529248743434437, 1208.532564637659, -323.2810393529192, -127.38011695906704]
SPS=68
Eval at step 1791500, survival=14.207%, return=[-3.4511317454550103, 635.3951423231757, -187.75612163577776, -68.12865497076122]
SPS=68
Eval at step 1792000, survival=17.167%, return=[-3.5983223247652254, 788.6115679073322, -180.03158062323928, -81.46783625731153]
SPS=68
Eval at step 1792500, survival=12.996%, return=[-2.8632190336938947, 591.9041780201592, -97.93469592362817, -63.95321637426999]
SPS=68
Eval at step 1793000, survival=27.869%, return=[-5.1644951104923775, 1260.8873217074085, -240.6325216105421, -133.50877192982617]
SPS=68
Eval at step 1793500, survival=10.652%, return=[-2.7434870776487514, 477.3970244216921, -56.29245228056485, -61.64912280701844]
SPS=68
Eval at step 1794000, survival=7.779%, return=[-2.0195266616453105, 356.6216263657811, -63.627455168021925, -39.192982456140754]
SPS=68
Eval at step 1794500, survival=27.993%, return=[-5.312690283094223, 1277.880302306017, -186.67447863655494, -143.6257309941544]
SPS=68
Eval at step 1795000, survival=17.584%, return=[-3.541410369643321, 817.4256866677594, -129.17877522206496, -100.95321637427098]
SPS=68
Eval at step 1795500, survival=14.269%, return=[-3.087267168952773, 651.6312471516932, -94.5141759244434, -97.94152046783802]
SPS=68
Eval at step 1796000, survival=16.782%, return=[-3.5377956217659325, 765.8876887671149, -203.04784835647783, -88.50877192982614]
SPS=68
Eval at step 1796500, survival=14.215%, return=[-3.1147590051211105, 651.7384944311772, -138.9469064799147, -76.16374269005969]
SPS=68
Eval at step 1797000, survival=24.971%, return=[-4.921322486829013, 1128.5758332729329, -293.86508776011397, -141.83625730994456]
SPS=68
Eval at step 1797500, survival=20.953%, return=[-4.417051074677147, 952.0490969912199, -215.68056587214718, -128.03508771930078]
SPS=68
Eval at step 1798000, survival=10.115%, return=[-2.4958358011014448, 470.37841303030655, -160.15310576745347, -64.16959064327567]
SPS=68
Eval at step 1798500, survival=12.372%, return=[-2.979265555681195, 561.7168306763971, -179.29626929868633, -65.5146198830418]
SPS=68
Eval at step 1799000, survival=9.937%, return=[-2.567512054539596, 456.828066696326, -146.96680005758148, -60.29239766081941]
SPS=68
Eval at step 1799500, survival=26.009%, return=[-5.539458680568107, 1160.542761570611, -288.1787108624197, -141.36842105263452]
SPS=68
Eval at step 1800000, survival=10.206%, return=[-2.7234460441589667, 462.8804861172038, -104.53026764054084, -61.63157894736917]
SPS=68
Eval at step 1800500, survival=7.928%, return=[-2.338896819506772, 358.5973480836551, -96.9842037948353, -52.37426900584853]
SPS=68
Eval at step 1801000, survival=11.946%, return=[-3.0433304253577567, 539.6909738715486, -101.80178917474889, -60.40350877193065]
SPS=68
Eval at step 1801500, survival=7.643%, return=[-2.191783554987827, 353.332728746732, -51.12319791245621, -50.53801169590687]
SPS=68
Eval at step 1802000, survival=10.615%, return=[-2.5680481021214896, 485.1275284743311, -56.40731454083774, -53.64327485380179]
SPS=68
Eval at step 1802500, survival=14.211%, return=[-3.1752519810106605, 643.2022625859582, -134.51811875172885, -74.4561403508784]
SPS=68
Eval at step 1803000, survival=8.561%, return=[-2.438834201466913, 382.7205158992608, -150.46468373686852, -45.02923976608255]
SPS=68
Eval at step 1803500, survival=8.962%, return=[-2.4015317559436276, 407.91473078409825, -68.53816746464388, -53.97076023391865]
SPS=68
Eval at step 1804000, survival=3.150%, return=[-1.4712499480034846, 147.9669785690308, -18.60541196516715, -17.86549707602341]
SPS=68
Eval at step 1804500, survival=5.378%, return=[-1.8050497586761292, 245.81712360382087, -29.266906268293194, -32.00000000000022]
SPS=68
Eval at step 1805000, survival=5.816%, return=[-1.8484924993050906, 272.1429836507639, -44.369692927226424, -36.43859649122846]
SPS=68
Eval at step 1805500, survival=3.323%, return=[-1.578554161998909, 152.6987627983094, -19.24064053436935, -22.187134502923993]
SPS=68
Eval at step 1806000, survival=6.457%, return=[-2.166295664423766, 287.9954076457026, -79.28537973874093, -37.88888888888899]
SPS=68
Eval at step 1806500, survival=9.462%, return=[-2.807609095238149, 420.2296008149785, -76.28552068762171, -49.49707602339231]
SPS=68
Eval at step 1807000, survival=9.917%, return=[-2.4437676419426375, 455.66224846223986, -47.908155157938985, -52.16374269005909]
SPS=68
Eval at step 1807500, survival=11.202%, return=[-2.7541655128782927, 506.118014187018, -106.12969921704764, -64.77777777777864]
SPS=68
Eval at step 1808000, survival=8.375%, return=[-2.2118734968632148, 385.7565507253009, -73.06003889404626, -48.47953216374301]
SPS=68
Eval at step 1808500, survival=8.937%, return=[-2.3966990339104086, 406.4000083605452, -122.8810367299205, -59.233918128655525]
SPS=68
Eval at step 1809000, survival=7.614%, return=[-2.1705442472011782, 347.8476714102425, -43.63101573757982, -49.88888888888919]
SPS=68
Eval at step 1809500, survival=21.470%, return=[-4.023403540292445, 986.7651421054206, -143.91467254244586, -182.49707602339126]
SPS=68
Eval at step 1810000, survival=8.015%, return=[-2.1955203658823543, 370.27300818602254, -53.82026479981141, -50.68421052631614]
SPS=68
Eval at step 1810500, survival=39.261%, return=[-7.275487574903916, 1779.0924113607387, -465.6681652016996, -248.18713450291025]
SPS=68
Eval at step 1811000, survival=8.197%, return=[-2.512969512880469, 368.93587767601, -117.23644805042325, -45.035087719298495]
SPS=68
Eval at step 1811500, survival=5.237%, return=[-1.8782421118424584, 239.75160259008433, -77.01175257885673, -33.71345029239794]
SPS=68
Eval at step 1812000, survival=11.227%, return=[-2.9703674732397, 497.7006930033361, -198.03459787090105, -67.502923976609]
SPS=68
Eval at step 1812500, survival=5.064%, return=[-1.8010738263449941, 237.6757000939053, -66.20107173052384, -36.05847953216385]
SPS=68
Eval at step 1813000, survival=8.904%, return=[-2.316862959686356, 407.60199318250017, -95.61832780527766, -61.78362573099475]
SPS=68
Eval at step 1813500, survival=8.788%, return=[-2.342594680550974, 404.45405115048055, -147.3319473840614, -60.69590643274946]
SPS=68
Eval at step 1814000, survival=10.921%, return=[-2.575739659892861, 495.42362427393635, -176.57450516655567, -74.01754385965022]
SPS=68
Eval at step 1814500, survival=15.418%, return=[-3.352876056470753, 695.7816596221915, -175.62542150657586, -103.17543859649317]
SPS=68
Eval at step 1815000, survival=19.713%, return=[-4.314406918439393, 888.6348498662269, -230.727972756471, -120.22222222222474]
SPS=68
Eval at step 1815500, survival=20.002%, return=[-4.3432188941903105, 886.7525130168573, -317.4120910801794, -142.19883040935838]
SPS=68
Eval at step 1816000, survival=11.148%, return=[-2.8051630731400414, 501.9909389988586, -167.44182622654384, -76.94152046783738]
SPS=68
Eval at step 1816500, survival=10.094%, return=[-2.672932199590529, 457.94849696477326, -164.4504500638965, -65.0818713450301]
SPS=68
Eval at step 1817000, survival=11.760%, return=[-2.8043581165450937, 535.3325400288903, -214.25560827337904, -84.9707602339195]
SPS=68
Eval at step 1817500, survival=8.470%, return=[-2.357642565795686, 384.0243225351972, -104.15550631313818, -45.64912280701808]
SPS=68
Eval at step 1818000, survival=8.143%, return=[-2.4691727713604146, 368.09314624786424, -121.28944547000476, -39.2046783625732]
SPS=68
Eval at step 1818500, survival=9.367%, return=[-2.50326820948006, 422.65026184876814, -137.7275716343817, -60.94736842105332]
SPS=68
Eval at step 1819000, survival=12.000%, return=[-2.879595504181149, 550.436791736285, -152.18398224882603, -76.56140350877308]
SPS=68
Eval at step 1819500, survival=34.768%, return=[-6.552567454190769, 1570.4454781579982, -304.4005600917323, -195.0935672514601]
SPS=68
Eval at step 1820000, survival=10.549%, return=[-2.813232110114768, 471.619761991501, -193.77930563400392, -74.7602339181296]
SPS=68
Eval at step 1820500, survival=6.874%, return=[-2.165021057240665, 302.18354620456745, -81.26942885235378, -48.43859649122831]
SPS=68
Eval at step 1821000, survival=11.210%, return=[-2.7606142531343116, 498.8067545906708, -86.39126890756718, -89.62573099415334]
SPS=68
Eval at step 1821500, survival=9.330%, return=[-2.553382999865183, 416.348903898398, -127.76503079976162, -61.005847953217085]
SPS=68
Eval at step 1822000, survival=6.543%, return=[-2.0278010156083233, 300.1087834866843, -68.63601127402701, -37.91812865497095]
SPS=68
Eval at step 1822500, survival=12.951%, return=[-3.139492300862912, 579.4390607452391, -227.39131801493446, -80.1286549707615]
SPS=68
Eval at step 1823000, survival=17.258%, return=[-3.8139028685400262, 779.5249900611234, -270.41847244035307, -112.2865497076045]
SPS=68
Eval at step 1823500, survival=26.178%, return=[-4.889508408940553, 1189.6259183263742, -372.289509969972, -173.04678362573495]
SPS=68
Eval at step 1824000, survival=11.243%, return=[-2.688830922842802, 511.8995487276713, -117.75240610049514, -73.07017543859753]
SPS=68
Eval at step 1824500, survival=24.599%, return=[-4.551158465930105, 1121.6691005579605, -458.59037811349725, -195.9590643274838]
SPS=68
Eval at step 1825000, survival=10.049%, return=[-2.7591347666069246, 447.13946769714397, -156.68663592162193, -71.51461988304176]
SPS=68
Eval at step 1825500, survival=4.183%, return=[-1.7042132515925914, 187.65293634414698, -82.86612471552992, -28.03508771929833]
SPS=68
Eval at step 1826000, survival=12.512%, return=[-2.990545203424214, 559.5716269246735, -192.06969316775212, -84.77777777777918]
SPS=68
Eval at step 1826500, survival=6.978%, return=[-2.0120143949364624, 320.07649210611976, -101.43949890848792, -52.625730994152605]
SPS=68
Eval at step 1827000, survival=9.007%, return=[-2.4990922982300012, 401.0607414356866, -121.44469060222764, -62.666666666667396]
SPS=68
Eval at step 1827500, survival=8.759%, return=[-2.4081056509360983, 391.04971341451045, -115.26742413982477, -57.65497076023453]
SPS=68
Eval at step 1828000, survival=13.000%, return=[-2.9971244957996532, 592.7070948187485, -211.37232915998902, -84.43859649122959]
SPS=68
Eval at step 1828500, survival=10.127%, return=[-2.6158710205733464, 453.7516060129797, -122.22407598633436, -65.71345029239852]
SPS=68
Eval at step 1829000, survival=9.995%, return=[-2.8341719870998836, 437.8943339490895, -206.09795223958403, -59.789473684211266]
SPS=68
Eval at step 1829500, survival=7.126%, return=[-2.0373059318129285, 325.8081985759737, -75.62524385716097, -46.45614035087734]
SPS=68
Eval at step 1830000, survival=5.812%, return=[-1.8434744236874394, 261.4523660929997, -51.32830164232291, -31.081871345029313]
SPS=68
Eval at step 1830500, survival=8.230%, return=[-2.364642300623624, 365.4967323247595, -96.52340192498013, -51.58479532163786]
SPS=68
Eval at step 1831000, survival=8.213%, return=[-2.3732453555761217, 362.4704172118507, -89.83210876756493, -54.368421052631795]
SPS=68
Eval at step 1831500, survival=10.599%, return=[-2.747315699874889, 451.17445282300315, -246.5065743195058, -84.71929824561512]
SPS=68
Eval at step 1832000, survival=12.252%, return=[-3.01180001416166, 539.5708468892676, -208.5040146894777, -80.62573099415327]
SPS=68
Eval at step 1832500, survival=9.747%, return=[-2.55276436713757, 442.73408073107413, -98.74265059538448, -53.836257309942084]
SPS=68
Eval at step 1833000, survival=21.387%, return=[-4.306330226109519, 962.3241499876966, -413.8809159552814, -155.96491228070485]
SPS=68
Eval at step 1833500, survival=9.718%, return=[-2.7209215466088303, 434.2829955236119, -163.07572952817978, -57.91228070175501]
SPS=68
Eval at step 1834000, survival=10.057%, return=[-2.782258230164492, 452.9879955593746, -142.27657308148142, -64.456140350878]
SPS=68
Eval at step 1834500, survival=24.202%, return=[-5.2044328525856445, 1059.1896782056483, -353.05425171420694, -153.45614035087962]
SPS=68
Eval at step 1835000, survival=28.013%, return=[-5.950533689601191, 1247.2257537428552, -399.20969014085495, -159.75438596491128]
SPS=68
Eval at step 1835500, survival=25.471%, return=[-5.020010861432335, 1157.9479055102636, -325.80148363795644, -161.96491228070533]
SPS=68
Eval at step 1836000, survival=36.169%, return=[-8.507024428710187, 1613.2265899387937, -580.4541657590489, -253.9941520467754]
SPS=68
Eval at step 1836500, survival=15.976%, return=[-4.297957142892604, 715.3876154597579, -208.1705325913887, -96.00000000000188]
SPS=68
Eval at step 1837000, survival=18.535%, return=[-3.8014974200050347, 846.2787003103862, -296.6429384115757, -128.43274853801202]
SPS=68
Eval at step 1837500, survival=7.779%, return=[-4.1882736821038025, 334.23620472113305, -121.33805258515986, -47.51461988304154]
SPS=68
Eval at step 1838000, survival=6.287%, return=[-2.1319268184015527, 277.56868252118437, -75.69887252578822, -37.47953216374286]
SPS=68
Eval at step 1838500, survival=8.395%, return=[-3.0817554060486145, 380.5018640581768, -133.1652096796121, -53.409356725146715]
SPS=68
Eval at step 1839000, survival=14.761%, return=[-3.916969406166269, 661.8970326089859, -205.08703115146182, -79.32163742690187]
SPS=68
Eval at step 1839500, survival=20.920%, return=[-8.170677227181537, 929.4406168460836, -246.49990479905622, -129.66666666666922]
SPS=68
Eval at step 1840000, survival=12.186%, return=[-7.821443866142848, 538.3393291346229, -167.23063391671653, -73.42690058479667]
SPS=68
Eval at step 1840500, survival=22.706%, return=[-10.232310864919176, 999.2574286683385, -268.10058599352004, -145.5555555555584]
SPS=68
Eval at step 1841000, survival=19.457%, return=[-8.524790968513116, 857.3586878267919, -270.24777714174223, -131.70175438596743]
SPS=68
Eval at step 1841500, survival=22.458%, return=[-8.289751406603804, 983.9496783526729, -380.08002330601056, -138.98245614035355]
SPS=68
Eval at step 1842000, survival=5.353%, return=[-2.1140173348831013, 243.05707071145403, -55.3632978535073, -30.906432748538105]
SPS=68
Eval at step 1842500, survival=8.821%, return=[-2.5263103687320836, 390.94636276721985, -101.94672386169744, -53.52046783625783]
SPS=68
Eval at step 1843000, survival=9.569%, return=[-3.255856942521253, 425.52201240857465, -123.42808160738544, -62.25730994152112]
SPS=68
Eval at step 1843500, survival=8.218%, return=[-2.3079470887508555, 376.8680116105083, -105.55421940525532, -54.573099415205284]
SPS=68
Eval at step 1844000, survival=18.415%, return=[-4.69167242841407, 833.853098649978, -188.813587490736, -130.66666666666924]
SPS=68
Eval at step 1844500, survival=21.995%, return=[-4.880353588843718, 980.5881751720102, -298.2326720444592, -134.07017543859928]
SPS=68
Eval at step 1845000, survival=18.940%, return=[-5.66538315807702, 834.8509412336338, -335.79863939924206, -118.60818713450529]
SPS=68
Eval at step 1845500, survival=17.250%, return=[-4.856849153894776, 783.7990498320224, -248.95942918561073, -105.45614035087918]
SPS=68
Eval at step 1846000, survival=11.500%, return=[-3.5201579373097047, 513.5988336372372, -170.24877706790963, -70.21052631579072]
SPS=68
Eval at step 1846500, survival=13.000%, return=[-3.10947860837526, 581.3613559945426, -211.61784042034392, -77.63742690058605]
SPS=68
Eval at step 1847000, survival=11.347%, return=[-2.71474866947392, 521.0977420361833, -152.3247973487869, -73.90058479532279]
SPS=68
Eval at step 1847500, survival=27.889%, return=[-8.844113005519224, 1241.5687372716243, -436.9925351460358, -181.1695906432676]
SPS=68
Eval at step 1848000, survival=27.373%, return=[-8.671236964524724, 1228.5364872169441, -432.8063711087816, -174.32163742690327]
SPS=68
Eval at step 1848500, survival=31.275%, return=[-9.540169698341439, 1413.4592456325015, -479.110761145744, -205.345029239748]
SPS=68
Eval at step 1849000, survival=21.131%, return=[-7.80134390721408, 942.749583500225, -372.3101505874899, -137.98245614035372]
SPS=68
Eval at step 1849500, survival=53.584%, return=[-15.31777938164305, 2420.909850112616, -762.3397661275352, -343.5906432748313]
SPS=68
Eval at step 1850000, survival=25.095%, return=[-11.01330257061636, 1126.1320352999348, -350.1456977872634, -147.16374269006158]
SPS=68
Eval at step 1850500, survival=10.904%, return=[-6.866767746066519, 480.8041081078843, -242.94026012788527, -72.23391812865584]
SPS=68
Eval at step 1851000, survival=6.304%, return=[-2.0447420556641496, 289.87160699605954, -65.46599635654518, -43.210526315789764]
SPS=68
Eval at step 1851500, survival=10.127%, return=[-4.561433785847233, 470.7354064067203, -85.49592885610885, -64.84795321637499]
SPS=68
Eval at step 1852000, survival=19.705%, return=[-5.836834514765845, 895.6675064706784, -181.83594430659892, -127.77192982456397]
SPS=68
Eval at step 1852500, survival=11.062%, return=[-2.5295278021561294, 514.7473843510941, -120.86275269367859, -67.92397660818813]
SPS=68
Eval at step 1853000, survival=8.366%, return=[-2.300062160337499, 384.0610377391179, -95.73612642689841, -59.97076023391878]
SPS=68
Eval at step 1853500, survival=6.887%, return=[-2.714952868021404, 313.440140692393, -50.792911740737814, -39.5146198830411]
SPS=68
Eval at step 1854000, survival=21.838%, return=[-7.422360910704204, 987.7675602483732, -357.5168723860309, -151.73684210526645]
SPS=68
Eval at step 1854500, survival=37.335%, return=[-11.137511710907953, 1684.6287023313773, -621.7319070203326, -250.31578947368925]
SPS=67
Eval at step 1855000, survival=41.009%, return=[-15.255905131266141, 1841.672253610297, -594.3949889487461, -256.8304093567142]
SPS=67
Eval at step 1855500, survival=13.414%, return=[-4.081894698281151, 604.7601824768373, -187.3841311395081, -88.90643274853961]
SPS=67
Eval at step 1856000, survival=20.164%, return=[-5.6526474878774025, 900.1426044781996, -281.7287986242627, -138.02339181286837]
SPS=67
Eval at step 1856500, survival=10.710%, return=[-4.406449346318065, 480.7230470085142, -152.3634877868135, -66.70760233918224]
SPS=67
Eval at step 1857000, survival=27.286%, return=[-5.952535203347604, 1231.9242441598556, -214.644494534053, -163.33918128655156]
SPS=67
Eval at step 1857500, survival=17.890%, return=[-5.059820254081084, 812.1797214476252, -193.56418456276637, -113.84210526316026]
SPS=67
Eval at step 1858000, survival=8.755%, return=[-5.024226652788154, 388.7663351615268, -96.12809524262168, -50.023391812866066]
SPS=67
Eval at step 1858500, survival=47.144%, return=[-15.336060925503261, 2130.179796487491, -451.07169763656566, -252.38596491226835]
SPS=67
Eval at step 1859000, survival=30.159%, return=[-11.897722276373921, 1356.9049014965656, -393.7846715776638, -171.00000000000378]
SPS=67
Eval at step 1859500, survival=27.869%, return=[-8.855640259978827, 1255.1681090974787, -425.6489067895333, -161.9941520467872]
SPS=67
Eval at step 1860000, survival=22.078%, return=[-6.192486080088808, 991.341652439433, -290.02346595992884, -141.07602339181463]
SPS=67
Eval at step 1860500, survival=5.283%, return=[-1.7505986882994573, 246.75581137657164, -32.89986002218575, -29.514619883040936]
SPS=67
Eval at step 1861000, survival=29.832%, return=[-12.176800550989961, 1323.8813233860333, -431.76219590650516, -189.54970760233323]
SPS=67
Eval at step 1861500, survival=6.349%, return=[-1.9292532703645218, 292.2289494784673, -76.54990914613397, -33.941520467836476]
SPS=67
Eval at step 1862000, survival=35.028%, return=[-6.9328122502192855, 1596.1168440548572, -390.7366997320787, -207.7602339181235]
SPS=67
Eval at step 1862500, survival=14.807%, return=[-3.274942013551481, 682.0824340716991, -108.06310277280863, -89.28654970760381]
SPS=67
Eval at step 1863000, survival=14.348%, return=[-3.244212896116854, 660.7903977855038, -195.79385872450075, -83.21052631579103]
SPS=67
Eval at step 1863500, survival=25.566%, return=[-5.535244360430322, 1172.4954320224113, -223.24271284539523, -130.90643274854077]
SPS=67
Eval at step 1864000, survival=11.066%, return=[-3.747621169236178, 505.6496389516192, -120.45147501066094, -62.654970760234754]
SPS=67
Eval at step 1864500, survival=29.646%, return=[-10.946800645964686, 1322.7249382956795, -370.94427619708523, -163.82456140351238]
SPS=67
Eval at step 1865000, survival=39.476%, return=[-11.536365588156817, 1807.696205962509, -303.45333190957535, -190.20467836255867]
SPS=67
Eval at step 1865500, survival=8.788%, return=[-2.250849164343284, 409.6910424455006, -79.45656431668128, -40.22222222222255]
SPS=67
Eval at step 1866000, survival=18.973%, return=[-3.979267113065968, 857.4575252962112, -181.41475159281012, -87.47953216374434]
SPS=67
Eval at step 1866500, survival=16.241%, return=[-3.4491751409174563, 743.1614006948479, -139.174594554844, -84.87719298245749]
SPS=67
Eval at step 1867000, survival=26.178%, return=[-4.98447844182374, 1194.0437606382386, -227.24593448599626, -116.78362573099564]
SPS=67
Eval at step 1867500, survival=19.056%, return=[-4.006666166824289, 861.7806817420309, -259.4068915741639, -121.23391812865748]
SPS=67
Eval at step 1868000, survival=9.470%, return=[-2.499889205423339, 424.8862983369827, -102.70183824672131, -48.33918128655028]
SPS=67
Eval at step 1868500, survival=18.990%, return=[-3.7216322383416505, 873.2996102825791, -138.81551309670613, -106.05263157894944]
SPS=67
Eval at step 1869000, survival=9.681%, return=[-3.1905248621478677, 436.33408142646107, -157.78291203293097, -64.21637426900693]
SPS=67
Eval at step 1869500, survival=13.070%, return=[-2.9124369472071217, 603.0709656222654, -162.50940860415963, -81.02339181286693]
SPS=67
Eval at step 1870000, survival=20.697%, return=[-4.658766720579782, 928.9699358892425, -190.78999334838136, -118.24561403509004]
SPS=67
Eval at step 1870500, survival=17.882%, return=[-3.754287894931622, 814.1724212694154, -234.89043109717508, -113.37426900585025]
SPS=67
Eval at step 1871000, survival=10.003%, return=[-2.4263124300632626, 464.29945739428166, -69.66782646243519, -55.064327485380865]
SPS=67
Eval at step 1871500, survival=11.446%, return=[-2.816214482222373, 521.8278262646992, -102.30498051112711, -59.83040935672587]
SPS=67
Eval at step 1872000, survival=24.277%, return=[-4.794751607075644, 1092.3696362241071, -123.32095537587156, -137.6023391812862]
SPS=67
Eval at step 1872500, survival=11.442%, return=[-2.597597395128105, 525.8529247506459, -55.85169791736795, -57.304093567252174]
SPS=67
Eval at step 1873000, survival=8.759%, return=[-2.413182761966406, 388.07151666641226, -52.424924995233596, -51.97660818713496]
SPS=67
Eval at step 1873500, survival=35.938%, return=[-7.261585463517501, 1612.136228265762, -322.6914536456291, -201.8245614035105]
SPS=67
Eval at step 1874000, survival=10.751%, return=[-2.595832709087214, 488.9352076212569, -118.62320833814859, -65.2982456140361]
SPS=67
Eval at step 1874500, survival=20.052%, return=[-4.268467152161368, 895.2489602188252, -199.72945909852083, -98.74853801169786]
SPS=67
Eval at step 1875000, survival=11.219%, return=[-3.8897328880266286, 493.7497041034688, -150.0900793343511, -68.1871345029247]
SPS=67
Eval at step 1875500, survival=26.062%, return=[-8.726085508009419, 1157.9929607272213, -427.1042815367691, -151.69005847953113]
SPS=67
Eval at step 1876000, survival=19.808%, return=[-5.017117073022139, 888.6626488407455, -337.08235046611907, -91.51461988304267]
SPS=67
Eval at step 1876500, survival=15.613%, return=[-4.062210967434415, 685.4472916650778, -155.0615049651145, -80.46783625731113]
SPS=67
Eval at step 1877000, survival=11.417%, return=[-3.0503588669234887, 502.83091991265616, -96.03552988624627, -59.03508771929896]
SPS=67
Eval at step 1877500, survival=8.623%, return=[-2.4062206632224843, 397.3680252782505, -68.9129530509769, -62.88304093567334]
SPS=67
Eval at step 1878000, survival=7.610%, return=[-2.097192098852247, 345.9474669631324, -43.03635315100352, -46.900584795322]
SPS=67
Eval at step 1878500, survival=4.824%, return=[-1.6817804820408735, 222.96437805016842, -9.105287386458562, -36.58479532163735]
SPS=67
Eval at step 1879000, survival=7.598%, return=[-2.1742138072343855, 339.38973512013814, -114.68316961828775, -45.50292397660837]
SPS=67
Eval at step 1879500, survival=8.275%, return=[-2.156305710300027, 389.40935278574625, -57.93951190103932, -41.49707602339217]
SPS=67
Eval at step 1880000, survival=18.395%, return=[-5.202045796245026, 837.3344544410705, -179.2857022172199, -87.68421052631741]
SPS=67
Eval at step 1880500, survival=8.226%, return=[-2.22515157800323, 381.7976263205209, -77.07241242054685, -43.32748538011743]
SPS=67
Eval at step 1881000, survival=28.071%, return=[-9.092080510143811, 1282.0404562632218, -214.52441570494557, -132.54970760234215]
SPS=67
Eval at step 1881500, survival=23.458%, return=[-8.598312876808146, 1050.8013302898398, -210.337875721787, -108.12865497076241]
SPS=67
Eval at step 1882000, survival=19.498%, return=[-5.233234613144305, 888.5947468407936, -173.32455787594276, -94.76608187134686]
SPS=67
Eval at step 1882500, survival=20.312%, return=[-7.758034925810837, 899.1535198291134, -233.86165641312982, -101.4795321637446]
SPS=67
Eval at step 1883000, survival=30.349%, return=[-11.462050610086104, 1349.432061149276, -353.7483681637338, -154.10526315789807]
SPS=67
Eval at step 1883500, survival=18.415%, return=[-5.991531461845928, 834.908121345838, -205.83705924589108, -88.7836257309957]
SPS=67
Eval at step 1884000, survival=16.076%, return=[-4.833139528501003, 737.3565082804352, -147.2306172210956, -74.37426900584909]
SPS=67
Eval at step 1884500, survival=26.306%, return=[-8.646530177172584, 1199.8879791863847, -289.7867150011104, -125.29239766081794]
SPS=67
Eval at step 1885000, survival=8.743%, return=[-2.7418724716602205, 399.87916120211315, -99.82846197215743, -40.09941520467866]
SPS=67
Eval at step 1885500, survival=23.958%, return=[-6.757584768347442, 1093.1940816243493, -191.31686615716657, -107.31578947368634]
SPS=67
Eval at step 1886000, survival=20.966%, return=[-6.733818119197774, 948.4203158442159, -285.8199863528619, -101.23391812865697]
SPS=67
Eval at step 1886500, survival=24.570%, return=[-6.12751032912638, 1125.7689035908354, -169.4140945344358, -104.04093567251685]
SPS=67
Eval at step 1887000, survival=11.367%, return=[-3.334117026242893, 524.1639907836915, -99.14871770601894, -49.33333333333394]
SPS=67
Eval at step 1887500, survival=42.022%, return=[-11.067368020439366, 1936.4136175489446, -283.34755237500457, -178.88304093566902]
SPS=67
Eval at step 1888000, survival=12.289%, return=[-2.908587789958498, 559.8320855188364, -112.75322779394143, -55.75438596491301]
SPS=67
Eval at step 1888500, survival=56.085%, return=[-10.847171621474748, 2554.723817758559, -438.3248874330341, -245.5321637426839]
SPS=67
Eval at step 1889000, survival=39.579%, return=[-7.966813171942097, 1789.0191523663188, -408.47481673773535, -176.40935672514945]
SPS=67
Eval at step 1889500, survival=35.640%, return=[-7.74131533705319, 1616.4626820087462, -398.7721978617046, -167.57309941520546]
SPS=67
Eval at step 1890000, survival=21.333%, return=[-5.597992764650068, 976.0760235579796, -216.51553659920137, -102.69590643275059]
SPS=67
Eval at step 1890500, survival=9.487%, return=[-2.5046948552674926, 430.0321915451685, -59.410998410991546, -56.90643274853874]
SPS=67
Eval at step 1891000, survival=29.262%, return=[-7.338961559425418, 1346.199484006563, -234.1553228785633, -137.3508771929854]
SPS=67
Eval at step 1891500, survival=17.597%, return=[-5.301923914133416, 799.8389963197714, -182.21500299684945, -85.42690058479684]
SPS=67
Eval at step 1892000, survival=11.830%, return=[-3.383329749010348, 544.7681942613923, -94.15721967957022, -54.67251461988383]
SPS=67
Eval at step 1892500, survival=26.265%, return=[-7.922332716698293, 1189.923296707467, -317.34257346949016, -130.67836257310213]
SPS=67
Eval at step 1893000, survival=17.861%, return=[-4.9190086771074375, 811.5690919971457, -214.97487930924157, -83.08771929824718]
SPS=67
Eval at step 1893500, survival=18.543%, return=[-4.373427120464233, 847.4268633619939, -188.2898757409906, -81.1052631578961]
SPS=67
Eval at step 1894000, survival=11.896%, return=[-3.48706619348377, 536.1251739041016, -154.8927612416252, -54.39766081871397]
SPS=67
Eval at step 1894500, survival=18.841%, return=[-6.419827139528934, 842.1166332248836, -238.87908751198847, -87.80701754386111]
SPS=67
Eval at step 1895000, survival=11.343%, return=[-2.774344558827579, 524.6823051516216, -86.58651160340135, -62.12280701754441]
SPS=67
Eval at step 1895500, survival=5.903%, return=[-1.944862063411468, 275.0196489731474, -88.0120009816989, -26.795321637426976]
SPS=67
Eval at step 1896000, survival=33.858%, return=[-7.751015446187618, 1526.3219316371276, -485.1724788287344, -149.4210526315813]
SPS=67
Eval at step 1896500, survival=24.471%, return=[-6.4104965651252614, 1095.2833317279806, -252.72870650217615, -114.80116959064456]
SPS=67
Eval at step 1897000, survival=16.543%, return=[-4.612621955786987, 749.2754209311801, -136.28347669586705, -74.011695906434]
SPS=67
Eval at step 1897500, survival=13.604%, return=[-3.2839322847042545, 613.1252447811761, -213.67231966083637, -61.590643274854756]
SPS=67
Eval at step 1898000, survival=33.375%, return=[-7.351717390682704, 1547.2367841958978, -215.25571213531657, -144.87719298245833]
SPS=67
Eval at step 1898500, survival=20.697%, return=[-4.1683247533122385, 954.5779125086452, -150.22007805184694, -90.67251461988475]
SPS=67
Eval at step 1899000, survival=31.527%, return=[-9.692860067007132, 1416.6790251413975, -341.76991687797516, -142.40350877193168]
SPS=67
Eval at step 1899500, survival=34.478%, return=[-6.6828008025962236, 1577.4650949907325, -308.97292287152897, -150.74269005848257]
SPS=67
Eval at step 1900000, survival=23.946%, return=[-4.989813751017209, 1087.3248872605961, -252.22626838557213, -105.21637426900793]
SPS=67
Eval at step 1900500, survival=12.512%, return=[-3.221491686728162, 558.9307642157871, -163.84695975526606, -61.52631578947441]
SPS=67
Eval at step 1901000, survival=18.965%, return=[-4.0383117226495715, 869.0657755772255, -178.50576312936028, -89.26315789473848]
SPS=67
Eval at step 1901500, survival=25.806%, return=[-7.786665436074448, 1155.882518260478, -321.08358713162306, -129.87134502924243]
SPS=67
Eval at step 1902000, survival=11.896%, return=[-2.9524892769016637, 537.7605681117376, -116.0983938092395, -62.16374269005922]
SPS=67
Eval at step 1902500, survival=8.123%, return=[-2.98542201356031, 365.5898818937946, -101.81219570538572, -48.0760233918131]
SPS=67
Eval at step 1903000, survival=31.688%, return=[-12.932583419722505, 1419.473684301378, -349.26949915516644, -162.4444444444467]
SPS=67
Eval at step 1903500, survival=19.110%, return=[-6.262920504106053, 865.246527260143, -212.35764146389798, -99.18713450292576]
SPS=67
Eval at step 1904000, survival=61.454%, return=[-16.52224723593099, 2763.0925532404694, -781.0638418522067, -265.9824561403496]
SPS=66
Eval at step 1904500, survival=11.119%, return=[-5.7780758597073145, 489.67961714903504, -165.80722985508328, -55.40935672514697]
SPS=66
Eval at step 1905000, survival=26.244%, return=[-9.527756819540324, 1184.1964498678797, -276.441557443286, -138.39766081871394]
SPS=66
Eval at step 1905500, survival=6.771%, return=[-2.761503342189826, 313.32633555730195, -65.66346111973478, -33.64912280701761]
SPS=66
Eval at step 1906000, survival=7.230%, return=[-2.1405848501405367, 326.8672649637858, -51.4962472152644, -40.0760233918131]
SPS=66
Eval at step 1906500, survival=4.373%, return=[-1.5934871369390748, 201.4624949757259, -19.9634346307721, -24.350877192982594]
SPS=66
Eval at step 1907000, survival=21.991%, return=[-5.892893985515305, 977.866933757462, -235.61700221392675, -114.0877192982479]
SPS=66
Eval at step 1907500, survival=17.746%, return=[-4.312226792972069, 799.5871707542719, -285.9678229467948, -80.76608187134634]
SPS=66
Eval at step 1908000, survival=33.809%, return=[-7.701311202409367, 1497.5302714411437, -516.6722868714569, -153.4736842105287]
SPS=66
Eval at step 1908500, survival=20.139%, return=[-5.604406239833527, 907.3273526446005, -309.48718164812453, -94.49122807017716]
SPS=66
Eval at step 1909000, survival=48.210%, return=[-11.990223924726402, 2169.333571704231, -694.6522768198726, -214.80701754386305]
SPS=66
Eval at step 1909500, survival=39.377%, return=[-11.543281442446945, 1781.585073982873, -524.9792296713955, -167.08187134503302]
SPS=66
Eval at step 1910000, survival=11.905%, return=[-3.2259852165007032, 530.9281244937575, -193.01617143881353, -60.093567251462694]
SPS=66
Eval at step 1910500, survival=18.948%, return=[-4.152436111510421, 871.1692342551536, -226.02909620727664, -87.65497076023541]
SPS=66
Eval at step 1911000, survival=8.255%, return=[-2.742054500306646, 372.6474962290128, -119.02374227259618, -43.2456140350881]
SPS=66
Eval at step 1911500, survival=16.725%, return=[-3.9891953680004613, 749.7561102628702, -224.21669329533083, -83.37426900584938]
SPS=66
Eval at step 1912000, survival=23.479%, return=[-5.418033521234368, 1060.4427785746232, -317.3429671882138, -107.11111111111313]
SPS=66
Eval at step 1912500, survival=20.445%, return=[-5.8298322753010625, 914.6494044001865, -308.84240093072486, -91.69005847953379]
SPS=66
Eval at step 1913000, survival=6.411%, return=[-2.0599584813656597, 297.15122457981147, -92.99035808672004, -27.836257309941505]
SPS=66
Eval at step 1913500, survival=34.024%, return=[-7.024386697759231, 1568.6647962268205, -349.5201086788923, -153.07017543859854]
SPS=66
Eval at step 1914000, survival=8.846%, return=[-2.557040082407184, 399.28766432762126, -132.8658721845568, -38.187134502924344]
SPS=66
Eval at step 1914500, survival=16.625%, return=[-3.769576676073484, 759.2875335343655, -191.80276836073972, -75.15204678362703]
SPS=66
Eval at step 1915000, survival=11.239%, return=[-3.7965217339030155, 511.5640352614723, -142.91668270301793, -56.71345029239836]
SPS=66
Eval at step 1915500, survival=8.213%, return=[-2.5092317595068985, 364.9505664682392, -96.18190195369728, -42.71929824561435]
SPS=66
Eval at step 1916000, survival=15.931%, return=[-6.179131180397235, 712.8267824546491, -180.01200259931406, -87.78362573099554]
SPS=66
Eval at step 1916500, survival=30.171%, return=[-5.977255765814334, 1379.972157244679, -305.7423374331035, -136.07602339181585]
SPS=66
Eval at step 1917000, survival=20.912%, return=[-4.640945784398355, 941.3457187946623, -235.34858552625278, -124.2456140350904]
SPS=66
Eval at step 1917500, survival=47.888%, return=[-13.591882444374884, 2160.958530375158, -530.2483663640911, -223.78947368421427]
SPS=66
Eval at step 1918000, survival=15.952%, return=[-5.453777184399466, 717.7160687541951, -221.09238950820387, -79.85380116959195]
SPS=66
Eval at step 1918500, survival=12.839%, return=[-3.885668494622223, 577.5905893770852, -180.98198675423433, -62.95906432748624]
SPS=66
Eval at step 1919000, survival=33.329%, return=[-9.45578305380574, 1495.6305481243187, -495.9147051605396, -160.05263157894663]
SPS=66
Eval at step 1919500, survival=32.895%, return=[-7.774781551250878, 1496.7974795309692, -517.0432965400008, -169.33333333333618]
SPS=66
Eval at step 1920000, survival=22.024%, return=[-6.751139830293444, 966.404272721605, -486.4689792541006, -113.00584795321855]
SPS=66
Eval at step 1920500, survival=18.357%, return=[-5.368879775516689, 812.2349285570762, -372.79764165053103, -88.25730994152201]
SPS=66
Eval at step 1921000, survival=14.294%, return=[-5.319832920581878, 612.6888019657139, -426.7755040852062, -91.69005847953343]
SPS=66
Eval at step 1921500, survival=18.560%, return=[-4.247874331932205, 831.3954328584633, -385.35662515883695, -94.82456140351046]
SPS=66
Eval at step 1922000, survival=23.177%, return=[-5.753302622916332, 1035.3192006103152, -459.83976290096206, -113.01754385965137]
SPS=66
Eval at step 1922500, survival=13.732%, return=[-3.37879746426673, 617.1841092379885, -233.09224044005046, -62.818713450293295]
SPS=66
Eval at step 1923000, survival=12.996%, return=[-3.010895149471859, 587.9587835439047, -131.4465877463032, -71.22222222222327]
SPS=66
Eval at step 1923500, survival=6.643%, return=[-2.770082077709958, 300.42776408831287, -107.96704783197492, -35.081871345029235]
SPS=66
Eval at step 1924000, survival=40.414%, return=[-8.21734096375682, 1802.6430584987013, -798.5756177878478, -187.86549707602094]
SPS=66
Eval at step 1924500, survival=23.194%, return=[-7.325945646948337, 1021.5352007285743, -411.5247750388007, -124.95321637427156]
SPS=66
Eval at step 1925000, survival=20.143%, return=[-6.962550148794738, 904.8702640024807, -347.3856783584973, -106.30409356725345]
SPS=66
Eval at step 1925500, survival=9.974%, return=[-2.657382978902509, 444.1151647512118, -185.4444747538655, -49.61403508771976]
SPS=66
Eval at step 1926000, survival=4.708%, return=[-2.3759528980978453, 216.19450956980393, -75.08926808242298, -24.32163742690061]
SPS=66
Eval at step 1926500, survival=6.610%, return=[-2.7121765086388527, 297.93866674343775, -98.62376625970744, -33.02923976608205]
SPS=66
Eval at step 1927000, survival=5.332%, return=[-2.4741086125335037, 245.71670600096385, -83.58487896138588, -30.713450292397635]
SPS=66
Eval at step 1927500, survival=20.139%, return=[-4.472539487702306, 925.1376676106438, -207.16656891750367, -96.36842105263325]
SPS=66
Eval at step 1928000, survival=6.903%, return=[-4.215669062570669, 301.1820904835069, -207.81465816621494, -41.21637426900612]
SPS=66
Eval at step 1928500, survival=20.920%, return=[-4.381718248943798, 958.2084528573332, -153.51388783930938, -109.85380116959254]
SPS=66
Eval at step 1929000, survival=5.456%, return=[-2.19010723172687, 255.6795700971287, -32.428831784248665, -35.69005847953218]
SPS=66
Eval at step 1929500, survival=7.304%, return=[-2.7538852843960435, 333.74168929815295, -49.842312216196056, -43.42105263157921]
SPS=66
Eval at step 1930000, survival=25.719%, return=[-6.578491190312586, 1176.3339889415104, -316.7281502718761, -137.46783625731032]
SPS=66
Eval at step 1930500, survival=21.499%, return=[-4.899643436714541, 977.7711172501237, -199.70221420290787, -119.19883040935895]
SPS=66
Eval at step 1931000, survival=24.649%, return=[-4.789407144494665, 1143.0617102940882, -150.33658208102375, -132.17543859649186]
SPS=66
Eval at step 1931500, survival=8.672%, return=[-2.73068366801211, 395.64388546466853, -74.26218047398531, -45.85964912280756]
SPS=66
Eval at step 1932000, survival=13.571%, return=[-3.2267907468097596, 613.0387872107814, -127.89422918056759, -72.3567251462]
SPS=66
Eval at step 1932500, survival=9.974%, return=[-2.873346770046434, 453.31873219172195, -85.66616788832346, -59.11695906432815]
SPS=66
Eval at step 1933000, survival=14.232%, return=[-3.5487944853957742, 653.1292986075081, -116.37447640517348, -73.01754385965005]
SPS=66
Eval at step 1933500, survival=20.300%, return=[-5.475193791615311, 930.8708540614462, -203.6726693048598, -141.87134502923905]
SPS=66
Eval at step 1934000, survival=10.181%, return=[-2.93676761984049, 464.0132088279731, -160.59024971104614, -69.4385964912287]
SPS=66
Eval at step 1934500, survival=10.603%, return=[-2.6100054559259056, 490.56521392265995, -105.81795517122373, -56.269005847953885]
SPS=66
Eval at step 1935000, survival=8.362%, return=[-2.182317268452607, 396.0735987377166, -72.86738228107181, -41.169590643275164]
SPS=66
Eval at step 1935500, survival=11.582%, return=[-3.2910204961081035, 523.8688534879683, -199.4170015551863, -67.82456140350969]
SPS=66
Eval at step 1936000, survival=10.689%, return=[-2.785066869808361, 492.9591433350245, -136.44697873985737, -50.67251461988357]
SPS=66
Eval at step 1936500, survival=38.703%, return=[-8.518825539407166, 1761.4549322771982, -532.5313025927875, -178.38011695906843]
SPS=66
Eval at step 1937000, survival=38.000%, return=[-8.399150524657065, 1728.060837074929, -545.3614475269, -170.12280701754204]
SPS=66
Eval at step 1937500, survival=13.062%, return=[-4.309856655541807, 590.6126124827069, -214.36893132848732, -79.72514619883147]
SPS=66
Eval at step 1938000, survival=18.713%, return=[-4.672095529541063, 859.4165687974278, -265.291447808731, -95.0818713450306]
SPS=66
Eval at step 1938500, survival=12.388%, return=[-3.488562686756874, 557.2298026680945, -186.84839960102545, -59.005847953217064]
SPS=66
Eval at step 1939000, survival=22.772%, return=[-4.590208736461743, 1047.6151442035, -248.89312159021696, -132.46783625731265]
SPS=66
Eval at step 1939500, survival=13.554%, return=[-5.285197635084235, 599.1340866422648, -215.6840313367502, -79.18128654970883]
SPS=66
Eval at step 1940000, survival=17.163%, return=[-4.68596091515307, 762.7337712009734, -321.81075779848715, -96.16374269006008]
SPS=66
Eval at step 1940500, survival=9.598%, return=[-2.4454753913839036, 446.1511075266207, -103.28751292017357, -57.16959064327548]
SPS=66
Eval at step 1941000, survival=9.644%, return=[-2.7174538782176874, 433.5876029682156, -156.19343367015003, -49.5146198830415]
SPS=66
Eval at step 1941500, survival=14.315%, return=[-3.132650970869387, 665.8733056370396, -150.28892367060567, -75.18128654970873]
SPS=66
Eval at step 1942000, survival=8.420%, return=[-2.2498126057131835, 387.4940575059254, -79.28677203052212, -43.584795321637806]
SPS=66
Eval at step 1942500, survival=29.303%, return=[-6.185826544688704, 1323.2443471336308, -359.2272399285915, -156.3976608187169]
SPS=66
Eval at step 1943000, survival=14.232%, return=[-4.261915983069533, 618.8754950650522, -224.07095253327861, -79.08771929824684]
SPS=66
Eval at step 1943500, survival=18.552%, return=[-3.961159858678002, 840.3292355044667, -241.32227961292665, -96.04093567251637]
SPS=66
Eval at step 1944000, survival=15.158%, return=[-3.2741659751239545, 711.2756988191578, -97.13957003919252, -85.8245614035104]
SPS=66
Eval at step 1944500, survival=29.737%, return=[-5.677684711486411, 1345.7076840384773, -277.74129849895326, -166.6959064327472]
SPS=66
Eval at step 1945000, survival=6.453%, return=[-1.8387621477983582, 302.4641769186657, -45.23655519083453, -39.78362573099444]
SPS=66
Eval at step 1945500, survival=12.566%, return=[-2.8501150942368745, 570.5492880280816, -187.1618496045121, -92.21052631579109]
SPS=66
Eval at step 1946000, survival=20.259%, return=[-4.005318510889386, 927.8239389673855, -295.00955250434464, -134.97660818713734]
SPS=66
Eval at step 1946500, survival=11.496%, return=[-2.8367989841499366, 526.2731100829428, -139.3194299824827, -69.87719298245759]
SPS=66
Eval at step 1947000, survival=55.014%, return=[-10.336912545550149, 2482.7612663364403, -844.5155238762673, -317.75438596490346]
SPS=66
Eval at step 1947500, survival=14.567%, return=[-4.117870170914102, 656.5492779302592, -232.84391418805657, -84.47368421052771]
SPS=66
Eval at step 1948000, survival=34.623%, return=[-6.579918417749771, 1597.873146718339, -537.4519829956407, -201.0058479532153]
SPS=66
Eval at step 1948500, survival=20.300%, return=[-4.472350093536079, 914.1885896031044, -298.056823065787, -106.31578947368625]
SPS=66
Eval at step 1949000, survival=28.394%, return=[-6.051042719453108, 1272.777888050073, -440.69295977996563, -149.82456140351215]
SPS=66
Eval at step 1949500, survival=7.668%, return=[-2.568171102902852, 349.6463178873064, -125.07065695307877, -43.228070175438894]
SPS=66
Eval at step 1950000, survival=22.007%, return=[-4.534602841090721, 1004.2862273295701, -309.42984678798047, -141.44444444444352]
SPS=66
Eval at step 1950500, survival=17.171%, return=[-3.745736839443756, 795.7250731658928, -210.45601595874663, -102.11695906432938]
SPS=66
Eval at step 1951000, survival=24.239%, return=[-4.914110141301838, 1097.868255964913, -332.46395725633437, -148.16374269006175]
SPS=66
Eval at step 1951500, survival=27.278%, return=[-5.535016888694372, 1228.589435054459, -384.20534419594816, -166.10526315789852]
SPS=66
Eval at step 1952000, survival=46.689%, return=[-9.663348529332628, 2082.6791125281597, -837.2504609187587, -276.4736842105228]
SPS=66
Eval at step 1952500, survival=20.689%, return=[-4.472812260811527, 933.5634759839345, -342.6632885564856, -113.39766081871574]
SPS=66
Eval at step 1953000, survival=12.541%, return=[-3.154702996776905, 560.8185597928364, -204.0692044669122, -72.44444444444551]
SPS=66
Eval at step 1953500, survival=17.287%, return=[-3.8692927093167477, 774.0963381783131, -279.8889089397853, -107.22222222222382]
SPS=66
Eval at step 1954000, survival=24.864%, return=[-5.218399613785247, 1103.0186004511518, -476.27260217481063, -173.12280701753699]
SPS=66
Eval at step 1954500, survival=13.587%, return=[-3.7430708157092645, 604.6631456740696, -178.97543401260432, -80.78362573099542]
SPS=66
Eval at step 1955000, survival=15.761%, return=[-3.591635767098827, 704.747943205834, -269.45271258774056, -98.32748538011874]
SPS=66
Eval at step 1955500, survival=12.785%, return=[-2.7443920540584563, 591.2217085488642, -96.9528095673498, -95.97660818713653]
SPS=66
Eval at step 1956000, survival=11.310%, return=[-2.8806407172814943, 505.3825289503737, -96.7285346058743, -65.33333333333421]
SPS=66
Eval at step 1956500, survival=15.418%, return=[-3.579784014611505, 686.1004780220987, -207.03423464606144, -92.67251461988478]
SPS=66
Eval at step 1957000, survival=9.615%, return=[-2.612383132625837, 422.6853127940496, -90.79613130527893, -55.73099415204731]
SPS=66
Eval at step 1957500, survival=17.903%, return=[-4.171362262801267, 810.1399238173175, -58.413996415828784, -105.29824561403716]
SPS=66
Eval at step 1958000, survival=7.709%, return=[-2.338061048222395, 337.4894218413035, -47.13875616610312, -49.871345029240445]
SPS=66
Eval at step 1958500, survival=8.213%, return=[-2.7029510784583786, 371.44332460562373, -42.52841400346855, -42.24561403508803]
SPS=66
Eval at step 1959000, survival=23.983%, return=[-5.35455546361239, 1057.3154977273925, -318.3525311377404, -168.94152046783938]
SPS=66
Eval at step 1959500, survival=9.532%, return=[-2.4882701208698563, 429.7086135705312, -65.35678529884899, -60.62573099415264]
SPS=66
Eval at step 1960000, survival=9.900%, return=[-2.6100217119868225, 448.2422176345187, -55.89957672049544, -71.57894736842174]
SPS=66
Eval at step 1960500, survival=9.098%, return=[-2.4838185682698772, 415.8938324149446, -109.55526567456157, -53.36842105263214]
SPS=66
Eval at step 1961000, survival=5.527%, return=[-2.013114162701337, 243.2839861726761, -52.403724851377774, -31.46783625731045]
SPS=66
Eval at step 1961500, survival=23.173%, return=[-5.603578030189965, 1029.4700484053262, -463.4267279677054, -158.05263157894777]
SPS=66
Eval at step 1962000, survival=22.793%, return=[-4.782335302191011, 1015.5456974299742, -365.7531640443508, -148.9356725146231]
SPS=66
Eval at step 1962500, survival=17.828%, return=[-4.222001181507949, 797.0612644640593, -222.67287480671803, -98.07017543859827]
SPS=66
Eval at step 1963000, survival=28.104%, return=[-5.675104160211049, 1245.6668956947312, -523.6226469737024, -202.83040935672935]
SPS=66
Eval at step 1963500, survival=31.196%, return=[-6.511165993501588, 1385.8478912973453, -645.771031391046, -229.8654970760083]
SPS=66
Eval at step 1964000, survival=26.670%, return=[-5.318428253114689, 1204.102987081207, -372.93966218571103, -191.39766081871787]
SPS=66
Eval at step 1964500, survival=10.069%, return=[-2.9460647109663114, 449.28391105016175, -302.4878997357252, -78.67836257310051]
SPS=66
Eval at step 1965000, survival=11.297%, return=[-2.8796022197542093, 504.95430209477826, -233.15241932484787, -79.14035087719411]
SPS=66
Eval at step 1965500, survival=6.589%, return=[-1.9264289333562676, 300.59813230673484, -51.63483884069137, -48.61403508771958]
SPS=66
Eval at step 1966000, survival=8.457%, return=[-2.2034356226795353, 393.1101743125917, -51.48927128600432, -61.97660818713522]
SPS=66
Eval at step 1966500, survival=27.240%, return=[-5.741196359139091, 1193.1971486870418, -461.2563740199924, -181.76023391813172]
SPS=66
Eval at step 1967000, survival=1.769%, return=[-1.2287745986056204, 80.41730179150903, -10.564389178121928, -14.374269005847955]
SPS=66
Eval at step 1967500, survival=9.458%, return=[-2.5269993731635623, 431.2036133162181, -76.64564066380262, -56.052631578947874]
SPS=66
Eval at step 1968000, survival=8.197%, return=[-2.272278750257101, 361.4802359882994, -64.00262494555015, -53.78947368421103]
SPS=66
Eval at step 1968500, survival=15.956%, return=[-3.575615289756873, 711.6689313729595, -105.82550484783617, -98.6023391812883]
SPS=66
Eval at step 1969000, survival=18.299%, return=[-4.54955245036399, 763.3469915405882, -668.6459679009835, -145.8245614035114]
SPS=66
Eval at step 1969500, survival=10.243%, return=[-2.687366154471723, 460.989978867372, -142.44788483690112, -61.18128654970841]
SPS=66
Eval at step 1970000, survival=34.854%, return=[-7.077612218020174, 1531.7914444080943, -611.6646744255728, -231.94736842104626]
SPS=66
Eval at step 1970500, survival=14.939%, return=[-3.6296892185152196, 652.4493996731413, -364.7998653093012, -120.49707602339397]
SPS=66
Eval at step 1971000, survival=13.662%, return=[-3.1500484374895072, 619.2244588836037, -141.84279786256351, -79.73099415204813]
SPS=66
Eval at step 1971500, survival=9.358%, return=[-2.622934113179023, 411.27629017512027, -134.72633342677727, -55.79532163742747]
SPS=66
Eval at step 1972000, survival=14.641%, return=[-3.446809519198723, 656.6013431151711, -124.99632342811431, -96.90058479532338]
SPS=66
Eval at step 1972500, survival=6.622%, return=[-1.9860775096264358, 301.2820878791811, -71.44958397031587, -41.929824561403784]
SPS=66
Eval at step 1973000, survival=14.666%, return=[-3.898450427048374, 638.3334211293854, -269.5065298585584, -81.0818713450305]
SPS=66
Eval at step 1973500, survival=13.600%, return=[-3.3193852197146043, 612.1637006568909, -176.07386739637445, -67.6783625731004]
SPS=66
Eval at step 1974000, survival=13.422%, return=[-3.540452121756971, 600.387221082052, -225.88256779008466, -73.01169590643384]
SPS=66
Eval at step 1974500, survival=9.106%, return=[-3.185796423640568, 414.02990593274444, -145.75357718024557, -51.6783625730998]
SPS=66
Eval at step 1975000, survival=23.074%, return=[-5.97152352470827, 1048.5887300650252, -333.16366801544063, -121.36842105263405]
SPS=66
Eval at step 1975500, survival=17.832%, return=[-5.097415893086388, 820.2244696060819, -224.9719399686716, -102.59649122807201]
SPS=66
Eval at step 1976000, survival=18.287%, return=[-5.420875525354252, 802.034205409684, -357.67887841597013, -117.43274853801402]
SPS=66
Eval at step 1976500, survival=23.504%, return=[-6.104268932152384, 1040.8515718062654, -482.8520671951822, -149.60233918128984]
SPS=66
Eval at step 1977000, survival=9.040%, return=[-3.1551471324637532, 408.65723722299, -138.60468277425753, -55.502923976608876]
SPS=66
Eval at step 1977500, survival=13.194%, return=[-3.166574817907531, 601.3072050078703, -191.62740314928183, -69.15789473684336]
SPS=66
Eval at step 1978000, survival=35.338%, return=[-7.838123777299188, 1555.8490200241433, -591.0472505996653, -201.6608187134525]
SPS=66
Eval at step 1978500, survival=27.526%, return=[-9.986301859588517, 1213.3483548561696, -493.8740415092155, -157.0877192982489]
SPS=66
Eval at step 1979000, survival=22.590%, return=[-9.711976187478285, 991.7072955250711, -394.3917170729231, -124.29239766082122]
SPS=66
Eval at step 1979500, survival=9.842%, return=[-3.1201700855550976, 436.0849739615119, -172.63351128028626, -51.94152046783689]
SPS=66
Eval at step 1980000, survival=8.891%, return=[-2.8494072626926936, 398.35778611262594, -108.85944084081468, -48.970760233918696]
SPS=66
Eval at step 1980500, survival=22.417%, return=[-7.28788614985145, 988.7394570036716, -402.8782412050302, -138.22807017544142]
SPS=66
Eval at step 1981000, survival=31.283%, return=[-12.621294952211125, 1381.915678549607, -480.3907955618536, -186.47368421052497]
SPS=65
Eval at step 1981500, survival=12.988%, return=[-3.144564251318419, 588.5081688340498, -199.98022333192785, -69.32163742690159]
SPS=65
Eval at step 1982000, survival=18.399%, return=[-5.124417500531611, 829.2249006652811, -300.9497040984006, -108.43274853801375]
SPS=65
Eval at step 1982500, survival=20.837%, return=[-4.259399883332662, 934.0897813383723, -258.34176381281094, -118.96491228070425]
SPS=65
Eval at step 1983000, survival=14.765%, return=[-4.528412456818235, 647.2555823667827, -235.17768158833132, -95.46783625731165]
SPS=65
Eval at step 1983500, survival=16.725%, return=[-4.484499223569098, 748.4970208152122, -190.64026530846604, -93.07602339181456]
SPS=65
Eval at step 1984000, survival=20.519%, return=[-3.9738645228596092, 928.7225754706056, -148.44585704187435, -112.70175438596719]
SPS=65
Eval at step 1984500, survival=10.367%, return=[-2.621565546064327, 471.3280194393792, -78.2868809326319, -56.19298245614101]
SPS=65
Eval at step 1985000, survival=9.346%, return=[-2.558485343295615, 422.89605938275673, -91.37401791899659, -52.3859649122812]
SPS=65
Eval at step 1985500, survival=7.982%, return=[-2.2786744789530835, 362.1302066659933, -137.90907854334213, -48.29239766081912]
SPS=65
Eval at step 1986000, survival=11.496%, return=[-2.786880392426004, 525.1451302274069, -102.68993824057786, -61.91812865497155]
SPS=65
Eval at step 1986500, survival=19.101%, return=[-4.055185838757704, 865.7094616301838, -192.03505578229306, -98.1871345029258]
SPS=65
Eval at step 1987000, survival=11.359%, return=[-2.8707249184759953, 510.1933713467911, -166.61702593730297, -66.72514619883134]
SPS=65
Eval at step 1987500, survival=15.100%, return=[-3.4400858758599497, 686.8002956930808, -125.44502870407693, -76.39766081871466]
SPS=65
Eval at step 1988000, survival=8.247%, return=[-2.331214822382511, 371.4716024923321, -105.65754317408573, -42.777777777778134]
SPS=65
Eval at step 1988500, survival=22.065%, return=[-5.886937104010333, 974.5840532064421, -376.65617626376235, -106.43274853801374]
SPS=65
Eval at step 1989000, survival=12.541%, return=[-3.4303002556747137, 566.8668785810472, -185.3327614802062, -59.67251461988379]
SPS=65
Eval at step 1989500, survival=9.243%, return=[-2.4354892729703956, 424.43088985125223, -128.91624575371193, -48.45614035087778]
SPS=65
Eval at step 1990000, survival=17.960%, return=[-4.817678936194473, 804.5306627114609, -225.7770753497122, -90.22807017544018]
SPS=65
Eval at step 1990500, survival=26.782%, return=[-6.127196301628525, 1211.363901940981, -380.48942439301754, -133.1228070175467]
SPS=65
Eval at step 1991000, survival=9.854%, return=[-2.6623782595658363, 432.7395107581223, -259.3250333189426, -56.578947368422]
SPS=65
Eval at step 1991500, survival=6.267%, return=[-2.0333684924213835, 286.57166337331165, -97.76491925465719, -27.33918128654973]
SPS=65
Eval at step 1992000, survival=13.699%, return=[-3.2468665489771715, 613.7320403893783, -160.97559472463522, -68.6023391812876]
SPS=65
Eval at step 1992500, survival=20.168%, return=[-4.453739823191427, 903.9790435790987, -211.82249987616282, -96.59064327485568]
SPS=65
Eval at step 1993000, survival=7.271%, return=[-2.1579774882411584, 334.02638510624587, -80.0373978766147, -33.78362573099452]
SPS=65
Eval at step 1993500, survival=17.402%, return=[-3.5975173354769745, 806.9372552839908, -139.2016569900928, -77.81286549707734]
SPS=65
Eval at step 1994000, survival=12.504%, return=[-3.0706981469799453, 571.5863627338398, -149.78360677572104, -58.035087719299156]
SPS=65
Eval at step 1994500, survival=6.415%, return=[-1.8995832417470713, 298.1559785477317, -52.55290305747379, -31.163742690058786]
SPS=65
Eval at step 1995000, survival=8.867%, return=[-2.8417781714815646, 396.8688118410107, -126.14602471979258, -40.830409356725546]
SPS=65
Eval at step 1995500, survival=15.968%, return=[-3.52904610382393, 735.9290530586217, -218.94442679465283, -70.87719298245743]
SPS=65
Eval at step 1996000, survival=11.152%, return=[-2.8439092263773396, 506.74331289768196, -152.85889213314658, -54.099415204679076]
SPS=65
Eval at step 1996500, survival=11.483%, return=[-2.901163462161397, 516.0870529270168, -129.56383135419551, -55.97076023391889]
SPS=65
Eval at step 1997000, survival=14.914%, return=[-3.6114214175807624, 667.3057265583669, -251.9158127055513, -68.34502923976719]
SPS=65
Eval at step 1997500, survival=15.096%, return=[-3.5432353255067333, 681.851862010954, -212.52572539423514, -65.01754385965032]
SPS=65
Eval at step 1998000, survival=22.168%, return=[-4.76958825547869, 993.2121043078085, -263.53704545624714, -105.24561403508987]
SPS=65
Eval at step 1998500, survival=18.514%, return=[-4.317398716094128, 818.9709966739007, -237.73054573146146, -90.32748538011872]
SPS=65
Eval at step 1999000, survival=5.684%, return=[-1.9072059161844663, 261.080439604918, -74.66198222569317, -26.97660818713469]
SPS=65
Eval at step 1999500, survival=27.455%, return=[-5.5864542135192705, 1244.3080844100348, -352.03183451876976, -129.16374269005732]
SPS=65
