/vol/bitbucket/ssl125/miniconda/envs/rl2grid/bin/python
Python 3.12.2
parrot.doc.ic.ac.uk
/vol/bitbucket/ssl125/RL2Grid
Initializing the distributed action 'mapper'... (takes a while with big action spaces)
Eval at step 10000, survival=0.066%, return=[-1.0094075105929126, 1.3841528924306232, -5.48351863026619, -1.4152046783625731]
SPS=27
Eval at step 20000, survival=0.079%, return=[-1.0104167561900492, 1.722100528081258, -7.271596886683255, -1.4678362573099415]
SPS=35
Eval at step 30000, survival=0.087%, return=[-1.0144145904729764, 2.174419627189636, -6.414201476921638, -1.6023391812865497]
SPS=39
Eval at step 40000, survival=0.091%, return=[-1.0103892676609878, 2.388763173421224, -5.761384258667628, -1.4795321637426901]
SPS=43
Eval at step 50000, survival=0.095%, return=[-1.0168253583445523, 2.1890968879063926, -7.51092399066935, -1.5380116959064327]
SPS=45
Eval at step 60000, survival=0.045%, return=[-1.0049693908464785, 0.4407412942250568, -5.58058858414491, -1.2456140350877194]
SPS=48
Eval at step 70000, survival=0.058%, return=[-1.0083428029514228, 0.9307465044657389, -5.73978849252065, -1.327485380116959]
SPS=50
Eval at step 80000, survival=0.070%, return=[-1.0083788248011842, 1.5956235218048098, -5.666666666666667, -1.4444444444444444]
SPS=52
Eval at step 90000, survival=0.136%, return=[-1.023060417190815, 4.170199751853942, -6.332750314691414, -2.263157894736842]
SPS=54
Eval at step 100000, survival=0.194%, return=[-1.0336287970033784, 6.846412715911865, -8.392798011967292, -2.4678362573099415]
SPS=56
Eval at step 110000, survival=0.207%, return=[-1.0327679614614074, 7.583369367917378, -6.882545477865885, -2.690058479532164]
SPS=57
Eval at step 120000, survival=0.145%, return=[-1.0210084336965035, 4.789091835021973, -5.714123412966728, -1.847953216374269]
SPS=59
Eval at step 130000, survival=0.120%, return=[-1.016988465252022, 3.5921572144826253, -5.631137228881319, -1.8654970760233915]
SPS=61
Eval at step 140000, survival=0.190%, return=[-1.0344140659241627, 6.129192365010579, -6.582399488271524, -2.6666666666666665]
SPS=62
Eval at step 150000, survival=0.269%, return=[-1.0334228863163542, 10.603195824623107, -6.0561747113242745, -3.046783625730994]
SPS=64
Eval at step 160000, survival=0.351%, return=[-1.0464201438783978, 14.504934848149617, -11.561267416924238, -3.807017543859649]
SPS=66
Eval at step 170000, survival=0.182%, return=[-1.022884397379433, 6.588082478841147, -7.50866829076161, -2.508771929824561]
SPS=67
Eval at step 180000, survival=0.310%, return=[-1.0399180534295738, 13.190820779800413, -7.923831309812765, -3.286549707602339]
SPS=69
Eval at step 190000, survival=0.413%, return=[-1.0551757797366008, 17.61660787582397, -6.695883598644286, -3.982456140350877]
SPS=70
Eval at step 200000, survival=0.422%, return=[-1.0605077521177009, 17.545484377543133, -7.1036589952806635, -3.6666666666666665]
SPS=72
Eval at step 210000, survival=0.413%, return=[-1.0488529353557776, 18.5690954208374, -5.646065666650732, -3.181286549707602]
SPS=73
Eval at step 220000, survival=0.211%, return=[-1.0269098286905016, 8.271300388971962, -5.552377411474784, -2.6198830409356724]
SPS=75
Eval at step 230000, survival=0.265%, return=[-1.0326959606609307, 11.033616434733075, -6.403705094475299, -2.485380116959064]
SPS=76
Eval at step 240000, survival=0.422%, return=[-1.0527860320095594, 18.213775574366245, -7.0424862919996185, -3.801169590643274]
SPS=78
Eval at step 250000, survival=0.451%, return=[-1.0568555291974917, 19.31534436861674, -8.936649661123132, -4.742690058479531]
SPS=79
Eval at step 260000, survival=0.823%, return=[-1.0997960250630665, 39.35002288023631, -7.843641208329548, -6.730994152046783]
SPS=81
Eval at step 270000, survival=0.703%, return=[-1.0849235671339557, 32.557589677174896, -8.940023230878674, -5.818713450292399]
SPS=82
Eval at step 280000, survival=0.690%, return=[-1.0832015138197069, 32.49031236330668, -6.518772665256013, -4.707602339181286]
SPS=84
Eval at step 290000, survival=0.591%, return=[-1.0783744395400088, 27.15246430079142, -6.815737423797448, -4.8654970760233915]
SPS=85
Eval at step 300000, survival=0.645%, return=[-1.0648693799739704, 31.94826345761616, -7.136629620256524, -5.584795321637426]
SPS=86
Eval at step 310000, survival=1.240%, return=[-1.147301664634142, 59.53583709398905, -6.886753710142027, -9.432748538011696]
SPS=87
Eval at step 320000, survival=1.004%, return=[-1.1093340787532118, 48.66506712118785, -8.25520923245737, -8.070175438596493]
SPS=89
Eval at step 330000, survival=0.814%, return=[-1.0874497525704403, 39.64474756876627, -5.96551653680702, -5.011695906432749]
SPS=90
Eval at step 340000, survival=1.017%, return=[-1.1316112185401532, 45.57005930900575, -5.9259059090400115, -7.140350877192984]
SPS=91
Eval at step 350000, survival=1.091%, return=[-1.1318442298603866, 51.69147113800048, -6.0273850960657, -6.959064327485379]
SPS=92
Eval at step 360000, survival=0.723%, return=[-1.0804967913039338, 34.634525086085006, -6.454556800425053, -5.502923976608186]
SPS=94
Eval at step 370000, survival=0.889%, return=[-1.0868925497634336, 43.21207210858663, -6.200518993039926, -6.321637426900582]
SPS=95
Eval at step 380000, survival=1.368%, return=[-1.1454479427969393, 68.70113871415457, -6.409268079713608, -8.099415204678362]
SPS=96
Eval at step 390000, survival=1.393%, return=[-1.1510438495315611, 68.56570530891419, -7.195640020848562, -7.830409356725146]
SPS=97
Eval at step 400000, survival=0.976%, return=[-1.1021057674467254, 47.892178805669154, -6.262400145332019, -5.795321637426902]
SPS=98
Eval at step 410000, survival=1.608%, return=[-1.1804455785895698, 77.6655068031947, -10.189944642712362, -9.94736842105263]
SPS=99
Eval at step 420000, survival=1.000%, return=[-1.0989151828883525, 48.80652143160503, -6.171673499358197, -7.485380116959064]
SPS=101
Eval at step 430000, survival=1.529%, return=[-1.174352692750593, 74.6036942831675, -5.54756736184936, -9.456140350877194]
SPS=101
Eval at step 440000, survival=2.418%, return=[-1.2799208361151007, 117.34116739590966, -6.04063205102284, -12.064327485380105]
SPS=103
Eval at step 450000, survival=1.546%, return=[-1.1851924863488723, 74.0403763659795, -6.269057736984299, -8.198830409356725]
SPS=103
Eval at step 460000, survival=1.782%, return=[-1.1914873324955504, 89.06433831532797, -7.182046244774635, -9.374269005847955]
SPS=105
Eval at step 470000, survival=1.306%, return=[-1.1340476479381323, 64.4693006547292, -6.163747073461612, -7.608187134502923]
SPS=105
Eval at step 480000, survival=3.365%, return=[-1.359804659402774, 165.88761175473533, -9.044600612483919, -17.538011695906448]
SPS=106
Eval at step 490000, survival=3.931%, return=[-1.515739227082425, 189.10393135547642, -7.914624042440361, -19.538011695906448]
SPS=107
Eval at step 500000, survival=2.174%, return=[-1.254560385888908, 106.57101304690046, -6.777082761749625, -12.093567251461991]
SPS=108
Eval at step 510000, survival=2.451%, return=[-1.2764094781402189, 121.8762768681844, -5.909231000812724, -10.836257309941542]
SPS=109
Eval at step 520000, survival=2.220%, return=[-1.2705082729808055, 108.53851962089534, -6.630780608335044, -11.210526315789485]
SPS=110
Eval at step 530000, survival=1.455%, return=[-1.1761301430136275, 68.73894494374592, -5.92433958722783, -8.801169590643271]
SPS=110
Eval at step 540000, survival=6.304%, return=[-1.8233444350771606, 298.2635020923615, -9.201471051046004, -30.824561403508927]
SPS=111
Eval at step 550000, survival=2.096%, return=[-1.2393559827857341, 100.46313050667443, -8.819558715835834, -8.918128654970745]
SPS=112
Eval at step 560000, survival=4.762%, return=[-1.5948574055413094, 228.73372974554684, -6.911881419257649, -25.011695906432738]
SPS=113
Eval at step 570000, survival=1.294%, return=[-1.1586425946443342, 62.00218993822734, -5.119151083480877, -6.111111111111112]
SPS=114
Eval at step 580000, survival=4.489%, return=[-1.530527012500291, 220.19885426521307, -8.421978883319147, -25.450292397660792]
SPS=115
Eval at step 590000, survival=1.802%, return=[-1.2153863672477503, 87.131210193634, -8.955175375721106, -9.16959064327486]
SPS=115
Eval at step 600000, survival=1.662%, return=[-1.1807333640172146, 78.75009107907613, -11.376674336109621, -8.964912280701753]
SPS=116
Eval at step 610000, survival=3.567%, return=[-1.408776900866845, 173.388816912969, -10.64447524770003, -19.21052631578948]
SPS=117
Eval at step 620000, survival=2.451%, return=[-1.584788314125035, 121.1972942829132, -16.96557850235452, -13.649122807017557]
SPS=118
Eval at step 630000, survival=1.918%, return=[-1.2296363317485277, 93.48194815317784, -8.01525425693641, -11.678362573099406]
SPS=118
Eval at step 640000, survival=4.535%, return=[-1.574752827368987, 222.11041025161748, -10.074735247171096, -25.479532163742686]
SPS=119
Eval at step 650000, survival=2.844%, return=[-1.3484916312930484, 138.37625246047978, -7.927610705412614, -17.85380116959067]
SPS=120
Eval at step 660000, survival=0.479%, return=[-1.054491533859012, 22.22297280311584, -6.115888921854396, -3.374269005847953]
SPS=120
Eval at step 670000, survival=0.955%, return=[-1.1254060098241705, 45.096867787043244, -6.8576160169517, -6.461988304093567]
SPS=121
Eval at step 680000, survival=0.930%, return=[-1.109859196760226, 44.540105606714896, -6.6772755774048465, -5.380116959064327]
SPS=122
Eval at step 690000, survival=1.649%, return=[-1.168390799604822, 79.86119221528368, -8.052823807869572, -11.198830409356724]
SPS=122
Eval at step 700000, survival=2.753%, return=[-1.378307297360152, 130.27680991888047, -9.948547717940528, -16.06432748538013]
SPS=123
Eval at step 710000, survival=2.013%, return=[-1.2358521602776211, 96.32515626589463, -6.844482363788605, -13.152046783625721]
SPS=124
Eval at step 720000, survival=4.609%, return=[-1.5270925902877934, 223.8982206161819, -15.21023518954947, -30.204678362573077]
SPS=125
Eval at step 730000, survival=2.315%, return=[-1.2950739954054977, 110.8694480784734, -7.491134517224661, -14.350877192982447]
SPS=125
Eval at step 740000, survival=1.587%, return=[-1.1791572195943445, 75.97721335252128, -7.5425538250080235, -8.578947368421051]
SPS=126
Eval at step 750000, survival=1.562%, return=[-1.1798546664843645, 75.38866050084432, -6.722394043579698, -8.73684210526316]
SPS=126
Eval at step 760000, survival=1.459%, return=[-1.1780986872424062, 69.19511111895243, -7.329157670513571, -9.152046783625734]
SPS=127
Eval at step 770000, survival=3.166%, return=[-1.3889182315712485, 151.60003645896907, -7.743845448169547, -18.853801169590707]
SPS=127
Eval at step 780000, survival=3.080%, return=[-1.3523165274139803, 148.39289243300775, -11.008600913841898, -17.92982456140356]
SPS=128
Eval at step 790000, survival=3.733%, return=[-1.404097466089297, 184.22000048319492, -8.66098007086354, -22.596491228070164]
SPS=128
Eval at step 800000, survival=5.341%, return=[-1.6327354532162037, 259.325723725955, -11.959585011548674, -34.57894736842123]
SPS=129
Eval at step 810000, survival=3.786%, return=[-1.438327858884198, 187.52600515524549, -8.864978893427178, -21.37426900584796]
SPS=130
Eval at step 820000, survival=1.711%, return=[-1.1895146526900742, 83.92221061070767, -7.148702761158347, -10.56725146198831]
SPS=130
Eval at step 830000, survival=5.039%, return=[-1.6021721948248644, 241.7638455073038, -10.949526574928313, -32.929824561403535]
SPS=131
Eval at step 840000, survival=2.770%, return=[-1.3183068744838238, 136.17300803184511, -6.929412572508833, -15.883040935672502]
SPS=131
Eval at step 850000, survival=6.010%, return=[-1.7789005813732122, 287.74517860571547, -11.956232032253562, -35.36842105263177]
SPS=132
Eval at step 860000, survival=1.013%, return=[-1.1192604532310118, 47.814612458546975, -5.606020238250494, -5.695906432748534]
SPS=132
Eval at step 870000, survival=4.005%, return=[-1.448390288472486, 196.41827434857692, -10.182646398626579, -23.62573099415208]
SPS=133
Eval at step 880000, survival=2.530%, return=[-1.3456294093242225, 118.30313632329307, -6.337874451710377, -16.368421052631618]
SPS=133
Eval at step 890000, survival=5.184%, return=[-1.7017693176943187, 248.62339200496695, -10.014544808900004, -32.67836257309964]
SPS=134
Eval at step 900000, survival=3.497%, return=[-1.4182541525418249, 169.67901150703435, -7.064253405454413, -21.730994152046794]
SPS=134
Eval at step 910000, survival=4.039%, return=[-1.4859902573904644, 195.35008089701327, -7.86661973190409, -22.614035087719316]
SPS=134
Eval at step 920000, survival=1.695%, return=[-1.189358942695738, 83.37774607340495, -7.948685617627537, -10.877192982456135]
SPS=135
Eval at step 930000, survival=7.610%, return=[-2.063879537958807, 355.529139054616, -10.877743150418004, -47.27485380117025]
SPS=135
Eval at step 940000, survival=5.969%, return=[-1.7518285636712487, 290.58859046300245, -14.972329398277603, -34.35672514619892]
SPS=136
Eval at step 950000, survival=10.293%, return=[-2.441961225529667, 474.5357780567802, -10.715056191802432, -59.830409356725944]
SPS=136
Eval at step 960000, survival=3.067%, return=[-1.3316575259668753, 152.88243242899568, -8.21084367739968, -19.152046783625735]
SPS=137
Eval at step 970000, survival=4.650%, return=[-3.2800086421581605, 219.06845139185612, -18.087112235303113, -29.64327485380147]
SPS=137
Eval at step 980000, survival=2.728%, return=[-1.3398556121004124, 129.1171371301016, -7.434155917959288, -17.26900584795323]
SPS=138
Eval at step 990000, survival=5.870%, return=[-1.7662927975179628, 286.29414442062375, -8.848928379554613, -33.53801169590683]
SPS=138
Eval at step 1000000, survival=2.993%, return=[-1.3871060646876383, 143.78276330947864, -7.627488564079006, -16.660818713450322]
SPS=139
Eval at step 1010000, survival=4.067%, return=[-1.484339599031955, 199.53909956773123, -7.41612411950094, -21.561403508771974]
SPS=139
Eval at step 1020000, survival=4.712%, return=[-1.5871831321467955, 228.73766705830906, -8.699904035078362, -27.409356725146264]
SPS=139
Eval at step 1030000, survival=3.199%, return=[-1.394019779341761, 152.04271608988432, -6.2427502257827046, -20.619883040935832]
SPS=140
Eval at step 1040000, survival=13.062%, return=[-2.7868844110441082, 619.0271833515163, -10.752605410292745, -73.16959064327615]
SPS=140
Eval at step 1050000, survival=1.587%, return=[-1.17194995644968, 79.22421687761941, -5.379617267860643, -10.988304093567258]
SPS=140
Eval at step 1060000, survival=9.098%, return=[-2.186179147781028, 430.71495925108576, -10.037839007160073, -54.88888888888968]
SPS=141
Eval at step 1070000, survival=3.270%, return=[-1.3788050918762262, 163.04679506937669, -6.850340971306044, -22.514619883040908]
SPS=141
Eval at step 1080000, survival=8.131%, return=[-2.083030401961878, 386.3932345422107, -7.91085739787862, -43.70175438596558]
SPS=141
Eval at step 1090000, survival=4.018%, return=[-1.531239738241614, 188.6790470393499, -7.851548377734919, -22.976608187134516]
SPS=142
Eval at step 1100000, survival=7.312%, return=[-1.9430661822552793, 347.05838055610633, -6.881319529221703, -46.44444444444506]
SPS=142
Eval at step 1110000, survival=7.259%, return=[-1.9935232048543792, 335.9041244729354, -7.600695448897568, -44.43859649122865]
SPS=142
Eval at step 1120000, survival=2.137%, return=[-1.2528525079639319, 103.65110530535385, -6.526672788430005, -13.514619883040934]
SPS=143
Eval at step 1130000, survival=7.655%, return=[-2.009308196468434, 366.31931593259173, -7.304781791288406, -49.84210526315866]
SPS=143
Eval at step 1140000, survival=2.922%, return=[-1.3954918086140726, 138.85942218144726, -6.497542832885908, -15.03508771929829]
SPS=144
Eval at step 1150000, survival=4.287%, return=[-1.569138470920734, 201.56386868476864, -6.17690515218419, -21.25146198830419]
SPS=144
Eval at step 1160000, survival=4.026%, return=[-1.5244567782889742, 192.44716632207226, -6.377401579114879, -22.98830409356745]
SPS=144
Eval at step 1170000, survival=12.128%, return=[-2.586620010843035, 573.96796347777, -9.837308703320256, -70.80701754386074]
SPS=144
Eval at step 1180000, survival=4.882%, return=[-1.6991101108142175, 220.23253271261873, -9.380955377376571, -27.508771929824793]
SPS=145
Eval at step 1190000, survival=11.177%, return=[-3.21735396773632, 521.3766225337982, -14.19079025197425, -61.89473684210602]
SPS=145
Eval at step 1200000, survival=3.038%, return=[-1.3471026117525373, 150.28171287536622, -6.057627814288328, -18.22222222222221]
SPS=145
Eval at step 1210000, survival=11.896%, return=[-2.704666887759231, 554.2700368467969, -7.63957350954297, -59.71929824561469]
SPS=145
Eval at step 1220000, survival=3.501%, return=[-1.4220821628114209, 168.74968905766792, -5.671535826850838, -21.08771929824577]
SPS=146
Eval at step 1230000, survival=4.043%, return=[-1.52815006300807, 193.1630142911276, -6.344850649669145, -21.730994152046893]
SPS=146
Eval at step 1240000, survival=4.299%, return=[-1.5313867180181358, 206.85669312318177, -6.675427794407976, -20.3391812865497]
SPS=147
Eval at step 1250000, survival=2.617%, return=[-1.3363051219494082, 123.20349818547567, -6.711637749243285, -13.91812865497077]
SPS=147
Eval at step 1260000, survival=14.625%, return=[-3.0262422278950303, 688.9458128945034, -10.346366756760593, -83.01169590643401]
SPS=147
Eval at step 1270000, survival=4.460%, return=[-1.5607747659863282, 213.33265534083048, -6.17629118647892, -26.023391812865665]
SPS=147
Eval at step 1280000, survival=15.336%, return=[-3.1004424213509387, 725.1881235647196, -9.746148133449273, -88.00000000000144]
SPS=148
Eval at step 1290000, survival=8.052%, return=[-2.054364080327408, 383.03024585405956, -7.874599204968642, -44.08187134502945]
SPS=148
Eval at step 1300000, survival=11.400%, return=[-2.544754763095019, 540.379616176287, -8.457806314574555, -63.871345029240636]
SPS=148
Eval at step 1310000, survival=13.149%, return=[-3.1705966250932156, 613.5404589859647, -13.55028608317904, -74.75438596491375]
SPS=148
Eval at step 1320000, survival=2.435%, return=[-1.311363277316559, 116.69882170677181, -5.416012950920655, -13.754385964912286]
SPS=149
Eval at step 1330000, survival=6.994%, return=[-1.9316805889635968, 332.5492681439718, -9.283653686366355, -38.10526315789502]
SPS=149
Eval at step 1340000, survival=5.250%, return=[-1.6256889612801995, 256.1410821835199, -5.845943334531815, -30.192982456140346]
SPS=149
Eval at step 1350000, survival=2.344%, return=[-1.237280996419334, 117.39558846473695, -5.327025402802974, -15.52631578947367]
SPS=149
Eval at step 1360000, survival=5.833%, return=[-1.7207804113277234, 282.2908706156414, -7.144730641467807, -32.72514619883058]
SPS=150
Eval at step 1370000, survival=7.246%, return=[-1.9113199002458714, 346.2584535884857, -6.787155167054152, -42.754385964912494]
SPS=150
Eval at step 1380000, survival=3.423%, return=[-1.3874504328317319, 169.35382374445584, -5.4391061838541646, -23.099415204678454]
SPS=150
Eval at step 1390000, survival=7.759%, return=[-1.9939589542142737, 371.7487522141143, -7.021757856968179, -45.66666666666689]
SPS=150
Eval at step 1400000, survival=1.839%, return=[-1.1919553707508992, 90.29541961987815, -5.856616870267317, -10.608187134502927]
SPS=151
Eval at step 1410000, survival=5.361%, return=[-1.6511214875305693, 260.73850981712343, -5.43214318024305, -31.04093567251459]
SPS=151
Eval at step 1420000, survival=21.854%, return=[-4.097475101162369, 1001.9757110102979, -10.906987801839477, -124.97660818713685]
SPS=151
Eval at step 1430000, survival=1.480%, return=[-1.152069942036178, 72.5581910610199, -5.200125743324558, -9.807017543859649]
SPS=151
Eval at step 1440000, survival=6.312%, return=[-1.8431263697566465, 300.2787527831396, -5.8075492839076714, -33.12280701754392]
SPS=152
Eval at step 1450000, survival=7.366%, return=[-1.927021481989262, 353.7352406740187, -6.916448232043574, -43.54970760233954]
SPS=152
Eval at step 1460000, survival=12.707%, return=[-2.698579980235081, 599.01249493281, -6.897328660791875, -67.57894736842202]
SPS=152
Eval at step 1470000, survival=8.284%, return=[-2.0894289973851605, 392.14285312970486, -7.719616107817274, -41.111111111111455]
SPS=152
Eval at step 1480000, survival=2.563%, return=[-1.6728073568859447, 118.87742290019987, -9.801087429669375, -14.029239766081888]
SPS=152
Eval at step 1490000, survival=4.807%, return=[-1.6333693116515253, 226.29174680709843, -5.764630799763836, -26.660818713450528]
SPS=152
Eval at step 1500000, survival=7.846%, return=[-2.0690357604180463, 367.09652436415337, -7.367341094679432, -40.1871345029246]
SPS=153
Eval at step 1510000, survival=10.268%, return=[-2.438916209115026, 479.3745827643076, -8.96496099337431, -56.06432748538098]
SPS=153
Eval at step 1520000, survival=6.564%, return=[-1.7987944096288022, 317.7450104125341, -7.601636544471451, -40.280701754386236]
SPS=153
Eval at step 1530000, survival=27.046%, return=[-4.893933055204495, 1257.7653097613654, -12.838766237900018, -144.97660818713516]
SPS=153
Eval at step 1540000, survival=23.065%, return=[-4.1621135827541975, 1086.6459290854139, -8.757387886466555, -123.63742690058719]
SPS=153
Eval at step 1550000, survival=3.741%, return=[-2.0875603573901267, 184.46186023076373, -10.783808096467206, -21.28070175438597]
SPS=153
Eval at step 1560000, survival=13.769%, return=[-2.9797922849538736, 637.005577831268, -7.900627123812835, -74.94152046783734]
SPS=154
Eval at step 1570000, survival=3.939%, return=[-1.4677008610451594, 192.9754097684223, -5.448120802850402, -22.192982456140374]
SPS=154
Eval at step 1580000, survival=9.817%, return=[-2.3571775699577606, 461.04034857114203, -6.58613444082827, -51.374269005848724]
SPS=154
Eval at step 1590000, survival=7.858%, return=[-2.0014585638224767, 378.91890047391195, -6.02329315780662, -41.73099415204739]
SPS=154
Eval at step 1600000, survival=7.767%, return=[-2.0771809653184996, 368.1094213517504, -6.859808804874774, -38.38596491228111]
SPS=155
Eval at step 1610000, survival=12.653%, return=[-2.7333065037576794, 597.7428561560313, -7.60779835319651, -66.17543859649236]
SPS=154
Eval at step 1620000, survival=6.432%, return=[-1.8332803923403844, 305.49841646671297, -7.817977208624749, -34.84210526315818]
SPS=155
Eval at step 1630000, survival=4.212%, return=[-1.5665946597388636, 198.3582978121439, -5.783381287163745, -21.853801169590785]
SPS=155
Eval at step 1640000, survival=16.303%, return=[-3.9732484963024035, 757.3794148095457, -15.325040051617785, -86.74269005848116]
SPS=155
Eval at step 1650000, survival=14.695%, return=[-2.8867656764535545, 704.3997726376851, -9.010115266622355, -78.85964912280845]
SPS=155
Eval at step 1660000, survival=12.359%, return=[-2.638201360202705, 586.5053645865129, -7.563497875691003, -63.41520467836356]
SPS=155
Eval at step 1670000, survival=6.796%, return=[-1.8937240734618779, 319.576851943334, -6.854853956348961, -38.47368421052655]
SPS=155
Eval at step 1680000, survival=10.078%, return=[-2.309301553546296, 479.36208216031486, -6.966640647539559, -57.60233918128773]
SPS=156
Eval at step 1690000, survival=27.406%, return=[-4.902205606689677, 1277.8153614377986, -11.317246522773834, -130.54970760234218]
SPS=156
Eval at step 1700000, survival=11.310%, return=[-2.533313768585989, 535.3988276720057, -6.0130704296655795, -57.26315789473781]
SPS=156
Eval at step 1710000, survival=27.170%, return=[-4.80650469965379, 1265.2813344971337, -10.824412299237641, -134.59649122806834]
SPS=156
Eval at step 1720000, survival=8.131%, return=[-2.1391257885843515, 382.0890614414214, -6.769980840540181, -38.3508771929828]
SPS=156
Eval at step 1730000, survival=15.183%, return=[-2.9097669139737263, 735.9852619234717, -7.387263163941195, -79.64327485380245]
SPS=156
Eval at step 1740000, survival=10.545%, return=[-2.4161412303801626, 492.22166861534123, -7.341862615433153, -55.34502923976686]
SPS=156
Eval at step 1750000, survival=7.089%, return=[-2.264228642665936, 337.8006724548338, -9.593003326328471, -37.795321637427186]
SPS=156
Eval at step 1760000, survival=7.407%, return=[-1.8965473296508815, 362.7803948195777, -6.002131315617589, -39.1403508771931]
SPS=157
Eval at step 1770000, survival=9.371%, return=[-2.2492264817701653, 444.63827997684456, -7.100095858959928, -53.07017543859706]
SPS=157
Eval at step 1780000, survival=9.772%, return=[-2.2084191135169626, 469.86960736433616, -6.361624695671101, -54.35672514619947]
SPS=157
Eval at step 1790000, survival=2.389%, return=[-1.2910898616925504, 115.45936571756995, -5.698541627333422, -12.192982456140344]
SPS=157
Eval at step 1800000, survival=9.102%, return=[-2.2032113123568706, 435.6564483515415, -5.771767596151524, -44.49707602339211]
SPS=157
Eval at step 1810000, survival=9.222%, return=[-2.2538142951088957, 434.9102391624455, -6.348485983733553, -40.73684210526351]
SPS=157
Eval at step 1820000, survival=8.821%, return=[-2.1123000316050216, 425.3480768505731, -6.7204238301007235, -43.2046783625734]
SPS=158
Eval at step 1830000, survival=6.696%, return=[-1.9135912945106004, 315.4545892953876, -7.032863389681249, -31.76608187134528]
SPS=158
Eval at step 1840000, survival=9.094%, return=[-2.170677127316594, 436.5761783679324, -7.691534920745956, -43.47368421052661]
SPS=158
Eval at step 1850000, survival=6.585%, return=[-1.8318448169350934, 316.67469844023384, -5.802818188172144, -33.70175438596514]
SPS=158
Eval at step 1860000, survival=6.630%, return=[-1.8889809688553214, 312.9750854714712, -5.7244510208450565, -35.08187134502984]
SPS=158
Eval at step 1870000, survival=4.357%, return=[-1.5332488197794494, 212.87255249818168, -5.219801734337428, -21.690058479532155]
SPS=158
Eval at step 1880000, survival=12.698%, return=[-2.6351199574613324, 608.7587595526371, -6.255222858812583, -65.22807017543965]
SPS=159
Eval at step 1890000, survival=15.034%, return=[-3.052866385143716, 717.1533546686173, -7.678568035844364, -73.12280701754513]
SPS=158
Eval at step 1900000, survival=5.101%, return=[-1.9449088881374337, 248.78598876635238, -9.25087679241551, -26.058479532163783]
SPS=159
Eval at step 1910000, survival=17.593%, return=[-3.3695102279113294, 837.1123890113822, -6.521729033416098, -87.98245614035257]
SPS=159
Eval at step 1920000, survival=11.186%, return=[-2.5109565976890735, 533.0707760143276, -6.904796600487316, -55.567251461989464]
SPS=159
Eval at step 1930000, survival=5.146%, return=[-1.6541564258513972, 245.22702573935183, -5.547617737220814, -26.222222222222314]
SPS=159
Eval at step 1940000, survival=11.219%, return=[-2.6034443699366725, 527.7097113164265, -6.568556064972654, -51.964912280702286]
SPS=159
Eval at step 1950000, survival=6.837%, return=[-1.864931861908796, 329.673197193146, -5.5868328557056275, -34.35672514619897]
SPS=159
Eval at step 1960000, survival=9.983%, return=[-2.335156435748407, 475.94595871289556, -5.900830284595334, -51.18713450292449]
SPS=159
Eval at step 1970000, survival=4.894%, return=[-1.6120787654460098, 236.5291958173115, -5.679883538978174, -23.824561403508905]
SPS=159
Eval at step 1980000, survival=11.161%, return=[-2.493375684134662, 527.7369619035719, -6.900152641775397, -54.93567251462048]
SPS=160
Eval at step 1990000, survival=5.969%, return=[-1.7245256562794868, 292.0124120664596, -6.0710960410554735, -30.947368421052712]
SPS=160
Eval at step 2000000, survival=4.663%, return=[-1.6117921572489042, 226.53253362178816, -5.707241642953401, -21.918128654970896]
SPS=160
Eval at step 2010000, survival=9.487%, return=[-2.2365294783958234, 458.2174608389539, -6.078652707280223, -46.38596491228103]
SPS=160
Eval at step 2020000, survival=15.968%, return=[-3.1774339589367933, 764.1337411530817, -8.297537543616878, -78.66081871345155]
SPS=160
Eval at step 2030000, survival=12.008%, return=[-2.57589434547117, 574.5592014010739, -6.7524506124124555, -60.77777777777852]
SPS=160
Eval at step 2040000, survival=3.063%, return=[-1.3527215005791124, 150.07289908727014, -5.159463160360853, -14.918128654970767]
SPS=161
Eval at step 2050000, survival=25.004%, return=[-4.353998825865953, 1191.8170061318074, -7.614006016388885, -119.54385964912524]
SPS=160
Eval at step 2060000, survival=3.819%, return=[-1.443971413730954, 187.780967130661, -6.3065557377412915, -19.883040935672522]
SPS=161
Eval at step 2070000, survival=4.865%, return=[-1.6221358692079473, 234.88010399182645, -5.987357043176114, -24.456140350877195]
SPS=161
Eval at step 2080000, survival=7.982%, return=[-2.0414037227164954, 385.77647659301755, -5.512625456244375, -39.46198830409381]
SPS=161
Eval at step 2090000, survival=4.849%, return=[-1.5202677687436033, 244.66247714042674, -6.724437326968958, -26.859649122807014]
SPS=161
Eval at step 2100000, survival=14.567%, return=[-3.029078341962304, 689.9642707983644, -7.554212698436459, -68.0760233918139]
SPS=161
Eval at step 2110000, survival=15.856%, return=[-3.0889010384562425, 765.4101461267468, -6.6416984627139755, -80.16959064327621]
SPS=161
Eval at step 2120000, survival=2.670%, return=[-1.3225908238091506, 131.0823078505198, -5.525374024951209, -13.742690058479537]
SPS=161
Eval at step 2130000, survival=4.320%, return=[-1.6135338080736499, 202.98335712114977, -6.515757106652018, -18.076023391812885]
SPS=161
Eval at step 2140000, survival=26.244%, return=[-4.547250262694433, 1248.1175894085582, -10.384186551639383, -123.35672514620136]
SPS=162
Eval at step 2150000, survival=7.031%, return=[-1.8894777890333596, 342.5305365880328, -6.618871367323057, -33.90643274853811]
SPS=162
Eval at step 2160000, survival=5.795%, return=[-1.7014269065887977, 281.2263076972959, -5.255412083216167, -29.3040935672517]
SPS=162
Eval at step 2170000, survival=6.982%, return=[-1.8874094222167817, 337.2474308745069, -6.4128506538302945, -33.959064327485585]
SPS=162
Eval at step 2180000, survival=4.485%, return=[-2.6014957681957944, 212.81589881102227, -14.454833083242798, -23.146198830409404]
SPS=162
Eval at step 2190000, survival=8.726%, return=[-2.095585476490669, 419.7592379395166, -6.412645719906625, -43.46198830409406]
SPS=162
Eval at step 2200000, survival=14.224%, return=[-3.344379021844361, 667.9490514564517, -10.265682489378378, -67.72514619883135]
SPS=162
Eval at step 2210000, survival=6.692%, return=[-1.861002169646478, 319.71514347235365, -6.0576651821223395, -30.497076023391898]
SPS=162
Eval at step 2220000, survival=5.022%, return=[-1.5912886140285991, 246.4234719467163, -5.314440451717625, -24.8421052631579]
SPS=163
Eval at step 2230000, survival=6.386%, return=[-1.7604909553774633, 310.37399177869185, -5.6321547065551085, -34.03508771929847]
SPS=163
Eval at step 2240000, survival=13.339%, return=[-2.8207473459187895, 632.271790369352, -8.443618897115812, -68.4795321637437]
SPS=163
Eval at step 2250000, survival=3.695%, return=[-1.4513269016946044, 179.36730913162225, -5.768928454257548, -16.11695906432755]
SPS=163
Eval at step 2260000, survival=15.823%, return=[-3.1129694607807323, 757.5052409442256, -7.240610315328619, -80.78947368421183]
SPS=163
Eval at step 2270000, survival=4.229%, return=[-1.533342340379022, 204.09361173788693, -6.578377543875831, -20.68421052631591]
SPS=163
Eval at step 2280000, survival=10.342%, return=[-2.41523935936857, 489.4456194273625, -6.818073898042106, -51.742690058480115]
SPS=163
Eval at step 2290000, survival=5.010%, return=[-1.6590675378295903, 241.64248379389429, -6.3903681942611, -23.397660818713558]
SPS=163
Eval at step 2300000, survival=4.142%, return=[-1.497285087495887, 201.18658623695362, -6.330115079491709, -23.192982456140502]
SPS=163
Eval at step 2310000, survival=5.622%, return=[-1.751504031533841, 265.96525096893276, -5.5011581626022235, -25.45614035087729]
SPS=163
Eval at step 2320000, survival=6.940%, return=[-1.9154983116701867, 331.1682969284059, -6.333561361905595, -34.37426900584819]
SPS=164
Eval at step 2330000, survival=8.937%, return=[-2.1792318521183915, 427.5297728220619, -6.335826500901021, -44.70760233918181]
SPS=164
Eval at step 2340000, survival=14.327%, return=[-2.9734654473334863, 677.6019754950206, -7.061607460879411, -71.48538011696007]
SPS=164
Eval at step 2350000, survival=10.251%, return=[-2.2781388717509494, 494.8330355501178, -6.422367706945806, -50.824561403509335]
SPS=164
Eval at step 2360000, survival=6.415%, return=[-1.8264501817369212, 308.17543395996097, -6.025478825707978, -33.82456140350919]
SPS=164
Eval at step 2370000, survival=7.044%, return=[-1.9173999412838991, 341.13463444073994, -6.106844370112715, -35.56725146198861]
SPS=164
Eval at step 2380000, survival=13.810%, return=[-3.550343172294864, 652.9763995869954, -11.923401788012901, -70.22807017543958]
SPS=164
Eval at step 2390000, survival=5.382%, return=[-1.6917826688926045, 258.34378745714827, -6.190900849644095, -24.157894736842128]
SPS=164
Eval at step 2400000, survival=10.396%, return=[-2.355563551769592, 496.2065603574115, -5.694634593412047, -56.16374269005905]
SPS=164
Eval at step 2410000, survival=6.895%, return=[-2.917770337779075, 330.40135626316044, -14.875036191117639, -35.91228070175448]
SPS=164
Eval at step 2420000, survival=12.703%, return=[-2.632875513518229, 609.1421632575986, -8.102689255252093, -68.60233918128768]
SPS=165
Eval at step 2430000, survival=10.847%, return=[-2.3822637298338427, 520.6776579825085, -7.4544862725985395, -59.005847953216964]
SPS=165
Eval at step 2440000, survival=1.058%, return=[-1.1102425406376522, 52.41602991422018, -5.025536326070626, -5.830409356725148]
SPS=165
Eval at step 2450000, survival=6.023%, return=[-1.7345870009739883, 296.69887496312487, -6.562387036693205, -32.602339181286595]
SPS=165
Eval at step 2460000, survival=4.096%, return=[-1.4858071090032656, 201.8623961941402, -6.774299763696035, -19.853801169590657]
SPS=165
Eval at step 2470000, survival=3.782%, return=[-1.4551670913739752, 185.44488638242078, -5.689515156011718, -19.701754385964914]
SPS=165
Eval at step 2480000, survival=6.362%, return=[-1.862305489135906, 300.6111285146077, -6.193857809965266, -37.456140350877696]
SPS=165
Eval at step 2490000, survival=9.292%, return=[-2.1731979724912285, 446.20599030017837, -6.638683703189599, -50.85380116959116]
SPS=165
Eval at step 2500000, survival=19.031%, return=[-3.6017249549622647, 902.9760104942321, -7.144393502705498, -100.65497076023576]
SPS=165
Eval at step 2510000, survival=12.607%, return=[-2.6894746462930925, 603.5748602708181, -6.467423694145206, -66.7017543859659]
SPS=165
Eval at step 2520000, survival=9.979%, return=[-2.3516039136059894, 474.0840876134237, -6.964334153720604, -46.84795321637463]
SPS=166
Eval at step 2530000, survival=9.792%, return=[-2.228101069534508, 470.36422141710864, -5.472638386612137, -54.093567251462524]
SPS=165
Eval at step 2540000, survival=5.105%, return=[-1.6077430041623302, 250.41732257366178, -6.792762293713167, -26.210526315789537]
SPS=166
Eval at step 2550000, survival=5.725%, return=[-1.7662581968082425, 273.1320788764959, -5.914778930173877, -29.245614035088014]
SPS=166
Eval at step 2560000, survival=23.285%, return=[-4.130481953674462, 1106.3312486584982, -9.676063688336095, -121.77777777778026]
SPS=166
Eval at step 2570000, survival=16.489%, return=[-3.178157433634624, 784.0881664816535, -7.598602530323357, -90.97660818713616]
SPS=166
Eval at step 2580000, survival=8.019%, return=[-2.0200015073642135, 383.972833662033, -7.170521208903665, -42.12280701754431]
SPS=166
Eval at step 2590000, survival=5.680%, return=[-1.731207007872096, 272.14876944541925, -5.698558421999526, -28.461988304093634]
SPS=166
Eval at step 2600000, survival=11.611%, return=[-2.5201279086177237, 555.054485262236, -7.028749595522338, -65.32163742690142]
SPS=166
Eval at step 2610000, survival=7.829%, return=[-1.995436851924751, 375.65524246851584, -7.68456851755036, -45.736842105263634]
SPS=166
Eval at step 2620000, survival=12.430%, return=[-3.016178003124272, 590.1299731190991, -10.251440960853264, -68.0643274853811]
SPS=166
Eval at step 2630000, survival=19.143%, return=[-3.6780432598122084, 903.3993973223373, -8.364246324902828, -93.84795321637608]
SPS=166
Eval at step 2640000, survival=12.029%, return=[-2.9754913721893295, 567.1735967508955, -10.710406413461897, -68.16374269005955]
SPS=166
Eval at step 2650000, survival=8.156%, return=[-2.1022530258633196, 387.76720287164017, -9.385158875278043, -41.438596491228715]
SPS=166
Eval at step 2660000, survival=14.129%, return=[-3.0120422349427827, 656.7954153347014, -6.980236311341287, -71.25146198830508]
SPS=166
Eval at step 2670000, survival=13.037%, return=[-2.780774572204488, 614.501777704557, -7.532757826949819, -71.08771929824655]
SPS=166
Eval at step 2680000, survival=25.417%, return=[-4.45157571703506, 1207.2524999141704, -8.750363615923561, -127.06432748538276]
SPS=166
Eval at step 2690000, survival=2.059%, return=[-1.262798444290335, 98.7144460519155, -5.20161025164028, -9.514619883040929]
SPS=166
Eval at step 2700000, survival=5.613%, return=[-2.088769930861114, 267.5346450328828, -8.528029685141519, -27.327485380117228]
SPS=166
Eval at step 2710000, survival=7.854%, return=[-2.02289943897631, 371.56904094855014, -6.249158221141745, -43.52631578947442]
SPS=166
Eval at step 2720000, survival=11.512%, return=[-2.5958719430685355, 541.8647910658524, -6.724255206849193, -60.4152046783632]
SPS=166
Eval at step 2730000, survival=9.970%, return=[-2.3059941670314097, 474.72391819000296, -5.777841895379727, -48.47953216374318]
SPS=166
Eval at step 2740000, survival=17.812%, return=[-3.401927027560305, 847.0594669834778, -7.7343600829287125, -89.9005847953233]
SPS=166
Eval at step 2750000, survival=16.551%, return=[-3.2766231347535117, 781.7799591795601, -8.584807068727363, -85.88304093567412]
SPS=166
Eval at step 2760000, survival=3.604%, return=[-1.4285791286771807, 177.41470578829453, -5.293623649105332, -18.982456140350862]
SPS=166
Eval at step 2770000, survival=5.498%, return=[-1.7304887300512444, 263.7026393461228, -6.533394337030283, -28.68421052631598]
SPS=166
Eval at step 2780000, survival=11.330%, return=[-2.4878334050105573, 543.0682581933339, -5.8632059681694955, -56.23391812865558]
SPS=167
Eval at step 2790000, survival=4.377%, return=[-1.4631711359252222, 217.02918631871532, -6.5141019686707295, -26.245614035087755]
SPS=166
Eval at step 2800000, survival=10.251%, return=[-2.7429856179320873, 480.9470578495666, -10.253404214439797, -56.69005847953306]
SPS=167
Eval at step 2810000, survival=2.910%, return=[-1.3302763087946612, 142.86508383750902, -5.343377935738924, -17.05263157894741]
SPS=167
Eval at step 2820000, survival=4.857%, return=[-1.5223609084884326, 241.04354110081985, -5.9059322005293025, -27.678362573099417]
SPS=167
Eval at step 2830000, survival=9.338%, return=[-2.1835745430241027, 449.60040530204793, -5.7548038777313195, -51.19883040935733]
SPS=167
Eval at step 2840000, survival=13.248%, return=[-3.0925960582681, 627.8234882958731, -9.979016306266809, -70.29824561403652]
SPS=167
Eval at step 2850000, survival=10.904%, return=[-2.409042205719743, 518.2072323083876, -8.66038206237378, -58.95906432748606]
SPS=167
Eval at step 2860000, survival=10.884%, return=[-2.451103792525828, 519.5309262863797, -7.50101750419708, -53.76608187134562]
SPS=167
Eval at step 2870000, survival=9.854%, return=[-2.2953016876708716, 467.49225105285655, -5.95156141386057, -52.514619883041455]
SPS=167
Eval at step 2880000, survival=11.504%, return=[-2.5679304158547893, 544.3163155333203, -6.298523526540218, -57.877192982456826]
SPS=167
Eval at step 2890000, survival=11.186%, return=[-2.536754475227402, 531.2421758651727, -7.675114290905185, -56.85380116959141]
SPS=167
Eval at step 2900000, survival=16.778%, return=[-3.1825861400769404, 807.949660118421, -6.705989987012193, -97.36257309941698]
SPS=167
Eval at step 2910000, survival=8.743%, return=[-2.2837726870008432, 403.51851186116545, -6.363485164416488, -45.21637426900651]
SPS=167
Eval at step 2920000, survival=28.691%, return=[-4.983603598549962, 1351.958116451898, -8.926071159239504, -148.11695906433064]
SPS=167
Eval at step 2930000, survival=7.602%, return=[-2.0152258857075744, 362.5651596005757, -6.005080776866332, -36.97076023391825]
SPS=167
Eval at step 2940000, survival=27.360%, return=[-4.771856905271609, 1291.4639811960851, -7.187437597070432, -137.19298245614058]
SPS=167
Eval at step 2950000, survival=14.286%, return=[-2.908105399032744, 676.987057407698, -6.700294299031763, -77.25730994152165]
SPS=167
Eval at step 2960000, survival=8.127%, return=[-1.978068693424575, 393.95781682650255, -5.433677285676822, -45.315789473684596]
SPS=167
Eval at step 2970000, survival=21.362%, return=[-3.864687610301189, 1006.0451382446282, -6.757287104497664, -117.50292397661053]
SPS=167
Eval at step 2980000, survival=10.255%, return=[-2.282563351560384, 497.32448021570804, -7.260471369915952, -58.099415204679055]
SPS=167
Eval at step 2990000, survival=5.531%, return=[-1.761213411790474, 262.63339174588504, -5.818605917156674, -28.239766081871505]
SPS=167
Eval at step 3000000, survival=11.636%, return=[-2.525642803676116, 553.1502720689776, -7.009660518922222, -58.309941520468506]
SPS=167
Eval at step 3010000, survival=22.586%, return=[-4.193422160344198, 1056.4508785152414, -8.265531646150825, -111.2222222222244]
SPS=167
Eval at step 3020000, survival=5.700%, return=[-1.741060694582605, 271.9196512333551, -6.429537809356892, -30.649122807017733]
SPS=167
Eval at step 3030000, survival=9.780%, return=[-2.3612711359358705, 461.28686359723406, -5.984429541703624, -46.812865497076416]
SPS=167
Eval at step 3040000, survival=13.199%, return=[-2.763360802549869, 623.2743718417483, -7.422479005013884, -72.21052631579046]
SPS=167
Eval at step 3050000, survival=19.850%, return=[-3.7802897481403, 929.2806003665941, -7.051971027103718, -95.70175438596668]
SPS=167
Eval at step 3060000, survival=4.311%, return=[-1.5698765417328104, 204.15138833840695, -5.89366097887978, -23.16374269005864]
SPS=167
Eval at step 3070000, survival=13.744%, return=[-2.837229079081832, 651.2673455762862, -6.53561686889346, -69.51461988304209]
SPS=167
Eval at step 3080000, survival=14.153%, return=[-2.907415073054532, 672.3118175601959, -6.088596631219843, -75.76608187134619]
SPS=168
Eval at step 3090000, survival=18.320%, return=[-3.4267558900949857, 875.1489126745847, -5.953116403446377, -93.94152046783786]
SPS=167
Eval at step 3100000, survival=3.361%, return=[-1.4598284986956667, 152.7147863054275, -45.68542049468184, -18.251461988304072]
SPS=168
Eval at step 3110000, survival=11.578%, return=[-2.6350187591354675, 544.3935569222773, -5.997800371920069, -57.12280701754481]
SPS=168
Eval at step 3120000, survival=11.173%, return=[-2.482312387689793, 532.4869295692446, -6.01020923233591, -58.906432748538805]
SPS=168
Eval at step 3130000, survival=12.930%, return=[-2.7361412247021994, 610.1520688104631, -35.838075931979496, -67.94152046783732]
SPS=168
Eval at step 3140000, survival=19.544%, return=[-3.6617146077721068, 928.2451360479987, -7.289291795304355, -101.08771929824746]
SPS=168
Eval at step 3150000, survival=6.382%, return=[-1.7683652842921826, 313.203106546402, -5.9061184719903395, -37.502923976608486]
SPS=168
Eval at step 3160000, survival=14.984%, return=[-2.946633103400624, 719.782615647317, -6.771949665981083, -77.15204678362696]
SPS=168
Eval at step 3170000, survival=9.334%, return=[-2.214308592490852, 446.66605547587073, -5.605602652756109, -52.807017543860134]
SPS=168
Eval at step 3180000, survival=20.895%, return=[-3.929838407513065, 982.7814791949592, -7.955316654350706, -110.20467836257397]
SPS=168
Eval at step 3190000, survival=6.527%, return=[-1.8761968925246038, 308.3023308149974, -5.417151601014969, -35.60233918128706]
SPS=168
Eval at step 3200000, survival=14.406%, return=[-2.9591023629764095, 682.9496693547566, -7.557620645852391, -71.90643274853932]
SPS=168
Eval at step 3210000, survival=9.425%, return=[-2.23637141904328, 449.28406554857844, -5.789961283055163, -51.222222222222946]
SPS=168
Eval at step 3220000, survival=10.218%, return=[-2.278503444530846, 492.69292410850477, -6.106807259881559, -55.30994152046842]
SPS=168
Eval at step 3230000, survival=13.265%, return=[-2.7002924824288734, 635.8100872580212, -5.813218898649211, -75.9298245614046]
SPS=168
Eval at step 3240000, survival=16.005%, return=[-3.127619855455123, 757.7031178633368, -6.412568548587539, -90.57309941520613]
SPS=168
Eval at step 3250000, survival=21.230%, return=[-3.9167157590272836, 998.8395541318265, -6.255427724740002, -106.75438596491269]
SPS=168
Eval at step 3260000, survival=11.653%, return=[-2.533288997132331, 554.8267646058397, -5.8081896921939915, -63.17543859649201]
SPS=168
Eval at step 3270000, survival=12.942%, return=[-2.6997261036885902, 615.1561300468446, -5.764203416047773, -69.92397660818806]
SPS=168
Eval at step 3280000, survival=9.540%, return=[-2.27861350501189, 453.7029300053914, -5.962827628211623, -53.56140350877261]
SPS=168
Eval at step 3290000, survival=16.745%, return=[-3.0695311430414827, 809.8862247165029, -6.507953195929683, -94.8362573099432]
SPS=168
Eval at step 3300000, survival=22.603%, return=[-4.257057201175485, 1053.6665248600639, -17.6676178988176, -112.47368421052859]
SPS=168
Eval at step 3310000, survival=14.348%, return=[-2.888053956286361, 687.7551222737634, -7.205685084792397, -80.25146198830556]
SPS=168
Eval at step 3320000, survival=16.042%, return=[-3.1106585384889818, 762.6984483257929, -7.051256910635857, -85.85380116959219]
SPS=168
Eval at step 3330000, survival=11.008%, return=[-2.4347574846857847, 525.0444327354429, -5.562130659337224, -60.32748538011768]
SPS=168
Eval at step 3340000, survival=7.378%, return=[-2.015485000020514, 346.18699393272396, -6.8966447647544555, -36.894736842105765]
SPS=168
Eval at step 3350000, survival=30.084%, return=[-6.078609480153925, 1426.549158388773, -13.469021141858926, -159.40350877193032]
SPS=168
Eval at step 3360000, survival=9.619%, return=[-2.286254890418301, 455.9604300276439, -5.900643434048106, -55.19298245614112]
SPS=168
Eval at step 3370000, survival=10.772%, return=[-2.4176193581855236, 512.7285563882186, -5.718335797966574, -57.66081871345122]
SPS=168
Eval at step 3380000, survival=7.213%, return=[-1.9713555568402323, 342.3052683099109, -5.5760454469515635, -36.023391812865846]
SPS=168
Eval at step 3390000, survival=8.656%, return=[-2.0690434601856396, 418.0470040861765, -5.910537831368856, -47.98245614035134]
SPS=168
Eval at step 3400000, survival=6.391%, return=[-1.8354871933891748, 306.9606216017407, -5.683101427159272, -29.198830409356848]
SPS=169
Eval at step 3410000, survival=15.551%, return=[-3.69322261196794, 739.0034731547038, -11.301210117448742, -92.07017543859799]
SPS=168
Eval at step 3420000, survival=29.398%, return=[-5.007316051536084, 1385.6152068344757, -7.005498283813419, -154.85964912281034]
SPS=169
Eval at step 3430000, survival=15.261%, return=[-3.083063930971548, 716.3413703076043, -7.681965115014464, -80.23976608187296]
SPS=168
Eval at step 3440000, survival=12.442%, return=[-2.6443159499710114, 592.7936885484052, -7.141085853024076, -66.85380116959152]
SPS=169
Eval at step 3450000, survival=7.957%, return=[-2.0600214362493716, 376.5848221715292, -6.545294785032941, -41.80116959064368]
SPS=169
Eval at step 3460000, survival=26.505%, return=[-4.5022318213207955, 1252.2721955807983, -6.2311366858581705, -136.61988304093856]
SPS=169
Eval at step 3470000, survival=19.775%, return=[-3.8075358899659477, 923.5303569253282, -7.517033243379653, -97.70175438596677]
SPS=169
Eval at step 3480000, survival=14.178%, return=[-2.9943064996429407, 660.2991122484211, -7.645968163832246, -78.23976608187245]
SPS=169
Eval at step 3490000, survival=20.420%, return=[-3.662667872190165, 971.2602731005336, -7.392548159082556, -111.85380116959277]
SPS=169
Eval at step 3500000, survival=23.599%, return=[-4.1779524654266424, 1114.166013048488, -6.604066569455729, -125.69590643275107]
SPS=169
Eval at step 3510000, survival=20.978%, return=[-3.7969340387304933, 992.4865260235475, -8.282869702583412, -108.97076023392022]
SPS=169
Eval at step 3520000, survival=23.458%, return=[-4.252131653386944, 1100.8100284306229, -7.950831838408097, -123.17543859649159]
SPS=169
Eval at step 3530000, survival=24.686%, return=[-4.494410664405829, 1150.659181763329, -6.630443183021271, -125.34502923976326]
SPS=168
Eval at step 3540000, survival=23.173%, return=[-4.182265359753122, 1093.7684584919605, -7.621681910088228, -114.67836257310167]
SPS=169
Eval at step 3550000, survival=9.061%, return=[-2.1506043672949695, 431.4900063530608, -7.256485475770508, -50.35087719298318]
SPS=169
Eval at step 3560000, survival=8.755%, return=[-2.0921528762361654, 422.29361084620115, -5.540541017825793, -44.81286549707633]
SPS=169
Eval at step 3570000, survival=15.662%, return=[-3.190665459687201, 731.6033374087025, -6.470443234419993, -80.47953216374401]
SPS=169
Eval at step 3580000, survival=21.635%, return=[-4.8949869522281615, 1025.9716636451094, -13.768342119408771, -110.25146198830639]
SPS=169
Eval at step 3590000, survival=5.051%, return=[-1.6625442250903386, 239.1957497851054, -5.909936241301087, -23.251461988304147]
SPS=169
Eval at step 3600000, survival=22.082%, return=[-3.9753157004597597, 1040.1551887019493, -8.239588903928961, -114.51461988304338]
SPS=169
Eval at step 3610000, survival=19.254%, return=[-3.581489901485232, 911.1464001750946, -6.568287348447484, -98.99415204678546]
SPS=169
Eval at step 3620000, survival=9.772%, return=[-2.258496239238108, 468.1055929088595, -6.373880103366294, -51.052631578947874]
SPS=169
Eval at step 3630000, survival=27.447%, return=[-5.430005136605662, 1291.1570549074781, -12.382376460377904, -141.3625730994133]
SPS=169
Eval at step 3640000, survival=14.542%, return=[-2.9611239467243045, 686.2283452256519, -5.980591766361613, -75.07017543859763]
SPS=169
Eval at step 3650000, survival=4.187%, return=[-1.5434739781388391, 197.49116660277045, -5.841747395616646, -20.602339181286712]
SPS=169
Eval at step 3660000, survival=6.684%, return=[-1.8502965445901889, 320.2759335740406, -5.858074335944063, -34.894736842105495]
SPS=169
Eval at step 3670000, survival=23.867%, return=[-4.248186263430398, 1122.9013304630926, -7.425111934358331, -122.96491228070424]
SPS=169
Eval at step 3680000, survival=32.688%, return=[-5.494962857783928, 1530.9902853473025, -7.215654709227844, -175.59064327485143]
SPS=169
Eval at step 3690000, survival=15.877%, return=[-3.2159229188497798, 742.7540092229846, -7.160513474916418, -79.70760233918283]
SPS=169
Eval at step 3700000, survival=8.767%, return=[-2.177876232929217, 418.234356411298, -5.681376285414444, -45.11111111111142]
SPS=169
Eval at step 3710000, survival=6.498%, return=[-1.7870600354120445, 311.9019165992733, -5.200371541160469, -37.5789473684215]
SPS=169
Eval at step 3720000, survival=6.548%, return=[-1.9146190495812334, 308.1765399567285, -6.267480440466898, -33.15204678362605]
SPS=169
Eval at step 3730000, survival=19.515%, return=[-3.774564775832308, 907.1587976392117, -6.9270164360059425, -101.99415204678574]
SPS=169
Eval at step 3740000, survival=17.229%, return=[-3.330249802636293, 813.7267130120603, -7.2437166707532015, -88.3976608187151]
SPS=169
Eval at step 3750000, survival=30.303%, return=[-5.318556965095922, 1409.9718441502273, -8.502530201336716, -153.14035087719387]
SPS=169
Eval at step 3760000, survival=12.715%, return=[-2.7236224231504216, 598.9775185775756, -7.3245965758978855, -67.93567251462093]
SPS=169
Eval at step 3770000, survival=30.671%, return=[-5.2120235380910644, 1443.9437472343434, -9.266032016543855, -165.32748538011694]
SPS=169
Eval at step 3780000, survival=3.993%, return=[-1.481771173227268, 195.6153684441249, -5.648667405024753, -20.964912280701768]
SPS=169
Eval at step 3790000, survival=23.962%, return=[-5.124967886212592, 1105.5448471117004, -13.461109676638443, -124.4152046783651]
SPS=169
Eval at step 3800000, survival=7.416%, return=[-2.5932987846899778, 360.0384578355149, -10.465668941100981, -42.052631578947725]
SPS=169
Eval at step 3810000, survival=13.323%, return=[-2.7288934194754497, 633.8162149969734, -5.935114663778222, -74.97660818713558]
SPS=169
Eval at step 3820000, survival=2.604%, return=[-1.3306175359369565, 123.5607796669006, -5.453833239812714, -13.380116959064319]
SPS=169
Eval at step 3830000, survival=11.520%, return=[-2.6271761856235876, 536.4682484436044, -6.667385200649733, -60.14619883041038]
SPS=169
Eval at step 3840000, survival=30.721%, return=[-4.982579439354595, 1463.6303445847823, -8.106599318736698, -166.54970760233843]
SPS=169
Eval at step 3850000, survival=12.211%, return=[-2.7125093633658253, 571.4715977891286, -6.155400991289753, -63.61988304093679]
SPS=169
Eval at step 3860000, survival=10.193%, return=[-2.3543509250933616, 482.8373291492462, -5.6192876348238014, -53.888888888889426]
SPS=169
Eval at step 3870000, survival=14.071%, return=[-3.019167038418042, 655.9756046231577, -7.142340027077201, -71.97076023391938]
SPS=169
Eval at step 3880000, survival=19.382%, return=[-3.6050723697214075, 917.1479620472593, -7.401824779539311, -99.38596491228253]
SPS=169
Eval at step 3890000, survival=6.911%, return=[-1.855360605637543, 333.65894876480075, -5.787563207520482, -35.040935672514884]
SPS=169
Eval at step 3900000, survival=7.519%, return=[-2.685877841761491, 354.4433856678008, -10.831923556155138, -39.01169590643292]
SPS=169
Eval at step 3910000, survival=6.370%, return=[-1.8003849781816825, 310.7710637791954, -5.5925612365050865, -33.59064327485404]
SPS=169
Eval at step 3920000, survival=5.998%, return=[-2.08637905997845, 287.8574144554138, -9.321395843801193, -35.40350877193015]
SPS=169
Eval at step 3930000, survival=6.564%, return=[-1.8100655143110391, 316.1239609479904, -5.294010160781909, -34.578947368421204]
SPS=169
Eval at step 3940000, survival=17.932%, return=[-3.4242521551592895, 849.429934678078, -6.479460052102998, -95.13450292397836]
SPS=169
Eval at step 3950000, survival=4.812%, return=[-1.5662446752927888, 235.83681931495667, -5.342621045672179, -28.0350877192984]
SPS=169
Eval at step 3960000, survival=8.309%, return=[-2.07595241535455, 399.3936381959914, -6.579794871426809, -44.14619883040964]
SPS=170
Eval at step 3970000, survival=13.595%, return=[-2.893807055118183, 636.0981456454595, -6.485415668459609, -71.98245614035189]
SPS=169
Eval at step 3980000, survival=15.534%, return=[-3.0735874029730135, 742.7968830426539, -6.266413927136455, -81.62573099415349]
SPS=170
Eval at step 3990000, survival=8.379%, return=[-2.1322909399362593, 398.598425366084, -6.2487863135756925, -44.2163742690064]
SPS=170
Eval at step 4000000, survival=19.816%, return=[-3.6320808964859075, 941.8472632169724, -7.372292459796881, -108.8713450292418]
SPS=170
Eval at step 4010000, survival=16.898%, return=[-3.2753535577018433, 802.9159369659416, -5.984481246288245, -86.83625730994304]
SPS=170
Eval at step 4020000, survival=16.580%, return=[-3.181462088425178, 790.644418052037, -6.3168999956881935, -89.64327485380294]
SPS=170
Eval at step 4030000, survival=7.023%, return=[-1.9247647799784318, 339.8479275894167, -5.899079714746525, -38.56140350877209]
SPS=170
Eval at step 4040000, survival=8.441%, return=[-2.1677778953647553, 398.0463367144269, -5.462056286756706, -43.52046783625784]
SPS=170
Eval at step 4050000, survival=19.217%, return=[-3.597225443654073, 907.6652234665554, -6.9283477296072915, -103.97660818713672]
SPS=170
Eval at step 4060000, survival=6.279%, return=[-1.8240174121844273, 298.34291831016503, -6.054585319943726, -33.23976608187165]
SPS=170
Eval at step 4070000, survival=11.735%, return=[-2.571943294528561, 557.0614413166044, -7.658755222262698, -63.71929824561485]
SPS=170
Eval at step 4080000, survival=19.982%, return=[-3.7687804548380277, 942.9404362265262, -6.871087693051474, -107.56140350877399]
SPS=170
Eval at step 4090000, survival=18.465%, return=[-3.548003182358419, 871.9422814114896, -6.509819579553247, -98.77192982456341]
SPS=170
Eval at step 4100000, survival=17.274%, return=[-3.313709048593106, 819.1945445410412, -5.568993783070861, -93.22222222222388]
SPS=170
Eval at step 4110000, survival=25.236%, return=[-4.5546498053396745, 1179.487457095781, -6.769507934788028, -134.7894736842133]
SPS=170
Eval at step 4120000, survival=9.296%, return=[-2.245735465645945, 440.18278648694314, -7.203751316129153, -48.90058479532223]
SPS=170
Eval at step 4130000, survival=16.018%, return=[-3.172575748331534, 759.9623188908887, -6.170393927515154, -88.02923976608338]
SPS=170
Eval at step 4140000, survival=5.064%, return=[-1.661056322705311, 241.3963760073981, -7.186227033302809, -29.60233918128674]
SPS=170
Eval at step 4150000, survival=23.479%, return=[-4.234949694907603, 1106.5280341148368, -7.260635192331392, -118.15789473684465]
SPS=170
Eval at step 4160000, survival=14.625%, return=[-2.8869988816441037, 699.8101804288235, -6.438703650104192, -82.43274853801329]
SPS=170
Eval at step 4170000, survival=8.846%, return=[-2.2502926231827587, 412.605948499044, -5.799148972301434, -48.304093567252146]
SPS=170
Eval at step 4180000, survival=23.686%, return=[-4.181079795099019, 1121.8663066212337, -6.572583696989265, -123.45614035087561]
SPS=170
Eval at step 4190000, survival=30.965%, return=[-5.1205625490789926, 1469.2769097185126, -6.798723647933609, -171.91228070175666]
SPS=170
Eval at step 4200000, survival=20.871%, return=[-3.7710307756982124, 986.7681363121666, -8.207068074233879, -113.27485380117177]
SPS=170
Eval at step 4210000, survival=7.750%, return=[-2.0450855080465167, 368.7373149903615, -5.709549825134066, -37.94736842105288]
SPS=170
Eval at step 4220000, survival=19.064%, return=[-3.6186662137818835, 892.7828210878383, -6.536453788702299, -103.86549707602563]
SPS=170
Eval at step 4230000, survival=7.763%, return=[-2.0283188391670897, 366.89210260073327, -6.530698423739523, -40.74269005848018]
SPS=170
Eval at step 4240000, survival=32.618%, return=[-5.506810062196261, 1538.4358100080474, -8.433968160369355, -176.00584795321723]
SPS=170
Eval at step 4250000, survival=3.121%, return=[-1.3708608322194777, 153.68399553298948, -5.5422137194157886, -17.77777777777778]
SPS=170
Eval at step 4260000, survival=7.862%, return=[-2.0731392504724986, 368.6206440909705, -6.296496617704785, -44.760233918129245]
SPS=170
Eval at step 4270000, survival=20.676%, return=[-3.7696289924012185, 974.7610742012679, -8.587951608293224, -119.12280701754644]
SPS=170
Eval at step 4280000, survival=27.170%, return=[-4.823510753165465, 1267.348096270561, -8.242493942151972, -143.33918128655276]
SPS=170
Eval at step 4290000, survival=32.941%, return=[-5.635904976419018, 1530.8575844319673, -8.787868056150424, -181.02923976607747]
SPS=170
Eval at step 4300000, survival=19.990%, return=[-3.715963120533464, 946.7444710429521, -7.357598998399529, -106.53801169590866]
SPS=170
Eval at step 4310000, survival=7.850%, return=[-2.0496291960783615, 370.5784496418631, -6.240026453131577, -41.79532163742749]
SPS=170
Eval at step 4320000, survival=4.741%, return=[-1.5852034268900752, 227.67449470202135, -5.629237694355349, -28.82456140350891]
SPS=170
Eval at step 4330000, survival=8.317%, return=[-2.1277726176776923, 394.03537738164255, -5.667370651091915, -44.8654970760239]
SPS=170
Eval at step 4340000, survival=6.064%, return=[-1.7776203796771977, 288.75914225896196, -6.460226774720165, -31.43859649122815]
SPS=170
Eval at step 4350000, survival=35.842%, return=[-5.875672569382004, 1682.9369805145295, -8.396699949332591, -193.4035087719301]
SPS=170
Eval at step 4360000, survival=12.665%, return=[-2.677549086375317, 599.8312182537717, -5.803671864540472, -65.85380116959148]
SPS=170
Eval at step 4370000, survival=18.056%, return=[-3.374060900513238, 860.6765178203573, -6.857395426486619, -100.14619883041115]
SPS=170
Eval at step 4380000, survival=5.250%, return=[-1.680197791274016, 250.17467622756953, -5.606645134219434, -27.701754385965007]
SPS=170
Eval at step 4390000, survival=7.688%, return=[-2.0151503737821863, 364.45484985987355, -6.530701858457178, -43.385964912281224]
SPS=170
Eval at step 4400000, survival=15.513%, return=[-3.2489224295907966, 716.6239329481131, -6.211194418622957, -82.16959064327678]
SPS=170
Eval at step 4410000, survival=35.537%, return=[-5.814146653186374, 1675.7428008763, -7.290211806323593, -197.5906432748543]
SPS=170
Eval at step 4420000, survival=12.384%, return=[-2.736256219136218, 575.8604990832009, -5.747418879133572, -66.49122807017652]
SPS=170
Eval at step 4430000, survival=17.254%, return=[-3.36086481960956, 815.5474567476898, -6.871866454312112, -93.8947368421071]
SPS=170
Eval at step 4440000, survival=6.366%, return=[-1.75136765432156, 312.0680518627167, -5.693071079906076, -35.50292397660852]
SPS=170
Eval at step 4450000, survival=13.914%, return=[-2.756407103908714, 666.6720816198982, -6.386761378128237, -78.0233918128667]
SPS=170
Eval at step 4460000, survival=21.135%, return=[-4.13975507110202, 1005.5589903386436, -11.751149129681531, -122.33333333333569]
SPS=170
Eval at step 4470000, survival=12.111%, return=[-2.6055534200471206, 572.6624032688143, -5.952897397330768, -66.88304093567336]
SPS=170
Eval at step 4480000, survival=24.636%, return=[-4.327817397075705, 1161.8887122313172, -7.045666424247126, -131.90058479532456]
SPS=170
Eval at step 4490000, survival=9.900%, return=[-2.408016660095503, 461.10756794929404, -5.670160808910926, -51.280701754386676]
SPS=170
Eval at step 4500000, survival=19.573%, return=[-3.5817797718530833, 930.1692899020518, -6.159167670829144, -104.04678362573297]
SPS=170
Eval at step 4510000, survival=7.337%, return=[-2.0134619884580993, 340.69874954541484, -5.579812889453024, -37.85964912280761]
SPS=170
Eval at step 4520000, survival=25.653%, return=[-4.40306566360717, 1222.8512612168, -7.361731994929869, -138.3859649122788]
SPS=170
Eval at step 4530000, survival=16.216%, return=[-3.2949894805205986, 756.0157423210147, -6.264937950414605, -82.7134502923991]
SPS=170
Eval at step 4540000, survival=13.161%, return=[-2.837159598673073, 617.015931359927, -6.655031405680347, -67.04678362573202]
SPS=170
Eval at step 4550000, survival=24.190%, return=[-4.616643922655688, 1136.0801224915174, -10.719318958149719, -121.68421052631659]
SPS=170
Eval at step 4560000, survival=17.903%, return=[-3.443520233015685, 840.7552357578271, -6.040353036073308, -90.70175438596648]
SPS=170
Eval at step 4570000, survival=4.270%, return=[-1.5604004633884567, 203.99517730077108, -5.188687571528135, -21.93567251461992]
SPS=170
Eval at step 4580000, survival=14.583%, return=[-3.018884941605696, 677.6535404364275, -6.125634283584077, -80.05263157894886]
SPS=170
Eval at step 4590000, survival=15.112%, return=[-2.9087889601360075, 727.0125522549941, -6.035217980402497, -81.13450292397792]
SPS=170
Eval at step 4600000, survival=27.311%, return=[-4.724461920908652, 1275.8335304069503, -7.442589278478408, -152.02339181286874]
SPS=170
Eval at step 4610000, survival=8.040%, return=[-2.346829156546543, 385.4228108199438, -9.493342548764, -42.01169590643309]
SPS=170
Eval at step 4620000, survival=16.229%, return=[-3.118715005189491, 771.736838479043, -6.000663313335584, -86.85380116959215]
SPS=170
Eval at step 4630000, survival=17.671%, return=[-3.4294078565047434, 828.5962144915262, -6.146300194552168, -89.1169590643292]
SPS=170
Eval at step 4640000, survival=16.572%, return=[-3.107267103953442, 789.2852856413525, -6.122621090423006, -92.71345029239929]
SPS=170
Eval at step 4650000, survival=23.400%, return=[-4.11269689813101, 1103.124288687707, -7.246322231403004, -125.54970760234168]
SPS=170
Eval at step 4660000, survival=20.370%, return=[-3.878300546707275, 950.972962430316, -6.291262244951213, -108.4210526315801]
SPS=170
Eval at step 4670000, survival=36.206%, return=[-6.101005406914434, 1688.289294940627, -7.269203710369766, -192.6666666666612]
SPS=170
Eval at step 4680000, survival=5.531%, return=[-1.6724263676830258, 267.502241786321, -5.206717340663697, -29.093567251462105]
SPS=170
Eval at step 4690000, survival=8.139%, return=[-2.0360009741076888, 388.77158446311955, -6.128419335271853, -44.11695906432792]
SPS=170
Eval at step 4700000, survival=22.764%, return=[-5.075192743019822, 1069.916609956423, -16.732166855275562, -123.05847953216568]
SPS=170
Eval at step 4710000, survival=11.954%, return=[-2.5306968283839524, 570.6355622386931, -6.346861222885006, -64.81871345029319]
SPS=170
Eval at step 4720000, survival=7.928%, return=[-1.9839776818795751, 382.3320943705244, -6.188783871912165, -45.12280701754428]
SPS=170
Eval at step 4730000, survival=6.577%, return=[-1.810708349396009, 317.4510029157003, -5.071679345332086, -33.93567251462016]
SPS=170
Eval at step 4740000, survival=33.598%, return=[-5.5935754181312705, 1573.082797609967, -8.060079373487193, -179.78362573099295]
SPS=170
Eval at step 4750000, survival=40.575%, return=[-6.58019172999775, 1906.5618988545739, -8.658672473820237, -215.91812865497263]
SPS=170
Eval at step 4760000, survival=18.374%, return=[-3.500055087012394, 861.7490152263631, -6.322997464335761, -95.53216374269176]
SPS=170
Eval at step 4770000, survival=20.292%, return=[-3.7747451302323802, 951.6867911275236, -7.165014380860764, -105.08187134503142]
SPS=170
Eval at step 4780000, survival=8.883%, return=[-2.222664892906323, 417.8495301946006, -6.189763088419568, -47.88304093567316]
SPS=170
Eval at step 4790000, survival=24.062%, return=[-4.291596635302994, 1125.749288528761, -7.3696745786971105, -127.11695906433015]
SPS=170
Eval at step 4800000, survival=25.711%, return=[-4.487863786460366, 1211.277601140342, -7.486437072468107, -134.63157894737122]
SPS=170
Eval at step 4810000, survival=8.705%, return=[-2.099890600734701, 417.04210068702696, -5.680411413331361, -46.11111111111143]
SPS=170
Eval at step 4820000, survival=8.962%, return=[-2.1464427786219553, 425.4055365673703, -6.783131780170758, -47.49122807017605]
SPS=170
Eval at step 4830000, survival=33.275%, return=[-5.435634723010783, 1573.5061353619888, -8.326971095760806, -175.6666666666678]
SPS=170
Eval at step 4840000, survival=13.033%, return=[-2.7759261376146847, 612.8464975849785, -5.906287899396072, -68.9649122807027]
SPS=170
Eval at step 4850000, survival=34.511%, return=[-5.509151830008098, 1633.3515552457145, -6.779926230180233, -185.08187134502109]
SPS=170
Eval at step 4860000, survival=25.417%, return=[-4.4677605051159235, 1191.438532691002, -6.84076252175267, -137.47953216374572]
SPS=170
Eval at step 4870000, survival=20.412%, return=[-4.075018583176036, 961.6993624877928, -9.298579264859049, -110.9883040935697]
SPS=170
Eval at step 4880000, survival=6.911%, return=[-1.8588731357594952, 331.33641842206333, -5.075006721230845, -37.216374269006195]
SPS=170
Eval at step 4890000, survival=13.947%, return=[-2.8937689404119737, 655.9348468049366, -5.720413589493546, -76.5263157894748]
SPS=170
Eval at step 4900000, survival=13.438%, return=[-2.842557097300111, 631.4202268473306, -5.971586802916136, -70.60818713450413]
SPS=170
Eval at step 4910000, survival=22.499%, return=[-4.081283437806026, 1058.9625929069505, -7.201774600480955, -120.19298245613918]
SPS=170
Eval at step 4920000, survival=27.542%, return=[-4.843630183003067, 1286.6017838954879, -7.551210239857028, -145.61988304093174]
SPS=170
Eval at step 4930000, survival=33.164%, return=[-5.623652021031982, 1551.4079743178684, -8.330300063941346, -174.12865497075109]
SPS=170
Eval at step 4940000, survival=9.499%, return=[-2.893234318199878, 453.2615764586132, -10.492919293998662, -50.65497076023456]
SPS=170
Eval at step 4950000, survival=31.151%, return=[-5.223373968561646, 1465.7841681289692, -7.298945831190697, -172.9649122807056]
SPS=170
Eval at step 4960000, survival=10.491%, return=[-2.465372050976536, 492.1718182118738, -6.023613649071194, -53.7134502923985]
SPS=170
Eval at step 4970000, survival=16.212%, return=[-3.3182167246510894, 754.9221926196427, -6.559083278873004, -85.62573099415363]
SPS=170
Eval at step 4980000, survival=16.353%, return=[-3.1250091300462373, 784.8558927265786, -7.706234961748123, -86.1929824561419]
SPS=170
Eval at step 4990000, survival=25.823%, return=[-5.256195304740686, 1207.6594801934577, -11.380045295411037, -138.33333333333624]
SPS=170
Eval at step 5000000, survival=15.394%, return=[-2.943598983673534, 735.5320580546068, -5.853812036143306, -83.95321637427038]
SPS=170
Eval at step 5010000, survival=32.854%, return=[-5.536558883885543, 1542.6426113128693, -7.924217849405674, -168.777777777778]
SPS=170
Eval at step 5020000, survival=7.221%, return=[-1.9327683194812078, 345.7817929665246, -5.5599206606469425, -38.573099415204894]
SPS=170
Eval at step 5030000, survival=38.963%, return=[-6.053749103584171, 1843.3721835581466, -7.395308267810226, -224.53801169590653]
SPS=170
Eval at step 5040000, survival=18.428%, return=[-3.470684099923043, 870.5866387240085, -7.995441241398415, -99.86549707602529]
SPS=170
Eval at step 5050000, survival=13.504%, return=[-2.8985574931139126, 630.1247727584841, -5.890920463144236, -73.82456140350983]
SPS=170
Eval at step 5060000, survival=13.521%, return=[-2.7062878052238375, 643.3956207275396, -5.663296641093136, -79.05847953216522]
SPS=170
Eval at step 5070000, survival=32.279%, return=[-5.461618126408818, 1509.4360229460399, -7.146727307723874, -168.53216374269388]
SPS=170
Eval at step 5080000, survival=30.142%, return=[-5.006730195542332, 1424.606119286218, -5.944734351340837, -157.90058479532476]
SPS=170
Eval at step 5090000, survival=17.812%, return=[-3.4048438308915743, 834.3699271456404, -6.8650606092026765, -95.78362573099581]
SPS=170
Eval at step 5100000, survival=7.899%, return=[-2.0700276804661066, 373.0290872367222, -5.665433156963748, -39.596491228070576]
SPS=170
Eval at step 5110000, survival=26.918%, return=[-4.650651378033217, 1266.4093352317814, -7.295086527301464, -140.4269005847983]
SPS=170
Eval at step 5120000, survival=39.554%, return=[-6.304963776686539, 1866.4860119628909, -7.206255209738932, -213.40350877192893]
SPS=170
Eval at step 5130000, survival=39.228%, return=[-6.324475112603977, 1851.1983736745558, -8.854378025139644, -210.54970760234036]
SPS=170
Eval at step 5140000, survival=38.711%, return=[-6.241684397022861, 1817.0423857148462, -7.167215087514099, -206.36842105262895]
SPS=170
Eval at step 5150000, survival=30.349%, return=[-5.553516833713123, 1419.4447425969436, -11.572881703221356, -169.63742690057433]
SPS=170
Eval at step 5160000, survival=5.436%, return=[-1.6990856723859906, 257.8703382015229, -5.304982503257634, -30.181286549707753]
SPS=170
Eval at step 5170000, survival=7.399%, return=[-1.9449669573417243, 352.30562175432834, -5.459221447119489, -36.970760233918476]
SPS=170
Eval at step 5180000, survival=38.657%, return=[-6.182545849044497, 1820.8826366885514, -7.72716375403373, -214.02923976608278]
SPS=170
Eval at step 5190000, survival=7.221%, return=[-1.8789536178616497, 347.4789258766171, -6.457742299224871, -41.210526315789686]
SPS=170
Eval at step 5200000, survival=13.021%, return=[-2.6992218042529807, 617.0109931755063, -6.376049142330885, -71.18713450292506]
SPS=170
Eval at step 5210000, survival=7.713%, return=[-2.0419513892654018, 366.1590966288248, -5.512418067199178, -39.66666666666724]
SPS=170
Eval at step 5220000, survival=20.395%, return=[-3.794039270239106, 958.0455187511444, -7.958428942331618, -111.73099415204892]
SPS=170
Eval at step 5230000, survival=21.751%, return=[-3.8432377268133373, 1040.5676464382816, -7.229867747131114, -114.53801169590872]
SPS=170
Eval at step 5240000, survival=42.535%, return=[-6.469738705976245, 1984.977577185634, -6.700230937184339, -244.78362573097775]
SPS=170
Eval at step 5250000, survival=22.950%, return=[-4.198676581242277, 1070.0892752011614, -6.308654146603658, -122.19298245614277]
SPS=170
Eval at step 5260000, survival=23.702%, return=[-4.873167417924075, 1117.81629605611, -13.19824270834215, -132.6783625730964]
SPS=170
Eval at step 5270000, survival=43.572%, return=[-6.687262741965242, 2067.812161432906, -8.005132148381866, -241.94152046782742]
SPS=169
Eval at step 5280000, survival=7.564%, return=[-1.9892279582175736, 359.59097152074156, -5.603852141425402, -37.16959064327497]
SPS=170
Eval at step 5290000, survival=9.077%, return=[-2.1919714406055086, 429.62664457003257, -5.617683589225635, -48.36257309941561]
SPS=169
Eval at step 5300000, survival=23.210%, return=[-3.9702862544412105, 1103.7948025321978, -6.9435717422747985, -126.67836257309825]
SPS=170
Eval at step 5310000, survival=24.967%, return=[-4.543978597541961, 1157.9337046337132, -8.544719572000758, -133.83625730994427]
SPS=169
Eval at step 5320000, survival=22.086%, return=[-3.955971415542687, 1039.6289779869733, -7.4057656225540995, -125.94152046783825]
SPS=170
Eval at step 5330000, survival=42.402%, return=[-6.564537315008541, 2006.7354789861008, -7.739533137142037, -240.58479532162997]
SPS=169
Eval at step 5340000, survival=16.700%, return=[-3.259483338430679, 787.8244214963926, -6.483458076943255, -90.28654970760398]
SPS=169
Eval at step 5350000, survival=8.846%, return=[-2.0847368707569935, 428.9259809414553, -5.281209041748298, -46.7719298245617]
SPS=169
Eval at step 5360000, survival=13.476%, return=[-2.7975997121150917, 635.5987157535557, -5.716562152791691, -75.43274853801275]
SPS=169
Eval at step 5370000, survival=11.049%, return=[-2.3948011537237712, 525.4804535261788, -5.707446918604546, -60.83040935672589]
SPS=169
Eval at step 5380000, survival=17.125%, return=[-3.372477073901488, 801.8326316849389, -6.530966335711128, -93.5730994152063]
SPS=169
Eval at step 5390000, survival=5.671%, return=[-1.6943498071632348, 275.714753961563, -5.171457496039996, -32.08771929824578]
SPS=169
Eval at step 5400000, survival=11.512%, return=[-2.4537402824498713, 552.001414810817, -5.596375258857734, -60.90058479532237]
SPS=170
Eval at step 5410000, survival=8.197%, return=[-2.399114970835702, 388.44263309796634, -9.295848370607322, -48.011695906433346]
SPS=169
Eval at step 5420000, survival=20.321%, return=[-4.393416481131378, 955.94031639417, -13.230987226413466, -115.28654970760452]
SPS=170
Eval at step 5430000, survival=6.196%, return=[-1.7983790831834388, 292.78521786371863, -6.097288588954446, -33.83040935672533]
SPS=169
Eval at step 5440000, survival=9.499%, return=[-2.2200839485934316, 455.7563738822935, -5.326566788270914, -49.73684210526375]
SPS=170
Eval at step 5450000, survival=19.213%, return=[-3.5648472108878195, 906.5885832150788, -7.4365389009569, -109.02923976608416]
SPS=170
Eval at step 5460000, survival=20.953%, return=[-3.789116240319951, 989.0710577702533, -6.757616001394733, -119.13450292397897]
SPS=170
Eval at step 5470000, survival=29.737%, return=[-5.017450845063043, 1393.8690531603504, -8.144428300511208, -169.11695906432098]
SPS=169
Eval at step 5480000, survival=29.915%, return=[-4.980146176298149, 1408.364850308101, -6.979434982170157, -171.95906432748393]
SPS=169
Eval at step 5490000, survival=28.100%, return=[-4.732471969386097, 1321.5326516214973, -6.5302506197573775, -154.0526315789427]
SPS=169
Eval at step 5500000, survival=7.267%, return=[-1.951910527345414, 343.09842236200956, -5.8921058009533835, -37.157894736842444]
SPS=169
Eval at step 5510000, survival=27.637%, return=[-4.699528434022795, 1300.2923742183048, -8.182886310742711, -152.91228070175714]
SPS=169
Eval at step 5520000, survival=1.066%, return=[-1.1129550152497056, 52.439817365010576, -5.051337865491708, -5.8771929824561395]
SPS=169
Eval at step 5530000, survival=27.914%, return=[-4.719398115528747, 1315.016934792199, -6.791119363120136, -154.31578947368754]
SPS=169
Eval at step 5540000, survival=14.112%, return=[-2.769998985536707, 670.6799926233288, -5.9243639450578485, -84.14035087719436]
SPS=169
Eval at step 5550000, survival=19.114%, return=[-3.5098087852820754, 902.9124162737535, -6.221191591860891, -107.45029239766295]
SPS=169
Eval at step 5560000, survival=6.734%, return=[-1.8756139283068478, 318.9950609604516, -6.366554145080348, -36.00000000000037]
SPS=170
Eval at step 5570000, survival=15.555%, return=[-2.9527969193489603, 740.6752433602011, -6.531104156912382, -90.8538011695923]
SPS=169
Eval at step 5580000, survival=23.338%, return=[-4.138904270948842, 1096.4611189023644, -7.612608908673185, -129.8947368421054]
SPS=170
Eval at step 5590000, survival=8.247%, return=[-2.039821304982373, 394.34017867883057, -5.673744448751677, -43.6608187134506]
SPS=169
Eval at step 5600000, survival=10.636%, return=[-2.371384391813384, 507.22477563381216, -6.423148956727043, -56.37426900584853]
SPS=170
Eval at step 5610000, survival=37.326%, return=[-6.055153358203825, 1745.54663464228, -6.835551620984916, -212.0467836257283]
SPS=169
Eval at step 5620000, survival=11.210%, return=[-2.439198275174325, 532.6340498860678, -6.051553895774608, -60.30409356725241]
SPS=170
Eval at step 5630000, survival=19.097%, return=[-3.456132114341017, 907.8777007929469, -6.448236329291831, -104.39766081871532]
SPS=169
Eval at step 5640000, survival=35.218%, return=[-5.987883299239911, 1655.1733806816758, -10.466153840211822, -200.86549707601273]
SPS=169
Eval at step 5650000, survival=12.078%, return=[-2.5437656962506785, 572.8832129240033, -5.720481300028041, -71.57309941520583]
SPS=169
Eval at step 5660000, survival=32.217%, return=[-5.193298392056022, 1526.1815343491253, -7.097828739541001, -181.21052631578732]
SPS=169
Eval at step 5670000, survival=17.502%, return=[-3.338473645368746, 822.377696730296, -7.427197157094876, -96.09356725146364]
SPS=169
Eval at step 5680000, survival=31.275%, return=[-5.579385225738709, 1464.5199757432936, -9.94491112837568, -171.30409356724894]
SPS=169
Eval at step 5690000, survival=44.664%, return=[-7.07540831049361, 2096.4338883860933, -8.750396696232201, -257.60233918128705]
SPS=169
Eval at step 5700000, survival=20.354%, return=[-3.6245677713498785, 960.2302143510178, -6.346947788881759, -114.9005847953239]
SPS=169
Eval at step 5710000, survival=10.363%, return=[-2.362485963307942, 487.7350862487155, -5.976636418216003, -54.906432748538805]
SPS=169
Eval at step 5720000, survival=17.973%, return=[-3.763760399306193, 844.6393973318728, -10.463667817394404, -105.46783625731184]
SPS=169
Eval at step 5730000, survival=23.863%, return=[-4.443638398253825, 1126.6362505785612, -9.818679690128192, -137.36842105262866]
SPS=169
Eval at step 5740000, survival=38.633%, return=[-6.398265168051391, 1796.7036499309554, -8.287318615978014, -215.72514619882585]
SPS=169
Eval at step 5750000, survival=20.098%, return=[-3.559751363044294, 954.0548578294116, -5.92653591306104, -114.73684210526402]
SPS=169
Eval at step 5760000, survival=24.256%, return=[-4.300376672899195, 1133.181560152371, -6.811131256877464, -138.1520467836264]
SPS=169
Eval at step 5770000, survival=23.227%, return=[-4.164319146249909, 1084.1835579856236, -8.614906733040698, -134.94152046783918]
SPS=169
Eval at step 5780000, survival=7.333%, return=[-1.9628025077205773, 347.0602432394025, -5.823870272142813, -40.96491228070213]
SPS=169
Eval at step 5790000, survival=28.741%, return=[-4.888753719259209, 1344.352171681723, -6.986974725817466, -162.06432748538353]
SPS=169
Eval at step 5800000, survival=7.626%, return=[-1.983025829307735, 362.77433972199765, -5.844343007425778, -38.93567251462002]
SPS=169
Eval at step 5810000, survival=12.393%, return=[-2.627802264119964, 583.6007469574612, -5.975437624981471, -67.67251461988391]
SPS=169
Eval at step 5820000, survival=11.157%, return=[-2.4758958890064, 525.1598229598998, -6.250372044518978, -65.05847953216453]
SPS=169
Eval at step 5830000, survival=20.085%, return=[-4.0148737045237795, 943.1372594102237, -10.230595792566115, -118.29239766082073]
SPS=169
Eval at step 5840000, survival=26.856%, return=[-4.908753543548907, 1263.4835585021965, -10.864866863300753, -149.61403508772233]
SPS=169
Eval at step 5850000, survival=32.697%, return=[-5.2397115500255795, 1540.4053284374866, -10.327690072444966, -197.6315789473695]
SPS=169
Eval at step 5860000, survival=22.065%, return=[-3.9287399892151975, 1041.6474527804032, -8.626273460996648, -126.71345029239535]
SPS=169
Eval at step 5870000, survival=27.646%, return=[-4.494561583696243, 1313.1988164075226, -6.56487775768619, -164.87719298245966]
SPS=169
Eval at step 5880000, survival=36.558%, return=[-5.9249366748069106, 1712.9967322730984, -7.503083074111298, -207.4502923976501]
SPS=169
Eval at step 5890000, survival=39.687%, return=[-6.4201948421929655, 1850.7864987929681, -8.309646908038607, -233.8713450292274]
SPS=169
Eval at step 5900000, survival=30.448%, return=[-4.921265994703087, 1445.9323944743458, -7.11369171803138, -174.53801169590474]
SPS=169
Eval at step 5910000, survival=15.232%, return=[-2.9859658362693153, 718.9741727224995, -6.084352746788984, -85.30994152046934]
SPS=169
Eval at step 5920000, survival=7.812%, return=[-2.009058366296813, 370.425748783747, -5.910306355615224, -42.72514619883078]
SPS=169
Eval at step 5930000, survival=9.449%, return=[-2.1969422734109685, 443.44007958094244, -5.718912213342264, -56.21637426900657]
SPS=169
Eval at step 5940000, survival=4.667%, return=[-1.5637963241703499, 226.4792089653015, -5.2724274643696845, -24.035087719298275]
SPS=169
Eval at step 5950000, survival=45.478%, return=[-7.019918514454427, 2145.852958340649, -9.581524935167787, -257.97076023391764]
SPS=169
Eval at step 5960000, survival=9.288%, return=[-2.21898976728941, 437.230619812012, -5.52746138816777, -51.21052631579022]
SPS=169
Eval at step 5970000, survival=20.288%, return=[-3.5800260726052024, 963.1254966719953, -6.015075969601942, -115.48538011696144]
SPS=169
Eval at step 5980000, survival=26.252%, return=[-4.484583045278366, 1237.1664087899542, -6.890537045469197, -145.16374269005442]
SPS=169
Eval at step 5990000, survival=11.413%, return=[-2.4812799022959857, 540.3918975067141, -5.953796491453734, -64.18713450292493]
SPS=169
Eval at step 6000000, survival=10.830%, return=[-2.396973532391712, 513.5195403480527, -6.073260016579297, -60.98245614035167]
SPS=169
Eval at step 6010000, survival=20.709%, return=[-3.7059577962306016, 979.9853683980309, -6.847189683898857, -113.09356725146411]
SPS=169
Eval at step 6020000, survival=6.903%, return=[-1.908897046154986, 326.0667481565473, -6.292599907091547, -37.76608187134538]
SPS=169
Eval at step 6030000, survival=8.052%, return=[-1.9979227221338078, 387.45482013543443, -5.2651456064389395, -44.35672514619921]
SPS=169
Eval at step 6040000, survival=14.050%, return=[-2.8899300552244918, 659.6147437206912, -6.14568531109641, -76.17543859649236]
SPS=169
Eval at step 6050000, survival=26.666%, return=[-4.4398486895176275, 1257.6884038051003, -7.355262926791208, -152.0994152046729]
SPS=169
Eval at step 6060000, survival=10.871%, return=[-2.3716489388607442, 517.0710170809427, -5.754715804718823, -59.67251461988383]
SPS=169
Eval at step 6070000, survival=32.746%, return=[-5.4698015081618605, 1519.1367290433209, -6.335645428463977, -189.15204678361292]
SPS=169
Eval at step 6080000, survival=1.633%, return=[-1.1536093903511453, 82.22684710820515, -5.056758453138173, -10.6140350877193]
SPS=169
Eval at step 6090000, survival=9.168%, return=[-2.1291046736490293, 440.27894149462395, -5.43843591461579, -51.23976608187178]
SPS=169
Eval at step 6100000, survival=32.325%, return=[-5.233377349853981, 1519.6369951915685, -6.337033621966839, -189.12280701753298]
SPS=169
Eval at step 6110000, survival=12.504%, return=[-2.6689179583530254, 585.849032990138, -6.5561568624398205, -68.19883040935771]
SPS=169
Eval at step 6120000, survival=19.854%, return=[-3.66075081275388, 930.726212666832, -6.773006065942657, -111.46783625730791]
SPS=169
Eval at step 6130000, survival=7.750%, return=[-2.0064143338628733, 365.02184224764534, -5.740078401383168, -39.461988304093985]
SPS=169
Eval at step 6140000, survival=12.930%, return=[-2.959215880759681, 619.4085493326193, -10.96520747760466, -73.3567251462001]
SPS=169
Eval at step 6150000, survival=17.489%, return=[-3.2303354109559828, 827.9058819723119, -5.990637631019733, -102.09941520468037]
SPS=169
Eval at step 6160000, survival=7.035%, return=[-1.9533479771926068, 326.3239599148433, -7.761994568621351, -41.34502923976648]
SPS=169
Eval at step 6170000, survival=52.894%, return=[-8.213357061671559, 2459.2637217855477, -8.90745956622959, -302.6666666666492]
SPS=169
Eval at step 6180000, survival=19.912%, return=[-3.6675733085139655, 930.671831270854, -6.218477976324114, -117.45029239766262]
SPS=169
Eval at step 6190000, survival=8.056%, return=[-1.960292517809042, 388.6369500827789, -7.619921765678252, -48.53801169590699]
SPS=169
Eval at step 6200000, survival=32.937%, return=[-5.276124460176409, 1559.267524852756, -6.331526995849951, -191.7894736842094]
SPS=169
Eval at step 6210000, survival=9.412%, return=[-2.1312882365309633, 453.79989695866897, -5.184368726215325, -50.87719298245681]
SPS=169
Eval at step 6220000, survival=36.797%, return=[-5.875307846542758, 1726.5534731960297, -8.783180883682993, -214.55555555555213]
SPS=169
Eval at step 6230000, survival=7.879%, return=[-1.9317472936430324, 380.6890610790256, -5.675926633848576, -47.081871345029754]
SPS=169
Eval at step 6240000, survival=26.087%, return=[-4.357267071279542, 1223.4716133642198, -7.150594679871574, -152.77777777777956]
SPS=169
Eval at step 6250000, survival=14.091%, return=[-2.996299939152474, 648.5054245551423, -6.028361753822537, -80.30409356725264]
SPS=169
Eval at step 6260000, survival=13.690%, return=[-2.7493736842491976, 649.748571827412, -6.390715295889701, -75.70760233918242]
SPS=169
Eval at step 6270000, survival=12.368%, return=[-2.707018302869983, 573.6372668663658, -5.97494596802547, -67.09356725146284]
SPS=169
Eval at step 6280000, survival=17.626%, return=[-3.2812257724193237, 834.2085949961347, -6.592025040129859, -97.90058479532337]
SPS=169
Eval at step 6290000, survival=12.971%, return=[-2.6383297065622173, 615.94345503966, -6.00527804333251, -74.25146198830514]
SPS=169
Eval at step 6300000, survival=31.771%, return=[-5.235052912437823, 1490.6573009109513, -8.412293641643677, -182.18128654970704]
SPS=169
Eval at step 6310000, survival=32.040%, return=[-5.115316655021161, 1516.1324365377413, -7.102909305455493, -181.80116959063528]
SPS=169
Eval at step 6320000, survival=38.087%, return=[-5.931701046628102, 1793.394354270297, -7.925661970143362, -223.75438596491009]
SPS=169
Eval at step 6330000, survival=19.031%, return=[-3.507958579187592, 894.7142366838457, -5.922751851244054, -109.06432748538238]
SPS=169
Eval at step 6340000, survival=5.775%, return=[-1.6761616136257846, 279.74720098177573, -5.251089530841758, -31.79532163742721]
SPS=169
Eval at step 6350000, survival=15.183%, return=[-3.313896185660269, 706.6233051506673, -10.30294721730752, -92.35087719298434]
SPS=169
Eval at step 6360000, survival=12.591%, return=[-2.6267393051918284, 597.8049859348934, -6.924633258449224, -71.1637426900598]
SPS=169
Eval at step 6370000, survival=13.112%, return=[-2.7670472403794215, 610.7256828006108, -6.564403467966865, -79.69590643275]
SPS=169
Eval at step 6380000, survival=23.140%, return=[-4.215323348859481, 1071.1139797957737, -9.548228040027121, -131.54385964912538]
SPS=169
Eval at step 6390000, survival=9.958%, return=[-2.216768139274791, 474.1949326070153, -5.556780287685494, -58.02339181286612]
SPS=169
Eval at step 6400000, survival=16.018%, return=[-3.0256331855392395, 758.2324466085441, -6.641330518543934, -95.24561403508964]
SPS=169
Eval at step 6410000, survival=41.791%, return=[-6.643111520097591, 1947.6591879391665, -10.201757545620543, -245.94152046783498]
SPS=169
Eval at step 6420000, survival=16.344%, return=[-3.200679768846991, 767.6442551565169, -7.325068825186463, -94.67836257310096]
SPS=169
Eval at step 6430000, survival=27.786%, return=[-4.716261645080522, 1296.257715972264, -7.7694226042949595, -156.01754385964657]
SPS=169
Eval at step 6440000, survival=18.056%, return=[-3.2685894870276875, 860.2252313947679, -6.636322843881014, -110.74269005848134]
SPS=169
Eval at step 6450000, survival=27.224%, return=[-4.521237843475926, 1286.9785685094193, -7.344038074159471, -158.91812865497414]
SPS=169
Eval at step 6460000, survival=19.184%, return=[-3.544301554056195, 900.659697310131, -6.508994532933381, -114.60233918128891]
SPS=169
Eval at step 6470000, survival=17.394%, return=[-3.255666462549319, 814.1180643542608, -9.6658888356554, -103.74269005848134]
SPS=169
Eval at step 6480000, survival=12.521%, return=[-2.5856052642920986, 591.2843611876175, -5.511941379789884, -74.89473684210661]
SPS=169
Eval at step 6490000, survival=27.832%, return=[-4.744437028362881, 1302.8397110303242, -6.048845170065761, -166.6725146198847]
SPS=169
Eval at step 6500000, survival=16.307%, return=[-3.116146737767849, 769.8505186780294, -6.447776478113762, -89.09356725146347]
SPS=169
Eval at step 6510000, survival=10.632%, return=[-2.4036646021413617, 498.24063631852505, -6.0879885129397735, -57.146198830410064]
SPS=169
Eval at step 6520000, survival=33.614%, return=[-5.428065504510111, 1580.0480801375688, -7.642270045129408, -196.53801169590406]
SPS=169
Eval at step 6530000, survival=24.967%, return=[-4.351141720816183, 1159.8791404867168, -6.965089718056333, -152.21637426900847]
SPS=169
Eval at step 6540000, survival=26.021%, return=[-4.447767253693503, 1217.2663543860115, -7.737103979520422, -156.52631578947694]
SPS=169
Eval at step 6550000, survival=8.366%, return=[-2.0679911328867697, 395.0597755511604, -6.808705511813362, -48.01754385964944]
SPS=169
Eval at step 6560000, survival=3.452%, return=[-1.3890282538486645, 168.09475711186718, -5.212062186406304, -17.42105263157895]
SPS=169
Eval at step 6570000, survival=29.043%, return=[-4.863310265199591, 1362.5748581806808, -6.57300618089721, -168.0292397660823]
SPS=169
Eval at step 6580000, survival=40.443%, return=[-6.519664566886301, 1883.2151301431693, -11.116094445504132, -227.24561403508406]
SPS=169
Eval at step 6590000, survival=16.452%, return=[-3.1050365509193703, 774.9572746467592, -5.759238568217067, -89.9356725146216]
SPS=169
Eval at step 6600000, survival=44.672%, return=[-7.403103427301782, 2083.8231222613645, -12.534228504344355, -259.7076023391712]
SPS=169
Eval at step 6610000, survival=17.613%, return=[-3.2834194620566755, 830.4304491901397, -6.115575359280531, -104.14035087719522]
SPS=169
Eval at step 6620000, survival=27.943%, return=[-4.782287363661453, 1308.7950188096347, -7.21576313203938, -149.62573099415522]
SPS=169
Eval at step 6630000, survival=0.860%, return=[-1.080692949180957, 43.35758145650228, -5.025456784608347, -5.678362573099418]
SPS=169
Eval at step 6640000, survival=18.808%, return=[-3.336646899833189, 892.7749742992706, -8.359824684695923, -111.78362573099632]
SPS=169
Eval at step 6650000, survival=35.260%, return=[-5.992843172396533, 1653.0753096151366, -13.726024715064947, -206.77777777777968]
SPS=169
Eval at step 6660000, survival=13.273%, return=[-2.6159503237965205, 629.069721740087, -5.85416110071795, -82.69005847953335]
SPS=169
Eval at step 6670000, survival=33.313%, return=[-5.439370150968898, 1555.230458196008, -10.395280669751324, -185.02923976607727]
SPS=169
Eval at step 6680000, survival=25.666%, return=[-4.3633725251808455, 1202.8988279596958, -8.023087249142312, -152.13450292398014]
SPS=169
Eval at step 6690000, survival=1.724%, return=[-1.1513901722307007, 86.60040972391765, -6.017640622022252, -11.45614035087719]
SPS=169
Eval at step 6700000, survival=16.543%, return=[-3.0792339974238225, 785.2206166219718, -7.432825563499743, -98.73684210526487]
SPS=169
Eval at step 6710000, survival=12.975%, return=[-2.7009601712731333, 608.8149966621404, -5.665155731665436, -74.52631578947476]
SPS=169
Eval at step 6720000, survival=6.986%, return=[-1.8879809356100548, 329.4440314420062, -6.718544529207672, -39.59064327485413]
SPS=169
Eval at step 6730000, survival=39.017%, return=[-6.382022120446588, 1830.3222844974207, -12.004978783860375, -242.05263157893114]
SPS=169
Eval at step 6740000, survival=20.375%, return=[-3.8112280070975735, 943.8727314138399, -6.792501963864197, -120.660818713452]
SPS=169
Eval at step 6750000, survival=26.153%, return=[-4.471173069750269, 1224.4682756280865, -7.341641363775125, -146.9064327485319]
SPS=169
Eval at step 6760000, survival=13.310%, return=[-2.762735115053753, 622.2906485430404, -5.576003864800441, -76.51461988304227]
SPS=169
Eval at step 6770000, survival=27.154%, return=[-4.548684574392003, 1276.4004000314083, -6.592086512517805, -155.59649122807355]
SPS=169
Eval at step 6780000, survival=13.203%, return=[-2.6866388861089945, 624.4221899827315, -5.39530385787172, -75.05263157894889]
SPS=169
Eval at step 6790000, survival=24.454%, return=[-4.180361178005114, 1154.0475031518952, -6.4098730977857485, -141.7192982456147]
SPS=169
Eval at step 6800000, survival=15.398%, return=[-3.006965415823894, 727.7453274758644, -5.442760871645684, -82.77192982456286]
SPS=169
Eval at step 6810000, survival=25.120%, return=[-4.320681972235131, 1177.0564444541926, -6.460471014191474, -149.87134502924292]
SPS=169
Eval at step 6820000, survival=34.040%, return=[-5.428745111217722, 1604.4346476125722, -8.356610469520092, -197.42690058479297]
SPS=169
Eval at step 6830000, survival=17.580%, return=[-3.3160029151670947, 826.4448961083095, -6.128261612223771, -101.48538011696117]
SPS=169
Eval at step 6840000, survival=6.056%, return=[-1.7176772511253755, 292.04743235905954, -5.317609225632623, -32.438596491228104]
SPS=169
Eval at step 6850000, survival=19.602%, return=[-3.543790748245859, 919.9146660598116, -7.916208757301017, -114.07602339181504]
SPS=169
Eval at step 6860000, survival=14.654%, return=[-2.8936845584927746, 694.2264261468252, -6.779757393824791, -79.04093567251597]
SPS=169
Eval at step 6870000, survival=35.131%, return=[-5.625180583214387, 1640.5500884707744, -6.859951067521858, -206.3801169590611]
SPS=169
Eval at step 6880000, survival=16.985%, return=[-3.1742583436037726, 802.392064065934, -6.354423212236725, -94.61988304093744]
SPS=169
Eval at step 6890000, survival=53.877%, return=[-8.802252770711979, 2526.0024191395487, -13.409896279588187, -312.9649122806973]
SPS=169
Eval at step 6900000, survival=32.118%, return=[-5.362852685153484, 1492.6248176892584, -6.8375982826886075, -181.02339181286163]
SPS=169
Eval at step 6910000, survival=8.652%, return=[-2.045162338006776, 412.3793197663629, -5.277967335035403, -52.91812865497145]
SPS=169
Eval at step 6920000, survival=42.898%, return=[-7.263687801741374, 2011.5386936680454, -13.003209950916547, -255.48538011694723]
SPS=169
Eval at step 6930000, survival=37.070%, return=[-5.983809932154448, 1724.7412982638673, -7.595382821295061, -219.508771929811]
SPS=169
Eval at step 6940000, survival=21.284%, return=[-3.838410692367082, 992.834631875357, -6.065059172261196, -116.38596491228297]
SPS=169
Eval at step 6950000, survival=7.188%, return=[-1.8716374250361696, 340.7963376553855, -5.427567137521692, -42.42690058479575]
SPS=169
Eval at step 6960000, survival=25.479%, return=[-4.302334717785318, 1196.6017868296296, -6.570999916778722, -149.04678362573014]
SPS=169
Eval at step 6970000, survival=46.809%, return=[-6.967237138169973, 2182.468401438402, -6.333542530406703, -274.57309941518946]
SPS=169
Eval at step 6980000, survival=23.177%, return=[-4.132432900019921, 1085.7584937890344, -5.974176079131818, -129.6549707602326]
SPS=169
Eval at step 6990000, survival=7.614%, return=[-1.9545920390713338, 363.0137895027795, -6.614455107289056, -45.9649122807024]
SPS=168
Eval at step 7000000, survival=9.276%, return=[-2.1988107860670425, 438.3535848999025, -6.445389195422952, -52.38596491228126]
SPS=169
Eval at step 7010000, survival=10.363%, return=[-2.3498455264683193, 483.55743225574446, -6.88440402787819, -56.912280701755094]
SPS=169
Eval at step 7020000, survival=60.107%, return=[-8.671740413158355, 2809.4435795895242, -6.813787265955398, -364.8654970759997]
SPS=168
Eval at step 7030000, survival=15.344%, return=[-2.93624105733276, 723.9723224004111, -7.283940176634739, -91.38011695906596]
SPS=168
Eval at step 7040000, survival=7.581%, return=[-1.9624650505720638, 360.4419918123881, -5.771893296196747, -41.81286549707625]
SPS=168
Eval at step 7050000, survival=20.635%, return=[-3.6055251613919004, 970.5201595735543, -6.5059385073545855, -128.09941520468053]
SPS=168
Eval at step 7060000, survival=13.678%, return=[-2.7314918116511158, 645.4579215749093, -5.90878396630266, -78.38596491228208]
SPS=168
Eval at step 7070000, survival=22.999%, return=[-3.9378912022997006, 1084.6392162624995, -7.104925874290832, -134.4385964912311]
SPS=168
Eval at step 7080000, survival=29.671%, return=[-5.001414108846802, 1376.374788624443, -6.446253255640234, -174.3976608187085]
SPS=168
Eval at step 7090000, survival=41.762%, return=[-6.551335835227898, 1950.3009863026916, -8.486929174776984, -251.02339181285302]
SPS=168
Eval at step 7100000, survival=12.289%, return=[-2.5577807383961044, 581.8066719309486, -8.096695613324604, -72.92397660818833]
SPS=168
Eval at step 7110000, survival=18.535%, return=[-3.4575681640805365, 871.365167385737, -6.65809057179528, -102.93567251462183]
SPS=168
Eval at step 7120000, survival=7.449%, return=[-1.9345795109014337, 354.1735689671835, -5.523329495995616, -43.79532163742736]
SPS=168
Eval at step 7130000, survival=12.116%, return=[-2.5510780445571677, 569.1691290863356, -6.663679328485159, -73.71929824561504]
SPS=168
Eval at step 7140000, survival=16.030%, return=[-3.042154030117672, 762.3569368839259, -5.6007960146525875, -91.04093567251618]
SPS=168
Eval at step 7150000, survival=43.035%, return=[-7.659218748817996, 1981.001271197001, -12.924370823024978, -264.8070175438536]
SPS=168
Eval at step 7160000, survival=56.775%, return=[-8.157214498321991, 2655.6137301127155, -8.739705203804382, -346.0175438596268]
SPS=168
Eval at step 7170000, survival=12.810%, return=[-2.655188834061846, 601.726390155157, -5.263314447326896, -72.36842105263264]
SPS=168
Eval at step 7180000, survival=31.122%, return=[-5.229888982935033, 1439.8449002281807, -7.207712425176093, -184.45029239766166]
SPS=168
Eval at step 7190000, survival=8.879%, return=[-2.0701994079669626, 424.13455235163343, -5.937339983953279, -52.8830409356731]
SPS=168
Eval at step 7200000, survival=16.443%, return=[-3.1603124033620893, 766.7006749534609, -6.273460971307941, -100.01169590643447]
SPS=168
Eval at step 7210000, survival=12.860%, return=[-2.611825965131478, 607.8779753049217, -5.525780961402536, -75.63742690058581]
SPS=168
Eval at step 7220000, survival=24.438%, return=[-4.202557118260302, 1138.1931236743922, -6.587254859264552, -146.67251461988613]
SPS=168
Eval at step 7230000, survival=14.691%, return=[-2.857999920922642, 690.297345380783, -6.273308312112931, -90.78362573099584]
SPS=168
Eval at step 7240000, survival=8.383%, return=[-2.068060929013882, 396.73741350015, -5.904916437032322, -50.5146198830415]
SPS=168
Eval at step 7250000, survival=31.283%, return=[-5.189522902636479, 1452.769309223494, -9.166319026184889, -182.11111111111518]
SPS=168
Eval at step 7260000, survival=28.638%, return=[-4.606817818828858, 1359.8960200214406, -6.59735766123049, -169.52046783625656]
SPS=168
Eval at step 7270000, survival=11.801%, return=[-2.4200009036964425, 552.2618769470855, -6.9623581777826375, -74.04093567251583]
SPS=168
Eval at step 7280000, survival=40.869%, return=[-6.352103250372845, 1912.2100757948567, -7.460613867083642, -245.25730994151618]
SPS=168
Eval at step 7290000, survival=19.647%, return=[-3.590982872158444, 914.5656167507171, -7.074180778688363, -114.21052631579165]
SPS=168
Eval at step 7300000, survival=25.934%, return=[-4.398385644482914, 1214.6382739957194, -6.169476293871412, -152.573099415208]
SPS=168
Eval at step 7310000, survival=23.173%, return=[-4.0526916177283665, 1087.7527798430135, -8.298772031164845, -131.95906432748802]
SPS=168
Eval at step 7320000, survival=49.430%, return=[-7.426744128655021, 2314.2692505089435, -6.826382244452058, -299.25730994151064]
SPS=168
Eval at step 7330000, survival=38.046%, return=[-6.471918234174761, 1766.015436248778, -13.778158341056647, -226.5263157894564]
SPS=168
Eval at step 7340000, survival=21.565%, return=[-3.7446667404146865, 1010.4719240506498, -5.353772859865178, -141.6374269005876]
SPS=168
Eval at step 7350000, survival=8.676%, return=[-2.0709689660967947, 413.99634043693527, -5.548901467040802, -48.29824561403556]
SPS=168
Eval at step 7360000, survival=25.752%, return=[-4.392375718976837, 1204.6881443166733, -6.98611494510745, -153.23391812865842]
SPS=168
Eval at step 7370000, survival=9.276%, return=[-2.143546149522687, 444.68781709988895, -5.523946369823534, -58.426900584796186]
SPS=168
Eval at step 7380000, survival=13.054%, return=[-2.7430321748834103, 608.9065136019382, -6.365846879770591, -78.09356725146313]
SPS=168
Eval at step 7390000, survival=8.375%, return=[-2.0040147996624, 401.87881747086846, -6.263177193975328, -50.35087719298281]
SPS=168
Eval at step 7400000, survival=34.578%, return=[-5.550752510374878, 1613.4021177848178, -7.573907068396996, -214.43859649122317]
SPS=168
Eval at step 7410000, survival=25.475%, return=[-4.377870217625362, 1185.0602148278551, -8.10931003415802, -156.87134502924116]
SPS=168
Eval at step 7420000, survival=44.105%, return=[-6.931796006974764, 2048.054308139484, -7.11513556468708, -270.9766081871279]
SPS=168
Eval at step 7430000, survival=45.180%, return=[-7.0745929728533765, 2097.857324233058, -17.07609510558056, -280.6725146198684]
SPS=168
Eval at step 7440000, survival=18.163%, return=[-3.4036755252163857, 845.625397075018, -6.5362888103372825, -113.38596491228276]
SPS=168
Eval at step 7450000, survival=33.168%, return=[-5.327351467664509, 1555.9314581123988, -7.181252326481626, -202.9824561403517]
SPS=168
Eval at step 7460000, survival=8.780%, return=[-2.143780918985916, 409.5904805946348, -7.202591275796294, -57.0994152046793]
SPS=168
Eval at step 7470000, survival=29.518%, return=[-4.837207734992262, 1383.5858474651957, -7.060781768251521, -177.52046783625588]
SPS=168
Eval at step 7480000, survival=17.816%, return=[-3.319495446087482, 833.6368949254361, -5.461587083535657, -105.69590643275056]
SPS=168
Eval at step 7490000, survival=14.009%, return=[-2.9221901853646464, 641.7162043825779, -5.967439059439736, -84.11695906432902]
SPS=168
Eval at step 7500000, survival=13.757%, return=[-2.7548580602548705, 648.7459042453766, -7.1789255271820975, -80.42690058479683]
SPS=168
Eval at step 7510000, survival=7.999%, return=[-2.0052825242552594, 376.6288725296654, -5.756833346094936, -47.00000000000066]
SPS=168
Eval at step 7520000, survival=25.525%, return=[-4.422702243881456, 1192.8956011581415, -7.20158357208129, -158.31578947368752]
SPS=168
Eval at step 7530000, survival=8.499%, return=[-2.119813266869945, 398.99475315411905, -7.337374365587796, -51.67836257309989]
SPS=168
Eval at step 7540000, survival=12.459%, return=[-2.571372091614952, 590.254501396815, -5.821231386760094, -76.77777777777906]
SPS=168
Eval at step 7550000, survival=18.870%, return=[-3.522279657636924, 880.2724101114267, -6.844085650450627, -107.33918128655164]
SPS=168
Eval at step 7560000, survival=31.279%, return=[-5.165623068615484, 1455.8213993151992, -6.80760696946921, -191.10526315789897]
SPS=168
Eval at step 7570000, survival=2.476%, return=[-1.3029385211605888, 116.14102498690293, -5.080161210886824, -14.853801169590694]
SPS=168
Eval at step 7580000, survival=14.257%, return=[-2.791110391030088, 673.8376498421034, -5.768970280730476, -88.9707602339194]
SPS=168
Eval at step 7590000, survival=8.581%, return=[-2.1089206666414007, 400.3305731296543, -5.235168586873139, -50.824561403509314]
SPS=168
Eval at step 7600000, survival=6.825%, return=[-1.8567084859047707, 322.00188306013746, -6.656124398422738, -40.76023391812909]
SPS=168
Eval at step 7610000, survival=17.940%, return=[-3.4501932316537327, 829.2086512788129, -7.953397603359917, -106.14619883041125]
SPS=168
Eval at step 7620000, survival=21.156%, return=[-3.681123250590948, 997.5678555266059, -7.330320803487363, -130.87719298245872]
SPS=168
Eval at step 7630000, survival=12.579%, return=[-2.6233363065402955, 591.0557171535498, -6.140267986377391, -72.0233918128664]
SPS=168
Eval at step 7640000, survival=12.545%, return=[-2.602678448679702, 587.6798046779637, -5.439855259649145, -74.91228070175536]
SPS=168
Eval at step 7650000, survival=17.291%, return=[-3.2151368703731955, 806.1604349406556, -6.276933782132498, -105.32748538011909]
SPS=168
Eval at step 7660000, survival=15.489%, return=[-3.0393406572790505, 722.5642420625685, -6.574548100237735, -91.23976608187324]
SPS=168
Eval at step 7670000, survival=21.032%, return=[-3.7024840060427473, 991.2168498309447, -5.9311780550439535, -128.8128654970785]
SPS=168
Eval at step 7680000, survival=7.312%, return=[-1.8102413327239144, 359.9340457979838, -5.685982763495606, -44.70175438596514]
SPS=168
Eval at step 7690000, survival=34.354%, return=[-5.567127182769279, 1594.5797777493801, -7.207202092416604, -213.41520467835247]
SPS=168
Eval at step 7700000, survival=30.659%, return=[-4.969246493536048, 1439.8271934922516, -6.61013081780402, -193.39766081870786]
SPS=168
Eval at step 7710000, survival=20.837%, return=[-3.7212047037125253, 967.7784119351699, -6.159691045298435, -131.26315789473816]
SPS=168
Eval at step 7720000, survival=37.132%, return=[-5.7764278059476055, 1743.2356221294388, -8.304529847043645, -222.87134502923763]
SPS=168
Eval at step 7730000, survival=40.340%, return=[-6.463855929575705, 1869.3089538606002, -8.644816390025275, -240.87719298245054]
SPS=168
Eval at step 7740000, survival=13.835%, return=[-2.760413048614282, 650.3580608876553, -5.753215589221024, -85.08771929824691]
SPS=168
Eval at step 7750000, survival=18.531%, return=[-3.3537219763190174, 870.1073916721347, -6.4185969724445995, -114.5087719298267]
SPS=168
Eval at step 7760000, survival=31.618%, return=[-5.121099055414864, 1474.4683673715588, -9.568197905816001, -190.0292397660786]
SPS=168
Eval at step 7770000, survival=27.104%, return=[-4.4735052390800165, 1273.981960795719, -6.789100407758572, -163.80701754385547]
SPS=168
Eval at step 7780000, survival=10.251%, return=[-2.256741472752765, 484.4533545287452, -5.7524891045953455, -60.09356725146256]
SPS=168
Eval at step 7790000, survival=16.034%, return=[-3.041707953205332, 756.0596512699127, -36.21744853776181, -104.66081871345231]
SPS=168
Eval at step 7800000, survival=12.372%, return=[-2.50274149060715, 590.1044540532431, -7.277233370288741, -73.09356725146334]
SPS=168
Eval at step 7810000, survival=18.221%, return=[-3.4551091113632233, 841.9536787923189, -6.979660973475499, -106.64327485380335]
SPS=168
Eval at step 7820000, survival=16.712%, return=[-3.1408634558320045, 784.1856360864631, -7.009619235565576, -97.56725146199004]
SPS=168
Eval at step 7830000, survival=25.107%, return=[-4.232014088425785, 1182.5871341164902, -6.1191900649931386, -145.73099415204982]
SPS=168
Eval at step 7840000, survival=42.402%, return=[-6.394786755224534, 1964.1073210048673, -5.628497832614812, -247.5730994151895]
SPS=168
Eval at step 7850000, survival=45.829%, return=[-7.4542938726372086, 2128.060851257642, -12.810060728515964, -274.05263157894035]
SPS=168
Eval at step 7860000, survival=5.932%, return=[-1.7145626312315774, 282.51449852625495, -5.514121500173739, -34.9415204678366]
SPS=168
Eval at step 7870000, survival=6.502%, return=[-1.775641121765754, 311.1367913230258, -5.793608256198543, -37.36842105263184]
SPS=168
Eval at step 7880000, survival=6.692%, return=[-1.832589861859257, 317.8039992761612, -5.591743034815106, -37.35672514619916]
SPS=168
Eval at step 7890000, survival=31.333%, return=[-5.177384425750158, 1460.5075246318165, -6.262087231822079, -181.13450292398068]
SPS=168
Eval at step 7900000, survival=14.389%, return=[-2.790466178926484, 684.7720362520216, -6.167667113710195, -85.40350877193119]
SPS=168
Eval at step 7910000, survival=32.180%, return=[-5.631403555705522, 1491.232314632739, -11.132069826371056, -195.4269005847885]
SPS=168
Eval at step 7920000, survival=28.679%, return=[-4.7411622009628145, 1340.0293384663244, -7.202107356473182, -174.01169590643318]
SPS=168
Eval at step 7930000, survival=36.186%, return=[-5.676480478044444, 1703.1745677169158, -7.097221145066821, -224.84795321637083]
SPS=168
Eval at step 7940000, survival=17.849%, return=[-3.3971002678542086, 828.9245829296127, -6.250954484373021, -104.54970760234103]
SPS=168
Eval at step 7950000, survival=12.760%, return=[-2.657712470216211, 595.3001481993982, -6.417530584692334, -71.69005847953348]
SPS=168
Eval at step 7960000, survival=7.676%, return=[-1.9182183912295538, 363.77981100718216, -5.619123612676049, -48.94152046783665]
SPS=168
Eval at step 7970000, survival=14.521%, return=[-2.909481828469628, 672.7338874657945, -5.756464306400933, -88.48538011696057]
SPS=168
Eval at step 7980000, survival=23.041%, return=[-4.173502974619623, 1060.4508805735911, -6.879972370981704, -132.38596491228282]
SPS=168
Eval at step 7990000, survival=18.990%, return=[-3.4844713874432878, 885.3838793579729, -6.536583817428133, -110.61988304093768]
SPS=168
Eval at step 8000000, survival=13.748%, return=[-3.1341552674615136, 639.993440097173, -9.717782411370232, -82.91812865497202]
SPS=168
Eval at step 8010000, survival=29.039%, return=[-4.711445459145277, 1364.772347846029, -6.909880245713187, -171.80701754386337]
SPS=168
Eval at step 8020000, survival=18.163%, return=[-3.320604720521563, 855.4787836647032, -6.034127370337956, -106.6666666666686]
SPS=168
Eval at step 8030000, survival=12.802%, return=[-2.6680592945194803, 601.8160667069759, -7.021887586030061, -72.98245614035206]
SPS=168
Eval at step 8040000, survival=6.552%, return=[-1.8540460493337985, 304.8007685613635, -5.504008633065193, -35.80701754386002]
SPS=168
Eval at step 8050000, survival=25.190%, return=[-4.305109915090725, 1183.4622257518765, -7.066709029342746, -137.61403508772216]
SPS=168
Eval at step 8060000, survival=32.192%, return=[-5.270703788749718, 1502.3352427959423, -7.927161225971456, -182.6432748538002]
SPS=168
Eval at step 8070000, survival=24.971%, return=[-4.297055303895225, 1168.2138593514749, -6.927614414763714, -139.935672514623]
SPS=167
Eval at step 8080000, survival=50.475%, return=[-7.751223643795432, 2343.538828352291, -7.828552400647216, -293.9883040935592]
SPS=167
Eval at step 8090000, survival=64.745%, return=[-9.632430967797214, 2986.321255036984, -8.167667891340292, -381.08771929822205]
SPS=167
Eval at step 8100000, survival=15.699%, return=[-2.962942616917038, 742.5123138014475, -5.79908865915301, -89.00000000000166]
SPS=167
Eval at step 8110000, survival=19.023%, return=[-3.483052541327197, 885.923771165211, -7.589888715689692, -112.40935672514844]
SPS=167
Eval at step 8120000, survival=21.387%, return=[-3.8381730668867626, 997.764021261531, -7.779937454664226, -120.43274853801402]
SPS=167
Eval at step 8130000, survival=6.928%, return=[-1.8685824897450705, 326.03449745178204, -5.159190383317764, -39.134502923977]
SPS=167
Eval at step 8140000, survival=8.937%, return=[-2.098656684781114, 424.55306264559437, -5.211301813619987, -46.87719298245656]
SPS=167
Eval at step 8150000, survival=14.356%, return=[-2.851711163898775, 671.8465878645578, -5.654350301444841, -77.90643274853917]
SPS=167
Eval at step 8160000, survival=22.111%, return=[-3.86647490192748, 1036.383466463088, -6.216993795901847, -124.89473684210556]
SPS=167
Eval at step 8170000, survival=62.653%, return=[-9.262740257487167, 2928.8205906836142, -7.443827640493207, -373.8070175438476]
SPS=167
Eval at step 8180000, survival=24.182%, return=[-4.202043018265006, 1124.6830878957132, -6.427502386718213, -139.204678362576]
SPS=167
Eval at step 8190000, survival=62.657%, return=[-9.164534066532118, 2916.4734575541856, -6.976018313269985, -354.6666666666544]
SPS=167
Eval at step 8200000, survival=17.241%, return=[-3.212798972517097, 808.0933974663412, -7.015114692854695, -100.2748538011714]
SPS=167
Eval at step 8210000, survival=15.670%, return=[-3.0613685363399177, 731.3981401920323, -5.577300907020496, -89.53801169590791]
SPS=167
Eval at step 8220000, survival=19.399%, return=[-3.549955934829389, 899.6239304876332, -6.775778297721748, -116.26900584795548]
SPS=167
Eval at step 8230000, survival=23.710%, return=[-4.17069876739212, 1106.539871781666, -6.346186562402484, -131.5672514619909]
SPS=167
Eval at step 8240000, survival=23.909%, return=[-3.9981924577150494, 1122.8141819302245, -7.797781387935781, -140.39766081871159]
SPS=167
Eval at step 8250000, survival=34.797%, return=[-5.612727175214483, 1623.458046509425, -6.353670796298199, -206.81286549707423]
SPS=167
Eval at step 8260000, survival=23.268%, return=[-4.0148281675841035, 1091.5292862081512, -6.435608599587188, -133.08771929824664]
SPS=167
Eval at step 8270000, survival=30.750%, return=[-4.993803682892273, 1439.78737285773, -6.792650848180831, -176.1929824561389]
SPS=167
Eval at step 8280000, survival=16.001%, return=[-3.0932082334378115, 746.7161223077779, -6.103507988872782, -90.49122807017721]
SPS=167
Eval at step 8290000, survival=15.236%, return=[-2.9882629848628617, 713.1427841583867, -6.866142068008533, -87.56140350877354]
SPS=167
Eval at step 8300000, survival=12.496%, return=[-2.690413102391176, 581.3829121494292, -6.068891065156397, -68.16374269005941]
SPS=167
Eval at step 8310000, survival=8.573%, return=[-2.0444613984824778, 408.55308103561373, -5.237454189763715, -50.017543859650026]
SPS=167
Eval at step 8320000, survival=27.435%, return=[-4.690669615364944, 1267.3176361227024, -6.787268053235796, -170.76608187134036]
SPS=167
Eval at step 8330000, survival=22.805%, return=[-4.2938895143840154, 1069.78562889417, -10.380371256421009, -131.70175438596752]
SPS=167
Eval at step 8340000, survival=30.551%, return=[-5.1269966312296065, 1418.8129209979372, -7.70960722102124, -179.26315789474083]
SPS=167
Eval at step 8350000, survival=7.482%, return=[-1.8622991279116832, 360.17278591791774, -5.082582006929442, -43.77777777777814]
SPS=167
Eval at step 8360000, survival=34.544%, return=[-5.643727269101267, 1613.7894670979178, -8.349936625505507, -208.80701754385973]
SPS=167
Eval at step 8370000, survival=18.585%, return=[-3.313311643374618, 878.1442564169569, -6.687273000987868, -114.92982456140562]
SPS=167
Eval at step 8380000, survival=22.470%, return=[-3.7954728949504593, 1061.79390914281, -5.857360655189647, -143.89473684210859]
SPS=167
Eval at step 8390000, survival=27.699%, return=[-4.648659857785485, 1286.835529999734, -6.927177532207376, -163.0701754386]
SPS=167
Eval at step 8400000, survival=66.766%, return=[-9.928212546258388, 3096.6454526964844, -8.081676937251663, -416.7894736841913]
SPS=167
Eval at step 8410000, survival=24.330%, return=[-4.216712787863798, 1135.90052227974, -7.239656556679013, -154.90643274854122]
SPS=167
Eval at step 8420000, survival=14.360%, return=[-2.8901555314660072, 667.6717230351773, -5.642129617199923, -93.52046783625877]
SPS=167
Eval at step 8430000, survival=9.549%, return=[-2.1804626921269423, 450.0143919229513, -5.491192741629978, -57.73099415204763]
SPS=167
Eval at step 8440000, survival=14.955%, return=[-3.0274268363718875, 691.3162650458012, -6.363323349863397, -87.88888888889022]
SPS=167
Eval at step 8450000, survival=32.184%, return=[-5.376611377946877, 1486.809049293199, -6.909377449883323, -190.69005847952738]
SPS=167
Eval at step 8460000, survival=33.218%, return=[-5.851348537369631, 1533.5955848423637, -10.7443287474404, -200.2280701754338]
SPS=167
Eval at step 8470000, survival=28.216%, return=[-4.656638926283146, 1317.6703423086808, -5.9868028851148365, -168.02923976608548]
SPS=167
Eval at step 8480000, survival=21.561%, return=[-3.7691449883665578, 1011.6922150516511, -5.987616728489229, -128.3157894736868]
SPS=167
Eval at step 8490000, survival=5.163%, return=[-1.6171130499181647, 247.68371315002423, -5.552356961571301, -24.90058479532173]
SPS=167
Eval at step 8500000, survival=35.979%, return=[-6.45357817496794, 1679.2569720236477, -14.503143586955654, -217.95906432747998]
SPS=167
Eval at step 8510000, survival=52.753%, return=[-7.886393064807635, 2450.186499573387, -9.461982439931793, -337.5789473684042]
SPS=167
Eval at step 8520000, survival=24.930%, return=[-4.327080100444921, 1157.2115198135373, -5.7010059189148405, -149.14035087719617]
SPS=167
Eval at step 8530000, survival=30.134%, return=[-4.930100294780762, 1410.3882897122696, -6.559128401655471, -183.96491228070587]
SPS=166
Eval at step 8540000, survival=17.783%, return=[-3.4209981141417907, 822.7448842207591, -6.041093478968833, -108.45614035087935]
SPS=167
Eval at step 8550000, survival=12.331%, return=[-2.5793483966068984, 578.8944641017919, -6.348249212470061, -75.16374269005941]
SPS=166
Eval at step 8560000, survival=14.397%, return=[-2.962171001903092, 664.786307280859, -6.827622193425971, -86.12280701754582]
SPS=167
Eval at step 8570000, survival=7.345%, return=[-1.8766830158031855, 352.28041494687386, -5.145190616991992, -43.46783625731016]
SPS=167
Eval at step 8580000, survival=40.191%, return=[-6.253240315185394, 1881.0299763170922, -6.809387767168421, -254.695906432746]
SPS=167
Eval at step 8590000, survival=4.898%, return=[-1.5943061261981104, 232.7286774826047, -5.436903913194935, -32.561403508772315]
SPS=166
Eval at step 8600000, survival=18.208%, return=[-3.395914784981869, 848.1832790517811, -5.891633616061881, -116.57894736842353]
SPS=167
Eval at step 8610000, survival=41.138%, return=[-6.251930807872365, 1932.312902022999, -7.635659999842271, -259.1169590643295]
SPS=166
Eval at step 8620000, survival=29.667%, return=[-4.863431348426578, 1391.7178256384516, -5.862056680828876, -193.16374269006087]
SPS=166
Eval at step 8630000, survival=16.200%, return=[-3.1604284677499286, 754.3170247236898, -7.3682529802366235, -93.29239766082033]
SPS=166
Eval at step 8640000, survival=12.467%, return=[-2.593099025058715, 590.8960789871211, -5.741875280315678, -77.18713450292489]
SPS=166
Eval at step 8650000, survival=19.283%, return=[-3.5917546981557584, 895.3307438818632, -6.346294597892363, -117.16959064327585]
SPS=166
Eval at step 8660000, survival=6.081%, return=[-1.6929556812198523, 294.3349027315773, -5.005814540413364, -39.49707602339226]
SPS=166
Eval at step 8670000, survival=17.969%, return=[-3.4312541320493133, 838.4209289582582, -6.118825876994379, -110.81871345029435]
SPS=166
Eval at step 8680000, survival=30.725%, return=[-5.063373660920964, 1438.190041828156, -7.024750647867525, -192.21637426900426]
SPS=166
Eval at step 8690000, survival=24.611%, return=[-4.112192829779815, 1163.4558238856, -6.891511309879813, -153.9883040935704]
SPS=166
Eval at step 8700000, survival=23.425%, return=[-4.113656138496784, 1091.8314501253753, -6.716633957927115, -144.59064327485535]
SPS=166
Eval at step 8710000, survival=41.253%, return=[-6.077132307070618, 1930.5727762921679, -4.802002118434757, -254.4912280701585]
SPS=166
Eval at step 8720000, survival=14.282%, return=[-2.820257789901613, 677.5422293361034, -6.393206301121002, -86.64912280701918]
SPS=166
Eval at step 8730000, survival=67.663%, return=[-9.93006514199078, 3133.3020679648666, -7.209530355741056, -423.59064327482656]
SPS=166
Eval at step 8740000, survival=12.459%, return=[-2.620525471691508, 584.6896566470473, -5.3229399640889214, -75.479532163744]
SPS=166
Eval at step 8750000, survival=5.246%, return=[-1.666831410198938, 248.34332954406727, -5.386390288011171, -30.333333333333456]
SPS=166
Eval at step 8760000, survival=37.178%, return=[-5.738883327227086, 1717.757069206242, -6.290979328371274, -234.08187134501134]
SPS=166
Eval at step 8770000, survival=19.002%, return=[-3.620109245860173, 877.9094338830317, -6.936165827878237, -112.36257309941732]
SPS=166
Eval at step 8780000, survival=22.640%, return=[-3.9581213005585596, 1062.5200242773683, -7.440366180846468, -147.03508771929418]
SPS=166
Eval at step 8790000, survival=9.999%, return=[-2.2924996920434446, 469.1464943250024, -5.305671624591923, -58.701754385965664]
SPS=166
Eval at step 8800000, survival=25.380%, return=[-4.32133166109755, 1186.4363040765136, -6.81468377961816, -155.45029239766407]
SPS=166
Eval at step 8810000, survival=18.713%, return=[-3.4913505039876327, 882.2487944698332, -6.367948483617511, -114.85964912280913]
SPS=166
Eval at step 8820000, survival=29.787%, return=[-4.8785698835466365, 1392.2262063566839, -7.475132604583753, -187.32163742690474]
SPS=166
Eval at step 8830000, survival=21.300%, return=[-3.807492824329529, 997.1045693349828, -6.082029221952932, -126.58479532163994]
SPS=166
Eval at step 8840000, survival=20.408%, return=[-3.605058769249202, 960.5970225079849, -6.2830967695141835, -131.70175438596783]
SPS=166
Eval at step 8850000, survival=11.235%, return=[-2.4606972284576236, 527.8386481825514, -6.043152273768404, -69.09356725146279]
SPS=166
Eval at step 8860000, survival=5.163%, return=[-1.6567186390748248, 242.5608901659647, -5.345069226498405, -25.976608187134612]
SPS=166
Eval at step 8870000, survival=11.673%, return=[-2.9202187663371055, 542.5671553262077, -8.867660897531701, -72.94152046783711]
SPS=166
Eval at step 8880000, survival=25.781%, return=[-4.258615659588638, 1212.9802611335128, -6.046743501715052, -159.81871345029572]
SPS=166
Eval at step 8890000, survival=55.601%, return=[-7.810636244597845, 2605.1594804906867, -5.62071565251487, -362.865497076002]
SPS=166
Eval at step 8900000, survival=25.810%, return=[-4.501361051244506, 1199.2183536847442, -5.625232992237822, -152.39766081871664]
SPS=166
Eval at step 8910000, survival=15.410%, return=[-3.144552414965195, 708.000518477758, -6.821158991884052, -95.94736842105414]
SPS=166
Eval at step 8920000, survival=15.170%, return=[-2.98612197622424, 711.6249909591664, -5.682176985355151, -95.88888888889073]
SPS=166
Eval at step 8930000, survival=37.570%, return=[-6.168207677042422, 1741.505582914351, -7.414634184669315, -228.47953216373188]
SPS=166
Eval at step 8940000, survival=8.850%, return=[-2.150354963475062, 415.90371176401794, -5.795925767277367, -57.45029239766175]
SPS=166
Eval at step 8950000, survival=7.676%, return=[-1.9863627709758778, 361.20708092371615, -5.379514520886005, -47.65497076023445]
SPS=166
Eval at step 8960000, survival=28.985%, return=[-4.9221078983391635, 1349.3459411366807, -6.449429394541464, -174.63157894736784]
SPS=166
Eval at step 8970000, survival=27.947%, return=[-4.828854965725138, 1298.6229240989676, -8.178967385708043, -169.7251461988288]
SPS=166
Eval at step 8980000, survival=29.683%, return=[-4.961763346819983, 1384.7905621131247, -6.9252638829057105, -181.88304093567612]
SPS=166
Eval at step 8990000, survival=7.378%, return=[-1.9346023046333964, 346.7090911388398, -5.267630703165196, -42.6315789473687]
SPS=166
Eval at step 9000000, survival=15.720%, return=[-3.582655508944299, 744.9089651854823, -10.700452190591022, -103.49707602339338]
SPS=166
Eval at step 9010000, survival=44.325%, return=[-6.947134305528986, 2057.4889002418527, -8.731706413343394, -269.4327485380101]
SPS=166
Eval at step 9020000, survival=35.297%, return=[-5.607013311178889, 1651.7482095479943, -7.213439000362996, -230.63157894735514]
SPS=166
Eval at step 9030000, survival=22.003%, return=[-3.9567737355828285, 1023.685204226179, -6.485754483136891, -129.54385964911978]
SPS=166
Eval at step 9040000, survival=4.150%, return=[-1.4885836260509677, 197.31033229827878, -5.282139684073627, -24.30409356725156]
SPS=166
Eval at step 9050000, survival=27.579%, return=[-4.784547863702755, 1276.288881022134, -6.398791431769496, -166.77192982455776]
SPS=166
Eval at step 9060000, survival=31.969%, return=[-5.35886208920662, 1482.8203191169077, -7.517591530345574, -200.18128654970144]
SPS=166
Eval at step 9070000, survival=10.003%, return=[-2.280401237134356, 471.9401795943577, -5.369042471924331, -62.1345029239775]
SPS=166
Eval at step 9080000, survival=42.047%, return=[-6.590778009907808, 1954.9324936008481, -7.349073519173544, -275.7660818713289]
SPS=166
Eval at step 9090000, survival=18.159%, return=[-3.3433534609115063, 853.1449153709409, -5.993870095117018, -108.51461988304294]
SPS=166
Eval at step 9100000, survival=23.834%, return=[-4.196064666515061, 1109.8902724488582, -6.495266645130566, -139.70175438596593]
SPS=166
Eval at step 9110000, survival=36.380%, return=[-5.619871043755363, 1713.4652099164323, -6.014415963552892, -233.0643274853784]
SPS=166
Eval at step 9120000, survival=32.168%, return=[-5.44482178632946, 1485.2357754770903, -6.692337380853132, -188.0058479532205]
SPS=166
Eval at step 9130000, survival=20.767%, return=[-3.823287501814775, 966.1383590094243, -6.262509095133282, -124.59064327485548]
SPS=166
Eval at step 9140000, survival=20.284%, return=[-3.700407450882873, 945.2853616825732, -5.698649557181246, -114.77192982456357]
SPS=166
Eval at step 9150000, survival=32.242%, return=[-5.157346906722523, 1515.8503151003513, -6.512357254978269, -204.02923976608054]
SPS=166
Eval at step 9160000, survival=34.987%, return=[-6.010345243033953, 1628.7862262566898, -12.979403868977291, -213.18128654969598]
SPS=166
Eval at step 9170000, survival=23.297%, return=[-4.106973513223541, 1082.8225307051343, -6.7044475933847325, -140.36257309941803]
SPS=166
Eval at step 9180000, survival=17.560%, return=[-3.3369093308768547, 821.2024223995207, -6.8175218924686005, -99.4912280701772]
SPS=166
Eval at step 9190000, survival=22.979%, return=[-4.050741118068497, 1068.5137434037515, -5.912640462064398, -134.51461988304362]
SPS=166
Eval at step 9200000, survival=17.766%, return=[-3.2380274508614093, 834.7567158317571, -6.076905911555514, -104.53801169590848]
SPS=166
Eval at step 9210000, survival=6.242%, return=[-1.8520705341361463, 290.8689320882158, -5.824344198297088, -38.485380116959625]
SPS=166
Eval at step 9220000, survival=5.576%, return=[-1.710183896725842, 264.0484762001037, -6.226570611751716, -35.14035087719346]
SPS=166
Eval at step 9230000, survival=14.414%, return=[-2.8549866274309657, 682.3615505711233, -7.0678422668812955, -92.5029239766099]
SPS=166
Eval at step 9240000, survival=3.480%, return=[-1.3706341370125301, 175.52355615297952, -5.091459132886182, -22.035087719298257]
SPS=166
Eval at step 9250000, survival=3.418%, return=[-1.396676310900754, 166.9048856687546, -5.564398297574371, -23.25730994152057]
SPS=166
Eval at step 9260000, survival=7.102%, return=[-1.9118564197754797, 341.03124363263447, -5.942750541706725, -43.41520467836275]
SPS=166
Eval at step 9270000, survival=7.928%, return=[-1.9392712446278892, 380.8509467633562, -5.525135595836521, -49.81871345029285]
SPS=166
Eval at step 9280000, survival=8.238%, return=[-2.0694837847452923, 390.95054727554316, -6.5708791346114594, -53.28070175438639]
SPS=166
Eval at step 9290000, survival=16.510%, return=[-3.261859098507557, 770.7628611278542, -6.893272029203217, -101.8362573099435]
SPS=166
Eval at step 9300000, survival=7.866%, return=[-2.0584362458903342, 367.6437367709481, -5.8903178164667525, -47.98245614035136]
SPS=166
Eval at step 9310000, survival=15.257%, return=[-2.9249801368180974, 725.3192666514718, -6.742634129341847, -94.69005847953387]
SPS=166
Eval at step 9320000, survival=13.496%, return=[-2.7851931531137475, 633.7070689757664, -6.981139017318735, -87.76023391813006]
SPS=166
Eval at step 9330000, survival=25.091%, return=[-4.445413509364395, 1171.0155199861529, -6.9763102110397694, -160.12280701754727]
SPS=166
Eval at step 9340000, survival=11.396%, return=[-2.5723326523050978, 529.7460616175341, -6.178437389428534, -70.28070175438738]
SPS=166
Eval at step 9350000, survival=6.109%, return=[-1.7751275732492406, 287.63537178357427, -5.652707298635505, -39.20467836257367]
SPS=166
Eval at step 9360000, survival=8.371%, return=[-2.0751728422862166, 396.21336458841967, -5.229949168395251, -54.4444444444453]
SPS=166
Eval at step 9370000, survival=20.635%, return=[-3.785241904280459, 967.172377701601, -6.9735951252102195, -124.42690058479776]
SPS=166
Eval at step 9380000, survival=23.140%, return=[-3.99415575635309, 1092.1703233226126, -6.713116848880115, -150.05847953216707]
SPS=166
Eval at step 9390000, survival=18.159%, return=[-3.484784801781643, 844.7208441479999, -6.29109328102398, -112.82456140351088]
SPS=166
Eval at step 9400000, survival=14.997%, return=[-3.33585359150311, 700.404546213149, -9.873297341827614, -99.69005847953348]
SPS=166
Eval at step 9410000, survival=11.380%, return=[-2.572123571182601, 527.4804001172384, -5.813317052326359, -71.74269005848043]
SPS=166
Eval at step 9420000, survival=5.064%, return=[-1.5712871730793267, 245.067438405355, -5.781212724929598, -32.98245614035124]
SPS=166
Eval at step 9430000, survival=8.660%, return=[-2.0458320260319547, 414.9445434888207, -5.236687579968323, -57.690058479532716]
SPS=166
Eval at step 9440000, survival=6.655%, return=[-1.8576908270091128, 316.4976310412088, -5.366034490623861, -37.63157894736873]
SPS=167
Eval at step 9450000, survival=31.973%, return=[-5.220509487087838, 1500.9430966043467, -6.9985947552825865, -194.76608187134534]
SPS=166
Eval at step 9460000, survival=18.775%, return=[-3.4249923053430393, 883.152339768409, -5.529398765938822, -114.97076023392027]
SPS=166
Eval at step 9470000, survival=7.614%, return=[-1.9627167705524091, 366.0369610850018, -5.462756599382071, -46.32748538011733]
SPS=166
Eval at step 9480000, survival=15.290%, return=[-3.1686363108068085, 705.9304952096942, -6.314057683366627, -95.54385964912433]
SPS=167
Eval at step 9490000, survival=9.197%, return=[-2.1484789101911397, 433.4908903296792, -6.759602455228257, -60.11695906432834]
SPS=167
Eval at step 9500000, survival=7.093%, return=[-1.922122656115486, 339.22968337853746, -5.51470158873902, -40.62573099415239]
SPS=167
Eval at step 9510000, survival=15.621%, return=[-3.1352818268545284, 732.279964596431, -6.169907873646783, -90.41520467836413]
SPS=167
Eval at step 9520000, survival=8.486%, return=[-2.093652535288129, 402.64537103494007, -5.6389534832366435, -48.801169590643646]
SPS=167
Eval at step 9530000, survival=22.685%, return=[-3.8175517490599304, 1077.3766701253269, -6.764580810209736, -139.42105263158186]
SPS=167
Eval at step 9540000, survival=2.286%, return=[-1.2492753816574502, 112.35474853356682, -6.219345474770914, -12.760233918128646]
SPS=167
Eval at step 9550000, survival=33.916%, return=[-5.550089391336466, 1587.1933302768066, -10.03916937490188, -215.608187134504]
SPS=167
Eval at step 9560000, survival=19.432%, return=[-3.6492068801502078, 905.1716207329436, -6.988955776556395, -120.23976608187365]
SPS=167
Eval at step 9570000, survival=28.344%, return=[-4.838021805509925, 1328.291513862611, -7.292717575895949, -167.9181286549674]
SPS=167
Eval at step 9580000, survival=17.696%, return=[-3.437008048252513, 823.2943504365297, -6.46214668443281, -106.09356725146411]
SPS=167
Eval at step 9590000, survival=12.765%, return=[-2.7681414293474518, 591.8278223101297, -6.6519835407380015, -77.22807017544004]
SPS=167
Eval at step 9600000, survival=33.891%, return=[-5.524772932908188, 1583.978555440903, -7.412843144615181, -211.29824561404004]
SPS=167
Eval at step 9610000, survival=26.414%, return=[-4.5414093609821675, 1238.2036232185353, -6.678971006156644, -166.4327485380073]
SPS=167
Eval at step 9620000, survival=30.353%, return=[-5.4194127196096815, 1418.9275581820832, -9.568004977384893, -189.03508771930248]
SPS=167
Eval at step 9630000, survival=14.038%, return=[-2.712405980525849, 667.4034747695921, -5.796058730251389, -84.55555555555686]
SPS=167
Eval at step 9640000, survival=14.240%, return=[-2.7737091203647046, 673.5859590848287, -5.330728038214147, -90.84795321637567]
SPS=167
Eval at step 9650000, survival=2.265%, return=[-1.2633031865116209, 110.45129617055251, -5.028362437694644, -13.78947368421053]
SPS=167
Eval at step 9660000, survival=17.035%, return=[-3.3008696925050267, 798.2452139918008, -6.143916610463445, -105.8888888888908]
SPS=167
Eval at step 9670000, survival=9.615%, return=[-2.228280656524779, 451.14194389502217, -5.380889284254711, -60.07602339181372]
SPS=167
Eval at step 9680000, survival=47.495%, return=[-7.575567416458701, 2199.3410692421626, -7.6351648015867495, -297.92982456138884]
SPS=167
Eval at step 9690000, survival=17.245%, return=[-3.295639514379824, 810.3285411389664, -6.024499023097936, -104.97660818713653]
SPS=167
Eval at step 9700000, survival=35.689%, return=[-5.675609642989002, 1665.8342501481386, -7.459085558453808, -220.78362573099233]
SPS=167
Eval at step 9710000, survival=20.308%, return=[-3.655136487504933, 947.4392764759068, -5.765480682981433, -122.33918128655216]
SPS=167
Eval at step 9720000, survival=20.614%, return=[-3.7426373191798725, 962.6623310104993, -6.6598470428725705, -119.20467836257443]
SPS=167
Eval at step 9730000, survival=7.019%, return=[-1.9012708819354884, 331.9191956043242, -5.472913945501205, -38.93567251462016]
SPS=167
Eval at step 9740000, survival=19.593%, return=[-3.638840871378003, 912.618671280542, -6.1051074488981, -116.29239766082111]
SPS=167
Eval at step 9750000, survival=36.797%, return=[-5.9333734175306745, 1718.0080758762342, -6.588142334677589, -224.6549707602379]
SPS=167
Eval at step 9760000, survival=31.535%, return=[-5.127033143711742, 1481.647803033192, -6.63824892360329, -193.9005847953084]
SPS=167
Eval at step 9770000, survival=35.272%, return=[-5.653280544579805, 1646.0587264569606, -7.563894726384508, -215.86549707600946]
SPS=166
Eval at step 9780000, survival=28.418%, return=[-4.767153400675549, 1321.830165847144, -6.709013737582912, -178.8771929824508]
SPS=167
Eval at step 9790000, survival=26.662%, return=[-4.638274637768821, 1233.6335855547575, -6.569420656499763, -164.24561403508213]
SPS=166
Eval at step 9800000, survival=37.306%, return=[-5.838946675687718, 1739.779686005909, -5.908787397449487, -233.2514619883007]
SPS=166
Eval at step 9810000, survival=13.434%, return=[-2.629170916217845, 640.1162200959526, -5.544885238700469, -81.79532163742822]
SPS=166
Eval at step 9820000, survival=16.691%, return=[-3.238082221650984, 774.1702359509454, -8.954737860640307, -99.35672514620074]
SPS=166
Eval at step 9830000, survival=23.752%, return=[-3.899697434021315, 1117.2498164590186, -6.883705390170992, -149.0350877192956]
SPS=166
Eval at step 9840000, survival=21.247%, return=[-3.8844188828758583, 984.131652056375, -6.370601643614161, -129.99999999999568]
SPS=166
Eval at step 9850000, survival=11.239%, return=[-2.4140637123491615, 524.1345915571851, -5.693886194533358, -66.71929824561516]
SPS=166
Eval at step 9860000, survival=27.170%, return=[-4.506034786793559, 1270.2948632415137, -7.19039595004142, -161.74853801169846]
SPS=166
Eval at step 9870000, survival=38.459%, return=[-5.88514325315676, 1802.6397470188142, -6.113855433572705, -228.46198830408966]
SPS=166
Eval at step 9880000, survival=9.292%, return=[-2.220837469717177, 434.45683358669294, -6.416208444784085, -53.73684210526394]
SPS=166
Eval at step 9890000, survival=22.483%, return=[-3.9074915728221336, 1057.9959880002332, -6.450919964991044, -134.8070175438594]
SPS=166
Eval at step 9900000, survival=21.937%, return=[-3.630643232706158, 1039.7019054158545, -5.94115181312615, -136.20467836257134]
SPS=166
Eval at step 9910000, survival=36.400%, return=[-5.743064938113093, 1706.7490481678633, -6.116436167419427, -217.43274853801162]
SPS=166
Eval at step 9920000, survival=30.477%, return=[-4.844750656591107, 1438.5747657807667, -6.047344351313465, -184.85380116959143]
SPS=166
Eval at step 9930000, survival=15.472%, return=[-2.921972716130161, 732.7672039667765, -5.414476043379788, -98.74853801169763]
SPS=166
Eval at step 9940000, survival=21.358%, return=[-3.855564108972127, 995.0552626880026, -6.3193419643345505, -131.80701754386237]
SPS=166
Eval at step 9950000, survival=19.581%, return=[-3.60685185486606, 912.0451617495227, -6.2094969761868315, -115.18713450292621]
SPS=166
Eval at step 9960000, survival=7.432%, return=[-1.900013274687808, 353.60201466878243, -5.298560538238235, -45.75438596491278]
SPS=166
Eval at step 9970000, survival=26.881%, return=[-4.463278415166617, 1257.1620238606163, -6.598562685091262, -160.46198830409702]
SPS=166
Eval at step 9980000, survival=27.596%, return=[-4.582782293689282, 1297.1995639721565, -5.828422198848178, -165.0292397660838]
SPS=166
Eval at step 9990000, survival=8.288%, return=[-2.084326872446885, 389.1857759634651, -5.6014238352703005, -46.824561403509186]
SPS=166
Eval at step 10000000, survival=9.214%, return=[-2.165618447722712, 434.4973056793219, -5.127679150861998, -55.79532163742771]
SPS=167
Eval at step 10010000, survival=67.221%, return=[-9.731729486161688, 3126.1886202398964, -6.980676878335847, -409.6959064327254]
SPS=166
Eval at step 10020000, survival=13.434%, return=[-2.7307974722158783, 635.095626974106, -5.614018169930205, -75.82456140351032]
SPS=166
Eval at step 10030000, survival=27.377%, return=[-4.546563704808553, 1279.1006141297, -6.969242359763787, -167.15789473684563]
SPS=166
Eval at step 10040000, survival=11.772%, return=[-2.5482598922293014, 550.5555426740651, -6.405983953107352, -70.6725146198841]
SPS=166
Eval at step 10050000, survival=23.603%, return=[-4.084011766089437, 1100.6493207279843, -6.950652210507542, -137.92397660818995]
SPS=166
Eval at step 10060000, survival=4.712%, return=[-1.541146224946715, 230.9251577647526, -6.035995664695899, -27.61988304093572]
SPS=166
Eval at step 10070000, survival=15.261%, return=[-2.998786283812175, 715.8021771589903, -5.592812147495958, -86.16374269006015]
SPS=166
Eval at step 10080000, survival=21.677%, return=[-3.828748402534984, 1016.5341540733983, -5.5196666356253745, -129.46783625731257]
SPS=167
Eval at step 10090000, survival=38.959%, return=[-5.977741963210671, 1828.6700772714594, -6.118067468385561, -236.93567251461798]
SPS=166
Eval at step 10100000, survival=23.648%, return=[-3.985754300141707, 1114.165909975366, -6.435662282591996, -138.22222222221998]
SPS=166
Eval at step 10110000, survival=28.514%, return=[-4.707180482917465, 1336.462163236935, -5.866394471544481, -173.4152046783664]
SPS=166
Eval at step 10120000, survival=26.505%, return=[-4.488230536497819, 1235.7726392809543, -6.3502947807719465, -165.8070175438611]
SPS=166
Eval at step 10130000, survival=19.734%, return=[-3.5147174926435887, 923.5277690076828, -6.862636152189225, -119.67251461988536]
SPS=166
Eval at step 10140000, survival=20.350%, return=[-3.6966967507614754, 950.7878378375375, -6.882227230625479, -121.27485380117194]
SPS=166
Eval at step 10150000, survival=41.088%, return=[-6.640742947366864, 1928.0505169041944, -10.638043064773228, -253.64327485378809]
SPS=166
Eval at step 10160000, survival=1.257%, return=[-1.1237466550470951, 63.85890531539915, -5.771760145823161, -6.742690058479528]
SPS=166
Eval at step 10170000, survival=30.138%, return=[-4.874120869363348, 1418.495304511385, -5.9017099832235544, -187.77777777777803]
SPS=166
Eval at step 10180000, survival=22.003%, return=[-3.86937933343385, 1031.8459002844504, -6.300561786047183, -129.35087719298505]
SPS=166
Eval at step 10190000, survival=24.818%, return=[-4.0968509951684, 1172.4893290805837, -6.354612377809947, -153.03508771929745]
SPS=166
Eval at step 10200000, survival=57.312%, return=[-8.457582141932411, 2685.190047720275, -7.444271030270708, -346.73684210524794]
SPS=166
Eval at step 10210000, survival=22.958%, return=[-4.006875082132562, 1072.6465694475153, -6.741500450807507, -135.41520467836528]
SPS=166
Eval at step 10220000, survival=44.804%, return=[-6.772407603566535, 2101.898409570054, -8.610612360037825, -267.9239766081805]
SPS=166
Eval at step 10230000, survival=19.449%, return=[-3.4542457185452804, 912.8436546738949, -6.63588749050723, -126.9122807017568]
SPS=166
Eval at step 10240000, survival=14.050%, return=[-2.85232940397691, 652.6417609182985, -6.444275909336284, -83.95906432748667]
SPS=166
Eval at step 10250000, survival=7.097%, return=[-1.9028561846353114, 333.26975208918276, -5.488134609625074, -39.98830409356761]
SPS=166
Eval at step 10260000, survival=20.172%, return=[-4.004748795880005, 941.1462757444378, -9.749565413347833, -117.66081871345216]
SPS=166
Eval at step 10270000, survival=5.680%, return=[-1.7105987410371502, 268.7567932605745, -5.353141301602591, -31.678362573099665]
SPS=166
Eval at step 10280000, survival=7.350%, return=[-1.9120440416930553, 347.74709402720123, -5.620401344737426, -43.54970760233956]
SPS=166
Eval at step 10290000, survival=2.646%, return=[-1.3262745441364434, 125.48226030667627, -5.222781906137243, -13.380116959064315]
SPS=166
Eval at step 10300000, survival=28.266%, return=[-4.480076698819175, 1334.6562442207335, -5.6635572163419665, -179.62573099415079]
SPS=166
Eval at step 10310000, survival=38.141%, return=[-5.9704436741497675, 1783.4475880209593, -6.967087949304187, -232.64327485379036]
SPS=166
Eval at step 10320000, survival=11.917%, return=[-2.4652848929205597, 562.0149005365373, -6.499385686261424, -77.44444444444531]
SPS=166
Eval at step 10330000, survival=31.754%, return=[-5.068166574521456, 1489.3293827915186, -6.41692717326805, -197.3040935672559]
SPS=166
Eval at step 10340000, survival=17.142%, return=[-3.2475396056155055, 801.2338247426361, -6.797817596652749, -108.43274853801393]
SPS=166
Eval at step 10350000, survival=6.279%, return=[-1.7324930850300007, 304.7807913303375, -5.752552961193335, -36.33918128654992]
SPS=166
Eval at step 10360000, survival=13.099%, return=[-2.705778261704836, 610.9279772440591, -8.428657289206361, -78.1052631578965]
SPS=166
Eval at step 10370000, survival=8.209%, return=[-2.152603271553138, 365.25423790295935, -55.45483273201777, -55.16959064327562]
SPS=166
Eval at step 10380000, survival=4.936%, return=[-1.665517647168599, 229.4076994450888, -5.7333333268761635, -28.169590643275217]
SPS=166
Eval at step 10390000, survival=5.039%, return=[-1.5855347915397335, 243.1743962923684, -5.3785262038436485, -29.608187134502987]
SPS=166
Eval at step 10400000, survival=26.029%, return=[-4.293861637260609, 1222.661706460315, -6.428370147293511, -155.98245614034664]
SPS=166
Eval at step 10410000, survival=29.311%, return=[-4.868116122748082, 1362.8539750576008, -6.731623176427092, -177.72514619882543]
SPS=166
Eval at step 10420000, survival=14.612%, return=[-2.9399462507378, 679.053219238917, -5.867805699827538, -87.70175438596631]
SPS=166
Eval at step 10430000, survival=35.165%, return=[-5.573946022176339, 1639.9267874145505, -6.528191322865799, -222.30994152046466]
SPS=166
Eval at step 10440000, survival=24.735%, return=[-4.217475550443244, 1152.2050379625964, -6.080018127084865, -144.6198830409389]
SPS=166
Eval at step 10450000, survival=12.570%, return=[-2.511245878510332, 599.5179431025198, -5.82626945113346, -77.76608187134643]
SPS=166
Eval at step 10460000, survival=26.463%, return=[-4.744763914650927, 1240.7968693757039, -9.040920371344933, -159.2339181286583]
SPS=166
Eval at step 10470000, survival=7.399%, return=[-1.8985800688969903, 352.3576483758286, -5.408546965976711, -41.98830409356751]
SPS=166
Eval at step 10480000, survival=12.711%, return=[-2.5932853713748045, 595.516682167054, -6.3971822768410975, -83.03508771929974]
SPS=166
Eval at step 10490000, survival=11.417%, return=[-2.4610402141697705, 537.5820443789156, -6.779635965048025, -67.50877192982551]
SPS=166
Eval at step 10500000, survival=38.835%, return=[-6.179430476797279, 1800.6110558764149, -7.346812828274172, -233.09941520467433]
SPS=166
Eval at step 10510000, survival=16.700%, return=[-3.1027779002712728, 780.1131963729853, -5.5738393432802695, -102.8830409356746]
SPS=166
Eval at step 10520000, survival=7.035%, return=[-1.8340089573757723, 336.14990856488583, -5.469047853063482, -37.415204678362684]
SPS=166
Eval at step 10530000, survival=9.606%, return=[-2.2376215970531725, 448.46215109984036, -7.421076821085687, -58.08187134503015]
SPS=166
Eval at step 10540000, survival=14.740%, return=[-2.8639239413896576, 689.9421872425086, -6.141365805999764, -87.56725146198994]
SPS=166
Eval at step 10550000, survival=5.403%, return=[-1.6940178807320383, 254.21493866284698, -6.30046284198761, -31.30409356725164]
SPS=166
Eval at step 10560000, survival=35.574%, return=[-5.741370913902453, 1647.1597471650482, -7.504001613987687, -218.13450292396655]
SPS=166
Eval at step 10570000, survival=25.389%, return=[-4.344588546742064, 1181.4084526125582, -6.477085619582795, -155.38011695906437]
SPS=166
Eval at step 10580000, survival=16.741%, return=[-3.224739163687142, 779.1931053574889, -6.559706665177752, -99.58479532163942]
SPS=166
Eval at step 10590000, survival=38.905%, return=[-6.095266739333359, 1809.5901759624478, -6.232610166625818, -233.57894736841823]
SPS=166
Eval at step 10600000, survival=47.743%, return=[-6.987781787970259, 2237.081143916443, -7.129389443706411, -296.2514619882899]
SPS=166
Eval at step 10610000, survival=15.910%, return=[-3.087406379131911, 740.5819646437972, -7.5579342417962225, -96.74269005848144]
SPS=166
Eval at step 10620000, survival=20.623%, return=[-3.5695671432379945, 962.6519297281892, -5.909850335602338, -126.67836257310192]
SPS=166
Eval at step 10630000, survival=81.800%, return=[-11.49093316408107, 3815.503669277828, -10.056151456121976, -506.8888888888525]
SPS=166
Eval at step 10640000, survival=21.801%, return=[-3.7446702407711805, 1019.2418114598578, -6.354533135459254, -132.83625730994422]
SPS=166
Eval at step 10650000, survival=32.548%, return=[-5.181220491009299, 1515.1434977499632, -6.887675848183183, -199.9590643274751]
SPS=166
Eval at step 10660000, survival=36.343%, return=[-5.692485292985414, 1693.445879211423, -6.795688853520308, -219.94736842105195]
SPS=166
Eval at step 10670000, survival=31.217%, return=[-5.0381298484280705, 1454.155814897219, -6.215996105658026, -193.87134502923536]
SPS=166
Eval at step 10680000, survival=33.333%, return=[-5.348842853777266, 1553.226147438683, -7.338366074060711, -193.40935672514806]
SPS=166
Eval at step 10690000, survival=43.465%, return=[-6.8743148287176155, 2004.604961764019, -6.78182865791905, -259.163742690041]
SPS=166
Eval at step 10700000, survival=39.926%, return=[-6.1539763773713885, 1865.5202430820436, -7.16814748294928, -245.78947368419733]
SPS=166
Eval at step 10710000, survival=11.053%, return=[-2.344139721865455, 523.1932268142701, -5.504020809273546, -63.7426900584803]
SPS=166
Eval at step 10720000, survival=9.416%, return=[-2.2074529511349588, 443.96717344443, -5.734177226336517, -54.00000000000049]
SPS=166
Eval at step 10730000, survival=20.883%, return=[-3.8008418483659625, 970.6272469393407, -6.155646645687132, -123.73684210526562]
SPS=166
Eval at step 10740000, survival=36.930%, return=[-5.6221608088623425, 1733.07145976861, -6.444185415311949, -229.30409356724468]
SPS=166
Eval at step 10750000, survival=44.920%, return=[-6.752172130334657, 2097.1512662299456, -8.104469378600092, -271.2923976608182]
SPS=166
Eval at step 10760000, survival=32.209%, return=[-5.1285233235685155, 1498.9289962434793, -7.558230341916594, -192.05847953215132]
SPS=166
Eval at step 10770000, survival=6.076%, return=[-1.7851130286968935, 281.34788641929623, -5.622539078739162, -38.95321637426967]
SPS=166
Eval at step 10780000, survival=11.429%, return=[-2.372289717081003, 541.6749922418586, -6.502771041540352, -72.05263157894838]
SPS=166
Eval at step 10790000, survival=14.315%, return=[-2.846308009213923, 668.3246019983292, -6.064699002735627, -86.32163742690199]
SPS=166
Eval at step 10800000, survival=9.925%, return=[-2.2542299771060548, 465.8251245021824, -5.269926031100719, -57.90058479532242]
SPS=166
Eval at step 10810000, survival=12.021%, return=[-2.5045887727756053, 567.0778312619522, -6.520243585381347, -72.89473684210634]
SPS=166
Eval at step 10820000, survival=26.054%, return=[-4.252712582664874, 1221.230220033328, -6.379029623562626, -163.0467836257236]
SPS=166
Eval at step 10830000, survival=18.089%, return=[-3.3667068364059864, 840.455092320443, -6.1079039630130865, -108.54385964912517]
SPS=166
Eval at step 10840000, survival=36.516%, return=[-5.678637184823553, 1701.9748500394837, -6.642927140961547, -224.33918128654452]
SPS=166
Eval at step 10850000, survival=18.208%, return=[-3.2713725981496586, 851.423286952972, -6.402539056737926, -108.3157894736862]
SPS=166
Eval at step 10860000, survival=1.670%, return=[-1.1858099225016001, 80.91614106496176, -5.050301980848114, -10.04093567251462]
SPS=166
Eval at step 10870000, survival=54.758%, return=[-7.850211965269409, 2542.721730573973, -5.102707601545262, -330.13450292395834]
SPS=166
Eval at step 10880000, survival=8.565%, return=[-2.067392766921936, 402.1015603860221, -5.3384309923276305, -49.24561403508836]
SPS=166
Eval at step 10890000, survival=20.478%, return=[-3.6215695231803693, 958.1745829645797, -5.82094440239598, -119.49707602339443]
SPS=166
Eval at step 10900000, survival=38.719%, return=[-5.969601494279535, 1804.785013947089, -7.438324492056078, -236.81286549707465]
SPS=166
Eval at step 10910000, survival=7.978%, return=[-2.0211880288164443, 369.23708431402866, -6.224364759245266, -45.286549707602866]
SPS=166
Eval at step 10920000, survival=39.959%, return=[-5.976293870403121, 1880.447519461318, -6.057075436726639, -244.84210526315698]
SPS=166
Eval at step 10930000, survival=26.914%, return=[-4.413198754482437, 1260.7442501894645, -7.065376636038612, -157.3859649122841]
SPS=166
Eval at step 10940000, survival=16.154%, return=[-3.111142394695586, 746.1352397314713, -5.731373150246024, -100.98830409356897]
SPS=166
Eval at step 10950000, survival=11.483%, return=[-2.4074931017627628, 544.7828128894176, -5.684730101551395, -68.85380116959179]
SPS=166
Eval at step 10960000, survival=7.829%, return=[-2.0027088237693533, 369.7838337262471, -5.2909574922984275, -43.56725146198877]
SPS=166
Eval at step 10970000, survival=13.728%, return=[-2.8224392871488817, 634.3349646822609, -6.554075113114474, -80.69005847953343]
SPS=166
Eval at step 10980000, survival=27.319%, return=[-4.373907717817929, 1284.7153247976337, -6.906276485231501, -172.16374269005493]
SPS=166
Eval at step 10990000, survival=46.887%, return=[-7.167403055820614, 2182.099093807539, -8.015524894702443, -277.9122807017381]
SPS=166
Eval at step 11000000, survival=29.985%, return=[-5.6902294681834364, 1385.2472397057215, -12.011964414895678, -178.7017543859655]
SPS=166
Eval at step 11010000, survival=12.190%, return=[-2.4945142616634257, 575.5342619816457, -5.355305902621088, -71.82456140350973]
SPS=166
Eval at step 11020000, survival=38.021%, return=[-5.807797099366629, 1777.0158155886365, -6.556059343512364, -229.06432748537964]
SPS=166
Eval at step 11030000, survival=35.123%, return=[-5.596167026572705, 1625.9117706966435, -6.648623076781708, -211.02923976606584]
SPS=166
Eval at step 11040000, survival=11.214%, return=[-2.4333012265269645, 526.0532611529021, -5.8877077827807325, -65.6842105263169]
SPS=166
Eval at step 11050000, survival=43.299%, return=[-6.5220212812030995, 2026.5678602695468, -6.707481632358395, -263.637426900575]
SPS=165
Eval at step 11060000, survival=11.169%, return=[-2.4068386216919557, 523.4788876215615, -5.5747096042444655, -65.18128654970852]
SPS=166
Eval at step 11070000, survival=11.872%, return=[-2.4576128222979605, 557.9258699369439, -5.710284681806418, -70.16374269005978]
SPS=165
Eval at step 11080000, survival=30.101%, return=[-4.834349769672069, 1408.0902928924552, -6.810675131438377, -183.73684210526721]
SPS=166
Eval at step 11090000, survival=10.516%, return=[-2.323918967410767, 495.7353344043094, -5.5754306636323845, -66.30994152046864]
SPS=165
Eval at step 11100000, survival=26.091%, return=[-4.712137267206951, 1220.781658689181, -9.430130043891646, -151.71929824561724]
SPS=165
Eval at step 11110000, survival=12.612%, return=[-2.6443854679431147, 587.6755830860135, -6.071212822270657, -73.69590643274958]
SPS=165
Eval at step 11120000, survival=18.944%, return=[-3.4357125225554532, 881.4994578917814, -6.03758192298119, -112.80116959064547]
SPS=166
Eval at step 11130000, survival=25.496%, return=[-4.255484476976562, 1195.7027861229587, -6.723190407947793, -143.46198830409662]
SPS=165
Eval at step 11140000, survival=16.849%, return=[-3.079131200327538, 787.1839900811505, -7.389173529988814, -107.50877192982678]
SPS=166
Eval at step 11150000, survival=16.138%, return=[-2.9576494329376146, 760.6645334021237, -6.4990325085624745, -94.39181286549866]
SPS=165
Eval at step 11160000, survival=31.978%, return=[-4.97781939804554, 1506.5455817063637, -6.327644683488567, -193.67836257309682]
SPS=165
Eval at step 11170000, survival=17.307%, return=[-3.1257503475256576, 815.585984867415, -6.739539989464295, -107.99415204678574]
SPS=165
Eval at step 11180000, survival=19.139%, return=[-3.4145574827562086, 897.6144398752863, -8.632460904443482, -118.14035087719412]
SPS=165
Eval at step 11190000, survival=12.607%, return=[-2.643218003717872, 589.4014630238216, -5.609486455078392, -76.82456140350986]
SPS=165
Eval at step 11200000, survival=10.772%, return=[-2.4098150507197715, 503.3813719383874, -5.727011843434108, -63.42690058479602]
SPS=165
Eval at step 11210000, survival=3.356%, return=[-1.3776323152706027, 160.78526829083756, -5.229698829352856, -18.988304093567297]
SPS=165
Eval at step 11220000, survival=14.195%, return=[-2.794473188191963, 670.0542172463734, -5.805634560123963, -86.60233918128802]
SPS=166
Eval at step 11230000, survival=24.024%, return=[-4.121172491868492, 1118.6310781002037, -6.983955452322941, -148.8947368421083]
SPS=165
Eval at step 11240000, survival=14.873%, return=[-2.8674847007302255, 696.3790146430334, -5.809420186104641, -90.33918128655147]
SPS=166
Eval at step 11250000, survival=20.465%, return=[-3.5656269268753626, 956.9385549418138, -5.8123271235090215, -133.0175438596449]
SPS=165
Eval at step 11260000, survival=25.728%, return=[-4.396284311388929, 1191.6906483475375, -6.65039772036107, -151.9590643274886]
SPS=165
Eval at step 11270000, survival=14.079%, return=[-3.7600855752049633, 660.0102961317701, -13.237431505331188, -85.29824561403639]
SPS=165
Eval at step 11280000, survival=41.886%, return=[-6.1788675884405775, 1936.7673745282489, -5.77767044678573, -251.76608187132732]
SPS=165
Eval at step 11290000, survival=4.332%, return=[-1.5270240561997828, 205.08097332954404, -6.56492547201924, -24.602339181286695]
SPS=165
Eval at step 11300000, survival=33.189%, return=[-5.471312629388801, 1529.067166140874, -6.286804449823042, -202.15789473684674]
SPS=165
Eval at step 11310000, survival=10.103%, return=[-2.244139243926232, 478.4008960660298, -5.78248127939393, -65.40935672514688]
SPS=165
Eval at step 11320000, survival=27.364%, return=[-4.5725665944434395, 1268.3133170636488, -6.6275362971161185, -165.64327485379923]
SPS=165
Eval at step 11330000, survival=17.229%, return=[-3.888666384310151, 802.8849563280761, -12.795640901012424, -96.80116959064497]
SPS=165
Eval at step 11340000, survival=27.951%, return=[-4.554907127244708, 1304.6980280955668, -6.785567761072646, -166.43859649122774]
SPS=165
Eval at step 11350000, survival=7.271%, return=[-1.864297906984575, 344.13846031188996, -5.869458402912035, -44.95906432748584]
SPS=165
Eval at step 11360000, survival=8.201%, return=[-1.9831478702059637, 390.2901569080354, -5.523308099848994, -46.35087719298294]
SPS=165
Eval at step 11370000, survival=30.250%, return=[-5.46312314766692, 1410.1624398803713, -12.179552363268158, -180.7719298245604]
SPS=165
Eval at step 11380000, survival=7.213%, return=[-1.8342493518721312, 343.4794572337468, -5.960230677997363, -41.09356725146215]
SPS=165
Eval at step 11390000, survival=15.195%, return=[-2.9571503132077246, 706.6527180814741, -5.9623208782965476, -89.88304093567398]
SPS=165
Eval at step 11400000, survival=32.602%, return=[-5.241261574769548, 1522.347197360994, -6.824358709128243, -197.4619883040981]
SPS=165
Eval at step 11410000, survival=9.896%, return=[-2.2133265486142286, 466.74978443781566, -5.399321573126751, -57.690058479532716]
SPS=165
Eval at step 11420000, survival=18.386%, return=[-3.3148963165585883, 862.2289053599037, -5.5644499921812285, -108.1403508771951]
SPS=165
Eval at step 11430000, survival=14.720%, return=[-2.805475067657729, 688.7760792605085, -6.0667207698425045, -92.54970760234096]
SPS=165
Eval at step 11440000, survival=19.506%, return=[-3.461818703527873, 914.6096765486395, -6.546757438579031, -119.13450292397908]
SPS=165
Eval at step 11450000, survival=20.172%, return=[-3.539548361150082, 945.0195930989577, -6.550245776966524, -120.69590643275092]
SPS=165
Eval at step 11460000, survival=12.533%, return=[-2.5220333460990028, 591.5798359568915, -5.82833662617486, -79.83040935672632]
SPS=165
Eval at step 11470000, survival=26.980%, return=[-4.577629084233195, 1249.236958564122, -7.020880404095199, -163.09356725145693]
SPS=165
Eval at step 11480000, survival=55.378%, return=[-7.718207818378384, 2581.8995511849644, -6.663334675511578, -352.27485380115405]
SPS=165
Eval at step 11490000, survival=15.753%, return=[-2.928239682825127, 744.6085091447835, -5.911462318074579, -96.33918128655141]
SPS=165
Eval at step 11500000, survival=26.137%, return=[-4.29371834138874, 1225.3301361242954, -5.5807958847726695, -159.90058479532206]
SPS=165
Eval at step 11510000, survival=17.630%, return=[-3.1953591320392056, 823.0940674575182, -6.1243665725147975, -108.36842105263344]
SPS=165
Eval at step 11520000, survival=14.600%, return=[-2.8693451960377083, 679.1695023298262, -7.015291116239193, -89.45614035087863]
SPS=165
Eval at step 11530000, survival=30.192%, return=[-4.774858293511595, 1412.255271374385, -6.038995660560128, -193.78362573099795]
SPS=165
Eval at step 11540000, survival=8.991%, return=[-2.1383712461877926, 417.69230506261243, -6.016905881813727, -52.33918128655026]
SPS=165
Eval at step 11550000, survival=53.778%, return=[-7.856703830688882, 2501.141594656309, -7.124954723888853, -328.25730994151155]
SPS=165
Eval at step 11560000, survival=30.812%, return=[-5.085165779280942, 1422.9780674060203, -6.7876057003935175, -189.2865497075875]
SPS=165
Eval at step 11570000, survival=19.771%, return=[-3.408409342247372, 932.2184797716146, -6.074158841831377, -120.04093567251692]
SPS=165
Eval at step 11580000, survival=20.226%, return=[-3.544649593590293, 945.193773716292, -6.309155822246491, -128.46198830409602]
SPS=165
Eval at step 11590000, survival=34.850%, return=[-5.536198581316664, 1613.231717131933, -6.392767062721153, -207.18128654970644]
SPS=165
Eval at step 11600000, survival=4.117%, return=[-1.511517424931905, 193.25382620493576, -5.3240537162588835, -25.181286549707707]
SPS=165
Eval at step 11610000, survival=11.190%, return=[-2.436919298275219, 524.0683884572974, -5.719493382086512, -68.17543859649275]
SPS=165
Eval at step 11620000, survival=4.902%, return=[-1.594675352234238, 228.74837684631362, -5.191830484206245, -30.239766081871476]
SPS=165
Eval at step 11630000, survival=10.900%, return=[-2.308755625776636, 513.3717535607019, -5.435797985177487, -66.91812865497158]
SPS=165
Eval at step 11640000, survival=10.847%, return=[-2.3820611942210235, 506.61772658348156, -5.268539454496931, -68.55555555555657]
SPS=165
Eval at step 11650000, survival=17.861%, return=[-3.347657946520485, 833.3655415439615, -6.465508838271489, -113.36842105263362]
SPS=165
Eval at step 11660000, survival=29.816%, return=[-4.7992715992926, 1388.6157735617944, -6.1610506466919714, -193.14035087719685]
SPS=165
Eval at step 11670000, survival=29.981%, return=[-4.789395489632928, 1401.7180102427792, -6.19799119902503, -185.4385964912267]
SPS=165
Eval at step 11680000, survival=21.499%, return=[-3.7994286043491834, 1003.219329007466, -6.2223498572275275, -131.66081871345287]
SPS=165
Eval at step 11690000, survival=16.212%, return=[-3.0958444251252026, 753.4066962401072, -6.084816292495816, -106.01169590643248]
SPS=165
Eval at step 11700000, survival=42.770%, return=[-6.550242366657282, 1982.7944831371308, -6.3764675333465375, -272.22807017542624]
SPS=165
Eval at step 11710000, survival=44.345%, return=[-6.490634582432297, 2059.27940041542, -4.883698302709187, -279.0292397660643]
SPS=165
Eval at step 11720000, survival=32.552%, return=[-5.328067119330323, 1505.1155451170582, -7.046652566224414, -207.43274853801032]
SPS=165
Eval at step 11730000, survival=27.158%, return=[-4.621672626448951, 1259.3492315228798, -11.428822096907728, -169.00584795321575]
SPS=165
Eval at step 11740000, survival=14.422%, return=[-2.7007262550177984, 678.1590017668404, -5.417646139821348, -87.05263157894906]
SPS=165
Eval at step 11750000, survival=10.727%, return=[-2.7643380390751795, 499.6628799152374, -10.077993040437528, -67.32163742690142]
SPS=165
Eval at step 11760000, survival=11.239%, return=[-2.4214427454280667, 527.4812875032427, -5.780960008109105, -71.49122807017648]
SPS=165
Eval at step 11770000, survival=5.068%, return=[-1.5649171741873336, 246.01436252911876, -5.466436302793833, -29.807017543859754]
SPS=165
Eval at step 11780000, survival=26.091%, return=[-4.346121209887012, 1211.3874875052786, -40.79065249931106, -170.9239766081787]
SPS=165
Eval at step 11790000, survival=6.891%, return=[-1.8773920596189175, 323.5542660776775, -6.137616932421224, -40.502923976608706]
SPS=165
Eval at step 11800000, survival=22.983%, return=[-4.002035693692354, 1068.8409217389424, -6.456719160700838, -142.7836257309966]
SPS=165
Eval at step 11810000, survival=12.021%, return=[-3.215239336811161, 558.0259384489051, -11.82174811695586, -76.92982456140476]
SPS=165
Eval at step 11820000, survival=34.768%, return=[-5.456597207288723, 1622.8072787316617, -6.5344845774464675, -215.11111111110736]
SPS=165
Eval at step 11830000, survival=34.069%, return=[-5.424376514274627, 1587.692140483853, -9.42633407318499, -215.18713450292293]
SPS=165
Eval at step 11840000, survival=23.338%, return=[-4.064212250872515, 1084.8287975915264, -6.851587789506691, -144.35672514620174]
SPS=165
Eval at step 11850000, survival=33.883%, return=[-5.580313524929807, 1564.133032871885, -7.880598781487303, -206.77777777776922]
SPS=165
Eval at step 11860000, survival=21.309%, return=[-3.6617201607635557, 994.0826350371041, -5.549551000197728, -134.89473684210807]
SPS=165
Eval at step 11870000, survival=24.091%, return=[-3.986373111178788, 1134.9446486870459, -7.091672635176413, -148.52631578947674]
SPS=165
Eval at step 11880000, survival=27.575%, return=[-4.470064350811299, 1289.4954001569752, -7.076238524527677, -173.5321637426921]
SPS=165
Eval at step 11890000, survival=18.374%, return=[-3.4115210165036842, 856.0366016387937, -6.0393433455489385, -115.06432748538224]
SPS=165
Eval at step 11900000, survival=17.345%, return=[-3.1068667553481646, 819.0563703664142, -8.195571886065105, -111.9415204678387]
SPS=165
Eval at step 11910000, survival=14.525%, return=[-2.69403158656011, 688.5980357567472, -6.098971511547764, -89.41520467836433]
SPS=165
Eval at step 11920000, survival=38.083%, return=[-5.561036611557938, 1779.5484104029313, -4.717795132773365, -243.169590643256]
SPS=165
Eval at step 11930000, survival=38.608%, return=[-6.1246868808326935, 1792.939025723139, -6.687471902904993, -237.24561403508346]
SPS=165
Eval at step 11940000, survival=72.846%, return=[-10.316244856299212, 3388.4574460379313, -6.7742188593620085, -465.44444444441825]
SPS=165
Eval at step 11950000, survival=35.681%, return=[-5.602076707563053, 1664.741285732587, -6.404285371143487, -220.3391812865467]
SPS=165
Eval at step 11960000, survival=15.410%, return=[-3.0255440937471576, 715.119838423729, -5.728506017095545, -90.95906432748693]
SPS=165
Eval at step 11970000, survival=39.373%, return=[-6.201963253183446, 1822.8828664978355, -7.378137366024021, -240.80701754386237]
SPS=165
Eval at step 11980000, survival=19.225%, return=[-3.3845310950806984, 900.0343852361062, -5.820926802653655, -119.8479532163742]
SPS=165
Eval at step 11990000, survival=23.553%, return=[-3.887803612432132, 1114.2390362644198, -5.748761944822036, -145.11111111111424]
SPS=165
Eval at step 12000000, survival=33.317%, return=[-5.268721583493364, 1555.1408872508994, -6.593876325850336, -210.91812865496308]
SPS=165
Eval at step 12010000, survival=30.088%, return=[-4.8953679578650435, 1398.3881532176335, -6.760841566244683, -186.38011695906835]
SPS=165
Eval at step 12020000, survival=15.869%, return=[-3.0792653459551125, 735.263803037008, -6.178071481287286, -94.93567251462171]
SPS=165
Eval at step 12030000, survival=16.319%, return=[-2.970811355218757, 764.6562993605927, -5.273102043065592, -104.22807017544062]
SPS=165
Eval at step 12040000, survival=27.290%, return=[-4.513644776927928, 1271.8217413965851, -6.611346361285541, -169.2339181286511]
SPS=165
Eval at step 12050000, survival=4.716%, return=[-1.5553382609505206, 225.72639899571723, -5.422838148389322, -27.543859649122954]
SPS=165
Eval at step 12060000, survival=9.557%, return=[-2.195315457046187, 446.9007137409849, -5.776511194902317, -55.269005847953785]
SPS=165
Eval at step 12070000, survival=30.952%, return=[-4.688030386557027, 1465.3013202921522, -6.366486082006304, -199.69590643274546]
SPS=165
Eval at step 12080000, survival=49.512%, return=[-7.395119728520513, 2305.357681198121, -6.621052862339032, -311.2222222222188]
SPS=165
Eval at step 12090000, survival=21.569%, return=[-3.6844723665853962, 1011.0016808493928, -6.033700754070499, -136.7660818713479]
SPS=165
Eval at step 12100000, survival=13.261%, return=[-2.671278429993739, 620.4572432756422, -5.894328966659184, -81.61988304093688]
SPS=165
Eval at step 12110000, survival=17.192%, return=[-3.203891620389186, 808.3787624549868, -5.752107612895391, -102.3567251462008]
SPS=165
Eval at step 12120000, survival=13.389%, return=[-2.667581018390289, 625.3191015084585, -5.615791096720689, -83.03508771929955]
SPS=165
Eval at step 12130000, survival=9.416%, return=[-2.1977123270432153, 440.2929557593662, -5.682604351469005, -58.701754385965494]
SPS=165
Eval at step 12140000, survival=35.751%, return=[-5.753967131274597, 1654.5387204202, -6.519589408352961, -217.92397660818833]
SPS=165
Eval at step 12150000, survival=49.913%, return=[-7.336336288174304, 2317.1313750743816, -6.924628017564828, -318.84210526314945]
SPS=165
Eval at step 12160000, survival=20.883%, return=[-3.6059782782297893, 982.0077606789274, -6.366638996623806, -130.59649122807278]
SPS=165
Eval at step 12170000, survival=11.264%, return=[-2.3541115899570286, 533.5681206226349, -5.928067933316925, -70.64912280701851]
SPS=165
Eval at step 12180000, survival=13.628%, return=[-2.6979450324821905, 635.3822689056395, -5.1881251637832975, -83.89473684210716]
SPS=165
Eval at step 12190000, survival=12.616%, return=[-2.5526671824627556, 593.4783991972598, -5.408808326697908, -80.60233918128803]
SPS=165
Eval at step 12200000, survival=27.191%, return=[-4.6364115487861755, 1255.7773651091263, -7.262849524287351, -161.52631578947734]
SPS=165
Eval at step 12210000, survival=19.796%, return=[-3.5369615009403788, 923.7711407407138, -7.036069454716805, -119.3450292397684]
SPS=165
Eval at step 12220000, survival=20.647%, return=[-3.6932047676527873, 962.3717023690546, -5.40535968352621, -127.6608187134528]
SPS=165
Eval at step 12230000, survival=38.794%, return=[-6.098268759747346, 1803.7375050290455, -6.718335569181363, -234.70760233917636]
SPS=165
Eval at step 12240000, survival=59.371%, return=[-8.749641859147232, 2752.0986112626356, -6.629243906865061, -375.4678362572879]
SPS=165
Eval at step 12250000, survival=24.041%, return=[-4.039106346298165, 1130.502463571232, -5.95922685880214, -149.67251461988636]
SPS=165
Eval at step 12260000, survival=21.639%, return=[-3.828119393302283, 1007.0424365043646, -6.719627582100657, -131.79532163742965]
SPS=165
Eval at step 12270000, survival=29.998%, return=[-4.791268422404149, 1396.2028613996508, -6.6442564573007985, -186.6140350877115]
SPS=165
Eval at step 12280000, survival=41.547%, return=[-6.2014808858123915, 1945.2147675879796, -7.123556490376359, -250.88888888888832]
SPS=165
Eval at step 12290000, survival=46.639%, return=[-7.242425785962648, 2156.3419850556033, -7.918180355423829, -283.8538011695825]
SPS=165
Eval at step 12300000, survival=33.602%, return=[-5.09796036038703, 1571.268243276282, -6.32350909734123, -218.18128654969823]
SPS=165
Eval at step 12310000, survival=22.334%, return=[-4.024622489523608, 1031.6174414634706, -6.452164401183836, -135.3567251462016]
SPS=165
Eval at step 12320000, survival=16.026%, return=[-2.931502761571513, 757.2388677692406, -6.14232710871147, -100.64912280701941]
SPS=165
Eval at step 12330000, survival=14.931%, return=[-2.95463428174844, 690.3186252594, -5.441671987592902, -90.22222222222375]
SPS=165
Eval at step 12340000, survival=31.014%, return=[-4.965555076118714, 1444.5689531866722, -6.752269761445253, -194.40935672514146]
SPS=165
Eval at step 12350000, survival=22.797%, return=[-3.9440814971070117, 1064.5219616889951, -6.104470038660414, -138.842105263161]
SPS=165
Eval at step 12360000, survival=28.861%, return=[-4.843792387497767, 1339.5218134514491, -7.185417655506171, -177.06432748538404]
SPS=165
Eval at step 12370000, survival=11.223%, return=[-2.473249084490817, 521.1104749743148, -6.41295902634738, -66.67836257310047]
SPS=165
Eval at step 12380000, survival=25.302%, return=[-4.267957042378839, 1179.8169539769488, -5.7156174327931994, -154.1929824561438]
SPS=165
Eval at step 12390000, survival=35.942%, return=[-5.922115073500511, 1678.6327235396711, -10.313649699717644, -216.1871345029216]
SPS=165
Eval at step 12400000, survival=47.565%, return=[-7.047812903086499, 2219.6892074076386, -9.433681754871941, -289.16374269004564]
SPS=165
Eval at step 12410000, survival=27.377%, return=[-4.539582537448344, 1274.5847451686861, -5.522293212057169, -155.62573099415292]
SPS=165
Eval at step 12420000, survival=26.827%, return=[-4.353329600766301, 1255.557628598215, -6.408090391492199, -159.31578947368197]
SPS=165
Eval at step 12430000, survival=30.072%, return=[-4.575715265236795, 1428.3275367895785, -6.416166119876531, -188.63157894736727]
SPS=165
Eval at step 12440000, survival=39.546%, return=[-6.088463114458136, 1850.607950313889, -6.870242010588602, -235.38011695906505]
SPS=165
Eval at step 12450000, survival=33.251%, return=[-5.368841063017801, 1540.2237356376656, -6.347567338438239, -197.5789473684224]
SPS=165
Eval at step 12460000, survival=9.102%, return=[-2.0372482578774602, 435.76986508687315, -5.50668740439384, -55.45029239766143]
SPS=165
Eval at step 12470000, survival=19.622%, return=[-3.5288356212355816, 905.6829294268292, -8.699342651753492, -121.93567251462245]
SPS=165
Eval at step 12480000, survival=5.696%, return=[-1.681878449647532, 268.70896611531583, -5.406918609204392, -35.14035087719338]
SPS=165
Eval at step 12490000, survival=4.807%, return=[-1.531297821435146, 233.389111084938, -6.4397005625457195, -28.906432748538037]
SPS=165
Eval at step 12500000, survival=16.977%, return=[-3.1327891658681133, 794.3322413444521, -5.538066064783682, -106.25146198830593]
SPS=165
Eval at step 12510000, survival=6.614%, return=[-1.86244560413373, 305.44123770395913, -7.013284051858743, -39.09356725146254]
SPS=165
Eval at step 12520000, survival=6.374%, return=[-2.1533816895098425, 299.60237962404864, -12.86566662164599, -38.24561403508804]
SPS=165
Eval at step 12530000, survival=16.018%, return=[-2.9445591962818676, 761.3958456118903, -6.312664402435378, -97.0643274853819]
SPS=165
Eval at step 12540000, survival=52.774%, return=[-7.831240925743866, 2463.79274401506, -11.880076934342165, -325.1345029239597]
SPS=165
Eval at step 12550000, survival=14.844%, return=[-2.8110171979060397, 704.3175376939774, -9.380397184072839, -85.65497076023537]
SPS=165
Eval at step 12560000, survival=14.253%, return=[-2.83549754897831, 670.262472044627, -5.815576322095391, -86.09941520467986]
SPS=165
Eval at step 12570000, survival=21.548%, return=[-3.7990635960207633, 1005.9292248996102, -6.7902263649793895, -135.4736842105291]
SPS=165
Eval at step 12580000, survival=13.802%, return=[-2.681499748607166, 653.0679858255388, -6.923196668969467, -79.90058479532281]
SPS=165
Eval at step 12590000, survival=20.432%, return=[-3.645562004899451, 953.8622986936563, -8.928524487719793, -125.50292397661089]
SPS=165
Eval at step 12600000, survival=18.771%, return=[-3.666455438884441, 880.3060130103428, -9.461672060890123, -116.6900584795343]
SPS=165
Eval at step 12610000, survival=17.572%, return=[-3.1995018196369833, 823.1666379435856, -6.0889567594445, -109.51461988304327]
SPS=165
Eval at step 12620000, survival=46.333%, return=[-6.87483512487961, 2167.233982521693, -7.190397632846725, -287.4912280701612]
SPS=165
Eval at step 12630000, survival=23.702%, return=[-3.9138487443948784, 1119.0311088434862, -6.671730492341642, -154.03508771930174]
SPS=165
Eval at step 12640000, survival=4.278%, return=[-1.5282671818276867, 200.80923427263892, -5.620465594499062, -24.46783625731013]
SPS=165
Eval at step 12650000, survival=34.272%, return=[-5.7764432159989765, 1590.547672087351, -10.276294988834707, -215.16959064326912]
SPS=165
Eval at step 12660000, survival=11.615%, return=[-2.495306209777482, 544.3921350828801, -6.014923761074897, -70.14619883041027]
SPS=165
Eval at step 12670000, survival=6.854%, return=[-1.8083610736454527, 326.0061786015827, -5.1377779516988085, -40.92397660818751]
SPS=165
Eval at step 12680000, survival=8.672%, return=[-2.167644545183672, 400.4459829171499, -5.566695621731924, -54.79532163742771]
SPS=165
Eval at step 12690000, survival=16.534%, return=[-3.1435683002734245, 769.255676746369, -6.501504884382787, -105.39766081871534]
SPS=165
Eval at step 12700000, survival=17.415%, return=[-3.1878492564622625, 815.7326880582171, -7.2357520402195705, -105.66666666666885]
SPS=165
Eval at step 12710000, survival=26.740%, return=[-4.437106816854794, 1245.4257096036267, -5.950020574038111, -159.72514619882523]
SPS=165
Eval at step 12720000, survival=28.563%, return=[-4.537944640537414, 1341.5815024121605, -6.802655308779019, -179.0584795321677]
SPS=165
Eval at step 12730000, survival=5.531%, return=[-1.6548374854028225, 262.5822184228898, -5.6044678450077, -28.853801169590707]
SPS=165
Eval at step 12740000, survival=21.061%, return=[-3.8220181059635556, 972.4568785222376, -6.378214922675397, -123.05847953216612]
SPS=165
Eval at step 12750000, survival=8.771%, return=[-2.0640344291653796, 413.072236572107, -6.7619882082411396, -54.00000000000053]
SPS=165
Eval at step 12760000, survival=25.347%, return=[-4.3327927176530165, 1179.3244934940353, -8.345332521334058, -159.66666666666615]
SPS=165
Eval at step 12770000, survival=4.890%, return=[-1.5409410748980008, 236.61255655606612, -5.343015773842732, -26.707602339181477]
SPS=165
Eval at step 12780000, survival=22.549%, return=[-3.8882256414508447, 1049.5360366217303, -5.643620350495136, -134.84795321637702]
SPS=165
Eval at step 12790000, survival=12.905%, return=[-2.6401818978677816, 605.735989524524, -5.9329162828289554, -75.61403508772037]
SPS=165
Eval at step 12800000, survival=14.253%, return=[-2.8395974233280867, 665.5170933914175, -5.416162019605205, -85.20467836257468]
SPS=165
Eval at step 12810000, survival=16.886%, return=[-3.0805112741848766, 799.6318605613696, -5.77394104138754, -103.32163742690244]
SPS=165
Eval at step 12820000, survival=11.487%, return=[-2.567237945525752, 527.047470800081, -6.50946934336874, -70.44444444444558]
SPS=165
Eval at step 12830000, survival=12.409%, return=[-2.607709866036506, 573.1107912492748, -5.904007799646934, -75.87719298245754]
SPS=165
Eval at step 12840000, survival=19.974%, return=[-3.5511412338625328, 937.0432577435182, -6.999334507641227, -121.63742690058716]
SPS=165
Eval at step 12850000, survival=25.401%, return=[-4.288037648734947, 1182.570723438264, -6.325629498453054, -151.92982456140675]
SPS=165
Eval at step 12860000, survival=17.014%, return=[-3.1872922975647575, 789.6976990381881, -5.500136278453283, -103.67251461988492]
SPS=165
Eval at step 12870000, survival=17.812%, return=[-3.31156179101284, 827.7865718841562, -5.834964912238017, -105.54970760234126]
SPS=165
Eval at step 12880000, survival=20.110%, return=[-3.473014993709512, 943.3479389826466, -5.756774669639223, -118.50877192982675]
SPS=165
