Initializing the distributed action 'mapper'... (takes a while with big action spaces)
[S-REINFORCE] SR feature mask selected: 20 features
[S-REINFORCE] symbolic tree refit at rollout 2 | imitation_acc=0.368
|--- feature_1 <= -1.44
|   |--- feature_2 <= -0.19
|   |   |--- feature_13 <= -0.05
|   |   |   |--- feature_17 <= -0.08
|   |   |   |   |--- class: 28
|   |   |   |--- feature_17 >  -0.08
|   |   |   |   |--- class: 23
|   |   |--- feature_13 >  -0.05
|   |   |   |--- class: 27
|   |--- feature_2 >  -0.19
|   |   |--- feature_6 <= 0.54
|   |   |   |--- feature_10 <= -0.22
|   |   |   |   |--- truncated branch of depth 2
|   |   |   |--- feature_10 >  -0.22
|   |   |   |   |--- truncated branch of depth 5
|   |   |--- feature_6 >  0.54
|   |   |   |--- feature_9 <= -1.06
|   |   |   |   |--- class: 19
|   |   |   |--- feature_9 >  -1.06
|   |   |   |   |--- class: 41
|--- feature_1 >  -1.44
|   |--- feature_9 <= 0.65
|   |   |--- feature_9 <= -0.25
|   |   |   |--- feature_1 <= 1.49
|   |   |   |   |--- truncated branch of depth 5
|   |   |   |--- feature_1 >  1.49
|   |   |   |   |--- truncated branch of depth 5
|   |   |--- feature_9 >  -0.25
|   |   |   |--- feature_0 <= 0.13
|   |   |   |   |--- truncated branch of depth 5
|   |   |   |--- feature_0 >  0.13
|   |   |   |   |--- truncated branch of depth 5
|   |--- feature_9 >  0.65
|   |   |--- feature_11 <= 0.41
|   |   |   |--- feature_5 <= -2.31
|   |   |   |   |--- class: 27
|   |   |   |--- feature_5 >  -2.31
|   |   |   |   |--- truncated branch of depth 5
|   |   |--- feature_11 >  0.41
|   |   |   |--- feature_11 <= 0.50
|   |   |   |   |--- class: 36
|   |   |   |--- feature_11 >  0.50
|   |   |   |   |--- truncated branch of depth 2

[S-REINFORCE] symbolic-policy agreement=0.086
[S-REINFORCE] symbolic-policy agreement=0.067
[S-REINFORCE] symbolic tree refit at rollout 4 | imitation_acc=0.372
|--- feature_1 <= -1.34
|   |--- feature_2 <= 0.18
|   |   |--- feature_5 <= -1.02
|   |   |   |--- feature_3 <= -0.20
|   |   |   |   |--- truncated branch of depth 3
|   |   |   |--- feature_3 >  -0.20
|   |   |   |   |--- class: 41
|   |   |--- feature_5 >  -1.02
|   |   |   |--- feature_4 <= 0.33
|   |   |   |   |--- truncated branch of depth 5
|   |   |   |--- feature_4 >  0.33
|   |   |   |   |--- truncated branch of depth 2
|   |--- feature_2 >  0.18
|   |   |--- feature_5 <= 0.57
|   |   |   |--- feature_12 <= -0.23
|   |   |   |   |--- truncated branch of depth 4
|   |   |   |--- feature_12 >  -0.23
|   |   |   |   |--- truncated branch of depth 5
|   |   |--- feature_5 >  0.57
|   |   |   |--- class: 41
|--- feature_1 >  -1.34
|   |--- feature_6 <= -0.02
|   |   |--- feature_6 <= -0.10
|   |   |   |--- feature_6 <= -0.14
|   |   |   |   |--- truncated branch of depth 5
|   |   |   |--- feature_6 >  -0.14
|   |   |   |   |--- class: 41
|   |   |--- feature_6 >  -0.10
|   |   |   |--- feature_9 <= 0.30
|   |   |   |   |--- truncated branch of depth 3
|   |   |   |--- feature_9 >  0.30
|   |   |   |   |--- truncated branch of depth 5
|   |--- feature_6 >  -0.02
|   |   |--- feature_6 <= 1.27
|   |   |   |--- feature_14 <= -0.16
|   |   |   |   |--- truncated branch of depth 5
|   |   |   |--- feature_14 >  -0.16
|   |   |   |   |--- truncated branch of depth 5
|   |   |--- feature_6 >  1.27
|   |   |   |--- feature_4 <= -1.25
|   |   |   |   |--- truncated branch of depth 3
|   |   |   |--- feature_4 >  -1.25
|   |   |   |   |--- truncated branch of depth 5

[S-REINFORCE] symbolic-policy agreement=0.122
[S-REINFORCE] symbolic-policy agreement=0.088
[S-REINFORCE] symbolic tree refit at rollout 6 | imitation_acc=0.378
|--- feature_9 <= -0.89
|   |--- feature_1 <= 0.51
|   |   |--- feature_17 <= -0.03
|   |   |   |--- feature_2 <= 0.23
|   |   |   |   |--- truncated branch of depth 4
|   |   |   |--- feature_2 >  0.23
|   |   |   |   |--- truncated branch of depth 5
|   |   |--- feature_17 >  -0.03
|   |   |   |--- feature_0 <= 0.32
|   |   |   |   |--- truncated branch of depth 5
|   |   |   |--- feature_0 >  0.32
|   |   |   |   |--- truncated branch of depth 3
|   |--- feature_1 >  0.51
|   |   |--- feature_14 <= -0.50
|   |   |   |--- feature_17 <= 0.34
|   |   |   |   |--- truncated branch of depth 4
|   |   |   |--- feature_17 >  0.34
|   |   |   |   |--- class: 23
|   |   |--- feature_14 >  -0.50
|   |   |   |--- feature_2 <= 0.74
|   |   |   |   |--- truncated branch of depth 5
|   |   |   |--- feature_2 >  0.74
|   |   |   |   |--- class: 23
|--- feature_9 >  -0.89
|   |--- feature_9 <= 0.91
|   |   |--- feature_6 <= 0.44
|   |   |   |--- feature_17 <= -0.11
|   |   |   |   |--- truncated branch of depth 5
|   |   |   |--- feature_17 >  -0.11
|   |   |   |   |--- truncated branch of depth 2
|   |   |--- feature_6 >  0.44
|   |   |   |--- feature_9 <= 0.43
|   |   |   |   |--- class: 16
|   |   |   |--- feature_9 >  0.43
|   |   |   |   |--- truncated branch of depth 4
|   |--- feature_9 >  0.91
|   |   |--- feature_6 <= -0.14
|   |   |   |--- feature_2 <= -0.37
|   |   |   |   |--- truncated branch of depth 2
|   |   |   |--- feature_2 >  -0.37
|   |   |   |   |--- truncated branch of depth 3
|   |   |--- feature_6 >  -0.14
|   |   |   |--- feature_5 <= 0.47
|   |   |   |   |--- truncated branch of depth 5
|   |   |   |--- feature_5 >  0.47
|   |   |   |   |--- class: 30

[S-REINFORCE] symbolic-policy agreement=0.151
[S-REINFORCE] symbolic-policy agreement=0.082
[S-REINFORCE] symbolic tree refit at rollout 8 | imitation_acc=0.406
|--- feature_9 <= 0.20
|   |--- feature_6 <= -0.09
|   |   |--- feature_1 <= -1.28
|   |   |   |--- feature_2 <= 0.14
|   |   |   |   |--- truncated branch of depth 2
|   |   |   |--- feature_2 >  0.14
|   |   |   |   |--- truncated branch of depth 5
|   |   |--- feature_1 >  -1.28
|   |   |   |--- feature_14 <= -0.46
|   |   |   |   |--- truncated branch of depth 4
|   |   |   |--- feature_14 >  -0.46
|   |   |   |   |--- truncated branch of depth 5
|   |--- feature_6 >  -0.09
|   |   |--- feature_9 <= -0.86
|   |   |   |--- class: 41
|   |   |--- feature_9 >  -0.86
|   |   |   |--- feature_6 <= -0.08
|   |   |   |   |--- class: 16
|   |   |   |--- feature_6 >  -0.08
|   |   |   |   |--- truncated branch of depth 5
|--- feature_9 >  0.20
|   |--- feature_9 <= 1.01
|   |   |--- feature_17 <= -0.11
|   |   |   |--- feature_2 <= 0.15
|   |   |   |   |--- class: 19
|   |   |   |--- feature_2 >  0.15
|   |   |   |   |--- truncated branch of depth 5
|   |   |--- feature_17 >  -0.11
|   |   |   |--- feature_0 <= 0.24
|   |   |   |   |--- truncated branch of depth 2
|   |   |   |--- feature_0 >  0.24
|   |   |   |   |--- class: 19
|   |--- feature_9 >  1.01
|   |   |--- feature_2 <= 0.29
|   |   |   |--- feature_2 <= 0.24
|   |   |   |   |--- truncated branch of depth 4
|   |   |   |--- feature_2 >  0.24
|   |   |   |   |--- class: 19
|   |   |--- feature_2 >  0.29
|   |   |   |--- feature_6 <= 0.11
|   |   |   |   |--- truncated branch of depth 2
|   |   |   |--- feature_6 >  0.11
|   |   |   |   |--- class: 2

[S-REINFORCE] symbolic-policy agreement=0.252
[S-REINFORCE] symbolic-policy agreement=0.251
Eval at step 10000, survival=0.384%, return=[-1.0461308629019186, 16.844352229436236, -5.628862291574478, -2.8421052631578942]
SPS=8
[S-REINFORCE] symbolic tree refit at rollout 10 | imitation_acc=0.497
|--- feature_9 <= -0.80
|   |--- feature_1 <= 0.94
|   |   |--- feature_17 <= -0.13
|   |   |   |--- feature_1 <= -1.26
|   |   |   |   |--- truncated branch of depth 5
|   |   |   |--- feature_1 >  -1.26
|   |   |   |   |--- truncated branch of depth 4
|   |   |--- feature_17 >  -0.13
|   |   |   |--- feature_16 <= -0.07
|   |   |   |   |--- truncated branch of depth 4
|   |   |   |--- feature_16 >  -0.07
|   |   |   |   |--- class: 19
|   |--- feature_1 >  0.94
|   |   |--- feature_17 <= -0.06
|   |   |   |--- feature_14 <= 0.30
|   |   |   |   |--- truncated branch of depth 5
|   |   |   |--- feature_14 >  0.30
|   |   |   |   |--- truncated branch of depth 4
|   |   |--- feature_17 >  -0.06
|   |   |   |--- feature_0 <= 0.29
|   |   |   |   |--- truncated branch of depth 4
|   |   |   |--- feature_0 >  0.29
|   |   |   |   |--- truncated branch of depth 2
|--- feature_9 >  -0.80
|   |--- feature_9 <= 1.17
|   |   |--- feature_5 <= 0.30
|   |   |   |--- feature_17 <= -0.32
|   |   |   |   |--- class: 2
|   |   |   |--- feature_17 >  -0.32
|   |   |   |   |--- truncated branch of depth 5
|   |   |--- feature_5 >  0.30
|   |   |   |--- feature_9 <= 0.60
|   |   |   |   |--- class: 6
|   |   |   |--- feature_9 >  0.60
|   |   |   |   |--- class: 41
|   |--- feature_9 >  1.17
|   |   |--- feature_2 <= 0.27
|   |   |   |--- feature_2 <= 0.17
|   |   |   |   |--- truncated branch of depth 2
|   |   |   |--- feature_2 >  0.17
|   |   |   |   |--- class: 19
|   |   |--- feature_2 >  0.27
|   |   |   |--- feature_15 <= -0.21
|   |   |   |   |--- truncated branch of depth 3
|   |   |   |--- feature_15 >  -0.21
|   |   |   |   |--- class: 41

[S-REINFORCE] symbolic-policy agreement=0.418
[S-REINFORCE] symbolic-policy agreement=0.486
[S-REINFORCE] symbolic tree refit at rollout 12 | imitation_acc=0.605
|--- feature_9 <= 0.39
|   |--- feature_16 <= -0.07
|   |   |--- feature_11 <= 0.23
|   |   |   |--- feature_2 <= 0.19
|   |   |   |   |--- truncated branch of depth 2
|   |   |   |--- feature_2 >  0.19
|   |   |   |   |--- truncated branch of depth 4
|   |   |--- feature_11 >  0.23
|   |   |   |--- feature_0 <= 0.36
|   |   |   |   |--- truncated branch of depth 3
|   |   |   |--- feature_0 >  0.36
|   |   |   |   |--- class: 7
|   |--- feature_16 >  -0.07
|   |   |--- feature_0 <= 0.36
|   |   |   |--- feature_14 <= 0.30
|   |   |   |   |--- class: 0
|   |   |   |--- feature_14 >  0.30
|   |   |   |   |--- class: 0
|   |   |--- feature_0 >  0.36
|   |   |   |--- class: 41
|--- feature_9 >  0.39
|   |--- feature_0 <= 0.66
|   |   |--- feature_13 <= -0.04
|   |   |   |--- feature_18 <= -0.05
|   |   |   |   |--- truncated branch of depth 5
|   |   |   |--- feature_18 >  -0.05
|   |   |   |   |--- truncated branch of depth 5
|   |   |--- feature_13 >  -0.04
|   |   |   |--- feature_16 <= -0.07
|   |   |   |   |--- truncated branch of depth 3
|   |   |   |--- feature_16 >  -0.07
|   |   |   |   |--- truncated branch of depth 5
|   |--- feature_0 >  0.66
|   |   |--- feature_17 <= -0.15
|   |   |   |--- feature_18 <= -0.05
|   |   |   |   |--- class: 41
|   |   |   |--- feature_18 >  -0.05
|   |   |   |   |--- truncated branch of depth 2
|   |   |--- feature_17 >  -0.15
|   |   |   |--- feature_17 <= 0.08
|   |   |   |   |--- class: 2
|   |   |   |--- feature_17 >  0.08
|   |   |   |   |--- class: 19

[S-REINFORCE] symbolic-policy agreement=0.685
[S-REINFORCE] symbolic-policy agreement=0.694
[S-REINFORCE] symbolic tree refit at rollout 14 | imitation_acc=0.691
|--- feature_0 <= 0.72
|   |--- feature_9 <= 1.26
|   |   |--- feature_2 <= 0.14
|   |   |   |--- feature_9 <= -0.95
|   |   |   |   |--- class: 0
|   |   |   |--- feature_9 >  -0.95
|   |   |   |   |--- truncated branch of depth 4
|   |   |--- feature_2 >  0.14
|   |   |   |--- feature_14 <= -0.84
|   |   |   |   |--- truncated branch of depth 3
|   |   |   |--- feature_14 >  -0.84
|   |   |   |   |--- truncated branch of depth 5
|   |--- feature_9 >  1.26
|   |   |--- feature_0 <= 0.10
|   |   |   |--- feature_6 <= -0.31
|   |   |   |   |--- truncated branch of depth 3
|   |   |   |--- feature_6 >  -0.31
|   |   |   |   |--- class: 19
|   |   |--- feature_0 >  0.10
|   |   |   |--- class: 19
|--- feature_0 >  0.72
|   |--- feature_0 <= 0.80
|   |   |--- feature_3 <= -0.19
|   |   |   |--- class: 41
|   |   |--- feature_3 >  -0.19
|   |   |   |--- feature_11 <= 0.19
|   |   |   |   |--- truncated branch of depth 3
|   |   |   |--- feature_11 >  0.19
|   |   |   |   |--- class: 19
|   |--- feature_0 >  0.80
|   |   |--- feature_2 <= -0.36
|   |   |   |--- class: 19
|   |   |--- feature_2 >  -0.36
|   |   |   |--- class: 19

[S-REINFORCE] symbolic-policy agreement=0.700
[S-REINFORCE] symbolic-policy agreement=0.649
[S-REINFORCE] symbolic tree refit at rollout 16 | imitation_acc=0.666
|--- feature_9 <= 1.09
|   |--- feature_14 <= -0.86
|   |   |--- feature_11 <= 0.19
|   |   |   |--- class: 23
|   |   |--- feature_11 >  0.19
|   |   |   |--- feature_14 <= -0.88
|   |   |   |   |--- class: 23
|   |   |   |--- feature_14 >  -0.88
|   |   |   |   |--- truncated branch of depth 2
|   |--- feature_14 >  -0.86
|   |   |--- feature_2 <= 0.12
|   |   |   |--- feature_17 <= -0.41
|   |   |   |   |--- truncated branch of depth 3
|   |   |   |--- feature_17 >  -0.41
|   |   |   |   |--- truncated branch of depth 4
|   |   |--- feature_2 >  0.12
|   |   |   |--- feature_4 <= 0.30
|   |   |   |   |--- truncated branch of depth 5
|   |   |   |--- feature_4 >  0.30
|   |   |   |   |--- truncated branch of depth 3
|--- feature_9 >  1.09
|   |--- feature_0 <= -1.43
|   |   |--- feature_8 <= -0.10
|   |   |   |--- feature_5 <= 0.26
|   |   |   |   |--- class: 19
|   |   |   |--- feature_5 >  0.26
|   |   |   |   |--- class: 19
|   |   |--- feature_8 >  -0.10
|   |   |   |--- feature_8 <= -0.10
|   |   |   |   |--- class: 19
|   |   |   |--- feature_8 >  -0.10
|   |   |   |   |--- class: 19
|   |--- feature_0 >  -1.43
|   |   |--- feature_2 <= 0.24
|   |   |   |--- feature_10 <= 3.92
|   |   |   |   |--- truncated branch of depth 2
|   |   |   |--- feature_10 >  3.92
|   |   |   |   |--- class: 19
|   |   |--- feature_2 >  0.24
|   |   |   |--- feature_2 <= 0.40
|   |   |   |   |--- truncated branch of depth 5
|   |   |   |--- feature_2 >  0.40
|   |   |   |   |--- class: 41

[S-REINFORCE] symbolic-policy agreement=0.712
[S-REINFORCE] symbolic-policy agreement=0.641
[S-REINFORCE] symbolic tree refit at rollout 18 | imitation_acc=0.662
|--- feature_9 <= 1.04
|   |--- feature_14 <= -0.89
|   |   |--- feature_0 <= 0.13
|   |   |   |--- class: 23
|   |   |--- feature_0 >  0.13
|   |   |   |--- feature_10 <= -0.17
|   |   |   |   |--- class: 19
|   |   |   |--- feature_10 >  -0.17
|   |   |   |   |--- class: 23
|   |--- feature_14 >  -0.89
|   |   |--- feature_2 <= 0.07
|   |   |   |--- feature_19 <= -0.01
|   |   |   |   |--- truncated branch of depth 5
|   |   |   |--- feature_19 >  -0.01
|   |   |   |   |--- class: 0
|   |   |--- feature_2 >  0.07
|   |   |   |--- feature_17 <= -0.10
|   |   |   |   |--- truncated branch of depth 5
|   |   |   |--- feature_17 >  -0.10
|   |   |   |   |--- truncated branch of depth 2
|--- feature_9 >  1.04
|   |--- feature_2 <= 0.21
|   |   |--- feature_2 <= 0.10
|   |   |   |--- feature_17 <= 0.13
|   |   |   |   |--- class: 19
|   |   |   |--- feature_17 >  0.13
|   |   |   |   |--- class: 19
|   |   |--- feature_2 >  0.10
|   |   |   |--- feature_14 <= -0.26
|   |   |   |   |--- class: 19
|   |   |   |--- feature_14 >  -0.26
|   |   |   |   |--- truncated branch of depth 4
|   |--- feature_2 >  0.21
|   |   |--- feature_9 <= 1.61
|   |   |   |--- feature_3 <= -0.18
|   |   |   |   |--- truncated branch of depth 5
|   |   |   |--- feature_3 >  -0.18
|   |   |   |   |--- class: 41
|   |   |--- feature_9 >  1.61
|   |   |   |--- feature_14 <= 3.83
|   |   |   |   |--- class: 19
|   |   |   |--- feature_14 >  3.83
|   |   |   |   |--- class: 40

[S-REINFORCE] symbolic-policy agreement=0.674
[S-REINFORCE] symbolic-policy agreement=0.595
Eval at step 20000, survival=2.257%, return=[-1.2609363392693922, 104.42261347134904, -29.25358928675996, -12.976608187134508]
SPS=6
[S-REINFORCE] symbolic tree refit at rollout 20 | imitation_acc=0.651
|--- feature_9 <= 0.98
|   |--- feature_14 <= -0.90
|   |   |--- feature_11 <= 0.18
|   |   |   |--- class: 23
|   |   |--- feature_11 >  0.18
|   |   |   |--- feature_6 <= -0.02
|   |   |   |   |--- class: 23
|   |   |   |--- feature_6 >  -0.02
|   |   |   |   |--- truncated branch of depth 2
|   |--- feature_14 >  -0.90
|   |   |--- feature_17 <= 0.04
|   |   |   |--- feature_9 <= -1.16
|   |   |   |   |--- truncated branch of depth 2
|   |   |   |--- feature_9 >  -1.16
|   |   |   |   |--- truncated branch of depth 5
|   |   |--- feature_17 >  0.04
|   |   |   |--- feature_4 <= -3.09
|   |   |   |   |--- class: 7
|   |   |   |--- feature_4 >  -3.09
|   |   |   |   |--- truncated branch of depth 4
|--- feature_9 >  0.98
|   |--- feature_2 <= 0.21
|   |   |--- feature_9 <= 1.04
|   |   |   |--- feature_14 <= -0.25
|   |   |   |   |--- truncated branch of depth 3
|   |   |   |--- feature_14 >  -0.25
|   |   |   |   |--- class: 19
|   |   |--- feature_9 >  1.04
|   |   |   |--- feature_10 <= -0.16
|   |   |   |   |--- truncated branch of depth 3
|   |   |   |--- feature_10 >  -0.16
|   |   |   |   |--- truncated branch of depth 2
|   |--- feature_2 >  0.21
|   |   |--- feature_16 <= -0.07
|   |   |   |--- feature_10 <= -0.17
|   |   |   |   |--- truncated branch of depth 3
|   |   |   |--- feature_10 >  -0.17
|   |   |   |   |--- truncated branch of depth 2
|   |   |--- feature_16 >  -0.07
|   |   |   |--- feature_3 <= -0.18
|   |   |   |   |--- truncated branch of depth 5
|   |   |   |--- feature_3 >  -0.18
|   |   |   |   |--- truncated branch of depth 2

[S-REINFORCE] symbolic-policy agreement=0.679
[S-REINFORCE] symbolic-policy agreement=0.423
[S-REINFORCE] symbolic tree refit at rollout 22 | imitation_acc=0.566
|--- feature_5 <= 0.26
|   |--- feature_9 <= 0.94
|   |   |--- feature_2 <= 0.05
|   |   |   |--- feature_2 <= -0.61
|   |   |   |   |--- truncated branch of depth 3
|   |   |   |--- feature_2 >  -0.61
|   |   |   |   |--- truncated branch of depth 4
|   |   |--- feature_2 >  0.05
|   |   |   |--- feature_8 <= -0.09
|   |   |   |   |--- truncated branch of depth 5
|   |   |   |--- feature_8 >  -0.09
|   |   |   |   |--- truncated branch of depth 5
|   |--- feature_9 >  0.94
|   |   |--- feature_0 <= -0.56
|   |   |   |--- feature_11 <= 0.18
|   |   |   |   |--- truncated branch of depth 3
|   |   |   |--- feature_11 >  0.18
|   |   |   |   |--- class: 19
|   |   |--- feature_0 >  -0.56
|   |   |   |--- feature_14 <= 0.99
|   |   |   |   |--- truncated branch of depth 5
|   |   |   |--- feature_14 >  0.99
|   |   |   |   |--- class: 19
|--- feature_5 >  0.26
|   |--- feature_0 <= 0.14
|   |   |--- feature_2 <= 0.22
|   |   |   |--- feature_8 <= -0.09
|   |   |   |   |--- class: 19
|   |   |   |--- feature_8 >  -0.09
|   |   |   |   |--- truncated branch of depth 3
|   |   |--- feature_2 >  0.22
|   |   |   |--- class: 19
|   |--- feature_0 >  0.14
|   |   |--- feature_6 <= 0.08
|   |   |   |--- feature_17 <= 0.03
|   |   |   |   |--- truncated branch of depth 5
|   |   |   |--- feature_17 >  0.03
|   |   |   |   |--- class: 19
|   |   |--- feature_6 >  0.08
|   |   |   |--- feature_6 <= 1.06
|   |   |   |   |--- truncated branch of depth 3
|   |   |   |--- feature_6 >  1.06
|   |   |   |   |--- truncated branch of depth 2

[S-REINFORCE] symbolic-policy agreement=0.714
[S-REINFORCE] symbolic-policy agreement=0.216
[S-REINFORCE] symbolic tree refit at rollout 24 | imitation_acc=0.431
|--- feature_2 <= 0.04
|   |--- feature_14 <= 0.86
|   |   |--- feature_8 <= -0.09
|   |   |   |--- feature_6 <= 0.23
|   |   |   |   |--- class: 19
|   |   |   |--- feature_6 >  0.23
|   |   |   |   |--- class: 19
|   |   |--- feature_8 >  -0.09
|   |   |   |--- feature_6 <= 1.90
|   |   |   |   |--- truncated branch of depth 5
|   |   |   |--- feature_6 >  1.90
|   |   |   |   |--- truncated branch of depth 2
|   |--- feature_14 >  0.86
|   |   |--- feature_10 <= -0.17
|   |   |   |--- class: 36
|   |   |--- feature_10 >  -0.17
|   |   |   |--- feature_10 <= 4.01
|   |   |   |   |--- truncated branch of depth 5
|   |   |   |--- feature_10 >  4.01
|   |   |   |   |--- truncated branch of depth 3
|--- feature_2 >  0.04
|   |--- feature_14 <= -0.70
|   |   |--- feature_17 <= -0.09
|   |   |   |--- feature_14 <= -0.78
|   |   |   |   |--- class: 19
|   |   |   |--- feature_14 >  -0.78
|   |   |   |   |--- truncated branch of depth 5
|   |   |--- feature_17 >  -0.09
|   |   |   |--- feature_18 <= -0.03
|   |   |   |   |--- truncated branch of depth 3
|   |   |   |--- feature_18 >  -0.03
|   |   |   |   |--- class: 23
|   |--- feature_14 >  -0.70
|   |   |--- feature_5 <= 0.30
|   |   |   |--- feature_9 <= 1.20
|   |   |   |   |--- truncated branch of depth 5
|   |   |   |--- feature_9 >  1.20
|   |   |   |   |--- truncated branch of depth 5
|   |   |--- feature_5 >  0.30
|   |   |   |--- feature_1 <= 0.35
|   |   |   |   |--- truncated branch of depth 5
|   |   |   |--- feature_1 >  0.35
|   |   |   |   |--- truncated branch of depth 4

[S-REINFORCE] symbolic-policy agreement=0.427
[S-REINFORCE] symbolic-policy agreement=0.090
[S-REINFORCE] symbolic tree refit at rollout 26 | imitation_acc=0.390
|--- feature_14 <= -0.72
|   |--- feature_17 <= -0.09
|   |   |--- feature_11 <= 0.16
|   |   |   |--- feature_14 <= -0.76
|   |   |   |   |--- class: 49
|   |   |   |--- feature_14 >  -0.76
|   |   |   |   |--- class: 31
|   |   |--- feature_11 >  0.16
|   |   |   |--- feature_14 <= -0.76
|   |   |   |   |--- class: 17
|   |   |   |--- feature_14 >  -0.76
|   |   |   |   |--- truncated branch of depth 4
|   |--- feature_17 >  -0.09
|   |   |--- feature_17 <= -0.00
|   |   |   |--- feature_4 <= 0.19
|   |   |   |   |--- truncated branch of depth 2
|   |   |   |--- feature_4 >  0.19
|   |   |   |   |--- truncated branch of depth 2
|   |   |--- feature_17 >  -0.00
|   |   |   |--- feature_6 <= -0.14
|   |   |   |   |--- class: 9
|   |   |   |--- feature_6 >  -0.14
|   |   |   |   |--- truncated branch of depth 2
|--- feature_14 >  -0.72
|   |--- feature_2 <= 0.08
|   |   |--- feature_5 <= 0.50
|   |   |   |--- feature_11 <= -0.07
|   |   |   |   |--- truncated branch of depth 5
|   |   |   |--- feature_11 >  -0.07
|   |   |   |   |--- truncated branch of depth 5
|   |   |--- feature_5 >  0.50
|   |   |   |--- feature_8 <= -0.10
|   |   |   |   |--- class: 19
|   |   |   |--- feature_8 >  -0.10
|   |   |   |   |--- truncated branch of depth 3
|   |--- feature_2 >  0.08
|   |   |--- feature_5 <= 0.34
|   |   |   |--- feature_9 <= -0.00
|   |   |   |   |--- truncated branch of depth 2
|   |   |   |--- feature_9 >  -0.00
|   |   |   |   |--- truncated branch of depth 5
|   |   |--- feature_5 >  0.34
|   |   |   |--- feature_12 <= -0.17
|   |   |   |   |--- truncated branch of depth 2
|   |   |   |--- feature_12 >  -0.17
|   |   |   |   |--- truncated branch of depth 5

[S-REINFORCE] symbolic-policy agreement=0.433
[S-REINFORCE] symbolic-policy agreement=0.151
[S-REINFORCE] symbolic tree refit at rollout 28 | imitation_acc=0.326
|--- feature_18 <= -0.04
|   |--- feature_8 <= -0.10
|   |   |--- feature_3 <= -0.19
|   |   |   |--- feature_15 <= -0.19
|   |   |   |   |--- truncated branch of depth 2
|   |   |   |--- feature_15 >  -0.19
|   |   |   |   |--- truncated branch of depth 4
|   |   |--- feature_3 >  -0.19
|   |   |   |--- feature_5 <= 0.33
|   |   |   |   |--- truncated branch of depth 5
|   |   |   |--- feature_5 >  0.33
|   |   |   |   |--- truncated branch of depth 5
|   |--- feature_8 >  -0.10
|   |   |--- feature_19 <= -0.01
|   |   |   |--- feature_2 <= 0.19
|   |   |   |   |--- truncated branch of depth 5
|   |   |   |--- feature_2 >  0.19
|   |   |   |   |--- truncated branch of depth 3
|   |   |--- feature_19 >  -0.01
|   |   |   |--- feature_14 <= 1.07
|   |   |   |   |--- truncated branch of depth 3
|   |   |   |--- feature_14 >  1.07
|   |   |   |   |--- class: 19
|--- feature_18 >  -0.04
|   |--- feature_14 <= -0.74
|   |   |--- feature_14 <= -0.76
|   |   |   |--- feature_6 <= -0.38
|   |   |   |   |--- class: 17
|   |   |   |--- feature_6 >  -0.38
|   |   |   |   |--- truncated branch of depth 5
|   |   |--- feature_14 >  -0.76
|   |   |   |--- feature_5 <= 0.26
|   |   |   |   |--- class: 26
|   |   |   |--- feature_5 >  0.26
|   |   |   |   |--- truncated branch of depth 5
|   |--- feature_14 >  -0.74
|   |   |--- feature_9 <= 1.00
|   |   |   |--- feature_11 <= 0.14
|   |   |   |   |--- truncated branch of depth 5
|   |   |   |--- feature_11 >  0.14
|   |   |   |   |--- truncated branch of depth 5
|   |   |--- feature_9 >  1.00
|   |   |   |--- feature_13 <= -0.04
|   |   |   |   |--- truncated branch of depth 3
|   |   |   |--- feature_13 >  -0.04
|   |   |   |   |--- truncated branch of depth 2

[S-REINFORCE] symbolic-policy agreement=0.180
[S-REINFORCE] symbolic-policy agreement=0.235
Eval at step 30000, survival=3.456%, return=[-1.3556074384832755, 160.0336453755696, -5.139676133427808, -22.023391812865487]
SPS=4
[S-REINFORCE] symbolic tree refit at rollout 30 | imitation_acc=0.593
|--- feature_5 <= 0.26
|   |--- feature_9 <= 1.08
|   |   |--- feature_5 <= 0.25
|   |   |   |--- feature_0 <= -1.55
|   |   |   |   |--- truncated branch of depth 2
|   |   |   |--- feature_0 >  -1.55
|   |   |   |   |--- truncated branch of depth 5
|   |   |--- feature_5 >  0.25
|   |   |   |--- feature_14 <= -0.54
|   |   |   |   |--- truncated branch of depth 4
|   |   |   |--- feature_14 >  -0.54
|   |   |   |   |--- class: 19
|   |--- feature_9 >  1.08
|   |   |--- feature_12 <= -0.17
|   |   |   |--- feature_19 <= -0.01
|   |   |   |   |--- truncated branch of depth 2
|   |   |   |--- feature_19 >  -0.01
|   |   |   |   |--- truncated branch of depth 4
|   |   |--- feature_12 >  -0.17
|   |   |   |--- feature_17 <= -0.04
|   |   |   |   |--- truncated branch of depth 3
|   |   |   |--- feature_17 >  -0.04
|   |   |   |   |--- class: 19
|--- feature_5 >  0.26
|   |--- feature_11 <= 0.19
|   |   |--- feature_12 <= -0.17
|   |   |   |--- feature_14 <= 1.10
|   |   |   |   |--- truncated branch of depth 4
|   |   |   |--- feature_14 >  1.10
|   |   |   |   |--- truncated branch of depth 3
|   |   |--- feature_12 >  -0.17
|   |   |   |--- feature_16 <= -0.07
|   |   |   |   |--- truncated branch of depth 3
|   |   |   |--- feature_16 >  -0.07
|   |   |   |   |--- truncated branch of depth 4
|   |--- feature_11 >  0.19
|   |   |--- feature_14 <= 1.76
|   |   |   |--- feature_10 <= -0.19
|   |   |   |   |--- truncated branch of depth 5
|   |   |   |--- feature_10 >  -0.19
|   |   |   |   |--- truncated branch of depth 5
|   |   |--- feature_14 >  1.76
|   |   |   |--- feature_16 <= -0.07
|   |   |   |   |--- class: 19
|   |   |   |--- feature_16 >  -0.07
|   |   |   |   |--- class: 19

[S-REINFORCE] symbolic-policy agreement=0.534
[S-REINFORCE] symbolic-policy agreement=0.195
[S-REINFORCE] symbolic tree refit at rollout 32 | imitation_acc=0.403
|--- feature_9 <= 0.78
|   |--- feature_19 <= -0.01
|   |   |--- feature_13 <= -0.04
|   |   |   |--- feature_16 <= -0.07
|   |   |   |   |--- truncated branch of depth 5
|   |   |   |--- feature_16 >  -0.07
|   |   |   |   |--- truncated branch of depth 4
|   |   |--- feature_13 >  -0.04
|   |   |   |--- feature_0 <= 0.32
|   |   |   |   |--- truncated branch of depth 3
|   |   |   |--- feature_0 >  0.32
|   |   |   |   |--- class: 19
|   |--- feature_19 >  -0.01
|   |   |--- feature_19 <= -0.01
|   |   |   |--- feature_2 <= 0.31
|   |   |   |   |--- truncated branch of depth 2
|   |   |   |--- feature_2 >  0.31
|   |   |   |   |--- truncated branch of depth 3
|   |   |--- feature_19 >  -0.01
|   |   |   |--- class: 19
|--- feature_9 >  0.78
|   |--- feature_2 <= 0.19
|   |   |--- feature_12 <= -0.17
|   |   |   |--- feature_14 <= 0.23
|   |   |   |   |--- truncated branch of depth 2
|   |   |   |--- feature_14 >  0.23
|   |   |   |   |--- truncated branch of depth 5
|   |   |--- feature_12 >  -0.17
|   |   |   |--- feature_16 <= -0.07
|   |   |   |   |--- truncated branch of depth 2
|   |   |   |--- feature_16 >  -0.07
|   |   |   |   |--- truncated branch of depth 3
|   |--- feature_2 >  0.19
|   |   |--- feature_12 <= -0.17
|   |   |   |--- feature_12 <= -0.17
|   |   |   |   |--- truncated branch of depth 2
|   |   |   |--- feature_12 >  -0.17
|   |   |   |   |--- truncated branch of depth 5
|   |   |--- feature_12 >  -0.17
|   |   |   |--- feature_12 <= -0.17
|   |   |   |   |--- truncated branch of depth 5
|   |   |   |--- feature_12 >  -0.17
|   |   |   |   |--- truncated branch of depth 2

[S-REINFORCE] symbolic-policy agreement=0.457
[S-REINFORCE] symbolic-policy agreement=0.186
[S-REINFORCE] symbolic tree refit at rollout 34 | imitation_acc=0.484
|--- feature_16 <= -0.06
|   |--- feature_5 <= 0.33
|   |   |--- feature_9 <= 0.95
|   |   |   |--- feature_2 <= 0.21
|   |   |   |   |--- truncated branch of depth 5
|   |   |   |--- feature_2 >  0.21
|   |   |   |   |--- truncated branch of depth 4
|   |   |--- feature_9 >  0.95
|   |   |   |--- feature_2 <= -0.50
|   |   |   |   |--- class: 23
|   |   |   |--- feature_2 >  -0.50
|   |   |   |   |--- truncated branch of depth 5
|   |--- feature_5 >  0.33
|   |   |--- feature_3 <= -0.19
|   |   |   |--- class: 19
|   |   |--- feature_3 >  -0.19
|   |   |   |--- feature_0 <= 0.09
|   |   |   |   |--- truncated branch of depth 5
|   |   |   |--- feature_0 >  0.09
|   |   |   |   |--- truncated branch of depth 5
|--- feature_16 >  -0.06
|   |--- feature_7 <= -0.04
|   |   |--- feature_2 <= 0.20
|   |   |   |--- feature_17 <= -0.48
|   |   |   |   |--- truncated branch of depth 3
|   |   |   |--- feature_17 >  -0.48
|   |   |   |   |--- truncated branch of depth 5
|   |   |--- feature_2 >  0.20
|   |   |   |--- feature_17 <= -0.10
|   |   |   |   |--- truncated branch of depth 3
|   |   |   |--- feature_17 >  -0.10
|   |   |   |   |--- truncated branch of depth 4
|   |--- feature_7 >  -0.04
|   |   |--- feature_6 <= 0.01
|   |   |   |--- class: 19
|   |   |--- feature_6 >  0.01
|   |   |   |--- feature_6 <= 0.97
|   |   |   |   |--- class: 19
|   |   |   |--- feature_6 >  0.97
|   |   |   |   |--- class: 19

[S-REINFORCE] symbolic-policy agreement=0.416
[S-REINFORCE] symbolic-policy agreement=0.263
[S-REINFORCE] symbolic tree refit at rollout 36 | imitation_acc=0.507
|--- feature_5 <= 0.33
|   |--- feature_14 <= -0.74
|   |   |--- feature_17 <= -0.10
|   |   |   |--- feature_7 <= -0.04
|   |   |   |   |--- truncated branch of depth 2
|   |   |   |--- feature_7 >  -0.04
|   |   |   |   |--- truncated branch of depth 4
|   |   |--- feature_17 >  -0.10
|   |   |   |--- feature_8 <= -0.10
|   |   |   |   |--- class: 25
|   |   |   |--- feature_8 >  -0.10
|   |   |   |   |--- class: 19
|   |--- feature_14 >  -0.74
|   |   |--- feature_8 <= -0.10
|   |   |   |--- feature_8 <= -0.10
|   |   |   |   |--- truncated branch of depth 5
|   |   |   |--- feature_8 >  -0.10
|   |   |   |   |--- truncated branch of depth 4
|   |   |--- feature_8 >  -0.10
|   |   |   |--- feature_2 <= 0.06
|   |   |   |   |--- truncated branch of depth 5
|   |   |   |--- feature_2 >  0.06
|   |   |   |   |--- truncated branch of depth 5
|--- feature_5 >  0.33
|   |--- feature_16 <= -0.06
|   |   |--- feature_1 <= 0.31
|   |   |   |--- class: 23
|   |   |--- feature_1 >  0.31
|   |   |   |--- class: 23
|   |--- feature_16 >  -0.06
|   |   |--- feature_17 <= 0.11
|   |   |   |--- feature_1 <= 0.31
|   |   |   |   |--- truncated branch of depth 5
|   |   |   |--- feature_1 >  0.31
|   |   |   |   |--- truncated branch of depth 5
|   |   |--- feature_17 >  0.11
|   |   |   |--- feature_7 <= -0.04
|   |   |   |   |--- class: 23
|   |   |   |--- feature_7 >  -0.04
|   |   |   |   |--- truncated branch of depth 3

[S-REINFORCE] symbolic-policy agreement=0.564
[S-REINFORCE] symbolic-policy agreement=0.305
[S-REINFORCE] symbolic tree refit at rollout 38 | imitation_acc=0.473
|--- feature_17 <= -0.09
|   |--- feature_9 <= 0.81
|   |   |--- feature_14 <= -0.80
|   |   |   |--- feature_17 <= -0.10
|   |   |   |   |--- class: 25
|   |   |   |--- feature_17 >  -0.10
|   |   |   |   |--- truncated branch of depth 2
|   |   |--- feature_14 >  -0.80
|   |   |   |--- feature_19 <= -0.01
|   |   |   |   |--- truncated branch of depth 3
|   |   |   |--- feature_19 >  -0.01
|   |   |   |   |--- truncated branch of depth 5
|   |--- feature_9 >  0.81
|   |   |--- feature_10 <= -0.20
|   |   |   |--- feature_18 <= -0.04
|   |   |   |   |--- truncated branch of depth 5
|   |   |   |--- feature_18 >  -0.04
|   |   |   |   |--- truncated branch of depth 5
|   |   |--- feature_10 >  -0.20
|   |   |   |--- feature_10 <= -0.20
|   |   |   |   |--- class: 23
|   |   |   |--- feature_10 >  -0.20
|   |   |   |   |--- class: 8
|--- feature_17 >  -0.09
|   |--- feature_4 <= 0.30
|   |   |--- feature_14 <= 1.06
|   |   |   |--- feature_16 <= -0.06
|   |   |   |   |--- truncated branch of depth 4
|   |   |   |--- feature_16 >  -0.06
|   |   |   |   |--- class: 40
|   |   |--- feature_14 >  1.06
|   |   |   |--- feature_12 <= -0.17
|   |   |   |   |--- truncated branch of depth 2
|   |   |   |--- feature_12 >  -0.17
|   |   |   |   |--- truncated branch of depth 2
|   |--- feature_4 >  0.30
|   |   |--- feature_17 <= 0.02
|   |   |   |--- feature_1 <= 0.31
|   |   |   |   |--- truncated branch of depth 5
|   |   |   |--- feature_1 >  0.31
|   |   |   |   |--- truncated branch of depth 4
|   |   |--- feature_17 >  0.02
|   |   |   |--- feature_8 <= -0.10
|   |   |   |   |--- class: 39
|   |   |   |--- feature_8 >  -0.10
|   |   |   |   |--- truncated branch of depth 3

[S-REINFORCE] symbolic-policy agreement=0.646
[S-REINFORCE] symbolic-policy agreement=0.058
Eval at step 40000, survival=2.943%, return=[-1.3073893197191258, 140.10946770668025, -5.727421902120113, -18.701754385964904]
SPS=4
[S-REINFORCE] symbolic tree refit at rollout 40 | imitation_acc=0.318
|--- feature_13 <= -0.04
|   |--- feature_11 <= 2.29
|   |   |--- feature_14 <= -0.73
|   |   |   |--- feature_0 <= 0.09
|   |   |   |   |--- truncated branch of depth 5
|   |   |   |--- feature_0 >  0.09
|   |   |   |   |--- truncated branch of depth 5
|   |   |--- feature_14 >  -0.73
|   |   |   |--- feature_18 <= -0.04
|   |   |   |   |--- class: 23
|   |   |   |--- feature_18 >  -0.04
|   |   |   |   |--- truncated branch of depth 5
|   |--- feature_11 >  2.29
|   |   |--- feature_15 <= -0.21
|   |   |   |--- feature_7 <= -0.04
|   |   |   |   |--- truncated branch of depth 4
|   |   |   |--- feature_7 >  -0.04
|   |   |   |   |--- class: 23
|   |   |--- feature_15 >  -0.21
|   |   |   |--- class: 23
|--- feature_13 >  -0.04
|   |--- feature_1 <= 1.57
|   |   |--- feature_13 <= -0.04
|   |   |   |--- feature_3 <= -0.19
|   |   |   |   |--- truncated branch of depth 3
|   |   |   |--- feature_3 >  -0.19
|   |   |   |   |--- truncated branch of depth 2
|   |   |--- feature_13 >  -0.04
|   |   |   |--- class: 3
|   |--- feature_1 >  1.57
|   |   |--- feature_1 <= 1.57
|   |   |   |--- class: 23
|   |   |--- feature_1 >  1.57
|   |   |   |--- class: 23

[S-REINFORCE] symbolic-policy agreement=0.193
[S-REINFORCE] symbolic-policy agreement=0.163
[S-REINFORCE] symbolic tree refit at rollout 42 | imitation_acc=0.360
|--- feature_7 <= -0.04
|   |--- feature_16 <= -0.06
|   |   |--- feature_13 <= -0.05
|   |   |   |--- feature_1 <= 0.30
|   |   |   |   |--- class: 23
|   |   |   |--- feature_1 >  0.30
|   |   |   |   |--- truncated branch of depth 4
|   |   |--- feature_13 >  -0.05
|   |   |   |--- feature_19 <= -0.01
|   |   |   |   |--- class: 45
|   |   |   |--- feature_19 >  -0.01
|   |   |   |   |--- truncated branch of depth 5
|   |--- feature_16 >  -0.06
|   |   |--- feature_19 <= -0.01
|   |   |   |--- feature_10 <= -0.20
|   |   |   |   |--- truncated branch of depth 3
|   |   |   |--- feature_10 >  -0.20
|   |   |   |   |--- truncated branch of depth 5
|   |   |--- feature_19 >  -0.01
|   |   |   |--- feature_19 <= -0.01
|   |   |   |   |--- truncated branch of depth 5
|   |   |   |--- feature_19 >  -0.01
|   |   |   |   |--- truncated branch of depth 4
|--- feature_7 >  -0.04
|   |--- feature_19 <= -0.01
|   |   |--- class: 23
|   |--- feature_19 >  -0.01
|   |   |--- class: 23

[S-REINFORCE] symbolic-policy agreement=0.214
[S-REINFORCE] symbolic-policy agreement=0.020
[S-REINFORCE] symbolic tree refit at rollout 44 | imitation_acc=0.345
|--- feature_14 <= 1.27
|   |--- feature_16 <= -0.07
|   |   |--- feature_14 <= -0.80
|   |   |   |--- feature_14 <= -0.80
|   |   |   |   |--- truncated branch of depth 4
|   |   |   |--- feature_14 >  -0.80
|   |   |   |   |--- truncated branch of depth 3
|   |   |--- feature_14 >  -0.80
|   |   |   |--- feature_9 <= 0.97
|   |   |   |   |--- truncated branch of depth 5
|   |   |   |--- feature_9 >  0.97
|   |   |   |   |--- truncated branch of depth 4
|   |--- feature_16 >  -0.07
|   |   |--- feature_5 <= 0.34
|   |   |   |--- feature_8 <= -0.10
|   |   |   |   |--- truncated branch of depth 5
|   |   |   |--- feature_8 >  -0.10
|   |   |   |   |--- truncated branch of depth 5
|   |   |--- feature_5 >  0.34
|   |   |   |--- feature_2 <= 0.56
|   |   |   |   |--- truncated branch of depth 5
|   |   |   |--- feature_2 >  0.56
|   |   |   |   |--- class: 13
|--- feature_14 >  1.27
|   |--- feature_9 <= 0.72
|   |   |--- feature_10 <= -0.20
|   |   |   |--- class: 19
|   |   |--- feature_10 >  -0.20
|   |   |   |--- feature_6 <= 0.78
|   |   |   |   |--- truncated branch of depth 3
|   |   |   |--- feature_6 >  0.78
|   |   |   |   |--- truncated branch of depth 2
|   |--- feature_9 >  0.72
|   |   |--- feature_0 <= 0.19
|   |   |   |--- feature_18 <= -0.04
|   |   |   |   |--- class: 10
|   |   |   |--- feature_18 >  -0.04
|   |   |   |   |--- class: 23
|   |   |--- feature_0 >  0.19
|   |   |   |--- feature_16 <= -0.07
|   |   |   |   |--- truncated branch of depth 5
|   |   |   |--- feature_16 >  -0.07
|   |   |   |   |--- class: 19

[S-REINFORCE] symbolic-policy agreement=0.290
[S-REINFORCE] symbolic-policy agreement=0.185
[S-REINFORCE] symbolic tree refit at rollout 46 | imitation_acc=0.401
|--- feature_0 <= 0.23
|   |--- feature_5 <= 0.18
|   |   |--- feature_19 <= -0.01
|   |   |   |--- feature_13 <= -0.05
|   |   |   |   |--- class: 16
|   |   |   |--- feature_13 >  -0.05
|   |   |   |   |--- truncated branch of depth 5
|   |   |--- feature_19 >  -0.01
|   |   |   |--- feature_18 <= -0.04
|   |   |   |   |--- truncated branch of depth 5
|   |   |   |--- feature_18 >  -0.04
|   |   |   |   |--- truncated branch of depth 2
|   |--- feature_5 >  0.18
|   |   |--- feature_17 <= -0.12
|   |   |   |--- feature_18 <= -0.04
|   |   |   |   |--- truncated branch of depth 5
|   |   |   |--- feature_18 >  -0.04
|   |   |   |   |--- truncated branch of depth 2
|   |   |--- feature_17 >  -0.12
|   |   |   |--- feature_19 <= -0.01
|   |   |   |   |--- truncated branch of depth 2
|   |   |   |--- feature_19 >  -0.01
|   |   |   |   |--- truncated branch of depth 4
|--- feature_0 >  0.23
|   |--- feature_10 <= -0.20
|   |   |--- feature_5 <= 0.10
|   |   |   |--- class: 23
|   |   |--- feature_5 >  0.10
|   |   |   |--- class: 23
|   |--- feature_10 >  -0.20
|   |   |--- feature_13 <= -0.05
|   |   |   |--- feature_12 <= -0.17
|   |   |   |   |--- truncated branch of depth 3
|   |   |   |--- feature_12 >  -0.17
|   |   |   |   |--- truncated branch of depth 5
|   |   |--- feature_13 >  -0.05
|   |   |   |--- feature_3 <= -0.19
|   |   |   |   |--- truncated branch of depth 5
|   |   |   |--- feature_3 >  -0.19
|   |   |   |   |--- truncated branch of depth 2

[S-REINFORCE] symbolic-policy agreement=0.191
[S-REINFORCE] symbolic-policy agreement=0.236
[S-REINFORCE] symbolic tree refit at rollout 48 | imitation_acc=0.423
|--- feature_18 <= -0.04
|   |--- feature_10 <= -0.20
|   |   |--- feature_16 <= -0.07
|   |   |   |--- class: 13
|   |   |--- feature_16 >  -0.07
|   |   |   |--- feature_9 <= 0.93
|   |   |   |   |--- truncated branch of depth 5
|   |   |   |--- feature_9 >  0.93
|   |   |   |   |--- class: 23
|   |--- feature_10 >  -0.20
|   |   |--- feature_13 <= -0.05
|   |   |   |--- class: 23
|   |   |--- feature_13 >  -0.05
|   |   |   |--- class: 23
|--- feature_18 >  -0.04
|   |--- feature_13 <= -0.05
|   |   |--- feature_7 <= -0.04
|   |   |   |--- feature_18 <= -0.04
|   |   |   |   |--- class: 19
|   |   |   |--- feature_18 >  -0.04
|   |   |   |   |--- truncated branch of depth 4
|   |   |--- feature_7 >  -0.04
|   |   |   |--- feature_18 <= -0.04
|   |   |   |   |--- truncated branch of depth 5
|   |   |   |--- feature_18 >  -0.04
|   |   |   |   |--- truncated branch of depth 3
|   |--- feature_13 >  -0.05
|   |   |--- feature_13 <= -0.05
|   |   |   |--- feature_18 <= -0.04
|   |   |   |   |--- truncated branch of depth 5
|   |   |   |--- feature_18 >  -0.04
|   |   |   |   |--- truncated branch of depth 3
|   |   |--- feature_13 >  -0.05
|   |   |   |--- feature_19 <= -0.01
|   |   |   |   |--- truncated branch of depth 5
|   |   |   |--- feature_19 >  -0.01
|   |   |   |   |--- truncated branch of depth 4

[S-REINFORCE] symbolic-policy agreement=0.266
[S-REINFORCE] symbolic-policy agreement=0.161
Eval at step 50000, survival=1.939%, return=[-1.192525113389517, 91.52159138361611, -14.513260245323181, -6.099415204678365]
SPS=4
[S-REINFORCE] symbolic tree refit at rollout 50 | imitation_acc=0.373
|--- feature_11 <= 0.26
|   |--- feature_14 <= -0.80
|   |   |--- feature_14 <= -0.80
|   |   |   |--- feature_11 <= -1.36
|   |   |   |   |--- truncated branch of depth 2
|   |   |   |--- feature_11 >  -1.36
|   |   |   |   |--- truncated branch of depth 5
|   |   |--- feature_14 >  -0.80
|   |   |   |--- feature_7 <= -0.04
|   |   |   |   |--- truncated branch of depth 3
|   |   |   |--- feature_7 >  -0.04
|   |   |   |   |--- truncated branch of depth 5
|   |--- feature_14 >  -0.80
|   |   |--- feature_7 <= -0.04
|   |   |   |--- feature_3 <= -0.19
|   |   |   |   |--- class: 23
|   |   |   |--- feature_3 >  -0.19
|   |   |   |   |--- truncated branch of depth 5
|   |   |--- feature_7 >  -0.04
|   |   |   |--- feature_16 <= -0.07
|   |   |   |   |--- truncated branch of depth 5
|   |   |   |--- feature_16 >  -0.07
|   |   |   |   |--- truncated branch of depth 5
|--- feature_11 >  0.26
|   |--- feature_12 <= -0.17
|   |   |--- feature_13 <= -0.05
|   |   |   |--- feature_3 <= -0.19
|   |   |   |   |--- truncated branch of depth 5
|   |   |   |--- feature_3 >  -0.19
|   |   |   |   |--- truncated branch of depth 3
|   |   |--- feature_13 >  -0.05
|   |   |   |--- feature_15 <= -0.22
|   |   |   |   |--- class: 28
|   |   |   |--- feature_15 >  -0.22
|   |   |   |   |--- class: 49
|   |--- feature_12 >  -0.17
|   |   |--- feature_15 <= -0.22
|   |   |   |--- feature_18 <= -0.04
|   |   |   |   |--- class: 23
|   |   |   |--- feature_18 >  -0.04
|   |   |   |   |--- class: 23
|   |   |--- feature_15 >  -0.22
|   |   |   |--- feature_12 <= -0.17
|   |   |   |   |--- truncated branch of depth 4
|   |   |   |--- feature_12 >  -0.17
|   |   |   |   |--- class: 44

[S-REINFORCE] symbolic-policy agreement=0.212
[S-REINFORCE] symbolic-policy agreement=0.207
[S-REINFORCE] symbolic tree refit at rollout 52 | imitation_acc=0.337
|--- feature_8 <= -0.10
|   |--- feature_12 <= -0.18
|   |   |--- class: 23
|   |--- feature_12 >  -0.18
|   |   |--- class: 23
|--- feature_8 >  -0.10
|   |--- feature_7 <= -0.04
|   |   |--- feature_1 <= 0.29
|   |   |   |--- feature_7 <= -0.04
|   |   |   |   |--- class: 23
|   |   |   |--- feature_7 >  -0.04
|   |   |   |   |--- class: 23
|   |   |--- feature_1 >  0.29
|   |   |   |--- feature_1 <= 0.29
|   |   |   |   |--- truncated branch of depth 4
|   |   |   |--- feature_1 >  0.29
|   |   |   |   |--- truncated branch of depth 2
|   |--- feature_7 >  -0.04
|   |   |--- feature_7 <= -0.04
|   |   |   |--- feature_18 <= -0.04
|   |   |   |   |--- truncated branch of depth 5
|   |   |   |--- feature_18 >  -0.04
|   |   |   |   |--- truncated branch of depth 4
|   |   |--- feature_7 >  -0.04
|   |   |   |--- feature_7 <= -0.04
|   |   |   |   |--- truncated branch of depth 4
|   |   |   |--- feature_7 >  -0.04
|   |   |   |   |--- class: 23

[S-REINFORCE] symbolic-policy agreement=0.213
[S-REINFORCE] symbolic-policy agreement=0.396
[S-REINFORCE] symbolic tree refit at rollout 54 | imitation_acc=0.473
|--- feature_9 <= 0.22
|   |--- feature_7 <= -0.04
|   |   |--- feature_2 <= 0.20
|   |   |   |--- feature_15 <= -0.22
|   |   |   |   |--- class: 5
|   |   |   |--- feature_15 >  -0.22
|   |   |   |   |--- truncated branch of depth 2
|   |   |--- feature_2 >  0.20
|   |   |   |--- class: 41
|   |--- feature_7 >  -0.04
|   |   |--- feature_16 <= -0.07
|   |   |   |--- feature_8 <= -0.10
|   |   |   |   |--- truncated branch of depth 5
|   |   |   |--- feature_8 >  -0.10
|   |   |   |   |--- truncated branch of depth 4
|   |   |--- feature_16 >  -0.07
|   |   |   |--- feature_10 <= -0.20
|   |   |   |   |--- class: 34
|   |   |   |--- feature_10 >  -0.20
|   |   |   |   |--- class: 41
|--- feature_9 >  0.22
|   |--- feature_16 <= -0.07
|   |   |--- feature_1 <= 0.28
|   |   |   |--- feature_9 <= 0.40
|   |   |   |   |--- truncated branch of depth 3
|   |   |   |--- feature_9 >  0.40
|   |   |   |   |--- truncated branch of depth 5
|   |   |--- feature_1 >  0.28
|   |   |   |--- feature_9 <= 0.33
|   |   |   |   |--- class: 23
|   |   |   |--- feature_9 >  0.33
|   |   |   |   |--- truncated branch of depth 4
|   |--- feature_16 >  -0.07
|   |   |--- feature_14 <= -0.78
|   |   |   |--- feature_14 <= -0.80
|   |   |   |   |--- truncated branch of depth 3
|   |   |   |--- feature_14 >  -0.80
|   |   |   |   |--- truncated branch of depth 3
|   |   |--- feature_14 >  -0.78
|   |   |   |--- feature_3 <= -0.19
|   |   |   |   |--- class: 23
|   |   |   |--- feature_3 >  -0.19
|   |   |   |   |--- truncated branch of depth 5

[S-REINFORCE] symbolic-policy agreement=0.410
[S-REINFORCE] symbolic-policy agreement=0.008
[S-REINFORCE] symbolic tree refit at rollout 56 | imitation_acc=0.395
|--- feature_10 <= -0.20
|   |--- feature_14 <= -0.78
|   |   |--- feature_17 <= -0.12
|   |   |   |--- feature_12 <= -0.18
|   |   |   |   |--- truncated branch of depth 3
|   |   |   |--- feature_12 >  -0.18
|   |   |   |   |--- class: 15
|   |   |--- feature_17 >  -0.12
|   |   |   |--- feature_6 <= 0.37
|   |   |   |   |--- class: 28
|   |   |   |--- feature_6 >  0.37
|   |   |   |   |--- truncated branch of depth 2
|   |--- feature_14 >  -0.78
|   |   |--- feature_13 <= -0.05
|   |   |   |--- feature_9 <= 1.37
|   |   |   |   |--- truncated branch of depth 5
|   |   |   |--- feature_9 >  1.37
|   |   |   |   |--- class: 28
|   |   |--- feature_13 >  -0.05
|   |   |   |--- class: 23
|--- feature_10 >  -0.20
|   |--- feature_1 <= 0.27
|   |   |--- feature_16 <= -0.07
|   |   |   |--- feature_8 <= -0.10
|   |   |   |   |--- truncated branch of depth 5
|   |   |   |--- feature_8 >  -0.10
|   |   |   |   |--- truncated branch of depth 3
|   |   |--- feature_16 >  -0.07
|   |   |   |--- feature_18 <= -0.04
|   |   |   |   |--- truncated branch of depth 5
|   |   |   |--- feature_18 >  -0.04
|   |   |   |   |--- class: 23
|   |--- feature_1 >  0.27
|   |   |--- feature_13 <= -0.05
|   |   |   |--- feature_12 <= -0.18
|   |   |   |   |--- class: 23
|   |   |   |--- feature_12 >  -0.18
|   |   |   |   |--- class: 23
|   |   |--- feature_13 >  -0.05
|   |   |   |--- feature_1 <= 1.56
|   |   |   |   |--- truncated branch of depth 5
|   |   |   |--- feature_1 >  1.56
|   |   |   |   |--- truncated branch of depth 3

[S-REINFORCE] symbolic-policy agreement=0.256
[S-REINFORCE] symbolic-policy agreement=0.251
[S-REINFORCE] symbolic tree refit at rollout 58 | imitation_acc=0.407
|--- feature_9 <= 0.23
|   |--- feature_0 <= 0.25
|   |   |--- feature_16 <= -0.07
|   |   |   |--- feature_1 <= 1.55
|   |   |   |   |--- truncated branch of depth 5
|   |   |   |--- feature_1 >  1.55
|   |   |   |   |--- class: 27
|   |   |--- feature_16 >  -0.07
|   |   |   |--- class: 23
|   |--- feature_0 >  0.25
|   |   |--- feature_8 <= -0.10
|   |   |   |--- class: 23
|   |   |--- feature_8 >  -0.10
|   |   |   |--- feature_0 <= 4.00
|   |   |   |   |--- truncated branch of depth 5
|   |   |   |--- feature_0 >  4.00
|   |   |   |   |--- truncated branch of depth 2
|--- feature_9 >  0.23
|   |--- feature_16 <= -0.07
|   |   |--- feature_2 <= 0.28
|   |   |   |--- feature_13 <= -0.05
|   |   |   |   |--- truncated branch of depth 5
|   |   |   |--- feature_13 >  -0.05
|   |   |   |   |--- class: 23
|   |   |--- feature_2 >  0.28
|   |   |   |--- feature_2 <= 0.29
|   |   |   |   |--- truncated branch of depth 5
|   |   |   |--- feature_2 >  0.29
|   |   |   |   |--- truncated branch of depth 5
|   |--- feature_16 >  -0.07
|   |   |--- feature_13 <= -0.05
|   |   |   |--- feature_9 <= 0.41
|   |   |   |   |--- class: 23
|   |   |   |--- feature_9 >  0.41
|   |   |   |   |--- truncated branch of depth 4
|   |   |--- feature_13 >  -0.05
|   |   |   |--- class: 30

[S-REINFORCE] symbolic-policy agreement=0.375
[S-REINFORCE] symbolic-policy agreement=0.277
Eval at step 60000, survival=2.141%, return=[-1.2089233319663133, 102.36748960494997, -13.192039769918969, -6.397660818713452]
SPS=4
[S-REINFORCE] symbolic tree refit at rollout 60 | imitation_acc=0.418
|--- feature_19 <= -0.01
|   |--- feature_7 <= -0.04
|   |   |--- feature_7 <= -0.04
|   |   |   |--- feature_4 <= 0.17
|   |   |   |   |--- class: 23
|   |   |   |--- feature_4 >  0.17
|   |   |   |   |--- class: 23
|   |   |--- feature_7 >  -0.04
|   |   |   |--- feature_4 <= 0.19
|   |   |   |   |--- truncated branch of depth 5
|   |   |   |--- feature_4 >  0.19
|   |   |   |   |--- truncated branch of depth 5
|   |--- feature_7 >  -0.04
|   |   |--- feature_14 <= -0.74
|   |   |   |--- class: 23
|   |   |--- feature_14 >  -0.74
|   |   |   |--- feature_9 <= 0.94
|   |   |   |   |--- truncated branch of depth 2
|   |   |   |--- feature_9 >  0.94
|   |   |   |   |--- class: 23
|--- feature_19 >  -0.01
|   |--- feature_7 <= -0.04
|   |   |--- feature_8 <= -0.10
|   |   |   |--- class: 23
|   |   |--- feature_8 >  -0.10
|   |   |   |--- class: 23
|   |--- feature_7 >  -0.04
|   |   |--- feature_14 <= -0.78
|   |   |   |--- feature_0 <= 0.08
|   |   |   |   |--- truncated branch of depth 5
|   |   |   |--- feature_0 >  0.08
|   |   |   |   |--- truncated branch of depth 5
|   |   |--- feature_14 >  -0.78
|   |   |   |--- feature_1 <= 0.26
|   |   |   |   |--- truncated branch of depth 2
|   |   |   |--- feature_1 >  0.26
|   |   |   |   |--- truncated branch of depth 5

[S-REINFORCE] symbolic-policy agreement=0.188
[S-REINFORCE] symbolic-policy agreement=0.371
[S-REINFORCE] symbolic tree refit at rollout 62 | imitation_acc=0.502
|--- feature_9 <= 0.30
|   |--- feature_13 <= -0.05
|   |   |--- feature_16 <= -0.07
|   |   |   |--- feature_13 <= -0.05
|   |   |   |   |--- class: 23
|   |   |   |--- feature_13 >  -0.05
|   |   |   |   |--- truncated branch of depth 3
|   |   |--- feature_16 >  -0.07
|   |   |   |--- feature_17 <= -0.16
|   |   |   |   |--- class: 23
|   |   |   |--- feature_17 >  -0.16
|   |   |   |   |--- truncated branch of depth 3
|   |--- feature_13 >  -0.05
|   |   |--- feature_11 <= 0.19
|   |   |   |--- feature_19 <= -0.01
|   |   |   |   |--- truncated branch of depth 4
|   |   |   |--- feature_19 >  -0.01
|   |   |   |   |--- truncated branch of depth 3
|   |   |--- feature_11 >  0.19
|   |   |   |--- feature_7 <= -0.04
|   |   |   |   |--- truncated branch of depth 2
|   |   |   |--- feature_7 >  -0.04
|   |   |   |   |--- truncated branch of depth 5
|--- feature_9 >  0.30
|   |--- feature_14 <= -0.77
|   |   |--- feature_17 <= -0.14
|   |   |   |--- feature_18 <= -0.04
|   |   |   |   |--- truncated branch of depth 4
|   |   |   |--- feature_18 >  -0.04
|   |   |   |   |--- truncated branch of depth 3
|   |   |--- feature_17 >  -0.14
|   |   |   |--- feature_3 <= -0.19
|   |   |   |   |--- class: 48
|   |   |   |--- feature_3 >  -0.19
|   |   |   |   |--- truncated branch of depth 2
|   |--- feature_14 >  -0.77
|   |   |--- feature_3 <= -0.19
|   |   |   |--- feature_15 <= -0.22
|   |   |   |   |--- truncated branch of depth 3
|   |   |   |--- feature_15 >  -0.22
|   |   |   |   |--- truncated branch of depth 5
|   |   |--- feature_3 >  -0.19
|   |   |   |--- feature_16 <= -0.07
|   |   |   |   |--- class: 23
|   |   |   |--- feature_16 >  -0.07
|   |   |   |   |--- truncated branch of depth 4

[S-REINFORCE] symbolic-policy agreement=0.525
[S-REINFORCE] symbolic-policy agreement=0.383
[S-REINFORCE] symbolic tree refit at rollout 64 | imitation_acc=0.517
|--- feature_9 <= -0.08
|   |--- feature_16 <= -0.07
|   |   |--- feature_5 <= -1.21
|   |   |   |--- class: 33
|   |   |--- feature_5 >  -1.21
|   |   |   |--- feature_10 <= -0.20
|   |   |   |   |--- class: 30
|   |   |   |--- feature_10 >  -0.20
|   |   |   |   |--- truncated branch of depth 3
|   |--- feature_16 >  -0.07
|   |   |--- feature_2 <= 0.23
|   |   |   |--- feature_4 <= 0.12
|   |   |   |   |--- truncated branch of depth 4
|   |   |   |--- feature_4 >  0.12
|   |   |   |   |--- truncated branch of depth 5
|   |   |--- feature_2 >  0.23
|   |   |   |--- feature_15 <= -0.22
|   |   |   |   |--- truncated branch of depth 5
|   |   |   |--- feature_15 >  -0.22
|   |   |   |   |--- class: 22
|--- feature_9 >  -0.08
|   |--- feature_18 <= -0.04
|   |   |--- feature_9 <= 0.47
|   |   |   |--- feature_10 <= -0.20
|   |   |   |   |--- class: 23
|   |   |   |--- feature_10 >  -0.20
|   |   |   |   |--- truncated branch of depth 2
|   |   |--- feature_9 >  0.47
|   |   |   |--- feature_0 <= -1.54
|   |   |   |   |--- class: 23
|   |   |   |--- feature_0 >  -1.54
|   |   |   |   |--- truncated branch of depth 3
|   |--- feature_18 >  -0.04
|   |   |--- feature_16 <= -0.07
|   |   |   |--- feature_18 <= -0.04
|   |   |   |   |--- truncated branch of depth 3
|   |   |   |--- feature_18 >  -0.04
|   |   |   |   |--- truncated branch of depth 5
|   |   |--- feature_16 >  -0.07
|   |   |   |--- feature_17 <= -0.15
|   |   |   |   |--- truncated branch of depth 5
|   |   |   |--- feature_17 >  -0.15
|   |   |   |   |--- truncated branch of depth 5

[S-REINFORCE] symbolic-policy agreement=0.423
[S-REINFORCE] symbolic-policy agreement=0.270
[S-REINFORCE] symbolic tree refit at rollout 66 | imitation_acc=0.490
|--- feature_7 <= -0.04
|   |--- feature_2 <= 0.30
|   |   |--- feature_19 <= -0.01
|   |   |   |--- feature_17 <= -1.08
|   |   |   |   |--- class: 49
|   |   |   |--- feature_17 >  -1.08
|   |   |   |   |--- truncated branch of depth 5
|   |   |--- feature_19 >  -0.01
|   |   |   |--- feature_18 <= -0.04
|   |   |   |   |--- class: 23
|   |   |   |--- feature_18 >  -0.04
|   |   |   |   |--- class: 23
|   |--- feature_2 >  0.30
|   |   |--- feature_2 <= 0.31
|   |   |   |--- feature_15 <= -0.22
|   |   |   |   |--- class: 14
|   |   |   |--- feature_15 >  -0.22
|   |   |   |   |--- class: 14
|   |   |--- feature_2 >  0.31
|   |   |   |--- feature_6 <= 0.89
|   |   |   |   |--- class: 2
|   |   |   |--- feature_6 >  0.89
|   |   |   |   |--- class: 14
|--- feature_7 >  -0.04
|   |--- feature_16 <= -0.07
|   |   |--- feature_18 <= -0.04
|   |   |   |--- feature_7 <= -0.04
|   |   |   |   |--- truncated branch of depth 5
|   |   |   |--- feature_7 >  -0.04
|   |   |   |   |--- truncated branch of depth 2
|   |   |--- feature_18 >  -0.04
|   |   |   |--- feature_19 <= -0.01
|   |   |   |   |--- truncated branch of depth 5
|   |   |   |--- feature_19 >  -0.01
|   |   |   |   |--- truncated branch of depth 5
|   |--- feature_16 >  -0.07
|   |   |--- feature_18 <= -0.04
|   |   |   |--- feature_14 <= -0.27
|   |   |   |   |--- class: 2
|   |   |   |--- feature_14 >  -0.27
|   |   |   |   |--- truncated branch of depth 5
|   |   |--- feature_18 >  -0.04
|   |   |   |--- feature_2 <= 0.30
|   |   |   |   |--- truncated branch of depth 5
|   |   |   |--- feature_2 >  0.30
|   |   |   |   |--- truncated branch of depth 2

[S-REINFORCE] symbolic-policy agreement=0.505
[S-REINFORCE] symbolic-policy agreement=0.412
[S-REINFORCE] symbolic tree refit at rollout 68 | imitation_acc=0.609
|--- feature_9 <= 0.28
|   |--- feature_17 <= -0.04
|   |   |--- feature_7 <= -0.04
|   |   |   |--- class: 23
|   |   |--- feature_7 >  -0.04
|   |   |   |--- feature_14 <= 0.02
|   |   |   |   |--- class: 22
|   |   |   |--- feature_14 >  0.02
|   |   |   |   |--- class: 23
|   |--- feature_17 >  -0.04
|   |   |--- feature_17 <= 0.14
|   |   |   |--- feature_14 <= 0.35
|   |   |   |   |--- truncated branch of depth 5
|   |   |   |--- feature_14 >  0.35
|   |   |   |   |--- truncated branch of depth 2
|   |   |--- feature_17 >  0.14
|   |   |   |--- feature_1 <= 0.24
|   |   |   |   |--- class: 46
|   |   |   |--- feature_1 >  0.24
|   |   |   |   |--- truncated branch of depth 5
|--- feature_9 >  0.28
|   |--- feature_3 <= -0.19
|   |   |--- feature_9 <= 0.45
|   |   |   |--- feature_9 <= 0.45
|   |   |   |   |--- truncated branch of depth 3
|   |   |   |--- feature_9 >  0.45
|   |   |   |   |--- truncated branch of depth 2
|   |   |--- feature_9 >  0.45
|   |   |   |--- feature_4 <= 0.30
|   |   |   |   |--- truncated branch of depth 5
|   |   |   |--- feature_4 >  0.30
|   |   |   |   |--- truncated branch of depth 2
|   |--- feature_3 >  -0.19
|   |   |--- feature_14 <= -0.77
|   |   |   |--- feature_14 <= -0.78
|   |   |   |   |--- truncated branch of depth 2
|   |   |   |--- feature_14 >  -0.78
|   |   |   |   |--- truncated branch of depth 2
|   |   |--- feature_14 >  -0.77
|   |   |   |--- feature_3 <= -0.19
|   |   |   |   |--- truncated branch of depth 4
|   |   |   |--- feature_3 >  -0.19
|   |   |   |   |--- truncated branch of depth 3

[S-REINFORCE] symbolic-policy agreement=0.607
[S-REINFORCE] symbolic-policy agreement=0.385
Eval at step 70000, survival=1.426%, return=[-1.1464986406111468, 67.53647800127669, -5.333333333333333, -8.912280701754375]
SPS=3
[S-REINFORCE] symbolic tree refit at rollout 70 | imitation_acc=0.615
|--- feature_9 <= 0.17
|   |--- feature_17 <= -0.10
|   |   |--- feature_3 <= -0.19
|   |   |   |--- feature_9 <= -1.36
|   |   |   |   |--- truncated branch of depth 2
|   |   |   |--- feature_9 >  -1.36
|   |   |   |   |--- truncated branch of depth 2
|   |   |--- feature_3 >  -0.19
|   |   |   |--- class: 5
|   |--- feature_17 >  -0.10
|   |   |--- feature_8 <= -0.10
|   |   |   |--- feature_14 <= 0.46
|   |   |   |   |--- truncated branch of depth 5
|   |   |   |--- feature_14 >  0.46
|   |   |   |   |--- class: 23
|   |   |--- feature_8 >  -0.10
|   |   |   |--- feature_7 <= -0.04
|   |   |   |   |--- truncated branch of depth 5
|   |   |   |--- feature_7 >  -0.04
|   |   |   |   |--- truncated branch of depth 5
|--- feature_9 >  0.17
|   |--- feature_8 <= -0.10
|   |   |--- feature_7 <= -0.04
|   |   |   |--- feature_15 <= -0.21
|   |   |   |   |--- class: 23
|   |   |   |--- feature_15 >  -0.21
|   |   |   |   |--- truncated branch of depth 2
|   |   |--- feature_7 >  -0.04
|   |   |   |--- feature_4 <= 0.23
|   |   |   |   |--- truncated branch of depth 5
|   |   |   |--- feature_4 >  0.23
|   |   |   |   |--- truncated branch of depth 3
|   |--- feature_8 >  -0.10
|   |   |--- feature_6 <= 0.01
|   |   |   |--- feature_6 <= -0.06
|   |   |   |   |--- truncated branch of depth 4
|   |   |   |--- feature_6 >  -0.06
|   |   |   |   |--- class: 41
|   |   |--- feature_6 >  0.01
|   |   |   |--- feature_17 <= -0.19
|   |   |   |   |--- class: 22
|   |   |   |--- feature_17 >  -0.19
|   |   |   |   |--- truncated branch of depth 3

[S-REINFORCE] symbolic-policy agreement=0.632
[S-REINFORCE] symbolic-policy agreement=0.503
[S-REINFORCE] symbolic tree refit at rollout 72 | imitation_acc=0.680
|--- feature_11 <= 0.17
|   |--- feature_11 <= 0.16
|   |   |--- feature_8 <= -0.10
|   |   |   |--- feature_13 <= -0.05
|   |   |   |   |--- class: 23
|   |   |   |--- feature_13 >  -0.05
|   |   |   |   |--- truncated branch of depth 3
|   |   |--- feature_8 >  -0.10
|   |   |   |--- feature_13 <= -0.05
|   |   |   |   |--- class: 32
|   |   |   |--- feature_13 >  -0.05
|   |   |   |   |--- truncated branch of depth 5
|   |--- feature_11 >  0.16
|   |   |--- feature_11 <= 0.16
|   |   |   |--- feature_8 <= -0.10
|   |   |   |   |--- truncated branch of depth 2
|   |   |   |--- feature_8 >  -0.10
|   |   |   |   |--- truncated branch of depth 2
|   |   |--- feature_11 >  0.16
|   |   |   |--- class: 23
|--- feature_11 >  0.17
|   |--- feature_4 <= -0.06
|   |   |--- feature_6 <= 1.59
|   |   |   |--- feature_11 <= 0.47
|   |   |   |   |--- truncated branch of depth 2
|   |   |   |--- feature_11 >  0.47
|   |   |   |   |--- truncated branch of depth 5
|   |   |--- feature_6 >  1.59
|   |   |   |--- class: 2
|   |--- feature_4 >  -0.06
|   |   |--- feature_9 <= 0.46
|   |   |   |--- feature_15 <= -0.21
|   |   |   |   |--- truncated branch of depth 5
|   |   |   |--- feature_15 >  -0.21
|   |   |   |   |--- truncated branch of depth 5
|   |   |--- feature_9 >  0.46
|   |   |   |--- feature_8 <= -0.10
|   |   |   |   |--- truncated branch of depth 2
|   |   |   |--- feature_8 >  -0.10
|   |   |   |   |--- truncated branch of depth 2

[S-REINFORCE] symbolic-policy agreement=0.676
[S-REINFORCE] symbolic-policy agreement=0.671
[S-REINFORCE] symbolic tree refit at rollout 74 | imitation_acc=0.765
|--- feature_11 <= 0.22
|   |--- feature_19 <= -0.01
|   |   |--- feature_14 <= -0.78
|   |   |   |--- class: 23
|   |   |--- feature_14 >  -0.78
|   |   |   |--- feature_12 <= -0.17
|   |   |   |   |--- truncated branch of depth 2
|   |   |   |--- feature_12 >  -0.17
|   |   |   |   |--- class: 23
|   |--- feature_19 >  -0.01
|   |   |--- feature_11 <= 0.14
|   |   |   |--- feature_17 <= 0.01
|   |   |   |   |--- truncated branch of depth 2
|   |   |   |--- feature_17 >  0.01
|   |   |   |   |--- class: 13
|   |   |--- feature_11 >  0.14
|   |   |   |--- feature_14 <= -0.01
|   |   |   |   |--- truncated branch of depth 3
|   |   |   |--- feature_14 >  -0.01
|   |   |   |   |--- class: 6
|--- feature_11 >  0.22
|   |--- feature_17 <= 0.10
|   |   |--- feature_9 <= 0.37
|   |   |   |--- feature_14 <= 0.41
|   |   |   |   |--- truncated branch of depth 5
|   |   |   |--- feature_14 >  0.41
|   |   |   |   |--- class: 23
|   |   |--- feature_9 >  0.37
|   |   |   |--- feature_11 <= 0.24
|   |   |   |   |--- class: 2
|   |   |   |--- feature_11 >  0.24
|   |   |   |   |--- truncated branch of depth 2
|   |--- feature_17 >  0.10
|   |   |--- feature_1 <= 0.22
|   |   |   |--- feature_13 <= -0.04
|   |   |   |   |--- class: 9
|   |   |   |--- feature_13 >  -0.04
|   |   |   |   |--- class: 23
|   |   |--- feature_1 >  0.22
|   |   |   |--- class: 23

[S-REINFORCE] symbolic-policy agreement=0.784
[S-REINFORCE] symbolic-policy agreement=0.784
[S-REINFORCE] symbolic tree refit at rollout 76 | imitation_acc=0.799
|--- feature_11 <= 0.22
|   |--- feature_2 <= 0.32
|   |   |--- feature_2 <= -0.56
|   |   |   |--- feature_9 <= 0.62
|   |   |   |   |--- truncated branch of depth 2
|   |   |   |--- feature_9 >  0.62
|   |   |   |   |--- class: 23
|   |   |--- feature_2 >  -0.56
|   |   |   |--- feature_2 <= -0.06
|   |   |   |   |--- class: 23
|   |   |   |--- feature_2 >  -0.06
|   |   |   |   |--- truncated branch of depth 2
|   |--- feature_2 >  0.32
|   |   |--- feature_2 <= 0.37
|   |   |   |--- feature_13 <= -0.04
|   |   |   |   |--- truncated branch of depth 2
|   |   |   |--- feature_13 >  -0.04
|   |   |   |   |--- class: 23
|   |   |--- feature_2 >  0.37
|   |   |   |--- feature_9 <= 0.23
|   |   |   |   |--- class: 23
|   |   |   |--- feature_9 >  0.23
|   |   |   |   |--- class: 23
|--- feature_11 >  0.22
|   |--- feature_9 <= -1.34
|   |   |--- feature_6 <= 0.16
|   |   |   |--- class: 23
|   |   |--- feature_6 >  0.16
|   |   |   |--- feature_6 <= 0.62
|   |   |   |   |--- truncated branch of depth 4
|   |   |   |--- feature_6 >  0.62
|   |   |   |   |--- truncated branch of depth 5
|   |--- feature_9 >  -1.34
|   |   |--- feature_2 <= 0.06
|   |   |   |--- feature_6 <= -0.51
|   |   |   |   |--- truncated branch of depth 4
|   |   |   |--- feature_6 >  -0.51
|   |   |   |   |--- truncated branch of depth 5
|   |   |--- feature_2 >  0.06
|   |   |   |--- feature_5 <= 0.18
|   |   |   |   |--- class: 23
|   |   |   |--- feature_5 >  0.18
|   |   |   |   |--- truncated branch of depth 5

[S-REINFORCE] symbolic-policy agreement=0.815
[S-REINFORCE] symbolic-policy agreement=0.846
[S-REINFORCE] symbolic tree refit at rollout 78 | imitation_acc=0.858
|--- feature_11 <= 0.22
|   |--- feature_5 <= 0.14
|   |   |--- feature_2 <= 0.08
|   |   |   |--- feature_11 <= 0.21
|   |   |   |   |--- truncated branch of depth 2
|   |   |   |--- feature_11 >  0.21
|   |   |   |   |--- class: 23
|   |   |--- feature_2 >  0.08
|   |   |   |--- class: 23
|   |--- feature_5 >  0.14
|   |   |--- feature_5 <= 0.25
|   |   |   |--- feature_6 <= -0.09
|   |   |   |   |--- class: 9
|   |   |   |--- feature_6 >  -0.09
|   |   |   |   |--- class: 23
|   |   |--- feature_5 >  0.25
|   |   |   |--- feature_9 <= 0.22
|   |   |   |   |--- class: 23
|   |   |   |--- feature_9 >  0.22
|   |   |   |   |--- class: 23
|--- feature_11 >  0.22
|   |--- feature_12 <= -0.17
|   |   |--- feature_1 <= 0.22
|   |   |   |--- feature_14 <= -0.84
|   |   |   |   |--- truncated branch of depth 4
|   |   |   |--- feature_14 >  -0.84
|   |   |   |   |--- truncated branch of depth 5
|   |   |--- feature_1 >  0.22
|   |   |   |--- feature_1 <= 0.22
|   |   |   |   |--- truncated branch of depth 2
|   |   |   |--- feature_1 >  0.22
|   |   |   |   |--- class: 23
|   |--- feature_12 >  -0.17
|   |   |--- feature_15 <= -0.21
|   |   |   |--- class: 23
|   |   |--- feature_15 >  -0.21
|   |   |   |--- class: 23

[S-REINFORCE] symbolic-policy agreement=0.885
[S-REINFORCE] symbolic-policy agreement=0.912
Eval at step 80000, survival=5.659%, return=[-1.7172389098365481, 277.2316347805662, -27.076922113386292, -38.0935672514621]
SPS=3
[S-REINFORCE] symbolic tree refit at rollout 80 | imitation_acc=0.904
|--- feature_11 <= 0.19
|   |--- feature_11 <= 0.12
|   |   |--- feature_11 <= -1.81
|   |   |   |--- class: 23
|   |   |--- feature_11 >  -1.81
|   |   |   |--- class: 23
|   |--- feature_11 >  0.12
|   |   |--- feature_9 <= 0.18
|   |   |   |--- class: 23
|   |   |--- feature_9 >  0.18
|   |   |   |--- class: 9
|--- feature_11 >  0.19
|   |--- feature_9 <= 0.45
|   |   |--- feature_5 <= 0.24
|   |   |   |--- feature_17 <= 0.11
|   |   |   |   |--- truncated branch of depth 5
|   |   |   |--- feature_17 >  0.11
|   |   |   |   |--- class: 23
|   |   |--- feature_5 >  0.24
|   |   |   |--- feature_3 <= -0.18
|   |   |   |   |--- truncated branch of depth 5
|   |   |   |--- feature_3 >  -0.18
|   |   |   |   |--- truncated branch of depth 4
|   |--- feature_9 >  0.45
|   |   |--- class: 23

[S-REINFORCE] symbolic-policy agreement=0.916
[S-REINFORCE] symbolic-policy agreement=0.928
[S-REINFORCE] symbolic tree refit at rollout 82 | imitation_acc=0.910
|--- feature_11 <= 0.21
|   |--- feature_14 <= -0.88
|   |   |--- class: 17
|   |--- feature_14 >  -0.88
|   |   |--- feature_9 <= 0.52
|   |   |   |--- feature_1 <= 0.21
|   |   |   |   |--- class: 23
|   |   |   |--- feature_1 >  0.21
|   |   |   |   |--- truncated branch of depth 2
|   |   |--- feature_9 >  0.52
|   |   |   |--- class: 23
|--- feature_11 >  0.21
|   |--- feature_6 <= -0.56
|   |   |--- feature_6 <= -0.58
|   |   |   |--- class: 23
|   |   |--- feature_6 >  -0.58
|   |   |   |--- class: 23
|   |--- feature_6 >  -0.56
|   |   |--- feature_4 <= 0.07
|   |   |   |--- feature_6 <= -0.54
|   |   |   |   |--- class: 23
|   |   |   |--- feature_6 >  -0.54
|   |   |   |   |--- truncated branch of depth 3
|   |   |--- feature_4 >  0.07
|   |   |   |--- feature_9 <= 0.17
|   |   |   |   |--- truncated branch of depth 5
|   |   |   |--- feature_9 >  0.17
|   |   |   |   |--- class: 23

[S-REINFORCE] symbolic-policy agreement=0.910
[S-REINFORCE] symbolic-policy agreement=0.915
[S-REINFORCE] symbolic tree refit at rollout 84 | imitation_acc=0.906
|--- feature_11 <= 0.21
|   |--- feature_14 <= -0.89
|   |   |--- class: 17
|   |--- feature_14 >  -0.89
|   |   |--- feature_14 <= -0.76
|   |   |   |--- class: 23
|   |   |--- feature_14 >  -0.76
|   |   |   |--- feature_2 <= 0.14
|   |   |   |   |--- truncated branch of depth 2
|   |   |   |--- feature_2 >  0.14
|   |   |   |   |--- class: 23
|--- feature_11 >  0.21
|   |--- feature_0 <= -0.34
|   |   |--- class: 23
|   |--- feature_0 >  -0.34
|   |   |--- feature_4 <= 0.09
|   |   |   |--- feature_6 <= -0.54
|   |   |   |   |--- truncated branch of depth 3
|   |   |   |--- feature_6 >  -0.54
|   |   |   |   |--- truncated branch of depth 5
|   |   |--- feature_4 >  0.09
|   |   |   |--- feature_3 <= -0.18
|   |   |   |   |--- truncated branch of depth 3
|   |   |   |--- feature_3 >  -0.18
|   |   |   |   |--- truncated branch of depth 5

[S-REINFORCE] symbolic-policy agreement=0.902
[S-REINFORCE] symbolic-policy agreement=0.583
[S-REINFORCE] symbolic tree refit at rollout 86 | imitation_acc=0.635
|--- feature_17 <= 0.07
|   |--- feature_2 <= 0.33
|   |   |--- feature_12 <= -0.16
|   |   |   |--- feature_16 <= -0.06
|   |   |   |   |--- truncated branch of depth 5
|   |   |   |--- feature_16 >  -0.06
|   |   |   |   |--- truncated branch of depth 4
|   |   |--- feature_12 >  -0.16
|   |   |   |--- feature_9 <= 0.31
|   |   |   |   |--- truncated branch of depth 3
|   |   |   |--- feature_9 >  0.31
|   |   |   |   |--- truncated branch of depth 4
|   |--- feature_2 >  0.33
|   |   |--- feature_3 <= -0.18
|   |   |   |--- feature_10 <= -0.18
|   |   |   |   |--- class: 9
|   |   |   |--- feature_10 >  -0.18
|   |   |   |   |--- class: 17
|   |   |--- feature_3 >  -0.18
|   |   |   |--- class: 9
|--- feature_17 >  0.07
|   |--- feature_18 <= -0.04
|   |   |--- feature_17 <= 0.42
|   |   |   |--- feature_14 <= 0.52
|   |   |   |   |--- truncated branch of depth 5
|   |   |   |--- feature_14 >  0.52
|   |   |   |   |--- class: 17
|   |   |--- feature_17 >  0.42
|   |   |   |--- feature_11 <= 0.61
|   |   |   |   |--- class: 17
|   |   |   |--- feature_11 >  0.61
|   |   |   |   |--- class: 23
|   |--- feature_18 >  -0.04
|   |   |--- feature_9 <= -1.30
|   |   |   |--- feature_11 <= 0.34
|   |   |   |   |--- class: 23
|   |   |   |--- feature_11 >  0.34
|   |   |   |   |--- class: 17
|   |   |--- feature_9 >  -1.30
|   |   |   |--- feature_15 <= -0.20
|   |   |   |   |--- truncated branch of depth 3
|   |   |   |--- feature_15 >  -0.20
|   |   |   |   |--- class: 23

[S-REINFORCE] symbolic-policy agreement=0.554
[S-REINFORCE] symbolic-policy agreement=0.265
[S-REINFORCE] symbolic tree refit at rollout 88 | imitation_acc=0.562
|--- feature_2 <= -0.54
|   |--- feature_8 <= -0.09
|   |   |--- feature_5 <= -1.83
|   |   |   |--- feature_1 <= 0.21
|   |   |   |   |--- class: 9
|   |   |   |--- feature_1 >  0.21
|   |   |   |   |--- class: 17
|   |   |--- feature_5 >  -1.83
|   |   |   |--- feature_17 <= 0.20
|   |   |   |   |--- truncated branch of depth 5
|   |   |   |--- feature_17 >  0.20
|   |   |   |   |--- truncated branch of depth 5
|   |--- feature_8 >  -0.09
|   |   |--- feature_15 <= -0.20
|   |   |   |--- feature_11 <= -2.04
|   |   |   |   |--- class: 17
|   |   |   |--- feature_11 >  -2.04
|   |   |   |   |--- class: 17
|   |   |--- feature_15 >  -0.20
|   |   |   |--- feature_8 <= -0.09
|   |   |   |   |--- truncated branch of depth 5
|   |   |   |--- feature_8 >  -0.09
|   |   |   |   |--- class: 9
|--- feature_2 >  -0.54
|   |--- feature_6 <= 0.50
|   |   |--- feature_8 <= -0.09
|   |   |   |--- feature_16 <= -0.06
|   |   |   |   |--- truncated branch of depth 5
|   |   |   |--- feature_16 >  -0.06
|   |   |   |   |--- truncated branch of depth 2
|   |   |--- feature_8 >  -0.09
|   |   |   |--- feature_18 <= -0.04
|   |   |   |   |--- truncated branch of depth 4
|   |   |   |--- feature_18 >  -0.04
|   |   |   |   |--- truncated branch of depth 4
|   |--- feature_6 >  0.50
|   |   |--- feature_6 <= 0.58
|   |   |   |--- feature_14 <= -0.88
|   |   |   |   |--- truncated branch of depth 5
|   |   |   |--- feature_14 >  -0.88
|   |   |   |   |--- class: 17
|   |   |--- feature_6 >  0.58
|   |   |   |--- feature_4 <= 0.30
|   |   |   |   |--- truncated branch of depth 5
|   |   |   |--- feature_4 >  0.30
|   |   |   |   |--- truncated branch of depth 5

[S-REINFORCE] symbolic-policy agreement=0.415
[S-REINFORCE] symbolic-policy agreement=0.159
Eval at step 90000, survival=1.438%, return=[-1.161323077045381, 71.49475514888766, -5.393663172920545, -7.456140350877189]
SPS=4
[S-REINFORCE] symbolic tree refit at rollout 90 | imitation_acc=0.547
|--- feature_2 <= 0.12
|   |--- feature_16 <= -0.06
|   |   |--- feature_11 <= 0.48
|   |   |   |--- feature_2 <= 0.11
|   |   |   |   |--- truncated branch of depth 5
|   |   |   |--- feature_2 >  0.11
|   |   |   |   |--- class: 32
|   |   |--- feature_11 >  0.48
|   |   |   |--- feature_18 <= -0.04
|   |   |   |   |--- class: 17
|   |   |   |--- feature_18 >  -0.04
|   |   |   |   |--- truncated branch of depth 4
|   |--- feature_16 >  -0.06
|   |   |--- feature_16 <= -0.06
|   |   |   |--- feature_8 <= -0.09
|   |   |   |   |--- class: 9
|   |   |   |--- feature_8 >  -0.09
|   |   |   |   |--- truncated branch of depth 5
|   |   |--- feature_16 >  -0.06
|   |   |   |--- feature_9 <= 0.36
|   |   |   |   |--- class: 17
|   |   |   |--- feature_9 >  0.36
|   |   |   |   |--- class: 9
|--- feature_2 >  0.12
|   |--- feature_13 <= -0.04
|   |   |--- feature_19 <= -0.01
|   |   |   |--- feature_7 <= -0.04
|   |   |   |   |--- class: 23
|   |   |   |--- feature_7 >  -0.04
|   |   |   |   |--- class: 9
|   |   |--- feature_19 >  -0.01
|   |   |   |--- feature_17 <= -0.17
|   |   |   |   |--- truncated branch of depth 5
|   |   |   |--- feature_17 >  -0.17
|   |   |   |   |--- truncated branch of depth 5
|   |--- feature_13 >  -0.04
|   |   |--- feature_11 <= 0.16
|   |   |   |--- feature_7 <= -0.04
|   |   |   |   |--- class: 9
|   |   |   |--- feature_7 >  -0.04
|   |   |   |   |--- class: 9
|   |   |--- feature_11 >  0.16
|   |   |   |--- class: 23

[S-REINFORCE] symbolic-policy agreement=0.340
[S-REINFORCE] symbolic-policy agreement=0.325
[S-REINFORCE] symbolic tree refit at rollout 92 | imitation_acc=0.556
|--- feature_5 <= -0.63
|   |--- feature_1 <= -2.55
|   |   |--- feature_2 <= -1.23
|   |   |   |--- class: 17
|   |   |--- feature_2 >  -1.23
|   |   |   |--- feature_12 <= -0.16
|   |   |   |   |--- class: 17
|   |   |   |--- feature_12 >  -0.16
|   |   |   |   |--- truncated branch of depth 5
|   |--- feature_1 >  -2.55
|   |   |--- feature_6 <= -1.29
|   |   |   |--- feature_3 <= -0.18
|   |   |   |   |--- class: 9
|   |   |   |--- feature_3 >  -0.18
|   |   |   |   |--- class: 9
|   |   |--- feature_6 >  -1.29
|   |   |   |--- feature_14 <= 2.58
|   |   |   |   |--- truncated branch of depth 5
|   |   |   |--- feature_14 >  2.58
|   |   |   |   |--- class: 9
|--- feature_5 >  -0.63
|   |--- feature_14 <= -0.77
|   |   |--- feature_14 <= -0.77
|   |   |   |--- feature_18 <= -0.04
|   |   |   |   |--- truncated branch of depth 2
|   |   |   |--- feature_18 >  -0.04
|   |   |   |   |--- truncated branch of depth 5
|   |   |--- feature_14 >  -0.77
|   |   |   |--- feature_14 <= -0.77
|   |   |   |   |--- class: 1
|   |   |   |--- feature_14 >  -0.77
|   |   |   |   |--- truncated branch of depth 4
|   |--- feature_14 >  -0.77
|   |   |--- feature_18 <= -0.04
|   |   |   |--- feature_1 <= 0.21
|   |   |   |   |--- truncated branch of depth 5
|   |   |   |--- feature_1 >  0.21
|   |   |   |   |--- truncated branch of depth 5
|   |   |--- feature_18 >  -0.04
|   |   |   |--- class: 17

[S-REINFORCE] symbolic-policy agreement=0.451
[S-REINFORCE] symbolic-policy agreement=0.118
[S-REINFORCE] symbolic tree refit at rollout 94 | imitation_acc=0.599
|--- feature_9 <= 0.71
|   |--- feature_2 <= 0.10
|   |   |--- feature_19 <= -0.01
|   |   |   |--- feature_10 <= -0.18
|   |   |   |   |--- truncated branch of depth 5
|   |   |   |--- feature_10 >  -0.18
|   |   |   |   |--- truncated branch of depth 3
|   |   |--- feature_19 >  -0.01
|   |   |   |--- feature_1 <= 0.21
|   |   |   |   |--- truncated branch of depth 2
|   |   |   |--- feature_1 >  0.21
|   |   |   |   |--- truncated branch of depth 4
|   |--- feature_2 >  0.10
|   |   |--- feature_14 <= -0.77
|   |   |   |--- feature_14 <= -0.77
|   |   |   |   |--- truncated branch of depth 5
|   |   |   |--- feature_14 >  -0.77
|   |   |   |   |--- truncated branch of depth 4
|   |   |--- feature_14 >  -0.77
|   |   |   |--- feature_10 <= -0.18
|   |   |   |   |--- truncated branch of depth 5
|   |   |   |--- feature_10 >  -0.18
|   |   |   |   |--- truncated branch of depth 3
|--- feature_9 >  0.71
|   |--- feature_5 <= -0.78
|   |   |--- feature_18 <= -0.04
|   |   |   |--- class: 9
|   |   |--- feature_18 >  -0.04
|   |   |   |--- feature_10 <= -0.18
|   |   |   |   |--- class: 9
|   |   |   |--- feature_10 >  -0.18
|   |   |   |   |--- truncated branch of depth 2
|   |--- feature_5 >  -0.78
|   |   |--- feature_18 <= -0.04
|   |   |   |--- feature_9 <= 1.07
|   |   |   |   |--- class: 9
|   |   |   |--- feature_9 >  1.07
|   |   |   |   |--- truncated branch of depth 2
|   |   |--- feature_18 >  -0.04
|   |   |   |--- feature_7 <= -0.04
|   |   |   |   |--- truncated branch of depth 2
|   |   |   |--- feature_7 >  -0.04
|   |   |   |   |--- truncated branch of depth 5

[S-REINFORCE] symbolic-policy agreement=0.494
[S-REINFORCE] symbolic-policy agreement=0.440
[S-REINFORCE] symbolic tree refit at rollout 96 | imitation_acc=0.605
|--- feature_16 <= -0.06
|   |--- feature_3 <= -0.18
|   |   |--- feature_2 <= 0.64
|   |   |   |--- feature_13 <= -0.04
|   |   |   |   |--- truncated branch of depth 2
|   |   |   |--- feature_13 >  -0.04
|   |   |   |   |--- truncated branch of depth 5
|   |   |--- feature_2 >  0.64
|   |   |   |--- feature_8 <= -0.09
|   |   |   |   |--- class: 9
|   |   |   |--- feature_8 >  -0.09
|   |   |   |   |--- class: 9
|   |--- feature_3 >  -0.18
|   |   |--- feature_7 <= -0.04
|   |   |   |--- feature_19 <= -0.01
|   |   |   |   |--- truncated branch of depth 5
|   |   |   |--- feature_19 >  -0.01
|   |   |   |   |--- truncated branch of depth 2
|   |   |--- feature_7 >  -0.04
|   |   |   |--- feature_0 <= -1.67
|   |   |   |   |--- class: 4
|   |   |   |--- feature_0 >  -1.67
|   |   |   |   |--- truncated branch of depth 5
|--- feature_16 >  -0.06
|   |--- feature_17 <= 0.35
|   |   |--- feature_14 <= -0.69
|   |   |   |--- feature_6 <= -0.04
|   |   |   |   |--- truncated branch of depth 3
|   |   |   |--- feature_6 >  -0.04
|   |   |   |   |--- class: 9
|   |   |--- feature_14 >  -0.69
|   |   |   |--- feature_16 <= -0.06
|   |   |   |   |--- class: 9
|   |   |   |--- feature_16 >  -0.06
|   |   |   |   |--- truncated branch of depth 5
|   |--- feature_17 >  0.35
|   |   |--- feature_19 <= -0.01
|   |   |   |--- feature_18 <= -0.04
|   |   |   |   |--- truncated branch of depth 5
|   |   |   |--- feature_18 >  -0.04
|   |   |   |   |--- truncated branch of depth 3
|   |   |--- feature_19 >  -0.01
|   |   |   |--- feature_15 <= -0.19
|   |   |   |   |--- truncated branch of depth 5
|   |   |   |--- feature_15 >  -0.19
|   |   |   |   |--- class: 9

[S-REINFORCE] symbolic-policy agreement=0.548
[S-REINFORCE] symbolic-policy agreement=0.346
[S-REINFORCE] symbolic tree refit at rollout 98 | imitation_acc=0.654
|--- feature_14 <= -0.76
|   |--- feature_0 <= 0.01
|   |   |--- feature_14 <= -0.79
|   |   |   |--- class: 9
|   |   |--- feature_14 >  -0.79
|   |   |   |--- feature_10 <= -0.18
|   |   |   |   |--- class: 4
|   |   |   |--- feature_10 >  -0.18
|   |   |   |   |--- truncated branch of depth 4
|   |--- feature_0 >  0.01
|   |   |--- feature_3 <= -0.18
|   |   |   |--- feature_9 <= 0.54
|   |   |   |   |--- truncated branch of depth 2
|   |   |   |--- feature_9 >  0.54
|   |   |   |   |--- truncated branch of depth 2
|   |   |--- feature_3 >  -0.18
|   |   |   |--- feature_19 <= -0.01
|   |   |   |   |--- class: 5
|   |   |   |--- feature_19 >  -0.01
|   |   |   |   |--- class: 9
|--- feature_14 >  -0.76
|   |--- feature_7 <= -0.04
|   |   |--- feature_0 <= -0.81
|   |   |   |--- feature_5 <= 0.20
|   |   |   |   |--- class: 9
|   |   |   |--- feature_5 >  0.20
|   |   |   |   |--- class: 13
|   |   |--- feature_0 >  -0.81
|   |   |   |--- feature_9 <= 0.75
|   |   |   |   |--- truncated branch of depth 5
|   |   |   |--- feature_9 >  0.75
|   |   |   |   |--- truncated branch of depth 5
|   |--- feature_7 >  -0.04
|   |   |--- feature_12 <= -0.16
|   |   |   |--- feature_17 <= -0.22
|   |   |   |   |--- class: 9
|   |   |   |--- feature_17 >  -0.22
|   |   |   |   |--- class: 16
|   |   |--- feature_12 >  -0.16
|   |   |   |--- feature_12 <= -0.16
|   |   |   |   |--- truncated branch of depth 4
|   |   |   |--- feature_12 >  -0.16
|   |   |   |   |--- truncated branch of depth 5

[S-REINFORCE] symbolic-policy agreement=0.583
[S-REINFORCE] symbolic-policy agreement=0.202
Eval at step 100000, survival=2.550%, return=[-1.2824817788399134, 116.9038686386745, -7.003245570308839, -19.450292397660892]
SPS=4
[S-REINFORCE] symbolic tree refit at rollout 100 | imitation_acc=0.612
|--- feature_16 <= -0.06
|   |--- feature_0 <= -0.09
|   |   |--- feature_8 <= -0.09
|   |   |   |--- feature_1 <= 0.21
|   |   |   |   |--- class: 9
|   |   |   |--- feature_1 >  0.21
|   |   |   |   |--- truncated branch of depth 3
|   |   |--- feature_8 >  -0.09
|   |   |   |--- feature_16 <= -0.06
|   |   |   |   |--- truncated branch of depth 5
|   |   |   |--- feature_16 >  -0.06
|   |   |   |   |--- truncated branch of depth 2
|   |--- feature_0 >  -0.09
|   |   |--- feature_13 <= -0.04
|   |   |   |--- feature_17 <= -0.19
|   |   |   |   |--- truncated branch of depth 2
|   |   |   |--- feature_17 >  -0.19
|   |   |   |   |--- truncated branch of depth 4
|   |   |--- feature_13 >  -0.04
|   |   |   |--- feature_0 <= 0.01
|   |   |   |   |--- truncated branch of depth 3
|   |   |   |--- feature_0 >  0.01
|   |   |   |   |--- truncated branch of depth 5
|--- feature_16 >  -0.06
|   |--- feature_8 <= -0.09
|   |   |--- feature_9 <= 0.28
|   |   |   |--- feature_0 <= 0.73
|   |   |   |   |--- truncated branch of depth 2
|   |   |   |--- feature_0 >  0.73
|   |   |   |   |--- class: 9
|   |   |--- feature_9 >  0.28
|   |   |   |--- feature_3 <= -0.18
|   |   |   |   |--- truncated branch of depth 4
|   |   |   |--- feature_3 >  -0.18
|   |   |   |   |--- truncated branch of depth 5
|   |--- feature_8 >  -0.09
|   |   |--- class: 17

[S-REINFORCE] symbolic-policy agreement=0.638
[S-REINFORCE] symbolic-policy agreement=0.479
[S-REINFORCE] symbolic tree refit at rollout 102 | imitation_acc=0.622
|--- feature_0 <= -0.38
|   |--- feature_0 <= -0.61
|   |   |--- feature_7 <= -0.04
|   |   |   |--- class: 1
|   |   |--- feature_7 >  -0.04
|   |   |   |--- feature_0 <= -1.65
|   |   |   |   |--- class: 4
|   |   |   |--- feature_0 >  -1.65
|   |   |   |   |--- truncated branch of depth 5
|   |--- feature_0 >  -0.61
|   |   |--- feature_14 <= -0.71
|   |   |   |--- feature_7 <= -0.04
|   |   |   |   |--- truncated branch of depth 5
|   |   |   |--- feature_7 >  -0.04
|   |   |   |   |--- class: 9
|   |   |--- feature_14 >  -0.71
|   |   |   |--- feature_13 <= -0.04
|   |   |   |   |--- truncated branch of depth 4
|   |   |   |--- feature_13 >  -0.04
|   |   |   |   |--- truncated branch of depth 5
|--- feature_0 >  -0.38
|   |--- feature_8 <= -0.09
|   |   |--- feature_0 <= 0.02
|   |   |   |--- feature_4 <= 0.18
|   |   |   |   |--- class: 15
|   |   |   |--- feature_4 >  0.18
|   |   |   |   |--- truncated branch of depth 2
|   |   |--- feature_0 >  0.02
|   |   |   |--- feature_13 <= -0.04
|   |   |   |   |--- class: 9
|   |   |   |--- feature_13 >  -0.04
|   |   |   |   |--- truncated branch of depth 3
|   |--- feature_8 >  -0.09
|   |   |--- feature_2 <= 0.32
|   |   |   |--- feature_16 <= -0.06
|   |   |   |   |--- truncated branch of depth 5
|   |   |   |--- feature_16 >  -0.06
|   |   |   |   |--- truncated branch of depth 2
|   |   |--- feature_2 >  0.32
|   |   |   |--- feature_2 <= 0.35
|   |   |   |   |--- truncated branch of depth 4
|   |   |   |--- feature_2 >  0.35
|   |   |   |   |--- truncated branch of depth 2

[S-REINFORCE] symbolic-policy agreement=0.584
[S-REINFORCE] symbolic-policy agreement=0.436
[S-REINFORCE] symbolic tree refit at rollout 104 | imitation_acc=0.637
|--- feature_11 <= 0.13
|   |--- feature_19 <= -0.01
|   |   |--- feature_16 <= -0.06
|   |   |   |--- feature_14 <= -0.18
|   |   |   |   |--- truncated branch of depth 2
|   |   |   |--- feature_14 >  -0.18
|   |   |   |   |--- truncated branch of depth 3
|   |   |--- feature_16 >  -0.06
|   |   |   |--- feature_8 <= -0.09
|   |   |   |   |--- class: 9
|   |   |   |--- feature_8 >  -0.09
|   |   |   |   |--- truncated branch of depth 2
|   |--- feature_19 >  -0.01
|   |   |--- feature_18 <= -0.04
|   |   |   |--- class: 13
|   |   |--- feature_18 >  -0.04
|   |   |   |--- feature_9 <= 1.15
|   |   |   |   |--- truncated branch of depth 5
|   |   |   |--- feature_9 >  1.15
|   |   |   |   |--- truncated branch of depth 5
|--- feature_11 >  0.13
|   |--- feature_14 <= -0.78
|   |   |--- feature_7 <= -0.04
|   |   |   |--- class: 9
|   |   |--- feature_7 >  -0.04
|   |   |   |--- class: 0
|   |--- feature_14 >  -0.78
|   |   |--- feature_2 <= -0.58
|   |   |   |--- feature_18 <= -0.04
|   |   |   |   |--- class: 48
|   |   |   |--- feature_18 >  -0.04
|   |   |   |   |--- class: 9
|   |   |--- feature_2 >  -0.58
|   |   |   |--- feature_0 <= 0.78
|   |   |   |   |--- truncated branch of depth 5
|   |   |   |--- feature_0 >  0.78
|   |   |   |   |--- truncated branch of depth 4

[S-REINFORCE] symbolic-policy agreement=0.744
[S-REINFORCE] symbolic-policy agreement=0.532
[S-REINFORCE] symbolic tree refit at rollout 106 | imitation_acc=0.592
|--- feature_2 <= 0.37
|   |--- feature_2 <= 0.34
|   |   |--- feature_16 <= -0.06
|   |   |   |--- feature_1 <= 0.21
|   |   |   |   |--- truncated branch of depth 3
|   |   |   |--- feature_1 >  0.21
|   |   |   |   |--- class: 9
|   |   |--- feature_16 >  -0.06
|   |   |   |--- feature_10 <= -0.18
|   |   |   |   |--- truncated branch of depth 5
|   |   |   |--- feature_10 >  -0.18
|   |   |   |   |--- truncated branch of depth 5
|   |--- feature_2 >  0.34
|   |   |--- feature_14 <= -0.75
|   |   |   |--- feature_8 <= -0.09
|   |   |   |   |--- truncated branch of depth 2
|   |   |   |--- feature_8 >  -0.09
|   |   |   |   |--- truncated branch of depth 5
|   |   |--- feature_14 >  -0.75
|   |   |   |--- class: 9
|--- feature_2 >  0.37
|   |--- feature_7 <= -0.04
|   |   |--- feature_0 <= -0.34
|   |   |   |--- feature_0 <= -0.55
|   |   |   |   |--- class: 9
|   |   |   |--- feature_0 >  -0.55
|   |   |   |   |--- truncated branch of depth 5
|   |   |--- feature_0 >  -0.34
|   |   |   |--- feature_14 <= -0.73
|   |   |   |   |--- truncated branch of depth 2
|   |   |   |--- feature_14 >  -0.73
|   |   |   |   |--- truncated branch of depth 5
|   |--- feature_7 >  -0.04
|   |   |--- feature_1 <= 0.21
|   |   |   |--- feature_15 <= -0.19
|   |   |   |   |--- class: 9
|   |   |   |--- feature_15 >  -0.19
|   |   |   |   |--- class: 9
|   |   |--- feature_1 >  0.21
|   |   |   |--- feature_9 <= 0.61
|   |   |   |   |--- truncated branch of depth 2
|   |   |   |--- feature_9 >  0.61
|   |   |   |   |--- truncated branch of depth 5

[S-REINFORCE] symbolic-policy agreement=0.544
[S-REINFORCE] symbolic-policy agreement=0.575
[S-REINFORCE] symbolic tree refit at rollout 108 | imitation_acc=0.619
|--- feature_9 <= 0.92
|   |--- feature_14 <= -0.74
|   |   |--- feature_5 <= 0.23
|   |   |   |--- feature_11 <= 0.14
|   |   |   |   |--- truncated branch of depth 2
|   |   |   |--- feature_11 >  0.14
|   |   |   |   |--- truncated branch of depth 2
|   |   |--- feature_5 >  0.23
|   |   |   |--- feature_11 <= 0.12
|   |   |   |   |--- class: 9
|   |   |   |--- feature_11 >  0.12
|   |   |   |   |--- truncated branch of depth 5
|   |--- feature_14 >  -0.74
|   |   |--- feature_14 <= -0.56
|   |   |   |--- feature_0 <= -0.35
|   |   |   |   |--- truncated branch of depth 4
|   |   |   |--- feature_0 >  -0.35
|   |   |   |   |--- truncated branch of depth 2
|   |   |--- feature_14 >  -0.56
|   |   |   |--- feature_2 <= 0.03
|   |   |   |   |--- truncated branch of depth 5
|   |   |   |--- feature_2 >  0.03
|   |   |   |   |--- truncated branch of depth 5
|--- feature_9 >  0.92
|   |--- feature_2 <= -0.34
|   |   |--- feature_16 <= -0.06
|   |   |   |--- feature_1 <= 0.22
|   |   |   |   |--- truncated branch of depth 2
|   |   |   |--- feature_1 >  0.22
|   |   |   |   |--- class: 9
|   |   |--- feature_16 >  -0.06
|   |   |   |--- class: 20
|   |--- feature_2 >  -0.34
|   |   |--- feature_7 <= -0.04
|   |   |   |--- feature_0 <= 0.23
|   |   |   |   |--- class: 9
|   |   |   |--- feature_0 >  0.23
|   |   |   |   |--- truncated branch of depth 2
|   |   |--- feature_7 >  -0.04
|   |   |   |--- feature_14 <= 1.24
|   |   |   |   |--- truncated branch of depth 5
|   |   |   |--- feature_14 >  1.24
|   |   |   |   |--- truncated branch of depth 2

[S-REINFORCE] symbolic-policy agreement=0.528
[S-REINFORCE] symbolic-policy agreement=0.647
Eval at step 110000, survival=1.550%, return=[-1.1779152115341276, 75.85793712933862, -5.0, -7.385964912280709]
SPS=4
[S-REINFORCE] symbolic tree refit at rollout 110 | imitation_acc=0.655
|--- feature_9 <= 0.57
|   |--- feature_16 <= -0.06
|   |   |--- feature_8 <= -0.09
|   |   |   |--- feature_6 <= -0.09
|   |   |   |   |--- truncated branch of depth 4
|   |   |   |--- feature_6 >  -0.09
|   |   |   |   |--- truncated branch of depth 5
|   |   |--- feature_8 >  -0.09
|   |   |   |--- feature_18 <= -0.04
|   |   |   |   |--- truncated branch of depth 2
|   |   |   |--- feature_18 >  -0.04
|   |   |   |   |--- class: 9
|   |--- feature_16 >  -0.06
|   |   |--- feature_19 <= -0.01
|   |   |   |--- feature_14 <= -0.56
|   |   |   |   |--- truncated branch of depth 2
|   |   |   |--- feature_14 >  -0.56
|   |   |   |   |--- truncated branch of depth 2
|   |   |--- feature_19 >  -0.01
|   |   |   |--- feature_4 <= 0.21
|   |   |   |   |--- class: 9
|   |   |   |--- feature_4 >  0.21
|   |   |   |   |--- class: 9
|--- feature_9 >  0.57
|   |--- feature_2 <= -0.49
|   |   |--- feature_15 <= -0.19
|   |   |   |--- feature_19 <= -0.01
|   |   |   |   |--- class: 9
|   |   |   |--- feature_19 >  -0.01
|   |   |   |   |--- class: 9
|   |   |--- feature_15 >  -0.19
|   |   |   |--- feature_9 <= 1.69
|   |   |   |   |--- truncated branch of depth 3
|   |   |   |--- feature_9 >  1.69
|   |   |   |   |--- class: 48
|   |--- feature_2 >  -0.49
|   |   |--- feature_18 <= -0.04
|   |   |   |--- feature_3 <= -0.18
|   |   |   |   |--- truncated branch of depth 2
|   |   |   |--- feature_3 >  -0.18
|   |   |   |   |--- class: 9
|   |   |--- feature_18 >  -0.04
|   |   |   |--- feature_3 <= -0.18
|   |   |   |   |--- truncated branch of depth 5
|   |   |   |--- feature_3 >  -0.18
|   |   |   |   |--- class: 9

[S-REINFORCE] symbolic-policy agreement=0.519
[S-REINFORCE] symbolic-policy agreement=0.602
[S-REINFORCE] symbolic tree refit at rollout 112 | imitation_acc=0.666
|--- feature_14 <= -0.77
|   |--- feature_2 <= 0.30
|   |   |--- feature_1 <= 0.22
|   |   |   |--- class: 9
|   |   |--- feature_1 >  0.22
|   |   |   |--- feature_4 <= -0.03
|   |   |   |   |--- truncated branch of depth 2
|   |   |   |--- feature_4 >  -0.03
|   |   |   |   |--- class: 35
|   |--- feature_2 >  0.30
|   |   |--- feature_6 <= 0.40
|   |   |   |--- feature_3 <= -0.18
|   |   |   |   |--- truncated branch of depth 3
|   |   |   |--- feature_3 >  -0.18
|   |   |   |   |--- truncated branch of depth 2
|   |   |--- feature_6 >  0.40
|   |   |   |--- class: 9
|--- feature_14 >  -0.77
|   |--- feature_9 <= -1.39
|   |   |--- feature_4 <= 0.27
|   |   |   |--- feature_8 <= -0.09
|   |   |   |   |--- class: 9
|   |   |   |--- feature_8 >  -0.09
|   |   |   |   |--- class: 9
|   |   |--- feature_4 >  0.27
|   |   |   |--- class: 28
|   |--- feature_9 >  -1.39
|   |   |--- feature_0 <= 0.71
|   |   |   |--- feature_8 <= -0.09
|   |   |   |   |--- truncated branch of depth 5
|   |   |   |--- feature_8 >  -0.09
|   |   |   |   |--- truncated branch of depth 5
|   |   |--- feature_0 >  0.71
|   |   |   |--- feature_3 <= -0.18
|   |   |   |   |--- class: 9
|   |   |   |--- feature_3 >  -0.18
|   |   |   |   |--- truncated branch of depth 3

[S-REINFORCE] symbolic-policy agreement=0.628
[S-REINFORCE] symbolic-policy agreement=0.612
[S-REINFORCE] symbolic tree refit at rollout 114 | imitation_acc=0.701
|--- feature_0 <= -0.36
|   |--- feature_0 <= -1.64
|   |   |--- feature_14 <= 0.52
|   |   |   |--- feature_13 <= -0.04
|   |   |   |   |--- class: 9
|   |   |   |--- feature_13 >  -0.04
|   |   |   |   |--- truncated branch of depth 4
|   |   |--- feature_14 >  0.52
|   |   |   |--- feature_4 <= -0.27
|   |   |   |   |--- class: 9
|   |   |   |--- feature_4 >  -0.27
|   |   |   |   |--- class: 46
|   |--- feature_0 >  -1.64
|   |   |--- feature_3 <= -0.18
|   |   |   |--- feature_4 <= 0.67
|   |   |   |   |--- truncated branch of depth 5
|   |   |   |--- feature_4 >  0.67
|   |   |   |   |--- truncated branch of depth 3
|   |   |--- feature_3 >  -0.18
|   |   |   |--- feature_15 <= -0.19
|   |   |   |   |--- class: 9
|   |   |   |--- feature_15 >  -0.19
|   |   |   |   |--- class: 6
|--- feature_0 >  -0.36
|   |--- feature_8 <= -0.09
|   |   |--- feature_9 <= 0.62
|   |   |   |--- feature_2 <= 0.27
|   |   |   |   |--- truncated branch of depth 4
|   |   |   |--- feature_2 >  0.27
|   |   |   |   |--- truncated branch of depth 4
|   |   |--- feature_9 >  0.62
|   |   |   |--- feature_14 <= 1.44
|   |   |   |   |--- truncated branch of depth 5
|   |   |   |--- feature_14 >  1.44
|   |   |   |   |--- class: 9
|   |--- feature_8 >  -0.09
|   |   |--- feature_0 <= 0.06
|   |   |   |--- class: 25
|   |   |--- feature_0 >  0.06
|   |   |   |--- feature_3 <= -0.18
|   |   |   |   |--- truncated branch of depth 2
|   |   |   |--- feature_3 >  -0.18
|   |   |   |   |--- truncated branch of depth 2

[S-REINFORCE] symbolic-policy agreement=0.637
[S-REINFORCE] symbolic-policy agreement=0.459
[S-REINFORCE] symbolic tree refit at rollout 116 | imitation_acc=0.635
|--- feature_0 <= -0.40
|   |--- feature_10 <= -0.18
|   |   |--- feature_9 <= -1.41
|   |   |   |--- class: 9
|   |   |--- feature_9 >  -1.41
|   |   |   |--- feature_0 <= -1.64
|   |   |   |   |--- truncated branch of depth 3
|   |   |   |--- feature_0 >  -1.64
|   |   |   |   |--- truncated branch of depth 5
|   |--- feature_10 >  -0.18
|   |   |--- feature_0 <= -1.64
|   |   |   |--- class: 9
|   |   |--- feature_0 >  -1.64
|   |   |   |--- class: 18
|--- feature_0 >  -0.40
|   |--- feature_14 <= -0.78
|   |   |--- feature_0 <= 0.03
|   |   |   |--- feature_10 <= -0.18
|   |   |   |   |--- truncated branch of depth 2
|   |   |   |--- feature_10 >  -0.18
|   |   |   |   |--- truncated branch of depth 2
|   |   |--- feature_0 >  0.03
|   |   |   |--- feature_0 <= 0.12
|   |   |   |   |--- truncated branch of depth 2
|   |   |   |--- feature_0 >  0.12
|   |   |   |   |--- class: 9
|   |--- feature_14 >  -0.78
|   |   |--- feature_11 <= 0.08
|   |   |   |--- feature_9 <= 0.97
|   |   |   |   |--- truncated branch of depth 3
|   |   |   |--- feature_9 >  0.97
|   |   |   |   |--- truncated branch of depth 2
|   |   |--- feature_11 >  0.08
|   |   |   |--- feature_9 <= 1.08
|   |   |   |   |--- truncated branch of depth 5
|   |   |   |--- feature_9 >  1.08
|   |   |   |   |--- truncated branch of depth 5

[S-REINFORCE] symbolic-policy agreement=0.633
[S-REINFORCE] symbolic-policy agreement=0.692
[S-REINFORCE] symbolic tree refit at rollout 118 | imitation_acc=0.765
|--- feature_0 <= -0.35
|   |--- feature_7 <= -0.04
|   |   |--- feature_5 <= -0.66
|   |   |   |--- class: 9
|   |   |--- feature_5 >  -0.66
|   |   |   |--- feature_4 <= 0.42
|   |   |   |   |--- truncated branch of depth 5
|   |   |   |--- feature_4 >  0.42
|   |   |   |   |--- truncated branch of depth 5
|   |--- feature_7 >  -0.04
|   |   |--- feature_9 <= 0.52
|   |   |   |--- feature_3 <= -0.17
|   |   |   |   |--- class: 9
|   |   |   |--- feature_3 >  -0.17
|   |   |   |   |--- class: 9
|   |   |--- feature_9 >  0.52
|   |   |   |--- feature_6 <= 0.41
|   |   |   |   |--- class: 9
|   |   |   |--- feature_6 >  0.41
|   |   |   |   |--- truncated branch of depth 3
|--- feature_0 >  -0.35
|   |--- feature_9 <= 0.62
|   |   |--- feature_0 <= 0.03
|   |   |   |--- feature_9 <= 0.33
|   |   |   |   |--- class: 9
|   |   |   |--- feature_9 >  0.33
|   |   |   |   |--- truncated branch of depth 3
|   |   |--- feature_0 >  0.03
|   |   |   |--- feature_14 <= -0.71
|   |   |   |   |--- truncated branch of depth 2
|   |   |   |--- feature_14 >  -0.71
|   |   |   |   |--- truncated branch of depth 2
|   |--- feature_9 >  0.62
|   |   |--- feature_4 <= 0.08
|   |   |   |--- feature_14 <= 0.22
|   |   |   |   |--- class: 9
|   |   |   |--- feature_14 >  0.22
|   |   |   |   |--- truncated branch of depth 2
|   |   |--- feature_4 >  0.08
|   |   |   |--- feature_6 <= 0.80
|   |   |   |   |--- truncated branch of depth 2
|   |   |   |--- feature_6 >  0.80
|   |   |   |   |--- truncated branch of depth 2

[S-REINFORCE] symbolic-policy agreement=0.725
[S-REINFORCE] symbolic-policy agreement=0.761
Eval at step 120000, survival=1.422%, return=[-1.1570705194026232, 70.28374000867211, -5.666666666666667, -6.1052631578947425]
SPS=4
[S-REINFORCE] symbolic tree refit at rollout 120 | imitation_acc=0.720
|--- feature_0 <= -0.01
|   |--- feature_14 <= 0.06
|   |   |--- feature_11 <= 0.54
|   |   |   |--- feature_0 <= -0.63
|   |   |   |   |--- truncated branch of depth 5
|   |   |   |--- feature_0 >  -0.63
|   |   |   |   |--- truncated branch of depth 5
|   |   |--- feature_11 >  0.54
|   |   |   |--- feature_13 <= -0.04
|   |   |   |   |--- truncated branch of depth 5
|   |   |   |--- feature_13 >  -0.04
|   |   |   |   |--- truncated branch of depth 2
|   |--- feature_14 >  0.06
|   |   |--- feature_4 <= -0.57
|   |   |   |--- class: 9
|   |   |--- feature_4 >  -0.57
|   |   |   |--- feature_14 <= 1.34
|   |   |   |   |--- truncated branch of depth 5
|   |   |   |--- feature_14 >  1.34
|   |   |   |   |--- class: 9
|--- feature_0 >  -0.01
|   |--- feature_0 <= 0.04
|   |   |--- feature_17 <= -0.21
|   |   |   |--- feature_11 <= 0.11
|   |   |   |   |--- truncated branch of depth 2
|   |   |   |--- feature_11 >  0.11
|   |   |   |   |--- class: 15
|   |   |--- feature_17 >  -0.21
|   |   |   |--- class: 9
|   |--- feature_0 >  0.04
|   |   |--- feature_14 <= -0.57
|   |   |   |--- feature_0 <= 0.10
|   |   |   |   |--- truncated branch of depth 2
|   |   |   |--- feature_0 >  0.10
|   |   |   |   |--- class: 9
|   |   |--- feature_14 >  -0.57
|   |   |   |--- feature_14 <= 0.84
|   |   |   |   |--- truncated branch of depth 2
|   |   |   |--- feature_14 >  0.84
|   |   |   |   |--- truncated branch of depth 4

[S-REINFORCE] symbolic-policy agreement=0.619
[S-REINFORCE] symbolic-policy agreement=0.486
[S-REINFORCE] symbolic tree refit at rollout 122 | imitation_acc=0.586
|--- feature_0 <= -0.30
|   |--- feature_0 <= -1.62
|   |   |--- feature_8 <= -0.09
|   |   |   |--- feature_9 <= 0.58
|   |   |   |   |--- class: 35
|   |   |   |--- feature_9 >  0.58
|   |   |   |   |--- truncated branch of depth 3
|   |   |--- feature_8 >  -0.09
|   |   |   |--- class: 35
|   |--- feature_0 >  -1.62
|   |   |--- feature_9 <= 0.59
|   |   |   |--- feature_15 <= -0.19
|   |   |   |   |--- truncated branch of depth 5
|   |   |   |--- feature_15 >  -0.19
|   |   |   |   |--- truncated branch of depth 4
|   |   |--- feature_9 >  0.59
|   |   |   |--- feature_14 <= -0.10
|   |   |   |   |--- truncated branch of depth 5
|   |   |   |--- feature_14 >  -0.10
|   |   |   |   |--- truncated branch of depth 5
|--- feature_0 >  -0.30
|   |--- feature_0 <= 0.06
|   |   |--- feature_14 <= -0.73
|   |   |   |--- feature_13 <= -0.04
|   |   |   |   |--- class: 9
|   |   |   |--- feature_13 >  -0.04
|   |   |   |   |--- truncated branch of depth 3
|   |   |--- feature_14 >  -0.73
|   |   |   |--- feature_2 <= -0.28
|   |   |   |   |--- class: 9
|   |   |   |--- feature_2 >  -0.28
|   |   |   |   |--- truncated branch of depth 2
|   |--- feature_0 >  0.06
|   |   |--- feature_14 <= -0.77
|   |   |   |--- feature_11 <= 0.10
|   |   |   |   |--- truncated branch of depth 2
|   |   |   |--- feature_11 >  0.10
|   |   |   |   |--- truncated branch of depth 2
|   |   |--- feature_14 >  -0.77
|   |   |   |--- feature_5 <= 0.12
|   |   |   |   |--- truncated branch of depth 2
|   |   |   |--- feature_5 >  0.12
|   |   |   |   |--- class: 15

[S-REINFORCE] symbolic-policy agreement=0.628
[S-REINFORCE] symbolic-policy agreement=0.460
[S-REINFORCE] symbolic tree refit at rollout 124 | imitation_acc=0.482
|--- feature_16 <= -0.06
|   |--- feature_0 <= -0.35
|   |   |--- feature_8 <= -0.09
|   |   |   |--- feature_0 <= -1.33
|   |   |   |   |--- class: 9
|   |   |   |--- feature_0 >  -1.33
|   |   |   |   |--- truncated branch of depth 3
|   |   |--- feature_8 >  -0.09
|   |   |   |--- feature_1 <= 0.22
|   |   |   |   |--- truncated branch of depth 4
|   |   |   |--- feature_1 >  0.22
|   |   |   |   |--- truncated branch of depth 4
|   |--- feature_0 >  -0.35
|   |   |--- feature_12 <= -0.16
|   |   |   |--- feature_8 <= -0.09
|   |   |   |   |--- class: 9
|   |   |   |--- feature_8 >  -0.09
|   |   |   |   |--- truncated branch of depth 2
|   |   |--- feature_12 >  -0.16
|   |   |   |--- feature_9 <= 0.43
|   |   |   |   |--- truncated branch of depth 2
|   |   |   |--- feature_9 >  0.43
|   |   |   |   |--- truncated branch of depth 4
|--- feature_16 >  -0.06
|   |--- feature_8 <= -0.09
|   |   |--- feature_9 <= 0.42
|   |   |   |--- feature_11 <= 0.14
|   |   |   |   |--- truncated branch of depth 2
|   |   |   |--- feature_11 >  0.14
|   |   |   |   |--- class: 35
|   |   |--- feature_9 >  0.42
|   |   |   |--- feature_9 <= 0.48
|   |   |   |   |--- class: 35
|   |   |   |--- feature_9 >  0.48
|   |   |   |   |--- truncated branch of depth 5
|   |--- feature_8 >  -0.09
|   |   |--- feature_7 <= -0.04
|   |   |   |--- feature_3 <= -0.17
|   |   |   |   |--- truncated branch of depth 4
|   |   |   |--- feature_3 >  -0.17
|   |   |   |   |--- truncated branch of depth 5
|   |   |--- feature_7 >  -0.04
|   |   |   |--- feature_8 <= -0.09
|   |   |   |   |--- truncated branch of depth 4
|   |   |   |--- feature_8 >  -0.09
|   |   |   |   |--- truncated branch of depth 5

[S-REINFORCE] symbolic-policy agreement=0.320
[S-REINFORCE] symbolic-policy agreement=0.052
[S-REINFORCE] symbolic tree refit at rollout 126 | imitation_acc=0.501
|--- feature_0 <= -0.63
|   |--- feature_1 <= 0.22
|   |   |--- feature_8 <= -0.09
|   |   |   |--- feature_18 <= -0.04
|   |   |   |   |--- truncated branch of depth 2
|   |   |   |--- feature_18 >  -0.04
|   |   |   |   |--- truncated branch of depth 5
|   |   |--- feature_8 >  -0.09
|   |   |   |--- feature_13 <= -0.04
|   |   |   |   |--- class: 3
|   |   |   |--- feature_13 >  -0.04
|   |   |   |   |--- truncated branch of depth 5
|   |--- feature_1 >  0.22
|   |   |--- feature_17 <= -0.12
|   |   |   |--- feature_2 <= 0.09
|   |   |   |   |--- truncated branch of depth 2
|   |   |   |--- feature_2 >  0.09
|   |   |   |   |--- class: 15
|   |   |--- feature_17 >  -0.12
|   |   |   |--- feature_3 <= -0.17
|   |   |   |   |--- truncated branch of depth 2
|   |   |   |--- feature_3 >  -0.17
|   |   |   |   |--- truncated branch of depth 2
|--- feature_0 >  -0.63
|   |--- feature_6 <= 0.21
|   |   |--- feature_6 <= -0.15
|   |   |   |--- feature_9 <= 0.55
|   |   |   |   |--- truncated branch of depth 5
|   |   |   |--- feature_9 >  0.55
|   |   |   |   |--- truncated branch of depth 4
|   |   |--- feature_6 >  -0.15
|   |   |   |--- feature_6 <= -0.10
|   |   |   |   |--- truncated branch of depth 5
|   |   |   |--- feature_6 >  -0.10
|   |   |   |   |--- truncated branch of depth 3
|   |--- feature_6 >  0.21
|   |   |--- feature_11 <= 0.56
|   |   |   |--- feature_8 <= -0.09
|   |   |   |   |--- truncated branch of depth 3
|   |   |   |--- feature_8 >  -0.09
|   |   |   |   |--- truncated branch of depth 5
|   |   |--- feature_11 >  0.56
|   |   |   |--- feature_1 <= -2.68
|   |   |   |   |--- truncated branch of depth 2
|   |   |   |--- feature_1 >  -2.68
|   |   |   |   |--- truncated branch of depth 4

[S-REINFORCE] symbolic-policy agreement=0.330
[S-REINFORCE] symbolic-policy agreement=0.247
[S-REINFORCE] symbolic tree refit at rollout 128 | imitation_acc=0.395
|--- feature_8 <= -0.09
|   |--- feature_7 <= -0.04
|   |   |--- feature_16 <= -0.06
|   |   |   |--- feature_13 <= -0.04
|   |   |   |   |--- truncated branch of depth 2
|   |   |   |--- feature_13 >  -0.04
|   |   |   |   |--- truncated branch of depth 5
|   |   |--- feature_16 >  -0.06
|   |   |   |--- feature_14 <= -0.33
|   |   |   |   |--- class: 35
|   |   |   |--- feature_14 >  -0.33
|   |   |   |   |--- class: 15
|   |--- feature_7 >  -0.04
|   |   |--- feature_14 <= -0.71
|   |   |   |--- feature_2 <= 0.29
|   |   |   |   |--- truncated branch of depth 5
|   |   |   |--- feature_2 >  0.29
|   |   |   |   |--- truncated branch of depth 5
|   |   |--- feature_14 >  -0.71
|   |   |   |--- feature_3 <= -0.17
|   |   |   |   |--- truncated branch of depth 5
|   |   |   |--- feature_3 >  -0.17
|   |   |   |   |--- truncated branch of depth 5
|--- feature_8 >  -0.09
|   |--- feature_16 <= -0.06
|   |   |--- feature_0 <= -0.43
|   |   |   |--- feature_18 <= -0.04
|   |   |   |   |--- truncated branch of depth 2
|   |   |   |--- feature_18 >  -0.04
|   |   |   |   |--- truncated branch of depth 3
|   |   |--- feature_0 >  -0.43
|   |   |   |--- feature_2 <= 0.15
|   |   |   |   |--- class: 9
|   |   |   |--- feature_2 >  0.15
|   |   |   |   |--- class: 9
|   |--- feature_16 >  -0.06
|   |   |--- feature_1 <= 0.22
|   |   |   |--- class: 9
|   |   |--- feature_1 >  0.22
|   |   |   |--- class: 35

[S-REINFORCE] symbolic-policy agreement=0.238
[S-REINFORCE] symbolic-policy agreement=0.183
Eval at step 130000, survival=1.901%, return=[-1.2352952054158475, 92.96155920346581, -9.752884781608978, -11.654970760233924]
SPS=4
[S-REINFORCE] symbolic tree refit at rollout 130 | imitation_acc=0.508
|--- feature_0 <= -0.47
|   |--- feature_12 <= -0.16
|   |   |--- feature_5 <= -0.19
|   |   |   |--- feature_7 <= -0.04
|   |   |   |   |--- truncated branch of depth 3
|   |   |   |--- feature_7 >  -0.04
|   |   |   |   |--- class: 9
|   |   |--- feature_5 >  -0.19
|   |   |   |--- feature_13 <= -0.04
|   |   |   |   |--- truncated branch of depth 5
|   |   |   |--- feature_13 >  -0.04
|   |   |   |   |--- truncated branch of depth 5
|   |--- feature_12 >  -0.16
|   |   |--- feature_16 <= -0.06
|   |   |   |--- class: 9
|   |   |--- feature_16 >  -0.06
|   |   |   |--- feature_1 <= 0.22
|   |   |   |   |--- truncated branch of depth 3
|   |   |   |--- feature_1 >  0.22
|   |   |   |   |--- truncated branch of depth 4
|--- feature_0 >  -0.47
|   |--- feature_14 <= -0.51
|   |   |--- feature_0 <= 0.10
|   |   |   |--- feature_7 <= -0.04
|   |   |   |   |--- truncated branch of depth 3
|   |   |   |--- feature_7 >  -0.04
|   |   |   |   |--- truncated branch of depth 5
|   |   |--- feature_0 >  0.10
|   |   |   |--- feature_2 <= -0.10
|   |   |   |   |--- truncated branch of depth 2
|   |   |   |--- feature_2 >  -0.10
|   |   |   |   |--- truncated branch of depth 4
|   |--- feature_14 >  -0.51
|   |   |--- feature_7 <= -0.04
|   |   |   |--- feature_19 <= -0.01
|   |   |   |   |--- truncated branch of depth 3
|   |   |   |--- feature_19 >  -0.01
|   |   |   |   |--- truncated branch of depth 3
|   |   |--- feature_7 >  -0.04
|   |   |   |--- feature_0 <= 2.44
|   |   |   |   |--- truncated branch of depth 5
|   |   |   |--- feature_0 >  2.44
|   |   |   |   |--- truncated branch of depth 2

[S-REINFORCE] symbolic-policy agreement=0.416
[S-REINFORCE] symbolic-policy agreement=0.277
[S-REINFORCE] symbolic tree refit at rollout 132 | imitation_acc=0.460
|--- feature_0 <= -0.45
|   |--- feature_8 <= -0.09
|   |   |--- feature_12 <= -0.16
|   |   |   |--- class: 9
|   |   |--- feature_12 >  -0.16
|   |   |   |--- feature_1 <= 0.22
|   |   |   |   |--- class: 9
|   |   |   |--- feature_1 >  0.22
|   |   |   |   |--- class: 9
|   |--- feature_8 >  -0.09
|   |   |--- feature_4 <= -0.46
|   |   |   |--- feature_19 <= -0.01
|   |   |   |   |--- truncated branch of depth 2
|   |   |   |--- feature_19 >  -0.01
|   |   |   |   |--- truncated branch of depth 3
|   |   |--- feature_4 >  -0.46
|   |   |   |--- feature_2 <= 0.39
|   |   |   |   |--- truncated branch of depth 5
|   |   |   |--- feature_2 >  0.39
|   |   |   |   |--- truncated branch of depth 2
|--- feature_0 >  -0.45
|   |--- feature_8 <= -0.09
|   |   |--- feature_2 <= 0.04
|   |   |   |--- feature_7 <= -0.04
|   |   |   |   |--- truncated branch of depth 4
|   |   |   |--- feature_7 >  -0.04
|   |   |   |   |--- truncated branch of depth 3
|   |   |--- feature_2 >  0.04
|   |   |   |--- feature_0 <= 0.16
|   |   |   |   |--- truncated branch of depth 5
|   |   |   |--- feature_0 >  0.16
|   |   |   |   |--- truncated branch of depth 2
|   |--- feature_8 >  -0.09
|   |   |--- feature_7 <= -0.04
|   |   |   |--- feature_18 <= -0.04
|   |   |   |   |--- truncated branch of depth 5
|   |   |   |--- feature_18 >  -0.04
|   |   |   |   |--- truncated branch of depth 3
|   |   |--- feature_7 >  -0.04
|   |   |   |--- feature_16 <= -0.06
|   |   |   |   |--- class: 9
|   |   |   |--- feature_16 >  -0.06
|   |   |   |   |--- class: 19

[S-REINFORCE] symbolic-policy agreement=0.481
[S-REINFORCE] symbolic-policy agreement=0.345
[S-REINFORCE] symbolic tree refit at rollout 134 | imitation_acc=0.387
|--- feature_7 <= -0.04
|   |--- feature_12 <= -0.16
|   |   |--- feature_15 <= -0.19
|   |   |   |--- feature_14 <= -0.49
|   |   |   |   |--- class: 19
|   |   |   |--- feature_14 >  -0.49
|   |   |   |   |--- truncated branch of depth 3
|   |   |--- feature_15 >  -0.19
|   |   |   |--- class: 19
|   |--- feature_12 >  -0.16
|   |   |--- feature_10 <= -0.18
|   |   |   |--- class: 19
|   |   |--- feature_10 >  -0.18
|   |   |   |--- feature_10 <= -0.18
|   |   |   |   |--- truncated branch of depth 5
|   |   |   |--- feature_10 >  -0.18
|   |   |   |   |--- class: 35
|--- feature_7 >  -0.04
|   |--- feature_7 <= -0.04
|   |   |--- feature_14 <= -0.76
|   |   |   |--- feature_14 <= -0.84
|   |   |   |   |--- truncated branch of depth 5
|   |   |   |--- feature_14 >  -0.84
|   |   |   |   |--- truncated branch of depth 5
|   |   |--- feature_14 >  -0.76
|   |   |   |--- feature_18 <= -0.04
|   |   |   |   |--- truncated branch of depth 5
|   |   |   |--- feature_18 >  -0.04
|   |   |   |   |--- truncated branch of depth 4
|   |--- feature_7 >  -0.04
|   |   |--- feature_13 <= -0.04
|   |   |   |--- feature_14 <= -0.46
|   |   |   |   |--- class: 23
|   |   |   |--- feature_14 >  -0.46
|   |   |   |   |--- truncated branch of depth 3
|   |   |--- feature_13 >  -0.04
|   |   |   |--- feature_13 <= -0.04
|   |   |   |   |--- truncated branch of depth 5
|   |   |   |--- feature_13 >  -0.04
|   |   |   |   |--- truncated branch of depth 3

[S-REINFORCE] symbolic-policy agreement=0.116
[S-REINFORCE] symbolic-policy agreement=0.112
[S-REINFORCE] symbolic tree refit at rollout 136 | imitation_acc=0.338
|--- feature_7 <= -0.04
|   |--- feature_16 <= -0.06
|   |   |--- feature_16 <= -0.06
|   |   |   |--- class: 19
|   |   |--- feature_16 >  -0.06
|   |   |   |--- feature_11 <= 0.17
|   |   |   |   |--- class: 19
|   |   |   |--- feature_11 >  0.17
|   |   |   |   |--- class: 19
|   |--- feature_16 >  -0.06
|   |   |--- feature_14 <= -0.74
|   |   |   |--- feature_14 <= -0.76
|   |   |   |   |--- truncated branch of depth 5
|   |   |   |--- feature_14 >  -0.76
|   |   |   |   |--- truncated branch of depth 5
|   |   |--- feature_14 >  -0.74
|   |   |   |--- feature_5 <= 0.54
|   |   |   |   |--- truncated branch of depth 5
|   |   |   |--- feature_5 >  0.54
|   |   |   |   |--- truncated branch of depth 5
|--- feature_7 >  -0.04
|   |--- feature_13 <= -0.04
|   |   |--- feature_5 <= 0.19
|   |   |   |--- feature_10 <= -0.18
|   |   |   |   |--- class: 9
|   |   |   |--- feature_10 >  -0.18
|   |   |   |   |--- truncated branch of depth 3
|   |   |--- feature_5 >  0.19
|   |   |   |--- feature_11 <= 0.12
|   |   |   |   |--- class: 9
|   |   |   |--- feature_11 >  0.12
|   |   |   |   |--- class: 9
|   |--- feature_13 >  -0.04
|   |   |--- class: 1

[S-REINFORCE] symbolic-policy agreement=0.271
[S-REINFORCE] symbolic-policy agreement=0.034
[S-REINFORCE] symbolic tree refit at rollout 138 | imitation_acc=0.456
|--- feature_6 <= 0.64
|   |--- feature_14 <= -0.72
|   |   |--- feature_2 <= 0.29
|   |   |   |--- feature_3 <= -0.18
|   |   |   |   |--- class: 19
|   |   |   |--- feature_3 >  -0.18
|   |   |   |   |--- truncated branch of depth 3
|   |   |--- feature_2 >  0.29
|   |   |   |--- feature_2 <= 0.36
|   |   |   |   |--- truncated branch of depth 4
|   |   |   |--- feature_2 >  0.36
|   |   |   |   |--- class: 23
|   |--- feature_14 >  -0.72
|   |   |--- feature_2 <= 0.35
|   |   |   |--- feature_13 <= -0.04
|   |   |   |   |--- truncated branch of depth 2
|   |   |   |--- feature_13 >  -0.04
|   |   |   |   |--- truncated branch of depth 5
|   |   |--- feature_2 >  0.35
|   |   |   |--- feature_11 <= 0.25
|   |   |   |   |--- truncated branch of depth 5
|   |   |   |--- feature_11 >  0.25
|   |   |   |   |--- class: 4
|--- feature_6 >  0.64
|   |--- feature_15 <= -0.19
|   |   |--- feature_8 <= -0.09
|   |   |   |--- class: 23
|   |   |--- feature_8 >  -0.09
|   |   |   |--- feature_8 <= -0.09
|   |   |   |   |--- truncated branch of depth 5
|   |   |   |--- feature_8 >  -0.09
|   |   |   |   |--- truncated branch of depth 3
|   |--- feature_15 >  -0.19
|   |   |--- feature_18 <= -0.04
|   |   |   |--- feature_10 <= -0.18
|   |   |   |   |--- truncated branch of depth 3
|   |   |   |--- feature_10 >  -0.18
|   |   |   |   |--- truncated branch of depth 3
|   |   |--- feature_18 >  -0.04
|   |   |   |--- feature_15 <= -0.19
|   |   |   |   |--- truncated branch of depth 5
|   |   |   |--- feature_15 >  -0.19
|   |   |   |   |--- truncated branch of depth 5

[S-REINFORCE] symbolic-policy agreement=0.454
[S-REINFORCE] symbolic-policy agreement=0.174
Eval at step 140000, survival=1.798%, return=[-1.1998120561862986, 89.32292412122092, -5.0, -9.099415204678367]
SPS=4
[S-REINFORCE] symbolic tree refit at rollout 140 | imitation_acc=0.430
|--- feature_11 <= 0.12
|   |--- feature_11 <= 0.12
|   |   |--- feature_16 <= -0.06
|   |   |   |--- feature_16 <= -0.06
|   |   |   |   |--- truncated branch of depth 5
|   |   |   |--- feature_16 >  -0.06
|   |   |   |   |--- truncated branch of depth 5
|   |   |--- feature_16 >  -0.06
|   |   |   |--- feature_8 <= -0.09
|   |   |   |   |--- truncated branch of depth 5
|   |   |   |--- feature_8 >  -0.09
|   |   |   |   |--- truncated branch of depth 2
|   |--- feature_11 >  0.12
|   |   |--- feature_14 <= -0.68
|   |   |   |--- feature_6 <= -0.13
|   |   |   |   |--- truncated branch of depth 4
|   |   |   |--- feature_6 >  -0.13
|   |   |   |   |--- class: 19
|   |   |--- feature_14 >  -0.68
|   |   |   |--- class: 19
|--- feature_11 >  0.12
|   |--- feature_17 <= -0.07
|   |   |--- feature_0 <= 0.09
|   |   |   |--- feature_3 <= -0.18
|   |   |   |   |--- truncated branch of depth 2
|   |   |   |--- feature_3 >  -0.18
|   |   |   |   |--- class: 19
|   |   |--- feature_0 >  0.09
|   |   |   |--- feature_13 <= -0.04
|   |   |   |   |--- class: 5
|   |   |   |--- feature_13 >  -0.04
|   |   |   |   |--- truncated branch of depth 5
|   |--- feature_17 >  -0.07
|   |   |--- feature_7 <= -0.04
|   |   |   |--- feature_12 <= -0.16
|   |   |   |   |--- truncated branch of depth 4
|   |   |   |--- feature_12 >  -0.16
|   |   |   |   |--- truncated branch of depth 2
|   |   |--- feature_7 >  -0.04
|   |   |   |--- feature_13 <= -0.04
|   |   |   |   |--- class: 23
|   |   |   |--- feature_13 >  -0.04
|   |   |   |   |--- truncated branch of depth 3

[S-REINFORCE] symbolic-policy agreement=0.451
[S-REINFORCE] symbolic-policy agreement=0.505
[S-REINFORCE] symbolic tree refit at rollout 142 | imitation_acc=0.526
|--- feature_17 <= -0.19
|   |--- feature_14 <= 0.51
|   |   |--- feature_17 <= -0.30
|   |   |   |--- feature_13 <= -0.04
|   |   |   |   |--- class: 19
|   |   |   |--- feature_13 >  -0.04
|   |   |   |   |--- truncated branch of depth 2
|   |   |--- feature_17 >  -0.30
|   |   |   |--- feature_9 <= 0.46
|   |   |   |   |--- truncated branch of depth 5
|   |   |   |--- feature_9 >  0.46
|   |   |   |   |--- truncated branch of depth 3
|   |--- feature_14 >  0.51
|   |   |--- feature_9 <= -0.50
|   |   |   |--- feature_14 <= 0.61
|   |   |   |   |--- truncated branch of depth 3
|   |   |   |--- feature_14 >  0.61
|   |   |   |   |--- class: 19
|   |   |--- feature_9 >  -0.50
|   |   |   |--- feature_15 <= -0.19
|   |   |   |   |--- truncated branch of depth 2
|   |   |   |--- feature_15 >  -0.19
|   |   |   |   |--- class: 0
|--- feature_17 >  -0.19
|   |--- feature_0 <= 0.10
|   |   |--- feature_0 <= 0.08
|   |   |   |--- feature_1 <= -2.62
|   |   |   |   |--- truncated branch of depth 4
|   |   |   |--- feature_1 >  -2.62
|   |   |   |   |--- truncated branch of depth 5
|   |   |--- feature_0 >  0.08
|   |   |   |--- feature_12 <= -0.16
|   |   |   |   |--- truncated branch of depth 2
|   |   |   |--- feature_12 >  -0.16
|   |   |   |   |--- truncated branch of depth 2
|   |--- feature_0 >  0.10
|   |   |--- feature_17 <= -0.10
|   |   |   |--- feature_13 <= -0.04
|   |   |   |   |--- truncated branch of depth 4
|   |   |   |--- feature_13 >  -0.04
|   |   |   |   |--- truncated branch of depth 5
|   |   |--- feature_17 >  -0.10
|   |   |   |--- feature_18 <= -0.04
|   |   |   |   |--- truncated branch of depth 5
|   |   |   |--- feature_18 >  -0.04
|   |   |   |   |--- truncated branch of depth 2

[S-REINFORCE] symbolic-policy agreement=0.511
[S-REINFORCE] symbolic-policy agreement=0.498
[S-REINFORCE] symbolic tree refit at rollout 144 | imitation_acc=0.532
|--- feature_11 <= 0.14
|   |--- feature_6 <= 0.03
|   |   |--- feature_11 <= 0.12
|   |   |   |--- feature_16 <= -0.06
|   |   |   |   |--- truncated branch of depth 5
|   |   |   |--- feature_16 >  -0.06
|   |   |   |   |--- truncated branch of depth 5
|   |   |--- feature_11 >  0.12
|   |   |   |--- feature_17 <= -0.19
|   |   |   |   |--- truncated branch of depth 4
|   |   |   |--- feature_17 >  -0.19
|   |   |   |   |--- truncated branch of depth 2
|   |--- feature_6 >  0.03
|   |   |--- feature_17 <= -0.13
|   |   |   |--- feature_16 <= -0.06
|   |   |   |   |--- truncated branch of depth 5
|   |   |   |--- feature_16 >  -0.06
|   |   |   |   |--- truncated branch of depth 5
|   |   |--- feature_17 >  -0.13
|   |   |   |--- feature_16 <= -0.06
|   |   |   |   |--- truncated branch of depth 2
|   |   |   |--- feature_16 >  -0.06
|   |   |   |   |--- truncated branch of depth 2
|--- feature_11 >  0.14
|   |--- feature_16 <= -0.06
|   |   |--- feature_8 <= -0.09
|   |   |   |--- feature_16 <= -0.06
|   |   |   |   |--- truncated branch of depth 3
|   |   |   |--- feature_16 >  -0.06
|   |   |   |   |--- truncated branch of depth 4
|   |   |--- feature_8 >  -0.09
|   |   |   |--- feature_7 <= -0.04
|   |   |   |   |--- class: 19
|   |   |   |--- feature_7 >  -0.04
|   |   |   |   |--- class: 19
|   |--- feature_16 >  -0.06
|   |   |--- feature_17 <= -0.06
|   |   |   |--- feature_13 <= -0.04
|   |   |   |   |--- truncated branch of depth 5
|   |   |   |--- feature_13 >  -0.04
|   |   |   |   |--- truncated branch of depth 5
|   |   |--- feature_17 >  -0.06
|   |   |   |--- feature_9 <= -1.46
|   |   |   |   |--- class: 23
|   |   |   |--- feature_9 >  -1.46
|   |   |   |   |--- truncated branch of depth 4

[S-REINFORCE] symbolic-policy agreement=0.457
[S-REINFORCE] symbolic-policy agreement=0.393
[S-REINFORCE] symbolic tree refit at rollout 146 | imitation_acc=0.618
|--- feature_6 <= 0.77
|   |--- feature_17 <= -0.19
|   |   |--- feature_11 <= 0.03
|   |   |   |--- feature_7 <= -0.04
|   |   |   |   |--- class: 49
|   |   |   |--- feature_7 >  -0.04
|   |   |   |   |--- truncated branch of depth 4
|   |   |--- feature_11 >  0.03
|   |   |   |--- feature_6 <= -0.29
|   |   |   |   |--- truncated branch of depth 2
|   |   |   |--- feature_6 >  -0.29
|   |   |   |   |--- truncated branch of depth 5
|   |--- feature_17 >  -0.19
|   |   |--- feature_1 <= 0.24
|   |   |   |--- feature_15 <= -0.19
|   |   |   |   |--- truncated branch of depth 5
|   |   |   |--- feature_15 >  -0.19
|   |   |   |   |--- truncated branch of depth 2
|   |   |--- feature_1 >  0.24
|   |   |   |--- feature_17 <= -0.18
|   |   |   |   |--- truncated branch of depth 4
|   |   |   |--- feature_17 >  -0.18
|   |   |   |   |--- truncated branch of depth 5
|--- feature_6 >  0.77
|   |--- feature_16 <= -0.06
|   |   |--- feature_11 <= 0.07
|   |   |   |--- feature_6 <= 1.10
|   |   |   |   |--- truncated branch of depth 3
|   |   |   |--- feature_6 >  1.10
|   |   |   |   |--- truncated branch of depth 2
|   |   |--- feature_11 >  0.07
|   |   |   |--- feature_5 <= 0.45
|   |   |   |   |--- truncated branch of depth 5
|   |   |   |--- feature_5 >  0.45
|   |   |   |   |--- truncated branch of depth 4
|   |--- feature_16 >  -0.06
|   |   |--- feature_16 <= -0.06
|   |   |   |--- feature_12 <= -0.16
|   |   |   |   |--- truncated branch of depth 2
|   |   |   |--- feature_12 >  -0.16
|   |   |   |   |--- class: 23
|   |   |--- feature_16 >  -0.06
|   |   |   |--- feature_5 <= 0.55
|   |   |   |   |--- truncated branch of depth 4
|   |   |   |--- feature_5 >  0.55
|   |   |   |   |--- class: 19

[S-REINFORCE] symbolic-policy agreement=0.579
[S-REINFORCE] symbolic-policy agreement=0.540
[S-REINFORCE] symbolic tree refit at rollout 148 | imitation_acc=0.642
|--- feature_14 <= -0.75
|   |--- feature_14 <= -0.76
|   |   |--- feature_0 <= -0.88
|   |   |   |--- feature_6 <= 0.64
|   |   |   |   |--- truncated branch of depth 2
|   |   |   |--- feature_6 >  0.64
|   |   |   |   |--- class: 23
|   |   |--- feature_0 >  -0.88
|   |   |   |--- feature_12 <= -0.16
|   |   |   |   |--- truncated branch of depth 2
|   |   |   |--- feature_12 >  -0.16
|   |   |   |   |--- class: 40
|   |--- feature_14 >  -0.76
|   |   |--- feature_13 <= -0.04
|   |   |   |--- class: 38
|   |   |--- feature_13 >  -0.04
|   |   |   |--- feature_3 <= -0.18
|   |   |   |   |--- class: 38
|   |   |   |--- feature_3 >  -0.18
|   |   |   |   |--- class: 38
|--- feature_14 >  -0.75
|   |--- feature_17 <= -0.08
|   |   |--- feature_4 <= -0.44
|   |   |   |--- feature_0 <= 2.00
|   |   |   |   |--- truncated branch of depth 3
|   |   |   |--- feature_0 >  2.00
|   |   |   |   |--- class: 34
|   |   |--- feature_4 >  -0.44
|   |   |   |--- feature_0 <= 0.01
|   |   |   |   |--- truncated branch of depth 5
|   |   |   |--- feature_0 >  0.01
|   |   |   |   |--- truncated branch of depth 5
|   |--- feature_17 >  -0.08
|   |   |--- feature_17 <= -0.01
|   |   |   |--- feature_2 <= 0.27
|   |   |   |   |--- truncated branch of depth 5
|   |   |   |--- feature_2 >  0.27
|   |   |   |   |--- truncated branch of depth 4
|   |   |--- feature_17 >  -0.01
|   |   |   |--- feature_6 <= -0.61
|   |   |   |   |--- class: 13
|   |   |   |--- feature_6 >  -0.61
|   |   |   |   |--- truncated branch of depth 3

[S-REINFORCE] symbolic-policy agreement=0.657
[S-REINFORCE] symbolic-policy agreement=0.729
Eval at step 150000, survival=1.314%, return=[-1.141825285856612, 65.04547961552942, -5.052523519843817, -5.403508771929829]
SPS=4
[S-REINFORCE] symbolic tree refit at rollout 150 | imitation_acc=0.616
|--- feature_0 <= -0.04
|   |--- feature_14 <= -0.66
|   |   |--- feature_9 <= 0.31
|   |   |   |--- feature_11 <= 0.16
|   |   |   |   |--- class: 19
|   |   |   |--- feature_11 >  0.16
|   |   |   |   |--- truncated branch of depth 5
|   |   |--- feature_9 >  0.31
|   |   |   |--- class: 40
|   |--- feature_14 >  -0.66
|   |   |--- feature_13 <= -0.04
|   |   |   |--- feature_0 <= -1.20
|   |   |   |   |--- truncated branch of depth 5
|   |   |   |--- feature_0 >  -1.20
|   |   |   |   |--- truncated branch of depth 5
|   |   |--- feature_13 >  -0.04
|   |   |   |--- feature_17 <= -0.07
|   |   |   |   |--- truncated branch of depth 5
|   |   |   |--- feature_17 >  -0.07
|   |   |   |   |--- truncated branch of depth 5
|--- feature_0 >  -0.04
|   |--- feature_2 <= 0.33
|   |   |--- feature_1 <= -2.59
|   |   |   |--- feature_2 <= -0.92
|   |   |   |   |--- class: 19
|   |   |   |--- feature_2 >  -0.92
|   |   |   |   |--- truncated branch of depth 3
|   |   |--- feature_1 >  -2.59
|   |   |   |--- feature_5 <= 0.23
|   |   |   |   |--- truncated branch of depth 5
|   |   |   |--- feature_5 >  0.23
|   |   |   |   |--- truncated branch of depth 5
|   |--- feature_2 >  0.33
|   |   |--- feature_2 <= 0.34
|   |   |   |--- feature_17 <= -0.18
|   |   |   |   |--- truncated branch of depth 3
|   |   |   |--- feature_17 >  -0.18
|   |   |   |   |--- class: 38
|   |   |--- feature_2 >  0.34
|   |   |   |--- feature_1 <= 0.24
|   |   |   |   |--- class: 19
|   |   |   |--- feature_1 >  0.24
|   |   |   |   |--- class: 19

[S-REINFORCE] symbolic-policy agreement=0.531
[S-REINFORCE] symbolic-policy agreement=0.434
[S-REINFORCE] symbolic tree refit at rollout 152 | imitation_acc=0.492
|--- feature_0 <= -0.11
|   |--- feature_10 <= -0.18
|   |   |--- feature_0 <= -1.54
|   |   |   |--- feature_7 <= -0.04
|   |   |   |   |--- class: 19
|   |   |   |--- feature_7 >  -0.04
|   |   |   |   |--- truncated branch of depth 5
|   |   |--- feature_0 >  -1.54
|   |   |   |--- feature_11 <= 0.13
|   |   |   |   |--- truncated branch of depth 4
|   |   |   |--- feature_11 >  0.13
|   |   |   |   |--- truncated branch of depth 5
|   |--- feature_10 >  -0.18
|   |   |--- feature_13 <= -0.04
|   |   |   |--- feature_16 <= -0.06
|   |   |   |   |--- truncated branch of depth 4
|   |   |   |--- feature_16 >  -0.06
|   |   |   |   |--- truncated branch of depth 3
|   |   |--- feature_13 >  -0.04
|   |   |   |--- feature_16 <= -0.06
|   |   |   |   |--- truncated branch of depth 2
|   |   |   |--- feature_16 >  -0.06
|   |   |   |   |--- truncated branch of depth 4
|--- feature_0 >  -0.11
|   |--- feature_3 <= -0.17
|   |   |--- feature_2 <= 0.33
|   |   |   |--- feature_18 <= -0.04
|   |   |   |   |--- truncated branch of depth 2
|   |   |   |--- feature_18 >  -0.04
|   |   |   |   |--- truncated branch of depth 5
|   |   |--- feature_2 >  0.33
|   |   |   |--- feature_2 <= 0.34
|   |   |   |   |--- truncated branch of depth 5
|   |   |   |--- feature_2 >  0.34
|   |   |   |   |--- truncated branch of depth 3
|   |--- feature_3 >  -0.17
|   |   |--- feature_8 <= -0.09
|   |   |   |--- class: 19
|   |   |--- feature_8 >  -0.09
|   |   |   |--- feature_0 <= 0.14
|   |   |   |   |--- class: 9
|   |   |   |--- feature_0 >  0.14
|   |   |   |   |--- truncated branch of depth 3

[S-REINFORCE] symbolic-policy agreement=0.338
[S-REINFORCE] symbolic-policy agreement=0.097
[S-REINFORCE] symbolic tree refit at rollout 154 | imitation_acc=0.426
|--- feature_14 <= -0.76
|   |--- feature_14 <= -0.76
|   |   |--- feature_3 <= -0.17
|   |   |   |--- class: 7
|   |   |--- feature_3 >  -0.17
|   |   |   |--- feature_14 <= -0.89
|   |   |   |   |--- truncated branch of depth 2
|   |   |   |--- feature_14 >  -0.89
|   |   |   |   |--- truncated branch of depth 3
|   |--- feature_14 >  -0.76
|   |   |--- feature_3 <= -0.17
|   |   |   |--- feature_9 <= 0.40
|   |   |   |   |--- class: 32
|   |   |   |--- feature_9 >  0.40
|   |   |   |   |--- class: 32
|   |   |--- feature_3 >  -0.17
|   |   |   |--- feature_3 <= -0.17
|   |   |   |   |--- truncated branch of depth 5
|   |   |   |--- feature_3 >  -0.17
|   |   |   |   |--- class: 32
|--- feature_14 >  -0.76
|   |--- feature_0 <= -1.53
|   |   |--- feature_12 <= -0.16
|   |   |   |--- feature_13 <= -0.04
|   |   |   |   |--- truncated branch of depth 2
|   |   |   |--- feature_13 >  -0.04
|   |   |   |   |--- truncated branch of depth 2
|   |   |--- feature_12 >  -0.16
|   |   |   |--- feature_8 <= -0.09
|   |   |   |   |--- truncated branch of depth 4
|   |   |   |--- feature_8 >  -0.09
|   |   |   |   |--- truncated branch of depth 5
|   |--- feature_0 >  -1.53
|   |   |--- feature_3 <= -0.17
|   |   |   |--- feature_1 <= 0.25
|   |   |   |   |--- truncated branch of depth 3
|   |   |   |--- feature_1 >  0.25
|   |   |   |   |--- truncated branch of depth 5
|   |   |--- feature_3 >  -0.17
|   |   |   |--- feature_17 <= 0.15
|   |   |   |   |--- truncated branch of depth 5
|   |   |   |--- feature_17 >  0.15
|   |   |   |   |--- truncated branch of depth 5

[S-REINFORCE] symbolic-policy agreement=0.194
[S-REINFORCE] symbolic-policy agreement=0.498
[S-REINFORCE] symbolic tree refit at rollout 156 | imitation_acc=0.644
|--- feature_0 <= -0.10
|   |--- feature_5 <= 0.13
|   |   |--- feature_8 <= -0.09
|   |   |   |--- feature_14 <= 0.69
|   |   |   |   |--- truncated branch of depth 2
|   |   |   |--- feature_14 >  0.69
|   |   |   |   |--- class: 19
|   |   |--- feature_8 >  -0.09
|   |   |   |--- feature_17 <= -0.24
|   |   |   |   |--- class: 19
|   |   |   |--- feature_17 >  -0.24
|   |   |   |   |--- class: 40
|   |--- feature_5 >  0.13
|   |   |--- feature_12 <= -0.16
|   |   |   |--- feature_13 <= -0.04
|   |   |   |   |--- truncated branch of depth 4
|   |   |   |--- feature_13 >  -0.04
|   |   |   |   |--- truncated branch of depth 5
|   |   |--- feature_12 >  -0.16
|   |   |   |--- feature_1 <= 0.24
|   |   |   |   |--- truncated branch of depth 3
|   |   |   |--- feature_1 >  0.24
|   |   |   |   |--- truncated branch of depth 5
|--- feature_0 >  -0.10
|   |--- feature_2 <= 0.25
|   |   |--- feature_6 <= 0.22
|   |   |   |--- feature_1 <= 0.24
|   |   |   |   |--- truncated branch of depth 2
|   |   |   |--- feature_1 >  0.24
|   |   |   |   |--- class: 19
|   |   |--- feature_6 >  0.22
|   |   |   |--- feature_17 <= -0.24
|   |   |   |   |--- truncated branch of depth 3
|   |   |   |--- feature_17 >  -0.24
|   |   |   |   |--- truncated branch of depth 4
|   |--- feature_2 >  0.25
|   |   |--- feature_2 <= 0.37
|   |   |   |--- feature_2 <= 0.33
|   |   |   |   |--- truncated branch of depth 3
|   |   |   |--- feature_2 >  0.33
|   |   |   |   |--- class: 32
|   |   |--- feature_2 >  0.37
|   |   |   |--- feature_11 <= 0.32
|   |   |   |   |--- truncated branch of depth 2
|   |   |   |--- feature_11 >  0.32
|   |   |   |   |--- class: 32

[S-REINFORCE] symbolic-policy agreement=0.687
[S-REINFORCE] symbolic-policy agreement=0.504
[S-REINFORCE] symbolic tree refit at rollout 158 | imitation_acc=0.626
|--- feature_0 <= -0.08
|   |--- feature_19 <= -0.01
|   |   |--- feature_8 <= -0.09
|   |   |   |--- feature_8 <= -0.09
|   |   |   |   |--- truncated branch of depth 3
|   |   |   |--- feature_8 >  -0.09
|   |   |   |   |--- truncated branch of depth 5
|   |   |--- feature_8 >  -0.09
|   |   |   |--- class: 6
|   |--- feature_19 >  -0.01
|   |   |--- feature_5 <= 0.12
|   |   |   |--- feature_16 <= -0.06
|   |   |   |   |--- class: 32
|   |   |   |--- feature_16 >  -0.06
|   |   |   |   |--- class: 19
|   |   |--- feature_5 >  0.12
|   |   |   |--- feature_12 <= -0.16
|   |   |   |   |--- truncated branch of depth 5
|   |   |   |--- feature_12 >  -0.16
|   |   |   |   |--- truncated branch of depth 5
|--- feature_0 >  -0.08
|   |--- feature_0 <= 0.16
|   |   |--- feature_4 <= 0.14
|   |   |   |--- feature_11 <= 0.08
|   |   |   |   |--- class: 40
|   |   |   |--- feature_11 >  0.08
|   |   |   |   |--- class: 19
|   |   |--- feature_4 >  0.14
|   |   |   |--- feature_8 <= -0.09
|   |   |   |   |--- class: 32
|   |   |   |--- feature_8 >  -0.09
|   |   |   |   |--- truncated branch of depth 2
|   |--- feature_0 >  0.16
|   |   |--- feature_8 <= -0.09
|   |   |   |--- feature_19 <= -0.01
|   |   |   |   |--- class: 19
|   |   |   |--- feature_19 >  -0.01
|   |   |   |   |--- truncated branch of depth 4
|   |   |--- feature_8 >  -0.09
|   |   |   |--- feature_11 <= 0.25
|   |   |   |   |--- truncated branch of depth 2
|   |   |   |--- feature_11 >  0.25
|   |   |   |   |--- class: 35

[S-REINFORCE] symbolic-policy agreement=0.728
[S-REINFORCE] symbolic-policy agreement=0.340
Eval at step 160000, survival=1.343%, return=[-1.1565436150801058, 63.34865902264914, -5.0, -7.754385964912291]
SPS=4
[S-REINFORCE] symbolic tree refit at rollout 160 | imitation_acc=0.452
|--- feature_0 <= -1.50
|   |--- feature_5 <= 0.10
|   |   |--- feature_17 <= -0.06
|   |   |   |--- feature_14 <= -0.22
|   |   |   |   |--- class: 8
|   |   |   |--- feature_14 >  -0.22
|   |   |   |   |--- truncated branch of depth 2
|   |   |--- feature_17 >  -0.06
|   |   |   |--- feature_14 <= 0.01
|   |   |   |   |--- class: 19
|   |   |   |--- feature_14 >  0.01
|   |   |   |   |--- truncated branch of depth 2
|   |--- feature_5 >  0.10
|   |   |--- feature_14 <= -0.14
|   |   |   |--- feature_16 <= -0.06
|   |   |   |   |--- truncated branch of depth 3
|   |   |   |--- feature_16 >  -0.06
|   |   |   |   |--- truncated branch of depth 5
|   |   |--- feature_14 >  -0.14
|   |   |   |--- feature_9 <= 0.45
|   |   |   |   |--- class: 19
|   |   |   |--- feature_9 >  0.45
|   |   |   |   |--- truncated branch of depth 5
|--- feature_0 >  -1.50
|   |--- feature_2 <= 0.24
|   |   |--- feature_17 <= -0.23
|   |   |   |--- feature_17 <= -0.26
|   |   |   |   |--- truncated branch of depth 4
|   |   |   |--- feature_17 >  -0.26
|   |   |   |   |--- truncated branch of depth 5
|   |   |--- feature_17 >  -0.23
|   |   |   |--- feature_17 <= -0.19
|   |   |   |   |--- truncated branch of depth 5
|   |   |   |--- feature_17 >  -0.19
|   |   |   |   |--- truncated branch of depth 5
|   |--- feature_2 >  0.24
|   |   |--- feature_2 <= 0.34
|   |   |   |--- feature_0 <= 0.14
|   |   |   |   |--- truncated branch of depth 5
|   |   |   |--- feature_0 >  0.14
|   |   |   |   |--- truncated branch of depth 3
|   |   |--- feature_2 >  0.34
|   |   |   |--- feature_14 <= -0.13
|   |   |   |   |--- truncated branch of depth 3
|   |   |   |--- feature_14 >  -0.13
|   |   |   |   |--- truncated branch of depth 3

[S-REINFORCE] symbolic-policy agreement=0.333
[S-REINFORCE] symbolic-policy agreement=0.298
[S-REINFORCE] symbolic tree refit at rollout 162 | imitation_acc=0.428
|--- feature_14 <= -0.76
|   |--- feature_14 <= -0.77
|   |   |--- feature_14 <= -0.78
|   |   |   |--- feature_14 <= -0.81
|   |   |   |   |--- truncated branch of depth 2
|   |   |   |--- feature_14 >  -0.81
|   |   |   |   |--- class: 19
|   |   |--- feature_14 >  -0.78
|   |   |   |--- class: 30
|   |--- feature_14 >  -0.77
|   |   |--- feature_15 <= -0.19
|   |   |   |--- feature_2 <= 0.33
|   |   |   |   |--- truncated branch of depth 2
|   |   |   |--- feature_2 >  0.33
|   |   |   |   |--- truncated branch of depth 4
|   |   |--- feature_15 >  -0.19
|   |   |   |--- class: 32
|--- feature_14 >  -0.76
|   |--- feature_0 <= -0.33
|   |   |--- feature_5 <= 0.12
|   |   |   |--- feature_10 <= 3.83
|   |   |   |   |--- truncated branch of depth 5
|   |   |   |--- feature_10 >  3.83
|   |   |   |   |--- truncated branch of depth 2
|   |   |--- feature_5 >  0.12
|   |   |   |--- feature_14 <= -0.14
|   |   |   |   |--- truncated branch of depth 5
|   |   |   |--- feature_14 >  -0.14
|   |   |   |   |--- truncated branch of depth 5
|   |--- feature_0 >  -0.33
|   |   |--- feature_11 <= 0.07
|   |   |   |--- feature_11 <= 0.04
|   |   |   |   |--- truncated branch of depth 5
|   |   |   |--- feature_11 >  0.04
|   |   |   |   |--- truncated branch of depth 5
|   |   |--- feature_11 >  0.07
|   |   |   |--- feature_2 <= 0.17
|   |   |   |   |--- truncated branch of depth 5
|   |   |   |--- feature_2 >  0.17
|   |   |   |   |--- truncated branch of depth 4

[S-REINFORCE] symbolic-policy agreement=0.343
[S-REINFORCE] symbolic-policy agreement=0.176
[S-REINFORCE] symbolic tree refit at rollout 164 | imitation_acc=0.434
|--- feature_11 <= 0.07
|   |--- feature_11 <= 0.05
|   |   |--- feature_14 <= 0.59
|   |   |   |--- feature_9 <= 0.63
|   |   |   |   |--- truncated branch of depth 3
|   |   |   |--- feature_9 >  0.63
|   |   |   |   |--- truncated branch of depth 2
|   |   |--- feature_14 >  0.59
|   |   |   |--- feature_0 <= -1.48
|   |   |   |   |--- class: 19
|   |   |   |--- feature_0 >  -1.48
|   |   |   |   |--- truncated branch of depth 5
|   |--- feature_11 >  0.05
|   |   |--- feature_6 <= 1.21
|   |   |   |--- feature_11 <= 0.07
|   |   |   |   |--- truncated branch of depth 4
|   |   |   |--- feature_11 >  0.07
|   |   |   |   |--- class: 40
|   |   |--- feature_6 >  1.21
|   |   |   |--- class: 19
|--- feature_11 >  0.07
|   |--- feature_14 <= -0.71
|   |   |--- feature_0 <= -1.48
|   |   |   |--- feature_14 <= -0.74
|   |   |   |   |--- truncated branch of depth 3
|   |   |   |--- feature_14 >  -0.74
|   |   |   |   |--- class: 23
|   |   |--- feature_0 >  -1.48
|   |   |   |--- feature_17 <= -0.16
|   |   |   |   |--- truncated branch of depth 5
|   |   |   |--- feature_17 >  -0.16
|   |   |   |   |--- truncated branch of depth 3
|   |--- feature_14 >  -0.71
|   |   |--- feature_0 <= -0.77
|   |   |   |--- feature_5 <= 0.18
|   |   |   |   |--- truncated branch of depth 3
|   |   |   |--- feature_5 >  0.18
|   |   |   |   |--- truncated branch of depth 5
|   |   |--- feature_0 >  -0.77
|   |   |   |--- feature_2 <= 0.44
|   |   |   |   |--- truncated branch of depth 5
|   |   |   |--- feature_2 >  0.44
|   |   |   |   |--- truncated branch of depth 5

[S-REINFORCE] symbolic-policy agreement=0.456
[S-REINFORCE] symbolic-policy agreement=0.336
[S-REINFORCE] symbolic tree refit at rollout 166 | imitation_acc=0.524
|--- feature_9 <= 0.17
|   |--- feature_2 <= 0.44
|   |   |--- feature_9 <= 0.09
|   |   |   |--- feature_6 <= 1.03
|   |   |   |   |--- truncated branch of depth 5
|   |   |   |--- feature_6 >  1.03
|   |   |   |   |--- truncated branch of depth 2
|   |   |--- feature_9 >  0.09
|   |   |   |--- feature_4 <= 0.40
|   |   |   |   |--- truncated branch of depth 5
|   |   |   |--- feature_4 >  0.40
|   |   |   |   |--- class: 40
|   |--- feature_2 >  0.44
|   |   |--- feature_17 <= 0.29
|   |   |   |--- feature_10 <= -0.18
|   |   |   |   |--- truncated branch of depth 5
|   |   |   |--- feature_10 >  -0.18
|   |   |   |   |--- truncated branch of depth 5
|   |   |--- feature_17 >  0.29
|   |   |   |--- class: 0
|--- feature_9 >  0.17
|   |--- feature_0 <= -1.47
|   |   |--- feature_16 <= -0.06
|   |   |   |--- class: 23
|   |   |--- feature_16 >  -0.06
|   |   |   |--- feature_16 <= -0.06
|   |   |   |   |--- truncated branch of depth 3
|   |   |   |--- feature_16 >  -0.06
|   |   |   |   |--- truncated branch of depth 5
|   |--- feature_0 >  -1.47
|   |   |--- feature_14 <= -0.74
|   |   |   |--- feature_0 <= 0.18
|   |   |   |   |--- truncated branch of depth 4
|   |   |   |--- feature_0 >  0.18
|   |   |   |   |--- truncated branch of depth 2
|   |   |--- feature_14 >  -0.74
|   |   |   |--- feature_9 <= 0.83
|   |   |   |   |--- truncated branch of depth 5
|   |   |   |--- feature_9 >  0.83
|   |   |   |   |--- truncated branch of depth 3

[S-REINFORCE] symbolic-policy agreement=0.594
[S-REINFORCE] symbolic-policy agreement=0.501
[S-REINFORCE] symbolic tree refit at rollout 168 | imitation_acc=0.526
|--- feature_9 <= 0.26
|   |--- feature_6 <= 0.16
|   |   |--- feature_9 <= -0.04
|   |   |   |--- feature_6 <= -0.16
|   |   |   |   |--- truncated branch of depth 2
|   |   |   |--- feature_6 >  -0.16
|   |   |   |   |--- class: 41
|   |   |--- feature_9 >  -0.04
|   |   |   |--- feature_7 <= -0.04
|   |   |   |   |--- truncated branch of depth 5
|   |   |   |--- feature_7 >  -0.04
|   |   |   |   |--- truncated branch of depth 4
|   |--- feature_6 >  0.16
|   |   |--- feature_3 <= -0.17
|   |   |   |--- feature_11 <= 0.09
|   |   |   |   |--- truncated branch of depth 2
|   |   |   |--- feature_11 >  0.09
|   |   |   |   |--- truncated branch of depth 5
|   |   |--- feature_3 >  -0.17
|   |   |   |--- feature_1 <= 0.24
|   |   |   |   |--- truncated branch of depth 2
|   |   |   |--- feature_1 >  0.24
|   |   |   |   |--- class: 40
|--- feature_9 >  0.26
|   |--- feature_0 <= -0.93
|   |   |--- feature_4 <= 0.22
|   |   |   |--- feature_4 <= 0.16
|   |   |   |   |--- truncated branch of depth 3
|   |   |   |--- feature_4 >  0.16
|   |   |   |   |--- class: 19
|   |   |--- feature_4 >  0.22
|   |   |   |--- feature_7 <= -0.04
|   |   |   |   |--- truncated branch of depth 5
|   |   |   |--- feature_7 >  -0.04
|   |   |   |   |--- truncated branch of depth 5
|   |--- feature_0 >  -0.93
|   |   |--- feature_17 <= -0.20
|   |   |   |--- feature_9 <= 0.46
|   |   |   |   |--- truncated branch of depth 2
|   |   |   |--- feature_9 >  0.46
|   |   |   |   |--- truncated branch of depth 5
|   |   |--- feature_17 >  -0.20
|   |   |   |--- feature_6 <= 0.12
|   |   |   |   |--- truncated branch of depth 5
|   |   |   |--- feature_6 >  0.12
|   |   |   |   |--- truncated branch of depth 3

[S-REINFORCE] symbolic-policy agreement=0.572
[S-REINFORCE] symbolic-policy agreement=0.340
Eval at step 170000, survival=0.149%, return=[-1.014974719262682, 5.50142092704773, -5.0, -1.2982456140350878]
SPS=4
[S-REINFORCE] symbolic tree refit at rollout 170 | imitation_acc=0.456
|--- feature_5 <= 0.26
|   |--- feature_7 <= -0.04
|   |   |--- feature_2 <= 0.30
|   |   |   |--- feature_7 <= -0.04
|   |   |   |   |--- truncated branch of depth 4
|   |   |   |--- feature_7 >  -0.04
|   |   |   |   |--- truncated branch of depth 5
|   |   |--- feature_2 >  0.30
|   |   |   |--- feature_14 <= -0.75
|   |   |   |   |--- truncated branch of depth 4
|   |   |   |--- feature_14 >  -0.75
|   |   |   |   |--- truncated branch of depth 2
|   |--- feature_7 >  -0.04
|   |   |--- feature_3 <= -0.17
|   |   |   |--- feature_17 <= -0.17
|   |   |   |   |--- class: 23
|   |   |   |--- feature_17 >  -0.17
|   |   |   |   |--- class: 23
|   |   |--- feature_3 >  -0.17
|   |   |   |--- class: 23
|--- feature_5 >  0.26
|   |--- feature_2 <= 0.44
|   |   |--- feature_5 <= 0.36
|   |   |   |--- feature_17 <= -0.20
|   |   |   |   |--- class: 40
|   |   |   |--- feature_17 >  -0.20
|   |   |   |   |--- truncated branch of depth 5
|   |   |--- feature_5 >  0.36
|   |   |   |--- feature_3 <= -0.17
|   |   |   |   |--- class: 40
|   |   |   |--- feature_3 >  -0.17
|   |   |   |   |--- truncated branch of depth 4
|   |--- feature_2 >  0.44
|   |   |--- feature_9 <= 0.28
|   |   |   |--- feature_8 <= -0.09
|   |   |   |   |--- truncated branch of depth 5
|   |   |   |--- feature_8 >  -0.09
|   |   |   |   |--- truncated branch of depth 5
|   |   |--- feature_9 >  0.28
|   |   |   |--- feature_0 <= -1.46
|   |   |   |   |--- truncated branch of depth 5
|   |   |   |--- feature_0 >  -1.46
|   |   |   |   |--- class: 19

[S-REINFORCE] symbolic-policy agreement=0.504
[S-REINFORCE] symbolic-policy agreement=0.492
[S-REINFORCE] symbolic tree refit at rollout 172 | imitation_acc=0.381
|--- feature_1 <= 0.24
|   |--- feature_16 <= -0.06
|   |   |--- feature_9 <= 0.42
|   |   |   |--- feature_9 <= -1.52
|   |   |   |   |--- class: 40
|   |   |   |--- feature_9 >  -1.52
|   |   |   |   |--- truncated branch of depth 5
|   |   |--- feature_9 >  0.42
|   |   |   |--- feature_6 <= 1.30
|   |   |   |   |--- truncated branch of depth 5
|   |   |   |--- feature_6 >  1.30
|   |   |   |   |--- truncated branch of depth 2
|   |--- feature_16 >  -0.06
|   |   |--- feature_13 <= -0.04
|   |   |   |--- feature_10 <= -0.18
|   |   |   |   |--- class: 32
|   |   |   |--- feature_10 >  -0.18
|   |   |   |   |--- truncated branch of depth 2
|   |   |--- feature_13 >  -0.04
|   |   |   |--- feature_2 <= -0.72
|   |   |   |   |--- class: 19
|   |   |   |--- feature_2 >  -0.72
|   |   |   |   |--- class: 19
|--- feature_1 >  0.24
|   |--- feature_2 <= 0.32
|   |   |--- feature_6 <= 0.68
|   |   |   |--- feature_18 <= -0.04
|   |   |   |   |--- truncated branch of depth 2
|   |   |   |--- feature_18 >  -0.04
|   |   |   |   |--- truncated branch of depth 5
|   |   |--- feature_6 >  0.68
|   |   |   |--- feature_11 <= 0.06
|   |   |   |   |--- truncated branch of depth 5
|   |   |   |--- feature_11 >  0.06
|   |   |   |   |--- truncated branch of depth 5
|   |--- feature_2 >  0.32
|   |   |--- feature_2 <= 0.33
|   |   |   |--- feature_17 <= -0.17
|   |   |   |   |--- class: 23
|   |   |   |--- feature_17 >  -0.17
|   |   |   |   |--- truncated branch of depth 4
|   |   |--- feature_2 >  0.33
|   |   |   |--- feature_11 <= 0.23
|   |   |   |   |--- truncated branch of depth 5
|   |   |   |--- feature_11 >  0.23
|   |   |   |   |--- truncated branch of depth 5

[S-REINFORCE] symbolic-policy agreement=0.172
[S-REINFORCE] symbolic-policy agreement=0.043
[S-REINFORCE] symbolic tree refit at rollout 174 | imitation_acc=0.313
|--- feature_2 <= 0.26
|   |--- feature_6 <= 0.99
|   |   |--- feature_2 <= 0.07
|   |   |   |--- feature_11 <= -0.48
|   |   |   |   |--- truncated branch of depth 5
|   |   |   |--- feature_11 >  -0.48
|   |   |   |   |--- truncated branch of depth 5
|   |   |--- feature_2 >  0.07
|   |   |   |--- feature_4 <= 0.05
|   |   |   |   |--- truncated branch of depth 4
|   |   |   |--- feature_4 >  0.05
|   |   |   |   |--- truncated branch of depth 4
|   |--- feature_6 >  0.99
|   |   |--- feature_17 <= -0.12
|   |   |   |--- feature_18 <= -0.04
|   |   |   |   |--- truncated branch of depth 3
|   |   |   |--- feature_18 >  -0.04
|   |   |   |   |--- truncated branch of depth 3
|   |   |--- feature_17 >  -0.12
|   |   |   |--- feature_14 <= 0.40
|   |   |   |   |--- truncated branch of depth 4
|   |   |   |--- feature_14 >  0.40
|   |   |   |   |--- truncated branch of depth 2
|--- feature_2 >  0.26
|   |--- feature_2 <= 0.33
|   |   |--- feature_14 <= -0.73
|   |   |   |--- feature_1 <= 0.24
|   |   |   |   |--- class: 32
|   |   |   |--- feature_1 >  0.24
|   |   |   |   |--- truncated branch of depth 5
|   |   |--- feature_14 >  -0.73
|   |   |   |--- feature_0 <= -0.14
|   |   |   |   |--- class: 4
|   |   |   |--- feature_0 >  -0.14
|   |   |   |   |--- truncated branch of depth 2
|   |--- feature_2 >  0.33
|   |   |--- feature_15 <= 1.68
|   |   |   |--- feature_0 <= -0.71
|   |   |   |   |--- truncated branch of depth 3
|   |   |   |--- feature_0 >  -0.71
|   |   |   |   |--- truncated branch of depth 5
|   |   |--- feature_15 >  1.68
|   |   |   |--- class: 19

[S-REINFORCE] symbolic-policy agreement=0.122
[S-REINFORCE] symbolic-policy agreement=0.136
[S-REINFORCE] symbolic tree refit at rollout 176 | imitation_acc=0.347
|--- feature_6 <= 1.54
|   |--- feature_14 <= -0.76
|   |   |--- feature_2 <= 0.29
|   |   |   |--- feature_7 <= -0.04
|   |   |   |   |--- truncated branch of depth 5
|   |   |   |--- feature_7 >  -0.04
|   |   |   |   |--- truncated branch of depth 2
|   |   |--- feature_2 >  0.29
|   |   |   |--- feature_2 <= 0.33
|   |   |   |   |--- truncated branch of depth 5
|   |   |   |--- feature_2 >  0.33
|   |   |   |   |--- truncated branch of depth 4
|   |--- feature_14 >  -0.76
|   |   |--- feature_3 <= -0.17
|   |   |   |--- feature_3 <= -0.17
|   |   |   |   |--- class: 24
|   |   |   |--- feature_3 >  -0.17
|   |   |   |   |--- truncated branch of depth 3
|   |   |--- feature_3 >  -0.17
|   |   |   |--- feature_6 <= -0.47
|   |   |   |   |--- truncated branch of depth 5
|   |   |   |--- feature_6 >  -0.47
|   |   |   |   |--- truncated branch of depth 5
|--- feature_6 >  1.54
|   |--- feature_17 <= -0.08
|   |   |--- feature_12 <= -0.17
|   |   |   |--- feature_3 <= -0.17
|   |   |   |   |--- truncated branch of depth 2
|   |   |   |--- feature_3 >  -0.17
|   |   |   |   |--- truncated branch of depth 5
|   |   |--- feature_12 >  -0.17
|   |   |   |--- class: 32
|   |--- feature_17 >  -0.08
|   |   |--- feature_14 <= -0.86
|   |   |   |--- class: 43
|   |   |--- feature_14 >  -0.86
|   |   |   |--- feature_1 <= 0.24
|   |   |   |   |--- class: 38
|   |   |   |--- feature_1 >  0.24
|   |   |   |   |--- truncated branch of depth 2

[S-REINFORCE] symbolic-policy agreement=0.228
[S-REINFORCE] symbolic-policy agreement=0.093
[S-REINFORCE] symbolic tree refit at rollout 178 | imitation_acc=0.330
|--- feature_6 <= 1.04
|   |--- feature_14 <= -0.76
|   |   |--- feature_17 <= -0.17
|   |   |   |--- feature_17 <= -0.17
|   |   |   |   |--- truncated branch of depth 3
|   |   |   |--- feature_17 >  -0.17
|   |   |   |   |--- truncated branch of depth 5
|   |   |--- feature_17 >  -0.17
|   |   |   |--- feature_17 <= -0.05
|   |   |   |   |--- truncated branch of depth 4
|   |   |   |--- feature_17 >  -0.05
|   |   |   |   |--- truncated branch of depth 3
|   |--- feature_14 >  -0.76
|   |   |--- feature_6 <= -0.82
|   |   |   |--- feature_11 <= -0.55
|   |   |   |   |--- truncated branch of depth 3
|   |   |   |--- feature_11 >  -0.55
|   |   |   |   |--- truncated branch of depth 4
|   |   |--- feature_6 >  -0.82
|   |   |   |--- feature_14 <= -0.67
|   |   |   |   |--- truncated branch of depth 3
|   |   |   |--- feature_14 >  -0.67
|   |   |   |   |--- truncated branch of depth 5
|--- feature_6 >  1.04
|   |--- feature_11 <= 0.06
|   |   |--- feature_4 <= 0.38
|   |   |   |--- feature_8 <= -0.10
|   |   |   |   |--- truncated branch of depth 3
|   |   |   |--- feature_8 >  -0.10
|   |   |   |   |--- class: 22
|   |   |--- feature_4 >  0.38
|   |   |   |--- class: 5
|   |--- feature_11 >  0.06
|   |   |--- feature_9 <= 0.43
|   |   |   |--- feature_2 <= -0.22
|   |   |   |   |--- class: 1
|   |   |   |--- feature_2 >  -0.22
|   |   |   |   |--- class: 5
|   |   |--- feature_9 >  0.43
|   |   |   |--- feature_9 <= 0.91
|   |   |   |   |--- truncated branch of depth 5
|   |   |   |--- feature_9 >  0.91
|   |   |   |   |--- class: 25

[S-REINFORCE] symbolic-policy agreement=0.214
[S-REINFORCE] symbolic-policy agreement=0.181
Eval at step 180000, survival=1.761%, return=[-1.1764213509935264, 84.1369186433156, -5.166666666666667, -11.543859649122806]
SPS=4
[S-REINFORCE] symbolic tree refit at rollout 180 | imitation_acc=0.334
|--- feature_2 <= 0.33
|   |--- feature_6 <= 1.54
|   |   |--- feature_14 <= -0.81
|   |   |   |--- feature_7 <= -0.04
|   |   |   |   |--- truncated branch of depth 4
|   |   |   |--- feature_7 >  -0.04
|   |   |   |   |--- truncated branch of depth 4
|   |   |--- feature_14 >  -0.81
|   |   |   |--- feature_6 <= -0.54
|   |   |   |   |--- truncated branch of depth 5
|   |   |   |--- feature_6 >  -0.54
|   |   |   |   |--- truncated branch of depth 5
|   |--- feature_6 >  1.54
|   |   |--- feature_5 <= -0.21
|   |   |   |--- feature_9 <= 0.13
|   |   |   |   |--- truncated branch of depth 2
|   |   |   |--- feature_9 >  0.13
|   |   |   |   |--- truncated branch of depth 2
|   |   |--- feature_5 >  -0.21
|   |   |   |--- feature_16 <= -0.06
|   |   |   |   |--- class: 40
|   |   |   |--- feature_16 >  -0.06
|   |   |   |   |--- truncated branch of depth 4
|--- feature_2 >  0.33
|   |--- feature_2 <= 0.33
|   |   |--- feature_11 <= 0.11
|   |   |   |--- feature_18 <= -0.04
|   |   |   |   |--- class: 32
|   |   |   |--- feature_18 >  -0.04
|   |   |   |   |--- truncated branch of depth 5
|   |   |--- feature_11 >  0.11
|   |   |   |--- class: 32
|   |--- feature_2 >  0.33
|   |   |--- feature_2 <= 0.37
|   |   |   |--- feature_9 <= 0.46
|   |   |   |   |--- truncated branch of depth 2
|   |   |   |--- feature_9 >  0.46
|   |   |   |   |--- class: 30
|   |   |--- feature_2 >  0.37
|   |   |   |--- feature_3 <= 1.94
|   |   |   |   |--- truncated branch of depth 5
|   |   |   |--- feature_3 >  1.94
|   |   |   |   |--- class: 33

[S-REINFORCE] symbolic-policy agreement=0.163
[S-REINFORCE] symbolic-policy agreement=0.169
[S-REINFORCE] symbolic tree refit at rollout 182 | imitation_acc=0.338
|--- feature_13 <= -0.04
|   |--- feature_16 <= -0.06
|   |   |--- feature_11 <= -0.11
|   |   |   |--- class: 5
|   |   |--- feature_11 >  -0.11
|   |   |   |--- class: 21
|   |--- feature_16 >  -0.06
|   |   |--- feature_3 <= -0.17
|   |   |   |--- feature_14 <= 0.55
|   |   |   |   |--- truncated branch of depth 5
|   |   |   |--- feature_14 >  0.55
|   |   |   |   |--- class: 40
|   |   |--- feature_3 >  -0.17
|   |   |   |--- class: 40
|--- feature_13 >  -0.04
|   |--- feature_14 <= -0.68
|   |   |--- feature_14 <= -0.76
|   |   |   |--- feature_17 <= -0.56
|   |   |   |   |--- class: 25
|   |   |   |--- feature_17 >  -0.56
|   |   |   |   |--- truncated branch of depth 5
|   |   |--- feature_14 >  -0.76
|   |   |   |--- feature_5 <= 0.15
|   |   |   |   |--- truncated branch of depth 2
|   |   |   |--- feature_5 >  0.15
|   |   |   |   |--- truncated branch of depth 5
|   |--- feature_14 >  -0.68
|   |   |--- feature_6 <= 0.91
|   |   |   |--- feature_14 <= -0.40
|   |   |   |   |--- truncated branch of depth 5
|   |   |   |--- feature_14 >  -0.40
|   |   |   |   |--- truncated branch of depth 5
|   |   |--- feature_6 >  0.91
|   |   |   |--- feature_11 <= 0.08
|   |   |   |   |--- truncated branch of depth 4
|   |   |   |--- feature_11 >  0.08
|   |   |   |   |--- truncated branch of depth 5

[S-REINFORCE] symbolic-policy agreement=0.191
[S-REINFORCE] symbolic-policy agreement=0.222
[S-REINFORCE] symbolic tree refit at rollout 184 | imitation_acc=0.344
|--- feature_13 <= -0.04
|   |--- feature_14 <= -0.74
|   |   |--- feature_17 <= -0.05
|   |   |   |--- feature_11 <= 0.09
|   |   |   |   |--- truncated branch of depth 2
|   |   |   |--- feature_11 >  0.09
|   |   |   |   |--- truncated branch of depth 5
|   |   |--- feature_17 >  -0.05
|   |   |   |--- feature_6 <= -0.61
|   |   |   |   |--- truncated branch of depth 2
|   |   |   |--- feature_6 >  -0.61
|   |   |   |   |--- truncated branch of depth 4
|   |--- feature_14 >  -0.74
|   |   |--- feature_6 <= 0.01
|   |   |   |--- feature_0 <= -1.25
|   |   |   |   |--- truncated branch of depth 5
|   |   |   |--- feature_0 >  -1.25
|   |   |   |   |--- truncated branch of depth 5
|   |   |--- feature_6 >  0.01
|   |   |   |--- feature_11 <= 0.09
|   |   |   |   |--- truncated branch of depth 5
|   |   |   |--- feature_11 >  0.09
|   |   |   |   |--- truncated branch of depth 5
|--- feature_13 >  -0.04
|   |--- feature_6 <= 0.64
|   |   |--- feature_1 <= 0.24
|   |   |   |--- class: 40
|   |   |--- feature_1 >  0.24
|   |   |   |--- feature_6 <= -0.32
|   |   |   |   |--- truncated branch of depth 2
|   |   |   |--- feature_6 >  -0.32
|   |   |   |   |--- class: 40
|   |--- feature_6 >  0.64
|   |   |--- feature_17 <= -0.06
|   |   |   |--- class: 40
|   |   |--- feature_17 >  -0.06
|   |   |   |--- class: 40

[S-REINFORCE] symbolic-policy agreement=0.153
[S-REINFORCE] symbolic-policy agreement=0.079
[S-REINFORCE] symbolic tree refit at rollout 186 | imitation_acc=0.309
|--- feature_14 <= -0.21
|   |--- feature_9 <= 0.38
|   |   |--- feature_11 <= 0.45
|   |   |   |--- feature_1 <= 0.24
|   |   |   |   |--- class: 1
|   |   |   |--- feature_1 >  0.24
|   |   |   |   |--- truncated branch of depth 5
|   |   |--- feature_11 >  0.45
|   |   |   |--- class: 33
|   |--- feature_9 >  0.38
|   |   |--- feature_0 <= 0.14
|   |   |   |--- feature_3 <= -0.18
|   |   |   |   |--- truncated branch of depth 5
|   |   |   |--- feature_3 >  -0.18
|   |   |   |   |--- class: 33
|   |   |--- feature_0 >  0.14
|   |   |   |--- feature_17 <= -0.08
|   |   |   |   |--- truncated branch of depth 5
|   |   |   |--- feature_17 >  -0.08
|   |   |   |   |--- truncated branch of depth 4
|--- feature_14 >  -0.21
|   |--- feature_0 <= 3.52
|   |   |--- feature_9 <= 2.26
|   |   |   |--- feature_10 <= -0.18
|   |   |   |   |--- truncated branch of depth 5
|   |   |   |--- feature_10 >  -0.18
|   |   |   |   |--- truncated branch of depth 4
|   |   |--- feature_9 >  2.26
|   |   |   |--- class: 48
|   |--- feature_0 >  3.52
|   |   |--- class: 22

[S-REINFORCE] symbolic-policy agreement=0.156
[S-REINFORCE] symbolic-policy agreement=0.116
[S-REINFORCE] symbolic tree refit at rollout 188 | imitation_acc=0.336
|--- feature_14 <= -0.74
|   |--- feature_9 <= 0.38
|   |   |--- feature_1 <= -1.20
|   |   |   |--- feature_11 <= 0.10
|   |   |   |   |--- class: 1
|   |   |   |--- feature_11 >  0.10
|   |   |   |   |--- class: 1
|   |   |--- feature_1 >  -1.20
|   |   |   |--- feature_2 <= 0.40
|   |   |   |   |--- truncated branch of depth 5
|   |   |   |--- feature_2 >  0.40
|   |   |   |   |--- truncated branch of depth 2
|   |--- feature_9 >  0.38
|   |   |--- feature_11 <= 0.10
|   |   |   |--- feature_6 <= -0.18
|   |   |   |   |--- class: 25
|   |   |   |--- feature_6 >  -0.18
|   |   |   |   |--- class: 5
|   |   |--- feature_11 >  0.10
|   |   |   |--- feature_2 <= -0.30
|   |   |   |   |--- class: 43
|   |   |   |--- feature_2 >  -0.30
|   |   |   |   |--- truncated branch of depth 5
|--- feature_14 >  -0.74
|   |--- feature_1 <= -1.20
|   |   |--- feature_0 <= -0.32
|   |   |   |--- class: 37
|   |   |--- feature_0 >  -0.32
|   |   |   |--- feature_17 <= -0.18
|   |   |   |   |--- class: 1
|   |   |   |--- feature_17 >  -0.18
|   |   |   |   |--- class: 1
|   |--- feature_1 >  -1.20
|   |   |--- feature_17 <= -0.17
|   |   |   |--- feature_17 <= -0.33
|   |   |   |   |--- truncated branch of depth 5
|   |   |   |--- feature_17 >  -0.33
|   |   |   |   |--- truncated branch of depth 5
|   |   |--- feature_17 >  -0.17
|   |   |   |--- feature_16 <= -0.06
|   |   |   |   |--- truncated branch of depth 3
|   |   |   |--- feature_16 >  -0.06
|   |   |   |   |--- truncated branch of depth 5

[S-REINFORCE] symbolic-policy agreement=0.164
[S-REINFORCE] symbolic-policy agreement=0.164
Eval at step 190000, survival=1.922%, return=[-1.2033791505964473, 92.04106884956362, -6.158485351130366, -7.6491228070175525]
SPS=4
[S-REINFORCE] symbolic tree refit at rollout 190 | imitation_acc=0.372
|--- feature_14 <= -0.74
|   |--- feature_2 <= 0.02
|   |   |--- feature_6 <= 0.98
|   |   |   |--- feature_17 <= -0.46
|   |   |   |   |--- class: 1
|   |   |   |--- feature_17 >  -0.46
|   |   |   |   |--- class: 5
|   |   |--- feature_6 >  0.98
|   |   |   |--- feature_4 <= -1.10
|   |   |   |   |--- class: 5
|   |   |   |--- feature_4 >  -1.10
|   |   |   |   |--- class: 43
|   |--- feature_2 >  0.02
|   |   |--- feature_2 <= 0.46
|   |   |   |--- feature_9 <= 0.24
|   |   |   |   |--- truncated branch of depth 3
|   |   |   |--- feature_9 >  0.24
|   |   |   |   |--- truncated branch of depth 5
|   |   |--- feature_2 >  0.46
|   |   |   |--- feature_2 <= 0.59
|   |   |   |   |--- truncated branch of depth 2
|   |   |   |--- feature_2 >  0.59
|   |   |   |   |--- class: 5
|--- feature_14 >  -0.74
|   |--- feature_9 <= 2.33
|   |   |--- feature_0 <= 3.26
|   |   |   |--- feature_0 <= 0.62
|   |   |   |   |--- truncated branch of depth 5
|   |   |   |--- feature_0 >  0.62
|   |   |   |   |--- truncated branch of depth 5
|   |   |--- feature_0 >  3.26
|   |   |   |--- feature_14 <= 0.13
|   |   |   |   |--- class: 22
|   |   |   |--- feature_14 >  0.13
|   |   |   |   |--- class: 13
|   |--- feature_9 >  2.33
|   |   |--- class: 48

[S-REINFORCE] symbolic-policy agreement=0.228
[S-REINFORCE] symbolic-policy agreement=0.162
[S-REINFORCE] symbolic tree refit at rollout 192 | imitation_acc=0.358
|--- feature_14 <= -0.73
|   |--- feature_17 <= -0.02
|   |   |--- feature_17 <= -0.18
|   |   |   |--- feature_17 <= -0.25
|   |   |   |   |--- truncated branch of depth 2
|   |   |   |--- feature_17 >  -0.25
|   |   |   |   |--- class: 41
|   |   |--- feature_17 >  -0.18
|   |   |   |--- feature_9 <= 0.26
|   |   |   |   |--- truncated branch of depth 2
|   |   |   |--- feature_9 >  0.26
|   |   |   |   |--- truncated branch of depth 5
|   |--- feature_17 >  -0.02
|   |   |--- feature_9 <= 0.39
|   |   |   |--- feature_13 <= -0.04
|   |   |   |   |--- truncated branch of depth 2
|   |   |   |--- feature_13 >  -0.04
|   |   |   |   |--- truncated branch of depth 3
|   |   |--- feature_9 >  0.39
|   |   |   |--- feature_11 <= 0.34
|   |   |   |   |--- truncated branch of depth 2
|   |   |   |--- feature_11 >  0.34
|   |   |   |   |--- class: 33
|--- feature_14 >  -0.73
|   |--- feature_9 <= 2.15
|   |   |--- feature_0 <= 2.62
|   |   |   |--- feature_0 <= 0.55
|   |   |   |   |--- truncated branch of depth 5
|   |   |   |--- feature_0 >  0.55
|   |   |   |   |--- truncated branch of depth 5
|   |   |--- feature_0 >  2.62
|   |   |   |--- feature_17 <= 0.08
|   |   |   |   |--- truncated branch of depth 2
|   |   |   |--- feature_17 >  0.08
|   |   |   |   |--- class: 5
|   |--- feature_9 >  2.15
|   |   |--- feature_2 <= 0.04
|   |   |   |--- class: 48
|   |   |--- feature_2 >  0.04
|   |   |   |--- class: 48

[S-REINFORCE] symbolic-policy agreement=0.232
[S-REINFORCE] symbolic-policy agreement=0.191
[S-REINFORCE] symbolic tree refit at rollout 194 | imitation_acc=0.336
|--- feature_14 <= -0.74
|   |--- feature_17 <= -0.01
|   |   |--- feature_11 <= 0.10
|   |   |   |--- feature_11 <= 0.07
|   |   |   |   |--- truncated branch of depth 2
|   |   |   |--- feature_11 >  0.07
|   |   |   |   |--- class: 41
|   |   |--- feature_11 >  0.10
|   |   |   |--- feature_9 <= 0.37
|   |   |   |   |--- truncated branch of depth 5
|   |   |   |--- feature_9 >  0.37
|   |   |   |   |--- truncated branch of depth 5
|   |--- feature_17 >  -0.01
|   |   |--- feature_14 <= -0.98
|   |   |   |--- class: 43
|   |   |--- feature_14 >  -0.98
|   |   |   |--- feature_2 <= -0.39
|   |   |   |   |--- truncated branch of depth 2
|   |   |   |--- feature_2 >  -0.39
|   |   |   |   |--- truncated branch of depth 5
|--- feature_14 >  -0.74
|   |--- feature_9 <= 2.39
|   |   |--- feature_1 <= -2.63
|   |   |   |--- feature_6 <= 0.37
|   |   |   |   |--- truncated branch of depth 2
|   |   |   |--- feature_6 >  0.37
|   |   |   |   |--- class: 1
|   |   |--- feature_1 >  -2.63
|   |   |   |--- feature_0 <= 2.64
|   |   |   |   |--- truncated branch of depth 5
|   |   |   |--- feature_0 >  2.64
|   |   |   |   |--- truncated branch of depth 2
|   |--- feature_9 >  2.39
|   |   |--- feature_3 <= -0.18
|   |   |   |--- class: 48
|   |   |--- feature_3 >  -0.18
|   |   |   |--- class: 48

[S-REINFORCE] symbolic-policy agreement=0.162
[S-REINFORCE] symbolic-policy agreement=0.159
[S-REINFORCE] symbolic tree refit at rollout 196 | imitation_acc=0.360
|--- feature_14 <= -0.73
|   |--- feature_9 <= 0.31
|   |   |--- feature_1 <= -1.20
|   |   |   |--- class: 1
|   |   |--- feature_1 >  -1.20
|   |   |   |--- feature_6 <= 0.41
|   |   |   |   |--- truncated branch of depth 3
|   |   |   |--- feature_6 >  0.41
|   |   |   |   |--- truncated branch of depth 4
|   |--- feature_9 >  0.31
|   |   |--- feature_4 <= 0.06
|   |   |   |--- feature_2 <= 0.12
|   |   |   |   |--- truncated branch of depth 2
|   |   |   |--- feature_2 >  0.12
|   |   |   |   |--- class: 41
|   |   |--- feature_4 >  0.06
|   |   |   |--- feature_9 <= 0.45
|   |   |   |   |--- truncated branch of depth 5
|   |   |   |--- feature_9 >  0.45
|   |   |   |   |--- class: 48
|--- feature_14 >  -0.73
|   |--- feature_0 <= 3.50
|   |   |--- feature_4 <= -0.18
|   |   |   |--- feature_2 <= 0.50
|   |   |   |   |--- truncated branch of depth 5
|   |   |   |--- feature_2 >  0.50
|   |   |   |   |--- class: 30
|   |   |--- feature_4 >  -0.18
|   |   |   |--- feature_11 <= 0.34
|   |   |   |   |--- truncated branch of depth 5
|   |   |   |--- feature_11 >  0.34
|   |   |   |   |--- truncated branch of depth 4
|   |--- feature_0 >  3.50
|   |   |--- feature_9 <= -0.10
|   |   |   |--- feature_16 <= -0.06
|   |   |   |   |--- class: 22
|   |   |   |--- feature_16 >  -0.06
|   |   |   |   |--- class: 22
|   |   |--- feature_9 >  -0.10
|   |   |   |--- class: 22

[S-REINFORCE] symbolic-policy agreement=0.240
[S-REINFORCE] symbolic-policy agreement=0.185
[S-REINFORCE] symbolic tree refit at rollout 198 | imitation_acc=0.324
|--- feature_6 <= -0.26
|   |--- feature_11 <= 0.39
|   |   |--- feature_2 <= -1.20
|   |   |   |--- feature_3 <= -0.18
|   |   |   |   |--- truncated branch of depth 3
|   |   |   |--- feature_3 >  -0.18
|   |   |   |   |--- class: 5
|   |   |--- feature_2 >  -1.20
|   |   |   |--- feature_17 <= -0.40
|   |   |   |   |--- truncated branch of depth 5
|   |   |   |--- feature_17 >  -0.40
|   |   |   |   |--- truncated branch of depth 5
|   |--- feature_11 >  0.39
|   |   |--- feature_3 <= 1.90
|   |   |   |--- feature_14 <= -0.26
|   |   |   |   |--- truncated branch of depth 3
|   |   |   |--- feature_14 >  -0.26
|   |   |   |   |--- truncated branch of depth 2
|   |   |--- feature_3 >  1.90
|   |   |   |--- class: 33
|--- feature_6 >  -0.26
|   |--- feature_6 <= -0.16
|   |   |--- feature_14 <= -0.71
|   |   |   |--- feature_9 <= 0.35
|   |   |   |   |--- class: 5
|   |   |   |--- feature_9 >  0.35
|   |   |   |   |--- truncated branch of depth 5
|   |   |--- feature_14 >  -0.71
|   |   |   |--- feature_9 <= 0.50
|   |   |   |   |--- truncated branch of depth 3
|   |   |   |--- feature_9 >  0.50
|   |   |   |   |--- class: 4
|   |--- feature_6 >  -0.16
|   |   |--- feature_1 <= -2.64
|   |   |   |--- feature_7 <= -0.04
|   |   |   |   |--- class: 1
|   |   |   |--- feature_7 >  -0.04
|   |   |   |   |--- class: 1
|   |   |--- feature_1 >  -2.64
|   |   |   |--- feature_5 <= -0.92
|   |   |   |   |--- truncated branch of depth 5
|   |   |   |--- feature_5 >  -0.92
|   |   |   |   |--- truncated branch of depth 5

[S-REINFORCE] symbolic-policy agreement=0.174
[S-REINFORCE] symbolic-policy agreement=0.136
Eval at step 200000, survival=1.724%, return=[-1.174402635738564, 81.43974377473198, -7.139931778113048, -5.485380116959071]
SPS=4
[S-REINFORCE] symbolic tree refit at rollout 200 | imitation_acc=0.290
|--- feature_2 <= 0.33
|   |--- feature_9 <= 2.65
|   |   |--- feature_0 <= 0.22
|   |   |   |--- feature_1 <= -1.20
|   |   |   |   |--- class: 1
|   |   |   |--- feature_1 >  -1.20
|   |   |   |   |--- truncated branch of depth 5
|   |   |--- feature_0 >  0.22
|   |   |   |--- feature_0 <= 3.57
|   |   |   |   |--- truncated branch of depth 5
|   |   |   |--- feature_0 >  3.57
|   |   |   |   |--- truncated branch of depth 2
|   |--- feature_9 >  2.65
|   |   |--- feature_4 <= 0.14
|   |   |   |--- class: 48
|   |   |--- feature_4 >  0.14
|   |   |   |--- class: 48
|--- feature_2 >  0.33
|   |--- feature_2 <= 0.34
|   |   |--- feature_14 <= -0.74
|   |   |   |--- feature_2 <= 0.33
|   |   |   |   |--- truncated branch of depth 3
|   |   |   |--- feature_2 >  0.33
|   |   |   |   |--- class: 5
|   |   |--- feature_14 >  -0.74
|   |   |   |--- feature_2 <= 0.34
|   |   |   |   |--- class: 33
|   |   |   |--- feature_2 >  0.34
|   |   |   |   |--- truncated branch of depth 5
|   |--- feature_2 >  0.34
|   |   |--- feature_3 <= 1.89
|   |   |   |--- feature_5 <= 0.71
|   |   |   |   |--- truncated branch of depth 5
|   |   |   |--- feature_5 >  0.71
|   |   |   |   |--- truncated branch of depth 3
|   |   |--- feature_3 >  1.89
|   |   |   |--- feature_11 <= 0.13
|   |   |   |   |--- class: 33
|   |   |   |--- feature_11 >  0.13
|   |   |   |   |--- truncated branch of depth 2

[S-REINFORCE] symbolic-policy agreement=0.198
[S-REINFORCE] symbolic-policy agreement=0.164
[S-REINFORCE] symbolic tree refit at rollout 202 | imitation_acc=0.292
|--- feature_9 <= 2.43
|   |--- feature_2 <= 0.34
|   |   |--- feature_2 <= 0.31
|   |   |   |--- feature_4 <= -0.49
|   |   |   |   |--- truncated branch of depth 5
|   |   |   |--- feature_4 >  -0.49
|   |   |   |   |--- truncated branch of depth 5
|   |   |--- feature_2 >  0.31
|   |   |   |--- feature_9 <= 0.36
|   |   |   |   |--- truncated branch of depth 2
|   |   |   |--- feature_9 >  0.36
|   |   |   |   |--- truncated branch of depth 5
|   |--- feature_2 >  0.34
|   |   |--- feature_2 <= 0.34
|   |   |   |--- feature_17 <= -0.17
|   |   |   |   |--- class: 33
|   |   |   |--- feature_17 >  -0.17
|   |   |   |   |--- truncated branch of depth 4
|   |   |--- feature_2 >  0.34
|   |   |   |--- feature_11 <= 0.61
|   |   |   |   |--- truncated branch of depth 5
|   |   |   |--- feature_11 >  0.61
|   |   |   |   |--- truncated branch of depth 5
|--- feature_9 >  2.43
|   |--- feature_16 <= -0.06
|   |   |--- feature_13 <= -0.04
|   |   |   |--- class: 48
|   |   |--- feature_13 >  -0.04
|   |   |   |--- class: 48
|   |--- feature_16 >  -0.06
|   |   |--- class: 48

[S-REINFORCE] symbolic-policy agreement=0.192
[S-REINFORCE] symbolic-policy agreement=0.163
[S-REINFORCE] symbolic tree refit at rollout 204 | imitation_acc=0.259
|--- feature_9 <= 2.49
|   |--- feature_2 <= 0.34
|   |   |--- feature_2 <= 0.33
|   |   |   |--- feature_1 <= -2.65
|   |   |   |   |--- class: 1
|   |   |   |--- feature_1 >  -2.65
|   |   |   |   |--- truncated branch of depth 5
|   |   |--- feature_2 >  0.33
|   |   |   |--- feature_2 <= 0.33
|   |   |   |   |--- truncated branch of depth 2
|   |   |   |--- feature_2 >  0.33
|   |   |   |   |--- class: 48
|   |--- feature_2 >  0.34
|   |   |--- feature_2 <= 0.34
|   |   |   |--- feature_3 <= -0.18
|   |   |   |   |--- class: 33
|   |   |   |--- feature_3 >  -0.18
|   |   |   |   |--- truncated branch of depth 4
|   |   |--- feature_2 >  0.34
|   |   |   |--- feature_11 <= 0.58
|   |   |   |   |--- truncated branch of depth 5
|   |   |   |--- feature_11 >  0.58
|   |   |   |   |--- truncated branch of depth 3
|--- feature_9 >  2.49
|   |--- feature_14 <= 0.38
|   |   |--- feature_18 <= -0.04
|   |   |   |--- feature_0 <= 0.27
|   |   |   |   |--- truncated branch of depth 2
|   |   |   |--- feature_0 >  0.27
|   |   |   |   |--- class: 48
|   |   |--- feature_18 >  -0.04
|   |   |   |--- class: 48
|   |--- feature_14 >  0.38
|   |   |--- class: 48

[S-REINFORCE] symbolic-policy agreement=0.189
[S-REINFORCE] symbolic-policy agreement=0.128
[S-REINFORCE] symbolic tree refit at rollout 206 | imitation_acc=0.333
|--- feature_9 <= 2.44
|   |--- feature_2 <= 0.28
|   |   |--- feature_1 <= -1.21
|   |   |   |--- feature_6 <= -0.17
|   |   |   |   |--- class: 1
|   |   |   |--- feature_6 >  -0.17
|   |   |   |   |--- class: 1
|   |   |--- feature_1 >  -1.21
|   |   |   |--- feature_17 <= -1.05
|   |   |   |   |--- truncated branch of depth 5
|   |   |   |--- feature_17 >  -1.05
|   |   |   |   |--- truncated branch of depth 5
|   |--- feature_2 >  0.28
|   |   |--- feature_0 <= 0.14
|   |   |   |--- feature_0 <= 0.11
|   |   |   |   |--- truncated branch of depth 5
|   |   |   |--- feature_0 >  0.11
|   |   |   |   |--- truncated branch of depth 5
|   |   |--- feature_0 >  0.14
|   |   |   |--- feature_6 <= -0.16
|   |   |   |   |--- truncated branch of depth 5
|   |   |   |--- feature_6 >  -0.16
|   |   |   |   |--- truncated branch of depth 5
|--- feature_9 >  2.44
|   |--- feature_14 <= -0.73
|   |   |--- class: 48
|   |--- feature_14 >  -0.73
|   |   |--- feature_11 <= 0.10
|   |   |   |--- class: 48
|   |   |--- feature_11 >  0.10
|   |   |   |--- feature_1 <= 0.23
|   |   |   |   |--- class: 48
|   |   |   |--- feature_1 >  0.23
|   |   |   |   |--- class: 48

[S-REINFORCE] symbolic-policy agreement=0.257
[S-REINFORCE] symbolic-policy agreement=0.211
[S-REINFORCE] symbolic tree refit at rollout 208 | imitation_acc=0.279
|--- feature_2 <= 0.34
|   |--- feature_2 <= 0.31
|   |   |--- feature_1 <= -1.21
|   |   |   |--- class: 1
|   |   |--- feature_1 >  -1.21
|   |   |   |--- feature_11 <= -0.23
|   |   |   |   |--- truncated branch of depth 5
|   |   |   |--- feature_11 >  -0.23
|   |   |   |   |--- truncated branch of depth 5
|   |--- feature_2 >  0.31
|   |   |--- feature_9 <= 0.36
|   |   |   |--- feature_14 <= -0.05
|   |   |   |   |--- class: 0
|   |   |   |--- feature_14 >  -0.05
|   |   |   |   |--- class: 22
|   |   |--- feature_9 >  0.36
|   |   |   |--- feature_17 <= -0.16
|   |   |   |   |--- truncated branch of depth 4
|   |   |   |--- feature_17 >  -0.16
|   |   |   |   |--- class: 0
|--- feature_2 >  0.34
|   |--- feature_9 <= 0.31
|   |   |--- feature_9 <= -1.53
|   |   |   |--- class: 41
|   |   |--- feature_9 >  -1.53
|   |   |   |--- feature_4 <= 0.18
|   |   |   |   |--- class: 22
|   |   |   |--- feature_4 >  0.18
|   |   |   |   |--- truncated branch of depth 5
|   |--- feature_9 >  0.31
|   |   |--- feature_14 <= -0.36
|   |   |   |--- feature_2 <= 0.61
|   |   |   |   |--- truncated branch of depth 5
|   |   |   |--- feature_2 >  0.61
|   |   |   |   |--- class: 48
|   |   |--- feature_14 >  -0.36
|   |   |   |--- feature_9 <= 0.60
|   |   |   |   |--- class: 41
|   |   |   |--- feature_9 >  0.60
|   |   |   |   |--- class: 18

[S-REINFORCE] symbolic-policy agreement=0.186
[S-REINFORCE] symbolic-policy agreement=0.151
Eval at step 210000, survival=0.769%, return=[-1.1554229248625536, 30.513159270286554, -23.762198819390807, -8.163742690058482]
SPS=4
[S-REINFORCE] symbolic tree refit at rollout 210 | imitation_acc=0.331
|--- feature_2 <= 0.29
|   |--- feature_9 <= -1.53
|   |   |--- feature_2 <= -0.42
|   |   |   |--- feature_10 <= -0.18
|   |   |   |   |--- truncated branch of depth 2
|   |   |   |--- feature_10 >  -0.18
|   |   |   |   |--- class: 1
|   |   |--- feature_2 >  -0.42
|   |   |   |--- feature_5 <= 0.00
|   |   |   |   |--- truncated branch of depth 2
|   |   |   |--- feature_5 >  0.00
|   |   |   |   |--- truncated branch of depth 5
|   |--- feature_9 >  -1.53
|   |   |--- feature_4 <= -0.28
|   |   |   |--- feature_2 <= -0.35
|   |   |   |   |--- truncated branch of depth 5
|   |   |   |--- feature_2 >  -0.35
|   |   |   |   |--- truncated branch of depth 3
|   |   |--- feature_4 >  -0.28
|   |   |   |--- feature_15 <= -0.20
|   |   |   |   |--- truncated branch of depth 5
|   |   |   |--- feature_15 >  -0.20
|   |   |   |   |--- truncated branch of depth 5
|--- feature_2 >  0.29
|   |--- feature_0 <= 0.15
|   |   |--- feature_0 <= 0.11
|   |   |   |--- feature_11 <= 0.10
|   |   |   |   |--- truncated branch of depth 2
|   |   |   |--- feature_11 >  0.10
|   |   |   |   |--- truncated branch of depth 4
|   |   |--- feature_0 >  0.11
|   |   |   |--- feature_9 <= 0.34
|   |   |   |   |--- class: 0
|   |   |   |--- feature_9 >  0.34
|   |   |   |   |--- truncated branch of depth 5
|   |--- feature_0 >  0.15
|   |   |--- feature_9 <= 0.33
|   |   |   |--- feature_14 <= 0.53
|   |   |   |   |--- truncated branch of depth 5
|   |   |   |--- feature_14 >  0.53
|   |   |   |   |--- class: 18
|   |   |--- feature_9 >  0.33
|   |   |   |--- feature_17 <= -0.16
|   |   |   |   |--- truncated branch of depth 5
|   |   |   |--- feature_17 >  -0.16
|   |   |   |   |--- truncated branch of depth 3

[S-REINFORCE] symbolic-policy agreement=0.201
[S-REINFORCE] symbolic-policy agreement=0.114
[S-REINFORCE] symbolic tree refit at rollout 212 | imitation_acc=0.340
|--- feature_17 <= -0.27
|   |--- feature_2 <= -0.21
|   |   |--- feature_10 <= -0.18
|   |   |   |--- feature_11 <= -1.31
|   |   |   |   |--- truncated branch of depth 2
|   |   |   |--- feature_11 >  -1.31
|   |   |   |   |--- truncated branch of depth 2
|   |   |--- feature_10 >  -0.18
|   |   |   |--- class: 25
|   |--- feature_2 >  -0.21
|   |   |--- feature_13 <= -0.04
|   |   |   |--- feature_3 <= -0.18
|   |   |   |   |--- truncated branch of depth 5
|   |   |   |--- feature_3 >  -0.18
|   |   |   |   |--- class: 25
|   |   |--- feature_13 >  -0.04
|   |   |   |--- class: 25
|--- feature_17 >  -0.27
|   |--- feature_17 <= 0.05
|   |   |--- feature_6 <= -0.20
|   |   |   |--- feature_15 <= -0.20
|   |   |   |   |--- truncated branch of depth 5
|   |   |   |--- feature_15 >  -0.20
|   |   |   |   |--- truncated branch of depth 4
|   |   |--- feature_6 >  -0.20
|   |   |   |--- feature_6 <= -0.20
|   |   |   |   |--- truncated branch of depth 4
|   |   |   |--- feature_6 >  -0.20
|   |   |   |   |--- truncated branch of depth 5
|   |--- feature_17 >  0.05
|   |   |--- feature_18 <= -0.04
|   |   |   |--- feature_3 <= 3.94
|   |   |   |   |--- truncated branch of depth 5
|   |   |   |--- feature_3 >  3.94
|   |   |   |   |--- class: 33
|   |   |--- feature_18 >  -0.04
|   |   |   |--- feature_16 <= -0.06
|   |   |   |   |--- truncated branch of depth 5
|   |   |   |--- feature_16 >  -0.06
|   |   |   |   |--- class: 1

[S-REINFORCE] symbolic-policy agreement=0.265
[S-REINFORCE] symbolic-policy agreement=0.201
[S-REINFORCE] symbolic tree refit at rollout 214 | imitation_acc=0.360
|--- feature_17 <= -0.29
|   |--- feature_2 <= -0.36
|   |   |--- feature_1 <= 0.23
|   |   |   |--- feature_1 <= 0.22
|   |   |   |   |--- class: 0
|   |   |   |--- feature_1 >  0.22
|   |   |   |   |--- truncated branch of depth 2
|   |   |--- feature_1 >  0.23
|   |   |   |--- feature_5 <= -1.26
|   |   |   |   |--- truncated branch of depth 2
|   |   |   |--- feature_5 >  -1.26
|   |   |   |   |--- truncated branch of depth 2
|   |--- feature_2 >  -0.36
|   |   |--- feature_0 <= 0.70
|   |   |   |--- feature_8 <= -0.10
|   |   |   |   |--- truncated branch of depth 5
|   |   |   |--- feature_8 >  -0.10
|   |   |   |   |--- truncated branch of depth 5
|   |   |--- feature_0 >  0.70
|   |   |   |--- class: 25
|--- feature_17 >  -0.29
|   |--- feature_0 <= 1.15
|   |   |--- feature_2 <= 0.34
|   |   |   |--- feature_2 <= 0.11
|   |   |   |   |--- truncated branch of depth 5
|   |   |   |--- feature_2 >  0.11
|   |   |   |   |--- truncated branch of depth 5
|   |   |--- feature_2 >  0.34
|   |   |   |--- feature_2 <= 0.34
|   |   |   |   |--- truncated branch of depth 4
|   |   |   |--- feature_2 >  0.34
|   |   |   |   |--- truncated branch of depth 5
|   |--- feature_0 >  1.15
|   |   |--- feature_0 <= 2.94
|   |   |   |--- feature_5 <= -0.29
|   |   |   |   |--- class: 18
|   |   |   |--- feature_5 >  -0.29
|   |   |   |   |--- truncated branch of depth 4
|   |   |--- feature_0 >  2.94
|   |   |   |--- class: 22

[S-REINFORCE] symbolic-policy agreement=0.321
[S-REINFORCE] symbolic-policy agreement=0.221
[S-REINFORCE] symbolic tree refit at rollout 216 | imitation_acc=0.400
|--- feature_17 <= -0.25
|   |--- feature_5 <= -0.55
|   |   |--- feature_10 <= -0.18
|   |   |   |--- class: 25
|   |   |--- feature_10 >  -0.18
|   |   |   |--- feature_3 <= -0.18
|   |   |   |   |--- truncated branch of depth 3
|   |   |   |--- feature_3 >  -0.18
|   |   |   |   |--- class: 41
|   |--- feature_5 >  -0.55
|   |   |--- feature_15 <= -0.20
|   |   |   |--- class: 25
|   |   |--- feature_15 >  -0.20
|   |   |   |--- feature_9 <= -1.52
|   |   |   |   |--- truncated branch of depth 4
|   |   |   |--- feature_9 >  -1.52
|   |   |   |   |--- truncated branch of depth 5
|--- feature_17 >  -0.25
|   |--- feature_2 <= 0.34
|   |   |--- feature_2 <= 0.08
|   |   |   |--- feature_7 <= -0.04
|   |   |   |   |--- truncated branch of depth 5
|   |   |   |--- feature_7 >  -0.04
|   |   |   |   |--- class: 25
|   |   |--- feature_2 >  0.08
|   |   |   |--- feature_14 <= -0.77
|   |   |   |   |--- truncated branch of depth 5
|   |   |   |--- feature_14 >  -0.77
|   |   |   |   |--- truncated branch of depth 5
|   |--- feature_2 >  0.34
|   |   |--- feature_5 <= 0.31
|   |   |   |--- feature_4 <= 0.19
|   |   |   |   |--- truncated branch of depth 2
|   |   |   |--- feature_4 >  0.19
|   |   |   |   |--- truncated branch of depth 5
|   |   |--- feature_5 >  0.31
|   |   |   |--- feature_10 <= -0.18
|   |   |   |   |--- class: 25
|   |   |   |--- feature_10 >  -0.18
|   |   |   |   |--- truncated branch of depth 5

[S-REINFORCE] symbolic-policy agreement=0.394
[S-REINFORCE] symbolic-policy agreement=0.397
[S-REINFORCE] symbolic tree refit at rollout 218 | imitation_acc=0.668
|--- feature_17 <= -0.22
|   |--- feature_16 <= -0.06
|   |   |--- feature_10 <= -0.18
|   |   |   |--- feature_1 <= 0.22
|   |   |   |   |--- class: 25
|   |   |   |--- feature_1 >  0.22
|   |   |   |   |--- truncated branch of depth 5
|   |   |--- feature_10 >  -0.18
|   |   |   |--- class: 25
|   |--- feature_16 >  -0.06
|   |   |--- feature_12 <= -0.18
|   |   |   |--- feature_13 <= -0.04
|   |   |   |   |--- truncated branch of depth 2
|   |   |   |--- feature_13 >  -0.04
|   |   |   |   |--- truncated branch of depth 4
|   |   |--- feature_12 >  -0.18
|   |   |   |--- feature_12 <= -0.18
|   |   |   |   |--- class: 25
|   |   |   |--- feature_12 >  -0.18
|   |   |   |   |--- class: 25
|--- feature_17 >  -0.22
|   |--- feature_7 <= -0.04
|   |   |--- feature_1 <= -1.23
|   |   |   |--- feature_10 <= -0.18
|   |   |   |   |--- class: 25
|   |   |   |--- feature_10 >  -0.18
|   |   |   |   |--- class: 1
|   |   |--- feature_1 >  -1.23
|   |   |   |--- feature_10 <= -0.18
|   |   |   |   |--- truncated branch of depth 5
|   |   |   |--- feature_10 >  -0.18
|   |   |   |   |--- truncated branch of depth 5
|   |--- feature_7 >  -0.04
|   |   |--- feature_17 <= 0.54
|   |   |   |--- class: 31
|   |   |--- feature_17 >  0.54
|   |   |   |--- class: 18

[S-REINFORCE] symbolic-policy agreement=0.694
[S-REINFORCE] symbolic-policy agreement=0.290
Eval at step 220000, survival=1.877%, return=[-1.196302321467859, 89.40384600957232, -5.1273675023888545, -8.461988304093586]
SPS=4
[S-REINFORCE] symbolic tree refit at rollout 220 | imitation_acc=0.513
|--- feature_17 <= -0.18
|   |--- feature_9 <= -1.52
|   |   |--- feature_2 <= -0.01
|   |   |   |--- class: 25
|   |   |--- feature_2 >  -0.01
|   |   |   |--- feature_11 <= -0.13
|   |   |   |   |--- class: 25
|   |   |   |--- feature_11 >  -0.13
|   |   |   |   |--- class: 25
|   |--- feature_9 >  -1.52
|   |   |--- feature_2 <= -0.16
|   |   |   |--- feature_18 <= -0.04
|   |   |   |   |--- truncated branch of depth 2
|   |   |   |--- feature_18 >  -0.04
|   |   |   |   |--- truncated branch of depth 2
|   |   |--- feature_2 >  -0.16
|   |   |   |--- feature_9 <= 0.54
|   |   |   |   |--- truncated branch of depth 5
|   |   |   |--- feature_9 >  0.54
|   |   |   |   |--- class: 8
|--- feature_17 >  -0.18
|   |--- feature_18 <= -0.04
|   |   |--- feature_17 <= -0.16
|   |   |   |--- feature_11 <= 0.12
|   |   |   |   |--- class: 25
|   |   |   |--- feature_11 >  0.12
|   |   |   |   |--- class: 0
|   |   |--- feature_17 >  -0.16
|   |   |   |--- feature_1 <= 0.22
|   |   |   |   |--- class: 25
|   |   |   |--- feature_1 >  0.22
|   |   |   |   |--- truncated branch of depth 4
|   |--- feature_18 >  -0.04
|   |   |--- feature_15 <= -0.20
|   |   |   |--- feature_9 <= -1.52
|   |   |   |   |--- class: 25
|   |   |   |--- feature_9 >  -1.52
|   |   |   |   |--- class: 25
|   |   |--- feature_15 >  -0.20
|   |   |   |--- feature_17 <= -0.16
|   |   |   |   |--- truncated branch of depth 2
|   |   |   |--- feature_17 >  -0.16
|   |   |   |   |--- truncated branch of depth 5

[S-REINFORCE] symbolic-policy agreement=0.684
[S-REINFORCE] symbolic-policy agreement=0.567
[S-REINFORCE] symbolic tree refit at rollout 222 | imitation_acc=0.434
|--- feature_7 <= -0.04
|   |--- feature_3 <= -0.18
|   |   |--- feature_15 <= -0.20
|   |   |   |--- feature_14 <= -0.71
|   |   |   |   |--- truncated branch of depth 5
|   |   |   |--- feature_14 >  -0.71
|   |   |   |   |--- truncated branch of depth 5
|   |   |--- feature_15 >  -0.20
|   |   |   |--- class: 48
|   |--- feature_3 >  -0.18
|   |   |--- feature_3 <= 1.89
|   |   |   |--- feature_14 <= -0.71
|   |   |   |   |--- class: 25
|   |   |   |--- feature_14 >  -0.71
|   |   |   |   |--- truncated branch of depth 3
|   |   |--- feature_3 >  1.89
|   |   |   |--- class: 42
|--- feature_7 >  -0.04
|   |--- feature_14 <= -0.71
|   |   |--- feature_14 <= -0.72
|   |   |   |--- feature_1 <= 0.21
|   |   |   |   |--- truncated branch of depth 2
|   |   |   |--- feature_1 >  0.21
|   |   |   |   |--- truncated branch of depth 5
|   |   |--- feature_14 >  -0.72
|   |   |   |--- feature_1 <= 0.21
|   |   |   |   |--- class: 28
|   |   |   |--- feature_1 >  0.21
|   |   |   |   |--- truncated branch of depth 5
|   |--- feature_14 >  -0.71
|   |   |--- feature_1 <= 0.21
|   |   |   |--- feature_8 <= -0.10
|   |   |   |   |--- truncated branch of depth 4
|   |   |   |--- feature_8 >  -0.10
|   |   |   |   |--- truncated branch of depth 2
|   |   |--- feature_1 >  0.21
|   |   |   |--- feature_10 <= 3.78
|   |   |   |   |--- truncated branch of depth 5
|   |   |   |--- feature_10 >  3.78
|   |   |   |   |--- truncated branch of depth 3

[S-REINFORCE] symbolic-policy agreement=0.016
[S-REINFORCE] symbolic-policy agreement=0.031
[S-REINFORCE] symbolic tree refit at rollout 224 | imitation_acc=0.289
|--- feature_18 <= -0.04
|   |--- feature_2 <= 0.33
|   |   |--- feature_9 <= -1.50
|   |   |   |--- feature_4 <= -0.26
|   |   |   |   |--- truncated branch of depth 3
|   |   |   |--- feature_4 >  -0.26
|   |   |   |   |--- class: 25
|   |   |--- feature_9 >  -1.50
|   |   |   |--- feature_15 <= -0.20
|   |   |   |   |--- truncated branch of depth 5
|   |   |   |--- feature_15 >  -0.20
|   |   |   |   |--- class: 25
|   |--- feature_2 >  0.33
|   |   |--- feature_2 <= 0.35
|   |   |   |--- feature_1 <= 0.21
|   |   |   |   |--- class: 25
|   |   |   |--- feature_1 >  0.21
|   |   |   |   |--- class: 25
|   |   |--- feature_2 >  0.35
|   |   |   |--- feature_5 <= 0.58
|   |   |   |   |--- truncated branch of depth 2
|   |   |   |--- feature_5 >  0.58
|   |   |   |   |--- truncated branch of depth 2
|--- feature_18 >  -0.04
|   |--- feature_14 <= -0.65
|   |   |--- feature_14 <= -0.71
|   |   |   |--- feature_6 <= 2.18
|   |   |   |   |--- truncated branch of depth 5
|   |   |   |--- feature_6 >  2.18
|   |   |   |   |--- class: 15
|   |   |--- feature_14 >  -0.71
|   |   |   |--- feature_14 <= -0.71
|   |   |   |   |--- truncated branch of depth 5
|   |   |   |--- feature_14 >  -0.71
|   |   |   |   |--- truncated branch of depth 2
|   |--- feature_14 >  -0.65
|   |   |--- feature_1 <= 0.21
|   |   |   |--- feature_6 <= 1.36
|   |   |   |   |--- truncated branch of depth 3
|   |   |   |--- feature_6 >  1.36
|   |   |   |   |--- class: 32
|   |   |--- feature_1 >  0.21
|   |   |   |--- feature_17 <= -0.32
|   |   |   |   |--- truncated branch of depth 5
|   |   |   |--- feature_17 >  -0.32
|   |   |   |   |--- truncated branch of depth 5

[S-REINFORCE] symbolic-policy agreement=0.065
[S-REINFORCE] symbolic-policy agreement=0.023
[S-REINFORCE] symbolic tree refit at rollout 226 | imitation_acc=0.282
|--- feature_1 <= 0.92
|   |--- feature_14 <= -0.71
|   |   |--- feature_14 <= -0.72
|   |   |   |--- feature_6 <= 0.98
|   |   |   |   |--- truncated branch of depth 5
|   |   |   |--- feature_6 >  0.98
|   |   |   |   |--- truncated branch of depth 3
|   |   |--- feature_14 >  -0.72
|   |   |   |--- feature_2 <= 0.34
|   |   |   |   |--- truncated branch of depth 2
|   |   |   |--- feature_2 >  0.34
|   |   |   |   |--- truncated branch of depth 4
|   |--- feature_14 >  -0.71
|   |   |--- feature_17 <= -1.02
|   |   |   |--- feature_16 <= -0.06
|   |   |   |   |--- truncated branch of depth 3
|   |   |   |--- feature_16 >  -0.06
|   |   |   |   |--- truncated branch of depth 2
|   |   |--- feature_17 >  -1.02
|   |   |   |--- feature_18 <= -0.04
|   |   |   |   |--- class: 5
|   |   |   |--- feature_18 >  -0.04
|   |   |   |   |--- truncated branch of depth 5
|--- feature_1 >  0.92
|   |--- feature_12 <= -0.18
|   |   |--- feature_17 <= -0.06
|   |   |   |--- feature_3 <= -0.18
|   |   |   |   |--- truncated branch of depth 5
|   |   |   |--- feature_3 >  -0.18
|   |   |   |   |--- truncated branch of depth 3
|   |   |--- feature_17 >  -0.06
|   |   |   |--- class: 25
|   |--- feature_12 >  -0.18
|   |   |--- feature_6 <= -0.03
|   |   |   |--- feature_18 <= -0.04
|   |   |   |   |--- class: 17
|   |   |   |--- feature_18 >  -0.04
|   |   |   |   |--- class: 25
|   |   |--- feature_6 >  -0.03
|   |   |   |--- feature_9 <= -1.50
|   |   |   |   |--- class: 5
|   |   |   |--- feature_9 >  -1.50
|   |   |   |   |--- class: 34

[S-REINFORCE] symbolic-policy agreement=0.207
[S-REINFORCE] symbolic-policy agreement=0.259
[S-REINFORCE] symbolic tree refit at rollout 228 | imitation_acc=0.557
|--- feature_1 <= 0.92
|   |--- feature_2 <= 0.33
|   |   |--- feature_1 <= -1.23
|   |   |   |--- class: 1
|   |   |--- feature_1 >  -1.23
|   |   |   |--- feature_4 <= -0.89
|   |   |   |   |--- truncated branch of depth 3
|   |   |   |--- feature_4 >  -0.89
|   |   |   |   |--- truncated branch of depth 5
|   |--- feature_2 >  0.33
|   |   |--- feature_2 <= 0.35
|   |   |   |--- feature_6 <= -0.19
|   |   |   |   |--- class: 3
|   |   |   |--- feature_6 >  -0.19
|   |   |   |   |--- truncated branch of depth 2
|   |   |--- feature_2 >  0.35
|   |   |   |--- feature_11 <= 0.43
|   |   |   |   |--- truncated branch of depth 2
|   |   |   |--- feature_11 >  0.43
|   |   |   |   |--- class: 33
|--- feature_1 >  0.92
|   |--- feature_9 <= -1.49
|   |   |--- feature_12 <= -0.18
|   |   |   |--- feature_1 <= 1.64
|   |   |   |   |--- class: 25
|   |   |   |--- feature_1 >  1.64
|   |   |   |   |--- class: 25
|   |   |--- feature_12 >  -0.18
|   |   |   |--- feature_16 <= -0.06
|   |   |   |   |--- truncated branch of depth 2
|   |   |   |--- feature_16 >  -0.06
|   |   |   |   |--- truncated branch of depth 5
|   |--- feature_9 >  -1.49
|   |   |--- feature_16 <= -0.06
|   |   |   |--- class: 25
|   |   |--- feature_16 >  -0.06
|   |   |   |--- class: 25

[S-REINFORCE] symbolic-policy agreement=0.722
[S-REINFORCE] symbolic-policy agreement=0.266
Eval at step 230000, survival=2.832%, return=[-1.4355244205410902, 110.33938202063233, -117.6251608824047, -34.33333333333339]
SPS=4
[S-REINFORCE] symbolic tree refit at rollout 230 | imitation_acc=0.465
|--- feature_9 <= -1.48
|   |--- feature_7 <= -0.04
|   |   |--- feature_16 <= -0.06
|   |   |   |--- feature_11 <= 0.32
|   |   |   |   |--- truncated branch of depth 2
|   |   |   |--- feature_11 >  0.32
|   |   |   |   |--- class: 25
|   |   |--- feature_16 >  -0.06
|   |   |   |--- feature_17 <= -0.57
|   |   |   |   |--- truncated branch of depth 2
|   |   |   |--- feature_17 >  -0.57
|   |   |   |   |--- class: 25
|   |--- feature_7 >  -0.04
|   |   |--- feature_11 <= 0.23
|   |   |   |--- feature_10 <= -0.19
|   |   |   |   |--- class: 7
|   |   |   |--- feature_10 >  -0.19
|   |   |   |   |--- class: 16
|   |   |--- feature_11 >  0.23
|   |   |   |--- feature_8 <= -0.10
|   |   |   |   |--- class: 25
|   |   |   |--- feature_8 >  -0.10
|   |   |   |   |--- truncated branch of depth 5
|--- feature_9 >  -1.48
|   |--- feature_2 <= 0.34
|   |   |--- feature_17 <= -0.42
|   |   |   |--- feature_0 <= 0.45
|   |   |   |   |--- truncated branch of depth 5
|   |   |   |--- feature_0 >  0.45
|   |   |   |   |--- truncated branch of depth 3
|   |   |--- feature_17 >  -0.42
|   |   |   |--- feature_3 <= 3.94
|   |   |   |   |--- truncated branch of depth 5
|   |   |   |--- feature_3 >  3.94
|   |   |   |   |--- class: 20
|   |--- feature_2 >  0.34
|   |   |--- feature_2 <= 0.34
|   |   |   |--- feature_14 <= -0.71
|   |   |   |   |--- truncated branch of depth 4
|   |   |   |--- feature_14 >  -0.71
|   |   |   |   |--- class: 16
|   |   |--- feature_2 >  0.34
|   |   |   |--- feature_5 <= 0.47
|   |   |   |   |--- truncated branch of depth 5
|   |   |   |--- feature_5 >  0.47
|   |   |   |   |--- truncated branch of depth 3

[S-REINFORCE] symbolic-policy agreement=0.474
[S-REINFORCE] symbolic-policy agreement=0.020
[S-REINFORCE] symbolic tree refit at rollout 232 | imitation_acc=0.437
|--- feature_17 <= -0.53
|   |--- feature_1 <= 1.61
|   |   |--- feature_18 <= -0.04
|   |   |   |--- class: 25
|   |   |--- feature_18 >  -0.04
|   |   |   |--- feature_9 <= 0.28
|   |   |   |   |--- class: 40
|   |   |   |--- feature_9 >  0.28
|   |   |   |   |--- class: 49
|   |--- feature_1 >  1.61
|   |   |--- feature_8 <= -0.10
|   |   |   |--- feature_9 <= -1.48
|   |   |   |   |--- truncated branch of depth 5
|   |   |   |--- feature_9 >  -1.48
|   |   |   |   |--- truncated branch of depth 3
|   |   |--- feature_8 >  -0.10
|   |   |   |--- feature_9 <= -1.47
|   |   |   |   |--- truncated branch of depth 5
|   |   |   |--- feature_9 >  -1.47
|   |   |   |   |--- truncated branch of depth 2
|--- feature_17 >  -0.53
|   |--- feature_13 <= -0.04
|   |   |--- feature_16 <= -0.06
|   |   |   |--- class: 35
|   |   |--- feature_16 >  -0.06
|   |   |   |--- feature_2 <= 0.32
|   |   |   |   |--- truncated branch of depth 5
|   |   |   |--- feature_2 >  0.32
|   |   |   |   |--- truncated branch of depth 4
|   |--- feature_13 >  -0.04
|   |   |--- feature_17 <= -0.15
|   |   |   |--- feature_17 <= -0.15
|   |   |   |   |--- truncated branch of depth 4
|   |   |   |--- feature_17 >  -0.15
|   |   |   |   |--- truncated branch of depth 2
|   |   |--- feature_17 >  -0.15
|   |   |   |--- feature_13 <= -0.04
|   |   |   |   |--- truncated branch of depth 2
|   |   |   |--- feature_13 >  -0.04
|   |   |   |   |--- truncated branch of depth 5

[S-REINFORCE] symbolic-policy agreement=0.505
[S-REINFORCE] symbolic-policy agreement=0.271
[S-REINFORCE] symbolic tree refit at rollout 234 | imitation_acc=0.392
|--- feature_16 <= -0.06
|   |--- feature_18 <= -0.04
|   |   |--- feature_10 <= -0.19
|   |   |   |--- feature_9 <= 0.34
|   |   |   |   |--- class: 33
|   |   |   |--- feature_9 >  0.34
|   |   |   |   |--- truncated branch of depth 3
|   |   |--- feature_10 >  -0.19
|   |   |   |--- feature_2 <= 0.34
|   |   |   |   |--- truncated branch of depth 5
|   |   |   |--- feature_2 >  0.34
|   |   |   |   |--- truncated branch of depth 5
|   |--- feature_18 >  -0.04
|   |   |--- feature_9 <= 0.05
|   |   |   |--- feature_6 <= 0.54
|   |   |   |   |--- truncated branch of depth 2
|   |   |   |--- feature_6 >  0.54
|   |   |   |   |--- class: 26
|   |   |--- feature_9 >  0.05
|   |   |   |--- feature_9 <= 0.41
|   |   |   |   |--- truncated branch of depth 2
|   |   |   |--- feature_9 >  0.41
|   |   |   |   |--- truncated branch of depth 4
|--- feature_16 >  -0.06
|   |--- feature_9 <= 0.41
|   |   |--- feature_9 <= 0.40
|   |   |   |--- feature_3 <= -0.18
|   |   |   |   |--- class: 25
|   |   |   |--- feature_3 >  -0.18
|   |   |   |   |--- truncated branch of depth 5
|   |   |--- feature_9 >  0.40
|   |   |   |--- feature_3 <= -0.18
|   |   |   |   |--- class: 16
|   |   |   |--- feature_3 >  -0.18
|   |   |   |   |--- class: 16
|   |--- feature_9 >  0.41
|   |   |--- feature_12 <= -0.18
|   |   |   |--- class: 35
|   |   |--- feature_12 >  -0.18
|   |   |   |--- feature_0 <= -0.70
|   |   |   |   |--- truncated branch of depth 2
|   |   |   |--- feature_0 >  -0.70
|   |   |   |   |--- truncated branch of depth 3

[S-REINFORCE] symbolic-policy agreement=0.260
[S-REINFORCE] symbolic-policy agreement=0.037
[S-REINFORCE] symbolic tree refit at rollout 236 | imitation_acc=0.589
|--- feature_17 <= -0.21
|   |--- feature_15 <= -0.21
|   |   |--- feature_9 <= -0.77
|   |   |   |--- feature_15 <= -0.21
|   |   |   |   |--- truncated branch of depth 5
|   |   |   |--- feature_15 >  -0.21
|   |   |   |   |--- truncated branch of depth 5
|   |   |--- feature_9 >  -0.77
|   |   |   |--- feature_12 <= -0.18
|   |   |   |   |--- class: 46
|   |   |   |--- feature_12 >  -0.18
|   |   |   |   |--- class: 39
|   |--- feature_15 >  -0.21
|   |   |--- feature_1 <= 1.60
|   |   |   |--- feature_9 <= 0.25
|   |   |   |   |--- truncated branch of depth 5
|   |   |   |--- feature_9 >  0.25
|   |   |   |   |--- class: 28
|   |   |--- feature_1 >  1.60
|   |   |   |--- feature_7 <= -0.04
|   |   |   |   |--- class: 25
|   |   |   |--- feature_7 >  -0.04
|   |   |   |   |--- truncated branch of depth 3
|--- feature_17 >  -0.21
|   |--- feature_17 <= -0.13
|   |   |--- feature_11 <= 0.14
|   |   |   |--- feature_0 <= -0.38
|   |   |   |   |--- class: 25
|   |   |   |--- feature_0 >  -0.38
|   |   |   |   |--- truncated branch of depth 2
|   |   |--- feature_11 >  0.14
|   |   |   |--- feature_11 <= 0.14
|   |   |   |   |--- truncated branch of depth 2
|   |   |   |--- feature_11 >  0.14
|   |   |   |   |--- class: 14
|   |--- feature_17 >  -0.13
|   |   |--- feature_11 <= -1.89
|   |   |   |--- feature_6 <= 1.39
|   |   |   |   |--- class: 16
|   |   |   |--- feature_6 >  1.39
|   |   |   |   |--- class: 45
|   |   |--- feature_11 >  -1.89
|   |   |   |--- feature_6 <= -0.78
|   |   |   |   |--- truncated branch of depth 2
|   |   |   |--- feature_6 >  -0.78
|   |   |   |   |--- truncated branch of depth 5

[S-REINFORCE] symbolic-policy agreement=0.794
[S-REINFORCE] symbolic-policy agreement=0.384
[S-REINFORCE] symbolic tree refit at rollout 238 | imitation_acc=0.709
|--- feature_9 <= -0.17
|   |--- feature_2 <= 0.37
|   |   |--- feature_5 <= -1.11
|   |   |   |--- feature_13 <= -0.04
|   |   |   |   |--- truncated branch of depth 2
|   |   |   |--- feature_13 >  -0.04
|   |   |   |   |--- class: 18
|   |   |--- feature_5 >  -1.11
|   |   |   |--- feature_9 <= -1.45
|   |   |   |   |--- truncated branch of depth 5
|   |   |   |--- feature_9 >  -1.45
|   |   |   |   |--- truncated branch of depth 5
|   |--- feature_2 >  0.37
|   |   |--- feature_17 <= 0.58
|   |   |   |--- class: 49
|   |   |--- feature_17 >  0.58
|   |   |   |--- class: 12
|--- feature_9 >  -0.17
|   |--- feature_2 <= 0.34
|   |   |--- feature_16 <= -0.06
|   |   |   |--- feature_3 <= -0.18
|   |   |   |   |--- class: 25
|   |   |   |--- feature_3 >  -0.18
|   |   |   |   |--- truncated branch of depth 2
|   |   |--- feature_16 >  -0.06
|   |   |   |--- feature_2 <= -0.21
|   |   |   |   |--- truncated branch of depth 4
|   |   |   |--- feature_2 >  -0.21
|   |   |   |   |--- truncated branch of depth 4
|   |--- feature_2 >  0.34
|   |   |--- feature_2 <= 0.35
|   |   |   |--- feature_16 <= -0.06
|   |   |   |   |--- class: 14
|   |   |   |--- feature_16 >  -0.06
|   |   |   |   |--- truncated branch of depth 2
|   |   |--- feature_2 >  0.35
|   |   |   |--- feature_12 <= -0.18
|   |   |   |   |--- class: 30
|   |   |   |--- feature_12 >  -0.18
|   |   |   |   |--- truncated branch of depth 3

[S-REINFORCE] symbolic-policy agreement=0.667
[S-REINFORCE] symbolic-policy agreement=0.548
Eval at step 240000, survival=2.927%, return=[-1.2719197564874776, 144.25225954055787, -6.6662659351713955, -9.280701754385953]
SPS=4
[S-REINFORCE] symbolic tree refit at rollout 240 | imitation_acc=0.661
|--- feature_9 <= -0.09
|   |--- feature_6 <= 0.95
|   |   |--- feature_1 <= 1.59
|   |   |   |--- feature_6 <= -0.53
|   |   |   |   |--- class: 25
|   |   |   |--- feature_6 >  -0.53
|   |   |   |   |--- truncated branch of depth 5
|   |   |--- feature_1 >  1.59
|   |   |   |--- feature_1 <= 1.59
|   |   |   |   |--- truncated branch of depth 4
|   |   |   |--- feature_1 >  1.59
|   |   |   |   |--- class: 25
|   |--- feature_6 >  0.95
|   |   |--- feature_0 <= -0.75
|   |   |   |--- class: 25
|   |   |--- feature_0 >  -0.75
|   |   |   |--- feature_6 <= 1.56
|   |   |   |   |--- truncated branch of depth 2
|   |   |   |--- feature_6 >  1.56
|   |   |   |   |--- class: 25
|--- feature_9 >  -0.09
|   |--- feature_1 <= 0.18
|   |   |--- feature_15 <= -0.21
|   |   |   |--- class: 36
|   |   |--- feature_15 >  -0.21
|   |   |   |--- feature_4 <= 0.12
|   |   |   |   |--- class: 13
|   |   |   |--- feature_4 >  0.12
|   |   |   |   |--- class: 18
|   |--- feature_1 >  0.18
|   |   |--- feature_13 <= -0.04
|   |   |   |--- feature_2 <= 0.35
|   |   |   |   |--- truncated branch of depth 2
|   |   |   |--- feature_2 >  0.35
|   |   |   |   |--- class: 38
|   |   |--- feature_13 >  -0.04
|   |   |   |--- feature_7 <= -0.04
|   |   |   |   |--- class: 19
|   |   |   |--- feature_7 >  -0.04
|   |   |   |   |--- truncated branch of depth 5

[S-REINFORCE] symbolic-policy agreement=0.472
[S-REINFORCE] symbolic-policy agreement=0.221
[S-REINFORCE] symbolic tree refit at rollout 242 | imitation_acc=0.352
|--- feature_9 <= -1.43
|   |--- feature_2 <= -0.03
|   |   |--- feature_7 <= -0.04
|   |   |   |--- feature_18 <= -0.04
|   |   |   |   |--- truncated branch of depth 4
|   |   |   |--- feature_18 >  -0.04
|   |   |   |   |--- truncated branch of depth 2
|   |   |--- feature_7 >  -0.04
|   |   |   |--- feature_10 <= -0.19
|   |   |   |   |--- truncated branch of depth 2
|   |   |   |--- feature_10 >  -0.19
|   |   |   |   |--- truncated branch of depth 2
|   |--- feature_2 >  -0.03
|   |   |--- feature_12 <= -0.18
|   |   |   |--- feature_1 <= 1.59
|   |   |   |   |--- truncated branch of depth 3
|   |   |   |--- feature_1 >  1.59
|   |   |   |   |--- class: 25
|   |   |--- feature_12 >  -0.18
|   |   |   |--- feature_4 <= 0.72
|   |   |   |   |--- truncated branch of depth 5
|   |   |   |--- feature_4 >  0.72
|   |   |   |   |--- class: 40
|--- feature_9 >  -1.43
|   |--- feature_2 <= 0.34
|   |   |--- feature_7 <= -0.04
|   |   |   |--- feature_15 <= -0.21
|   |   |   |   |--- truncated branch of depth 2
|   |   |   |--- feature_15 >  -0.21
|   |   |   |   |--- class: 25
|   |   |--- feature_7 >  -0.04
|   |   |   |--- feature_18 <= -0.04
|   |   |   |   |--- truncated branch of depth 2
|   |   |   |--- feature_18 >  -0.04
|   |   |   |   |--- truncated branch of depth 5
|   |--- feature_2 >  0.34
|   |   |--- feature_2 <= 0.35
|   |   |   |--- feature_16 <= -0.06
|   |   |   |   |--- truncated branch of depth 4
|   |   |   |--- feature_16 >  -0.06
|   |   |   |   |--- truncated branch of depth 2
|   |   |--- feature_2 >  0.35
|   |   |   |--- feature_6 <= -0.05
|   |   |   |   |--- truncated branch of depth 5
|   |   |   |--- feature_6 >  -0.05
|   |   |   |   |--- truncated branch of depth 2

[S-REINFORCE] symbolic-policy agreement=0.264
[S-REINFORCE] symbolic-policy agreement=0.104
[S-REINFORCE] symbolic tree refit at rollout 244 | imitation_acc=0.366
|--- feature_9 <= -0.77
|   |--- feature_2 <= -0.28
|   |   |--- feature_3 <= -0.18
|   |   |   |--- feature_12 <= -0.18
|   |   |   |   |--- class: 25
|   |   |   |--- feature_12 >  -0.18
|   |   |   |   |--- class: 25
|   |   |--- feature_3 >  -0.18
|   |   |   |--- feature_1 <= -2.65
|   |   |   |   |--- class: 1
|   |   |   |--- feature_1 >  -2.65
|   |   |   |   |--- truncated branch of depth 4
|   |--- feature_2 >  -0.28
|   |   |--- feature_9 <= -1.43
|   |   |   |--- feature_17 <= -0.11
|   |   |   |   |--- truncated branch of depth 5
|   |   |   |--- feature_17 >  -0.11
|   |   |   |   |--- truncated branch of depth 3
|   |   |--- feature_9 >  -1.43
|   |   |   |--- feature_12 <= -0.18
|   |   |   |   |--- class: 25
|   |   |   |--- feature_12 >  -0.18
|   |   |   |   |--- truncated branch of depth 3
|--- feature_9 >  -0.77
|   |--- feature_14 <= -0.70
|   |   |--- feature_14 <= -0.71
|   |   |   |--- feature_11 <= -1.47
|   |   |   |   |--- class: 37
|   |   |   |--- feature_11 >  -1.47
|   |   |   |   |--- truncated branch of depth 5
|   |   |--- feature_14 >  -0.71
|   |   |   |--- feature_8 <= -0.10
|   |   |   |   |--- truncated branch of depth 3
|   |   |   |--- feature_8 >  -0.10
|   |   |   |   |--- truncated branch of depth 4
|   |--- feature_14 >  -0.70
|   |   |--- feature_19 <= -0.01
|   |   |   |--- feature_9 <= 0.01
|   |   |   |   |--- class: 22
|   |   |   |--- feature_9 >  0.01
|   |   |   |   |--- truncated branch of depth 5
|   |   |--- feature_19 >  -0.01
|   |   |   |--- feature_0 <= 0.15
|   |   |   |   |--- class: 25
|   |   |   |--- feature_0 >  0.15
|   |   |   |   |--- class: 25

[S-REINFORCE] symbolic-policy agreement=0.250
[S-REINFORCE] symbolic-policy agreement=0.254
[S-REINFORCE] symbolic tree refit at rollout 246 | imitation_acc=0.383
|--- feature_9 <= -1.42
|   |--- feature_2 <= -0.03
|   |   |--- feature_0 <= 0.13
|   |   |   |--- feature_11 <= 0.05
|   |   |   |   |--- truncated branch of depth 2
|   |   |   |--- feature_11 >  0.05
|   |   |   |   |--- truncated branch of depth 2
|   |   |--- feature_0 >  0.13
|   |   |   |--- feature_7 <= -0.04
|   |   |   |   |--- truncated branch of depth 2
|   |   |   |--- feature_7 >  -0.04
|   |   |   |   |--- truncated branch of depth 3
|   |--- feature_2 >  -0.03
|   |   |--- feature_1 <= 0.18
|   |   |   |--- feature_6 <= 0.04
|   |   |   |   |--- class: 4
|   |   |   |--- feature_6 >  0.04
|   |   |   |   |--- class: 25
|   |   |--- feature_1 >  0.18
|   |   |   |--- feature_10 <= -0.20
|   |   |   |   |--- truncated branch of depth 4
|   |   |   |--- feature_10 >  -0.20
|   |   |   |   |--- truncated branch of depth 5
|--- feature_9 >  -1.42
|   |--- feature_14 <= -0.70
|   |   |--- feature_14 <= -0.71
|   |   |   |--- feature_4 <= 0.13
|   |   |   |   |--- truncated branch of depth 3
|   |   |   |--- feature_4 >  0.13
|   |   |   |   |--- truncated branch of depth 3
|   |   |--- feature_14 >  -0.71
|   |   |   |--- feature_12 <= -0.18
|   |   |   |   |--- truncated branch of depth 4
|   |   |   |--- feature_12 >  -0.18
|   |   |   |   |--- truncated branch of depth 2
|   |--- feature_14 >  -0.70
|   |   |--- feature_12 <= -0.18
|   |   |   |--- feature_10 <= -0.20
|   |   |   |   |--- class: 24
|   |   |   |--- feature_10 >  -0.20
|   |   |   |   |--- truncated branch of depth 4
|   |   |--- feature_12 >  -0.18
|   |   |   |--- feature_11 <= -0.17
|   |   |   |   |--- truncated branch of depth 5
|   |   |   |--- feature_11 >  -0.17
|   |   |   |   |--- truncated branch of depth 5

[S-REINFORCE] symbolic-policy agreement=0.220
[S-REINFORCE] symbolic-policy agreement=0.121
[S-REINFORCE] symbolic tree refit at rollout 248 | imitation_acc=0.410
|--- feature_9 <= 0.43
|   |--- feature_5 <= -0.10
|   |   |--- feature_0 <= 2.33
|   |   |   |--- feature_1 <= 0.17
|   |   |   |   |--- truncated branch of depth 3
|   |   |   |--- feature_1 >  0.17
|   |   |   |   |--- truncated branch of depth 5
|   |   |--- feature_0 >  2.33
|   |   |   |--- class: 22
|   |--- feature_5 >  -0.10
|   |   |--- feature_3 <= -0.18
|   |   |   |--- feature_0 <= 0.99
|   |   |   |   |--- truncated branch of depth 5
|   |   |   |--- feature_0 >  0.99
|   |   |   |   |--- truncated branch of depth 2
|   |   |--- feature_3 >  -0.18
|   |   |   |--- feature_18 <= -0.04
|   |   |   |   |--- class: 2
|   |   |   |--- feature_18 >  -0.04
|   |   |   |   |--- truncated branch of depth 5
|--- feature_9 >  0.43
|   |--- feature_9 <= 0.43
|   |   |--- feature_6 <= -0.17
|   |   |   |--- feature_10 <= -0.20
|   |   |   |   |--- truncated branch of depth 2
|   |   |   |--- feature_10 >  -0.20
|   |   |   |   |--- class: 2
|   |   |--- feature_6 >  -0.17
|   |   |   |--- feature_15 <= -0.22
|   |   |   |   |--- class: 2
|   |   |   |--- feature_15 >  -0.22
|   |   |   |   |--- truncated branch of depth 2
|   |--- feature_9 >  0.43
|   |   |--- feature_9 <= 2.40
|   |   |   |--- feature_7 <= -0.04
|   |   |   |   |--- truncated branch of depth 5
|   |   |   |--- feature_7 >  -0.04
|   |   |   |   |--- class: 2
|   |   |--- feature_9 >  2.40
|   |   |   |--- feature_8 <= -0.10
|   |   |   |   |--- class: 48
|   |   |   |--- feature_8 >  -0.10
|   |   |   |   |--- class: 25

[S-REINFORCE] symbolic-policy agreement=0.294
[S-REINFORCE] symbolic-policy agreement=0.263
Eval at step 250000, survival=0.074%, return=[-1.0077632205793634, 1.604305934906006, -5.074906151741743, -1.4035087719298245]
SPS=4
[S-REINFORCE] symbolic tree refit at rollout 250 | imitation_acc=0.407
|--- feature_9 <= -0.08
|   |--- feature_5 <= 0.04
|   |   |--- feature_1 <= 0.17
|   |   |   |--- feature_0 <= -1.43
|   |   |   |   |--- truncated branch of depth 2
|   |   |   |--- feature_0 >  -1.43
|   |   |   |   |--- truncated branch of depth 5
|   |   |--- feature_1 >  0.17
|   |   |   |--- feature_11 <= -0.31
|   |   |   |   |--- class: 25
|   |   |   |--- feature_11 >  -0.31
|   |   |   |   |--- truncated branch of depth 2
|   |--- feature_5 >  0.04
|   |   |--- feature_6 <= -0.13
|   |   |   |--- feature_6 <= -0.15
|   |   |   |   |--- truncated branch of depth 5
|   |   |   |--- feature_6 >  -0.15
|   |   |   |   |--- truncated branch of depth 2
|   |   |--- feature_6 >  -0.13
|   |   |   |--- feature_0 <= 0.16
|   |   |   |   |--- truncated branch of depth 5
|   |   |   |--- feature_0 >  0.16
|   |   |   |   |--- truncated branch of depth 5
|--- feature_9 >  -0.08
|   |--- feature_17 <= -0.13
|   |   |--- feature_17 <= -0.14
|   |   |   |--- feature_6 <= -0.17
|   |   |   |   |--- truncated branch of depth 5
|   |   |   |--- feature_6 >  -0.17
|   |   |   |   |--- truncated branch of depth 5
|   |   |--- feature_17 >  -0.14
|   |   |   |--- feature_12 <= -0.18
|   |   |   |   |--- truncated branch of depth 5
|   |   |   |--- feature_12 >  -0.18
|   |   |   |   |--- class: 2
|   |--- feature_17 >  -0.13
|   |   |--- feature_18 <= -0.04
|   |   |   |--- feature_6 <= -0.98
|   |   |   |   |--- truncated branch of depth 4
|   |   |   |--- feature_6 >  -0.98
|   |   |   |   |--- truncated branch of depth 5
|   |   |--- feature_18 >  -0.04
|   |   |   |--- feature_16 <= -0.06
|   |   |   |   |--- truncated branch of depth 3
|   |   |   |--- feature_16 >  -0.06
|   |   |   |   |--- class: 25

[S-REINFORCE] symbolic-policy agreement=0.279
[S-REINFORCE] symbolic-policy agreement=0.246
[S-REINFORCE] symbolic tree refit at rollout 252 | imitation_acc=0.345
|--- feature_11 <= 2.46
|   |--- feature_2 <= 0.34
|   |   |--- feature_18 <= -0.04
|   |   |   |--- feature_8 <= -0.10
|   |   |   |   |--- truncated branch of depth 5
|   |   |   |--- feature_8 >  -0.10
|   |   |   |   |--- truncated branch of depth 5
|   |   |--- feature_18 >  -0.04
|   |   |   |--- feature_8 <= -0.10
|   |   |   |   |--- truncated branch of depth 5
|   |   |   |--- feature_8 >  -0.10
|   |   |   |   |--- truncated branch of depth 2
|   |--- feature_2 >  0.34
|   |   |--- feature_2 <= 0.35
|   |   |   |--- feature_7 <= -0.04
|   |   |   |   |--- truncated branch of depth 5
|   |   |   |--- feature_7 >  -0.04
|   |   |   |   |--- class: 25
|   |   |--- feature_2 >  0.35
|   |   |   |--- feature_6 <= 0.29
|   |   |   |   |--- truncated branch of depth 5
|   |   |   |--- feature_6 >  0.29
|   |   |   |   |--- truncated branch of depth 5
|--- feature_11 >  2.46
|   |--- feature_6 <= 0.68
|   |   |--- class: 25
|   |--- feature_6 >  0.68
|   |   |--- class: 25

[S-REINFORCE] symbolic-policy agreement=0.168
[S-REINFORCE] symbolic-policy agreement=0.164
[S-REINFORCE] symbolic tree refit at rollout 254 | imitation_acc=0.289
|--- feature_17 <= 1.78
|   |--- feature_14 <= -0.68
|   |   |--- feature_17 <= -0.11
|   |   |   |--- feature_17 <= -0.16
|   |   |   |   |--- truncated branch of depth 4
|   |   |   |--- feature_17 >  -0.16
|   |   |   |   |--- truncated branch of depth 5
|   |   |--- feature_17 >  -0.11
|   |   |   |--- feature_6 <= 0.83
|   |   |   |   |--- truncated branch of depth 5
|   |   |   |--- feature_6 >  0.83
|   |   |   |   |--- truncated branch of depth 3
|   |--- feature_14 >  -0.68
|   |   |--- feature_8 <= -0.10
|   |   |   |--- feature_12 <= -0.18
|   |   |   |   |--- truncated branch of depth 3
|   |   |   |--- feature_12 >  -0.18
|   |   |   |   |--- truncated branch of depth 4
|   |   |--- feature_8 >  -0.10
|   |   |   |--- feature_9 <= 2.54
|   |   |   |   |--- truncated branch of depth 5
|   |   |   |--- feature_9 >  2.54
|   |   |   |   |--- class: 48
|--- feature_17 >  1.78
|   |--- feature_4 <= -0.68
|   |   |--- class: 25
|   |--- feature_4 >  -0.68
|   |   |--- feature_6 <= 0.59
|   |   |   |--- class: 0
|   |   |--- feature_6 >  0.59
|   |   |   |--- feature_8 <= -0.10
|   |   |   |   |--- truncated branch of depth 4
|   |   |   |--- feature_8 >  -0.10
|   |   |   |   |--- class: 25

[S-REINFORCE] symbolic-policy agreement=0.141
[S-REINFORCE] symbolic-policy agreement=0.176
[S-REINFORCE] symbolic tree refit at rollout 256 | imitation_acc=0.310
|--- feature_11 <= 2.55
|   |--- feature_1 <= 0.18
|   |   |--- feature_3 <= -0.19
|   |   |   |--- feature_13 <= -0.04
|   |   |   |   |--- truncated branch of depth 5
|   |   |   |--- feature_13 >  -0.04
|   |   |   |   |--- truncated branch of depth 3
|   |   |--- feature_3 >  -0.19
|   |   |   |--- feature_16 <= -0.06
|   |   |   |   |--- truncated branch of depth 5
|   |   |   |--- feature_16 >  -0.06
|   |   |   |   |--- class: 25
|   |--- feature_1 >  0.18
|   |   |--- feature_2 <= 0.26
|   |   |   |--- feature_18 <= -0.04
|   |   |   |   |--- truncated branch of depth 5
|   |   |   |--- feature_18 >  -0.04
|   |   |   |   |--- truncated branch of depth 3
|   |   |--- feature_2 >  0.26
|   |   |   |--- feature_2 <= 0.35
|   |   |   |   |--- truncated branch of depth 5
|   |   |   |--- feature_2 >  0.35
|   |   |   |   |--- truncated branch of depth 4
|--- feature_11 >  2.55
|   |--- feature_0 <= 0.41
|   |   |--- feature_12 <= -0.18
|   |   |   |--- feature_8 <= -0.10
|   |   |   |   |--- truncated branch of depth 2
|   |   |   |--- feature_8 >  -0.10
|   |   |   |   |--- truncated branch of depth 5
|   |   |--- feature_12 >  -0.18
|   |   |   |--- feature_14 <= 0.78
|   |   |   |   |--- class: 25
|   |   |   |--- feature_14 >  0.78
|   |   |   |   |--- class: 25
|   |--- feature_0 >  0.41
|   |   |--- class: 25

[S-REINFORCE] symbolic-policy agreement=0.198
[S-REINFORCE] symbolic-policy agreement=0.217
[S-REINFORCE] symbolic tree refit at rollout 258 | imitation_acc=0.325
|--- feature_11 <= 2.34
|   |--- feature_16 <= -0.06
|   |   |--- feature_13 <= -0.04
|   |   |   |--- feature_9 <= -1.10
|   |   |   |   |--- truncated branch of depth 2
|   |   |   |--- feature_9 >  -1.10
|   |   |   |   |--- truncated branch of depth 5
|   |   |--- feature_13 >  -0.04
|   |   |   |--- feature_16 <= -0.06
|   |   |   |   |--- truncated branch of depth 3
|   |   |   |--- feature_16 >  -0.06
|   |   |   |   |--- truncated branch of depth 5
|   |--- feature_16 >  -0.06
|   |   |--- feature_2 <= 0.32
|   |   |   |--- feature_19 <= -0.01
|   |   |   |   |--- truncated branch of depth 5
|   |   |   |--- feature_19 >  -0.01
|   |   |   |   |--- class: 25
|   |   |--- feature_2 >  0.32
|   |   |   |--- feature_2 <= 0.35
|   |   |   |   |--- truncated branch of depth 5
|   |   |   |--- feature_2 >  0.35
|   |   |   |   |--- truncated branch of depth 5
|--- feature_11 >  2.34
|   |--- feature_1 <= 0.18
|   |   |--- feature_8 <= -0.10
|   |   |   |--- feature_3 <= -0.19
|   |   |   |   |--- class: 25
|   |   |   |--- feature_3 >  -0.19
|   |   |   |   |--- class: 25
|   |   |--- feature_8 >  -0.10
|   |   |   |--- class: 25
|   |--- feature_1 >  0.18
|   |   |--- feature_15 <= -0.22
|   |   |   |--- feature_8 <= -0.10
|   |   |   |   |--- class: 25
|   |   |   |--- feature_8 >  -0.10
|   |   |   |   |--- class: 25
|   |   |--- feature_15 >  -0.22
|   |   |   |--- class: 25

[S-REINFORCE] symbolic-policy agreement=0.181
[S-REINFORCE] symbolic-policy agreement=0.133
Eval at step 260000, survival=2.600%, return=[-1.2760161475356047, 123.80024278322857, -10.742016321979463, -15.894736842105276]
SPS=4
[S-REINFORCE] symbolic tree refit at rollout 260 | imitation_acc=0.285
|--- feature_7 <= -0.04
|   |--- feature_5 <= 0.21
|   |   |--- feature_2 <= 0.08
|   |   |   |--- feature_11 <= -1.31
|   |   |   |   |--- truncated branch of depth 5
|   |   |   |--- feature_11 >  -1.31
|   |   |   |   |--- truncated branch of depth 5
|   |   |--- feature_2 >  0.08
|   |   |   |--- feature_9 <= 0.52
|   |   |   |   |--- truncated branch of depth 5
|   |   |   |--- feature_9 >  0.52
|   |   |   |   |--- truncated branch of depth 3
|   |--- feature_5 >  0.21
|   |   |--- feature_4 <= 0.21
|   |   |   |--- feature_16 <= -0.06
|   |   |   |   |--- truncated branch of depth 3
|   |   |   |--- feature_16 >  -0.06
|   |   |   |   |--- class: 37
|   |   |--- feature_4 >  0.21
|   |   |   |--- feature_11 <= 0.72
|   |   |   |   |--- truncated branch of depth 5
|   |   |   |--- feature_11 >  0.72
|   |   |   |   |--- truncated branch of depth 2
|--- feature_7 >  -0.04
|   |--- feature_16 <= -0.06
|   |   |--- feature_15 <= -0.22
|   |   |   |--- feature_14 <= -0.69
|   |   |   |   |--- truncated branch of depth 2
|   |   |   |--- feature_14 >  -0.69
|   |   |   |   |--- truncated branch of depth 4
|   |   |--- feature_15 >  -0.22
|   |   |   |--- class: 25
|   |--- feature_16 >  -0.06
|   |   |--- feature_17 <= -0.23
|   |   |   |--- feature_0 <= -0.02
|   |   |   |   |--- truncated branch of depth 2
|   |   |   |--- feature_0 >  -0.02
|   |   |   |   |--- class: 48
|   |   |--- feature_17 >  -0.23
|   |   |   |--- feature_3 <= -0.19
|   |   |   |   |--- truncated branch of depth 2
|   |   |   |--- feature_3 >  -0.19
|   |   |   |   |--- truncated branch of depth 4

[S-REINFORCE] symbolic-policy agreement=0.121
[S-REINFORCE] symbolic-policy agreement=0.050
[S-REINFORCE] symbolic tree refit at rollout 262 | imitation_acc=0.314
|--- feature_17 <= 1.85
|   |--- feature_1 <= 0.18
|   |   |--- feature_16 <= -0.06
|   |   |   |--- feature_11 <= 0.06
|   |   |   |   |--- class: 25
|   |   |   |--- feature_11 >  0.06
|   |   |   |   |--- truncated branch of depth 2
|   |   |--- feature_16 >  -0.06
|   |   |   |--- feature_12 <= -0.18
|   |   |   |   |--- class: 22
|   |   |   |--- feature_12 >  -0.18
|   |   |   |   |--- class: 1
|   |--- feature_1 >  0.18
|   |   |--- feature_0 <= 3.56
|   |   |   |--- feature_2 <= 0.34
|   |   |   |   |--- truncated branch of depth 5
|   |   |   |--- feature_2 >  0.34
|   |   |   |   |--- truncated branch of depth 5
|   |   |--- feature_0 >  3.56
|   |   |   |--- feature_2 <= 0.14
|   |   |   |   |--- class: 22
|   |   |   |--- feature_2 >  0.14
|   |   |   |   |--- class: 22
|--- feature_17 >  1.85
|   |--- feature_4 <= 0.99
|   |   |--- feature_8 <= -0.10
|   |   |   |--- feature_8 <= -0.10
|   |   |   |   |--- truncated branch of depth 5
|   |   |   |--- feature_8 >  -0.10
|   |   |   |   |--- class: 25
|   |   |--- feature_8 >  -0.10
|   |   |   |--- feature_6 <= 1.71
|   |   |   |   |--- truncated branch of depth 5
|   |   |   |--- feature_6 >  1.71
|   |   |   |   |--- class: 25
|   |--- feature_4 >  0.99
|   |   |--- class: 38

[S-REINFORCE] symbolic-policy agreement=0.298
[S-REINFORCE] symbolic-policy agreement=0.291
[S-REINFORCE] symbolic tree refit at rollout 264 | imitation_acc=0.323
|--- feature_7 <= -0.04
|   |--- feature_16 <= -0.06
|   |   |--- feature_1 <= 0.18
|   |   |   |--- feature_16 <= -0.06
|   |   |   |   |--- truncated branch of depth 5
|   |   |   |--- feature_16 >  -0.06
|   |   |   |   |--- truncated branch of depth 5
|   |   |--- feature_1 >  0.18
|   |   |   |--- feature_16 <= -0.06
|   |   |   |   |--- truncated branch of depth 5
|   |   |   |--- feature_16 >  -0.06
|   |   |   |   |--- class: 12
|   |--- feature_16 >  -0.06
|   |   |--- feature_3 <= -0.19
|   |   |   |--- class: 25
|   |   |--- feature_3 >  -0.19
|   |   |   |--- feature_17 <= 2.88
|   |   |   |   |--- truncated branch of depth 2
|   |   |   |--- feature_17 >  2.88
|   |   |   |   |--- truncated branch of depth 4
|--- feature_7 >  -0.04
|   |--- feature_0 <= 2.67
|   |   |--- feature_1 <= -2.64
|   |   |   |--- class: 25
|   |   |--- feature_1 >  -2.64
|   |   |   |--- feature_6 <= -0.17
|   |   |   |   |--- truncated branch of depth 5
|   |   |   |--- feature_6 >  -0.17
|   |   |   |   |--- truncated branch of depth 5
|   |--- feature_0 >  2.67
|   |   |--- feature_14 <= -0.02
|   |   |   |--- class: 22
|   |   |--- feature_14 >  -0.02
|   |   |   |--- class: 22

[S-REINFORCE] symbolic-policy agreement=0.158
[S-REINFORCE] symbolic-policy agreement=0.168
[S-REINFORCE] symbolic tree refit at rollout 266 | imitation_acc=0.335
|--- feature_17 <= -0.15
|   |--- feature_2 <= 0.32
|   |   |--- feature_9 <= 2.54
|   |   |   |--- feature_16 <= -0.06
|   |   |   |   |--- truncated branch of depth 5
|   |   |   |--- feature_16 >  -0.06
|   |   |   |   |--- class: 25
|   |   |--- feature_9 >  2.54
|   |   |   |--- feature_13 <= -0.04
|   |   |   |   |--- class: 48
|   |   |   |--- feature_13 >  -0.04
|   |   |   |   |--- class: 48
|   |--- feature_2 >  0.32
|   |   |--- feature_9 <= 0.50
|   |   |   |--- feature_11 <= 0.12
|   |   |   |   |--- truncated branch of depth 5
|   |   |   |--- feature_11 >  0.12
|   |   |   |   |--- class: 36
|   |   |--- feature_9 >  0.50
|   |   |   |--- feature_1 <= 0.18
|   |   |   |   |--- truncated branch of depth 2
|   |   |   |--- feature_1 >  0.18
|   |   |   |   |--- class: 48
|--- feature_17 >  -0.15
|   |--- feature_7 <= -0.04
|   |   |--- feature_8 <= -0.10
|   |   |   |--- feature_0 <= -0.06
|   |   |   |   |--- class: 4
|   |   |   |--- feature_0 >  -0.06
|   |   |   |   |--- truncated branch of depth 3
|   |   |--- feature_8 >  -0.10
|   |   |   |--- feature_15 <= -0.22
|   |   |   |   |--- class: 18
|   |   |   |--- feature_15 >  -0.22
|   |   |   |   |--- truncated branch of depth 5
|   |--- feature_7 >  -0.04
|   |   |--- feature_18 <= -0.04
|   |   |   |--- feature_13 <= -0.04
|   |   |   |   |--- truncated branch of depth 5
|   |   |   |--- feature_13 >  -0.04
|   |   |   |   |--- truncated branch of depth 5
|   |   |--- feature_18 >  -0.04
|   |   |   |--- feature_2 <= -0.23
|   |   |   |   |--- class: 22
|   |   |   |--- feature_2 >  -0.23
|   |   |   |   |--- truncated branch of depth 3

[S-REINFORCE] symbolic-policy agreement=0.196
[S-REINFORCE] symbolic-policy agreement=0.133
[S-REINFORCE] symbolic tree refit at rollout 268 | imitation_acc=0.363
|--- feature_11 <= 1.57
|   |--- feature_17 <= -0.14
|   |   |--- feature_17 <= -0.18
|   |   |   |--- feature_2 <= -0.20
|   |   |   |   |--- truncated branch of depth 5
|   |   |   |--- feature_2 >  -0.20
|   |   |   |   |--- truncated branch of depth 5
|   |   |--- feature_17 >  -0.18
|   |   |   |--- feature_9 <= 0.82
|   |   |   |   |--- truncated branch of depth 5
|   |   |   |--- feature_9 >  0.82
|   |   |   |   |--- truncated branch of depth 2
|   |--- feature_17 >  -0.14
|   |   |--- feature_0 <= 3.16
|   |   |   |--- feature_6 <= -1.70
|   |   |   |   |--- truncated branch of depth 2
|   |   |   |--- feature_6 >  -1.70
|   |   |   |   |--- truncated branch of depth 5
|   |   |--- feature_0 >  3.16
|   |   |   |--- class: 22
|--- feature_11 >  1.57
|   |--- feature_10 <= -0.20
|   |   |--- feature_6 <= 0.52
|   |   |   |--- class: 25
|   |   |--- feature_6 >  0.52
|   |   |   |--- class: 25
|   |--- feature_10 >  -0.20
|   |   |--- feature_19 <= -0.01
|   |   |   |--- class: 22
|   |   |--- feature_19 >  -0.01
|   |   |   |--- feature_14 <= 0.94
|   |   |   |   |--- class: 25
|   |   |   |--- feature_14 >  0.94
|   |   |   |   |--- truncated branch of depth 5

[S-REINFORCE] symbolic-policy agreement=0.325
[S-REINFORCE] symbolic-policy agreement=0.167
Eval at step 270000, survival=1.856%, return=[-1.225066513599207, 82.75946052392327, -11.86274696762363, -12.163742690058468]
SPS=4
[S-REINFORCE] symbolic tree refit at rollout 270 | imitation_acc=0.348
|--- feature_17 <= -0.15
|   |--- feature_2 <= 0.32
|   |   |--- feature_0 <= 2.41
|   |   |   |--- feature_2 <= 0.11
|   |   |   |   |--- truncated branch of depth 5
|   |   |   |--- feature_2 >  0.11
|   |   |   |   |--- truncated branch of depth 3
|   |   |--- feature_0 >  2.41
|   |   |   |--- class: 22
|   |--- feature_2 >  0.32
|   |   |--- feature_0 <= 0.12
|   |   |   |--- feature_7 <= -0.04
|   |   |   |   |--- class: 25
|   |   |   |--- feature_7 >  -0.04
|   |   |   |   |--- truncated branch of depth 2
|   |   |--- feature_0 >  0.12
|   |   |   |--- feature_15 <= -0.22
|   |   |   |   |--- truncated branch of depth 5
|   |   |   |--- feature_15 >  -0.22
|   |   |   |   |--- class: 48
|--- feature_17 >  -0.15
|   |--- feature_2 <= -0.12
|   |   |--- feature_7 <= -0.04
|   |   |   |--- feature_7 <= -0.04
|   |   |   |   |--- class: 22
|   |   |   |--- feature_7 >  -0.04
|   |   |   |   |--- truncated branch of depth 5
|   |   |--- feature_7 >  -0.04
|   |   |   |--- class: 25
|   |--- feature_2 >  -0.12
|   |   |--- feature_14 <= -0.53
|   |   |   |--- feature_2 <= 0.09
|   |   |   |   |--- truncated branch of depth 2
|   |   |   |--- feature_2 >  0.09
|   |   |   |   |--- truncated branch of depth 5
|   |   |--- feature_14 >  -0.53
|   |   |   |--- feature_7 <= -0.04
|   |   |   |   |--- truncated branch of depth 4
|   |   |   |--- feature_7 >  -0.04
|   |   |   |   |--- truncated branch of depth 5

[S-REINFORCE] symbolic-policy agreement=0.226
[S-REINFORCE] symbolic-policy agreement=0.140
[S-REINFORCE] symbolic tree refit at rollout 272 | imitation_acc=0.363
|--- feature_12 <= -0.18
|   |--- feature_11 <= 0.29
|   |   |--- feature_8 <= -0.10
|   |   |   |--- class: 22
|   |   |--- feature_8 >  -0.10
|   |   |   |--- feature_17 <= -0.30
|   |   |   |   |--- truncated branch of depth 2
|   |   |   |--- feature_17 >  -0.30
|   |   |   |   |--- truncated branch of depth 2
|   |--- feature_11 >  0.29
|   |   |--- feature_16 <= -0.06
|   |   |   |--- feature_1 <= 0.18
|   |   |   |   |--- truncated branch of depth 2
|   |   |   |--- feature_1 >  0.18
|   |   |   |   |--- class: 25
|   |   |--- feature_16 >  -0.06
|   |   |   |--- class: 25
|--- feature_12 >  -0.18
|   |--- feature_14 <= -0.66
|   |   |--- feature_0 <= 0.13
|   |   |   |--- feature_9 <= 0.42
|   |   |   |   |--- class: 34
|   |   |   |--- feature_9 >  0.42
|   |   |   |   |--- truncated branch of depth 5
|   |   |--- feature_0 >  0.13
|   |   |   |--- feature_9 <= 0.44
|   |   |   |   |--- truncated branch of depth 5
|   |   |   |--- feature_9 >  0.44
|   |   |   |   |--- truncated branch of depth 5
|   |--- feature_14 >  -0.66
|   |   |--- feature_0 <= 2.56
|   |   |   |--- feature_11 <= 2.30
|   |   |   |   |--- truncated branch of depth 5
|   |   |   |--- feature_11 >  2.30
|   |   |   |   |--- truncated branch of depth 3
|   |   |--- feature_0 >  2.56
|   |   |   |--- feature_14 <= 1.28
|   |   |   |   |--- truncated branch of depth 4
|   |   |   |--- feature_14 >  1.28
|   |   |   |   |--- class: 22

[S-REINFORCE] symbolic-policy agreement=0.230
[S-REINFORCE] symbolic-policy agreement=0.082
[S-REINFORCE] symbolic tree refit at rollout 274 | imitation_acc=0.316
|--- feature_14 <= -0.69
|   |--- feature_17 <= 0.04
|   |   |--- feature_5 <= 0.21
|   |   |   |--- feature_6 <= 0.47
|   |   |   |   |--- truncated branch of depth 4
|   |   |   |--- feature_6 >  0.47
|   |   |   |   |--- truncated branch of depth 3
|   |   |--- feature_5 >  0.21
|   |   |   |--- feature_10 <= -0.20
|   |   |   |   |--- class: 22
|   |   |   |--- feature_10 >  -0.20
|   |   |   |   |--- truncated branch of depth 5
|   |--- feature_17 >  0.04
|   |   |--- feature_6 <= 0.48
|   |   |   |--- feature_6 <= -0.05
|   |   |   |   |--- truncated branch of depth 2
|   |   |   |--- feature_6 >  -0.05
|   |   |   |   |--- truncated branch of depth 3
|   |   |--- feature_6 >  0.48
|   |   |   |--- feature_4 <= -1.29
|   |   |   |   |--- class: 39
|   |   |   |--- feature_4 >  -1.29
|   |   |   |   |--- truncated branch of depth 2
|--- feature_14 >  -0.69
|   |--- feature_0 <= 3.77
|   |   |--- feature_19 <= -0.01
|   |   |   |--- feature_9 <= 2.54
|   |   |   |   |--- truncated branch of depth 5
|   |   |   |--- feature_9 >  2.54
|   |   |   |   |--- class: 48
|   |   |--- feature_19 >  -0.01
|   |   |   |--- feature_16 <= -0.06
|   |   |   |   |--- truncated branch of depth 3
|   |   |   |--- feature_16 >  -0.06
|   |   |   |   |--- class: 25
|   |--- feature_0 >  3.77
|   |   |--- feature_17 <= -0.16
|   |   |   |--- feature_3 <= -0.19
|   |   |   |   |--- class: 22
|   |   |   |--- feature_3 >  -0.19
|   |   |   |   |--- class: 22
|   |   |--- feature_17 >  -0.16
|   |   |   |--- class: 22

[S-REINFORCE] symbolic-policy agreement=0.170
[S-REINFORCE] symbolic-policy agreement=0.162
[S-REINFORCE] symbolic tree refit at rollout 276 | imitation_acc=0.307
|--- feature_2 <= 0.34
|   |--- feature_0 <= 2.76
|   |   |--- feature_2 <= -0.03
|   |   |   |--- feature_6 <= 1.93
|   |   |   |   |--- truncated branch of depth 5
|   |   |   |--- feature_6 >  1.93
|   |   |   |   |--- truncated branch of depth 3
|   |   |--- feature_2 >  -0.03
|   |   |   |--- feature_17 <= -0.25
|   |   |   |   |--- truncated branch of depth 5
|   |   |   |--- feature_17 >  -0.25
|   |   |   |   |--- truncated branch of depth 5
|   |--- feature_0 >  2.76
|   |   |--- feature_2 <= 0.32
|   |   |   |--- feature_0 <= 3.99
|   |   |   |   |--- truncated branch of depth 2
|   |   |   |--- feature_0 >  3.99
|   |   |   |   |--- class: 22
|   |   |--- feature_2 >  0.32
|   |   |   |--- feature_11 <= 0.10
|   |   |   |   |--- class: 9
|   |   |   |--- feature_11 >  0.10
|   |   |   |   |--- class: 9
|--- feature_2 >  0.34
|   |--- feature_2 <= 0.35
|   |   |--- feature_2 <= 0.35
|   |   |   |--- class: 34
|   |   |--- feature_2 >  0.35
|   |   |   |--- feature_3 <= -0.19
|   |   |   |   |--- truncated branch of depth 2
|   |   |   |--- feature_3 >  -0.19
|   |   |   |   |--- truncated branch of depth 4
|   |--- feature_2 >  0.35
|   |   |--- feature_9 <= 0.53
|   |   |   |--- feature_14 <= -0.57
|   |   |   |   |--- truncated branch of depth 5
|   |   |   |--- feature_14 >  -0.57
|   |   |   |   |--- truncated branch of depth 5
|   |   |--- feature_9 >  0.53
|   |   |   |--- feature_10 <= -0.20
|   |   |   |   |--- truncated branch of depth 2
|   |   |   |--- feature_10 >  -0.20
|   |   |   |   |--- truncated branch of depth 4

[S-REINFORCE] symbolic-policy agreement=0.177
[S-REINFORCE] symbolic-policy agreement=0.088
[S-REINFORCE] symbolic tree refit at rollout 278 | imitation_acc=0.320
|--- feature_11 <= 2.36
|   |--- feature_2 <= 0.31
|   |   |--- feature_2 <= 0.12
|   |   |   |--- feature_6 <= 2.12
|   |   |   |   |--- truncated branch of depth 5
|   |   |   |--- feature_6 >  2.12
|   |   |   |   |--- truncated branch of depth 4
|   |   |--- feature_2 >  0.12
|   |   |   |--- feature_17 <= -0.32
|   |   |   |   |--- truncated branch of depth 4
|   |   |   |--- feature_17 >  -0.32
|   |   |   |   |--- truncated branch of depth 4
|   |--- feature_2 >  0.31
|   |   |--- feature_14 <= -0.66
|   |   |   |--- feature_9 <= 0.42
|   |   |   |   |--- truncated branch of depth 5
|   |   |   |--- feature_9 >  0.42
|   |   |   |   |--- truncated branch of depth 5
|   |   |--- feature_14 >  -0.66
|   |   |   |--- feature_0 <= 2.81
|   |   |   |   |--- truncated branch of depth 5
|   |   |   |--- feature_0 >  2.81
|   |   |   |   |--- truncated branch of depth 2
|--- feature_11 >  2.36
|   |--- feature_3 <= -0.19
|   |   |--- feature_8 <= -0.10
|   |   |   |--- class: 25
|   |   |--- feature_8 >  -0.10
|   |   |   |--- class: 25
|   |--- feature_3 >  -0.19
|   |   |--- class: 25

[S-REINFORCE] symbolic-policy agreement=0.189
[S-REINFORCE] symbolic-policy agreement=0.126
Eval at step 280000, survival=0.397%, return=[-1.0453686715336516, 16.00826988220215, -5.0527009051293135, -3.0701754385964914]
SPS=4
[S-REINFORCE] symbolic tree refit at rollout 280 | imitation_acc=0.335
|--- feature_2 <= 0.32
|   |--- feature_9 <= 2.46
|   |   |--- feature_2 <= 0.12
|   |   |   |--- feature_11 <= -0.29
|   |   |   |   |--- truncated branch of depth 5
|   |   |   |--- feature_11 >  -0.29
|   |   |   |   |--- truncated branch of depth 5
|   |   |--- feature_2 >  0.12
|   |   |   |--- feature_17 <= -0.21
|   |   |   |   |--- truncated branch of depth 4
|   |   |   |--- feature_17 >  -0.21
|   |   |   |   |--- truncated branch of depth 4
|   |--- feature_9 >  2.46
|   |   |--- feature_12 <= -0.18
|   |   |   |--- feature_8 <= -0.10
|   |   |   |   |--- truncated branch of depth 2
|   |   |   |--- feature_8 >  -0.10
|   |   |   |   |--- class: 48
|   |   |--- feature_12 >  -0.18
|   |   |   |--- class: 48
|--- feature_2 >  0.32
|   |--- feature_14 <= -0.68
|   |   |--- feature_11 <= 0.13
|   |   |   |--- feature_6 <= -0.17
|   |   |   |   |--- class: 20
|   |   |   |--- feature_6 >  -0.17
|   |   |   |   |--- truncated branch of depth 5
|   |   |--- feature_11 >  0.13
|   |   |   |--- feature_17 <= 0.58
|   |   |   |   |--- class: 9
|   |   |   |--- feature_17 >  0.58
|   |   |   |   |--- class: 20
|   |--- feature_14 >  -0.68
|   |   |--- feature_0 <= 3.59
|   |   |   |--- feature_9 <= 0.57
|   |   |   |   |--- truncated branch of depth 5
|   |   |   |--- feature_9 >  0.57
|   |   |   |   |--- truncated branch of depth 4
|   |   |--- feature_0 >  3.59
|   |   |   |--- class: 22

[S-REINFORCE] symbolic-policy agreement=0.182
[S-REINFORCE] symbolic-policy agreement=0.169
[S-REINFORCE] symbolic tree refit at rollout 282 | imitation_acc=0.318
|--- feature_2 <= 0.34
|   |--- feature_9 <= 2.42
|   |   |--- feature_0 <= 3.36
|   |   |   |--- feature_11 <= -0.15
|   |   |   |   |--- truncated branch of depth 5
|   |   |   |--- feature_11 >  -0.15
|   |   |   |   |--- truncated branch of depth 5
|   |   |--- feature_0 >  3.36
|   |   |   |--- feature_14 <= 0.21
|   |   |   |   |--- truncated branch of depth 2
|   |   |   |--- feature_14 >  0.21
|   |   |   |   |--- class: 22
|   |--- feature_9 >  2.42
|   |   |--- feature_4 <= -0.08
|   |   |   |--- feature_2 <= -0.93
|   |   |   |   |--- class: 48
|   |   |   |--- feature_2 >  -0.93
|   |   |   |   |--- class: 48
|   |   |--- feature_4 >  -0.08
|   |   |   |--- feature_17 <= -0.51
|   |   |   |   |--- class: 48
|   |   |   |--- feature_17 >  -0.51
|   |   |   |   |--- truncated branch of depth 2
|--- feature_2 >  0.34
|   |--- feature_9 <= 0.40
|   |   |--- feature_9 <= 0.30
|   |   |   |--- feature_0 <= 2.17
|   |   |   |   |--- truncated branch of depth 4
|   |   |   |--- feature_0 >  2.17
|   |   |   |   |--- class: 22
|   |   |--- feature_9 >  0.30
|   |   |   |--- feature_2 <= 0.56
|   |   |   |   |--- truncated branch of depth 2
|   |   |   |--- feature_2 >  0.56
|   |   |   |   |--- class: 34
|   |--- feature_9 >  0.40
|   |   |--- feature_14 <= -0.68
|   |   |   |--- feature_17 <= 0.43
|   |   |   |   |--- truncated branch of depth 5
|   |   |   |--- feature_17 >  0.43
|   |   |   |   |--- class: 24
|   |   |--- feature_14 >  -0.68
|   |   |   |--- feature_9 <= 1.35
|   |   |   |   |--- truncated branch of depth 3
|   |   |   |--- feature_9 >  1.35
|   |   |   |   |--- class: 48

[S-REINFORCE] symbolic-policy agreement=0.215
[S-REINFORCE] symbolic-policy agreement=0.222
[S-REINFORCE] symbolic tree refit at rollout 284 | imitation_acc=0.362
|--- feature_2 <= 0.31
|   |--- feature_9 <= 2.35
|   |   |--- feature_6 <= -0.12
|   |   |   |--- feature_2 <= 0.11
|   |   |   |   |--- truncated branch of depth 5
|   |   |   |--- feature_2 >  0.11
|   |   |   |   |--- truncated branch of depth 5
|   |   |--- feature_6 >  -0.12
|   |   |   |--- feature_11 <= -0.23
|   |   |   |   |--- truncated branch of depth 5
|   |   |   |--- feature_11 >  -0.23
|   |   |   |   |--- truncated branch of depth 5
|   |--- feature_9 >  2.35
|   |   |--- feature_9 <= 2.82
|   |   |   |--- feature_1 <= 0.19
|   |   |   |   |--- truncated branch of depth 2
|   |   |   |--- feature_1 >  0.19
|   |   |   |   |--- class: 48
|   |   |--- feature_9 >  2.82
|   |   |   |--- class: 48
|--- feature_2 >  0.31
|   |--- feature_14 <= -0.68
|   |   |--- feature_9 <= 0.42
|   |   |   |--- feature_0 <= 0.23
|   |   |   |   |--- truncated branch of depth 4
|   |   |   |--- feature_0 >  0.23
|   |   |   |   |--- truncated branch of depth 2
|   |   |--- feature_9 >  0.42
|   |   |   |--- feature_17 <= 0.35
|   |   |   |   |--- truncated branch of depth 5
|   |   |   |--- feature_17 >  0.35
|   |   |   |   |--- class: 34
|   |--- feature_14 >  -0.68
|   |   |--- feature_0 <= 3.04
|   |   |   |--- feature_0 <= -1.40
|   |   |   |   |--- truncated branch of depth 3
|   |   |   |--- feature_0 >  -1.40
|   |   |   |   |--- truncated branch of depth 5
|   |   |--- feature_0 >  3.04
|   |   |   |--- feature_17 <= -0.16
|   |   |   |   |--- truncated branch of depth 2
|   |   |   |--- feature_17 >  -0.16
|   |   |   |   |--- class: 22

[S-REINFORCE] symbolic-policy agreement=0.228
[S-REINFORCE] symbolic-policy agreement=0.230
[S-REINFORCE] symbolic tree refit at rollout 286 | imitation_acc=0.368
|--- feature_2 <= 0.31
|   |--- feature_9 <= 2.34
|   |   |--- feature_17 <= -0.46
|   |   |   |--- feature_17 <= -0.50
|   |   |   |   |--- truncated branch of depth 5
|   |   |   |--- feature_17 >  -0.50
|   |   |   |   |--- truncated branch of depth 2
|   |   |--- feature_17 >  -0.46
|   |   |   |--- feature_6 <= 1.97
|   |   |   |   |--- truncated branch of depth 5
|   |   |   |--- feature_6 >  1.97
|   |   |   |   |--- truncated branch of depth 3
|   |--- feature_9 >  2.34
|   |   |--- feature_11 <= -0.23
|   |   |   |--- class: 48
|   |   |--- feature_11 >  -0.23
|   |   |   |--- feature_5 <= -0.02
|   |   |   |   |--- truncated branch of depth 2
|   |   |   |--- feature_5 >  -0.02
|   |   |   |   |--- class: 48
|--- feature_2 >  0.31
|   |--- feature_9 <= 0.41
|   |   |--- feature_0 <= 2.88
|   |   |   |--- feature_2 <= 0.34
|   |   |   |   |--- truncated branch of depth 2
|   |   |   |--- feature_2 >  0.34
|   |   |   |   |--- truncated branch of depth 5
|   |   |--- feature_0 >  2.88
|   |   |   |--- feature_9 <= -0.05
|   |   |   |   |--- class: 22
|   |   |   |--- feature_9 >  -0.05
|   |   |   |   |--- class: 22
|   |--- feature_9 >  0.41
|   |   |--- feature_9 <= 0.50
|   |   |   |--- feature_11 <= 0.10
|   |   |   |   |--- class: 34
|   |   |   |--- feature_11 >  0.10
|   |   |   |   |--- truncated branch of depth 5
|   |   |--- feature_9 >  0.50
|   |   |   |--- feature_15 <= -0.22
|   |   |   |   |--- truncated branch of depth 3
|   |   |   |--- feature_15 >  -0.22
|   |   |   |   |--- class: 48

[S-REINFORCE] symbolic-policy agreement=0.261
[S-REINFORCE] symbolic-policy agreement=0.280
[S-REINFORCE] symbolic tree refit at rollout 288 | imitation_acc=0.385
|--- feature_2 <= 0.32
|   |--- feature_9 <= 2.51
|   |   |--- feature_2 <= 0.12
|   |   |   |--- feature_0 <= -1.40
|   |   |   |   |--- truncated branch of depth 3
|   |   |   |--- feature_0 >  -1.40
|   |   |   |   |--- truncated branch of depth 5
|   |   |--- feature_2 >  0.12
|   |   |   |--- feature_9 <= 0.40
|   |   |   |   |--- truncated branch of depth 2
|   |   |   |--- feature_9 >  0.40
|   |   |   |   |--- truncated branch of depth 5
|   |--- feature_9 >  2.51
|   |   |--- feature_6 <= -0.40
|   |   |   |--- feature_3 <= -0.19
|   |   |   |   |--- truncated branch of depth 2
|   |   |   |--- feature_3 >  -0.19
|   |   |   |   |--- class: 48
|   |   |--- feature_6 >  -0.40
|   |   |   |--- class: 48
|--- feature_2 >  0.32
|   |--- feature_9 <= 0.41
|   |   |--- feature_0 <= 3.46
|   |   |   |--- feature_17 <= -0.15
|   |   |   |   |--- class: 37
|   |   |   |--- feature_17 >  -0.15
|   |   |   |   |--- truncated branch of depth 5
|   |   |--- feature_0 >  3.46
|   |   |   |--- class: 22
|   |--- feature_9 >  0.41
|   |   |--- feature_2 <= 0.62
|   |   |   |--- feature_14 <= -0.68
|   |   |   |   |--- truncated branch of depth 5
|   |   |   |--- feature_14 >  -0.68
|   |   |   |   |--- class: 34
|   |   |--- feature_2 >  0.62
|   |   |   |--- feature_0 <= -0.50
|   |   |   |   |--- class: 48
|   |   |   |--- feature_0 >  -0.50
|   |   |   |   |--- class: 46

[S-REINFORCE] symbolic-policy agreement=0.302
[S-REINFORCE] symbolic-policy agreement=0.310
Eval at step 290000, survival=0.438%, return=[-1.050991633363689, 18.47963291803996, -5.0, -3.239766081871345]
SPS=4
[S-REINFORCE] symbolic tree refit at rollout 290 | imitation_acc=0.406
|--- feature_2 <= 0.29
|   |--- feature_17 <= -0.45
|   |   |--- feature_9 <= 0.39
|   |   |   |--- feature_19 <= -0.01
|   |   |   |   |--- truncated branch of depth 3
|   |   |   |--- feature_19 >  -0.01
|   |   |   |   |--- truncated branch of depth 2
|   |   |--- feature_9 >  0.39
|   |   |   |--- feature_11 <= 0.05
|   |   |   |   |--- truncated branch of depth 5
|   |   |   |--- feature_11 >  0.05
|   |   |   |   |--- class: 0
|   |--- feature_17 >  -0.45
|   |   |--- feature_6 <= -1.39
|   |   |   |--- feature_2 <= -0.48
|   |   |   |   |--- truncated branch of depth 3
|   |   |   |--- feature_2 >  -0.48
|   |   |   |   |--- class: 20
|   |   |--- feature_6 >  -1.39
|   |   |   |--- feature_9 <= 2.08
|   |   |   |   |--- truncated branch of depth 5
|   |   |   |--- feature_9 >  2.08
|   |   |   |   |--- class: 48
|--- feature_2 >  0.29
|   |--- feature_14 <= -0.68
|   |   |--- feature_9 <= 0.40
|   |   |   |--- feature_17 <= 1.67
|   |   |   |   |--- truncated branch of depth 3
|   |   |   |--- feature_17 >  1.67
|   |   |   |   |--- class: 46
|   |   |--- feature_9 >  0.40
|   |   |   |--- feature_8 <= -0.10
|   |   |   |   |--- class: 34
|   |   |   |--- feature_8 >  -0.10
|   |   |   |   |--- truncated branch of depth 5
|   |--- feature_14 >  -0.68
|   |   |--- feature_0 <= 2.10
|   |   |   |--- feature_1 <= 0.19
|   |   |   |   |--- truncated branch of depth 5
|   |   |   |--- feature_1 >  0.19
|   |   |   |   |--- class: 34
|   |   |--- feature_0 >  2.10
|   |   |   |--- class: 22

[S-REINFORCE] symbolic-policy agreement=0.325
[S-REINFORCE] symbolic-policy agreement=0.279
[S-REINFORCE] symbolic tree refit at rollout 292 | imitation_acc=0.389
|--- feature_2 <= 0.25
|   |--- feature_17 <= -0.46
|   |   |--- feature_9 <= 0.41
|   |   |   |--- feature_4 <= -0.38
|   |   |   |   |--- truncated branch of depth 3
|   |   |   |--- feature_4 >  -0.38
|   |   |   |   |--- truncated branch of depth 2
|   |   |--- feature_9 >  0.41
|   |   |   |--- feature_0 <= 0.12
|   |   |   |   |--- truncated branch of depth 4
|   |   |   |--- feature_0 >  0.12
|   |   |   |   |--- truncated branch of depth 5
|   |--- feature_17 >  -0.46
|   |   |--- feature_6 <= -0.82
|   |   |   |--- feature_6 <= -1.69
|   |   |   |   |--- truncated branch of depth 2
|   |   |   |--- feature_6 >  -1.69
|   |   |   |   |--- truncated branch of depth 2
|   |   |--- feature_6 >  -0.82
|   |   |   |--- feature_0 <= 3.51
|   |   |   |   |--- truncated branch of depth 5
|   |   |   |--- feature_0 >  3.51
|   |   |   |   |--- class: 34
|--- feature_2 >  0.25
|   |--- feature_14 <= -0.67
|   |   |--- feature_9 <= 0.38
|   |   |   |--- feature_14 <= -0.85
|   |   |   |   |--- truncated branch of depth 4
|   |   |   |--- feature_14 >  -0.85
|   |   |   |   |--- truncated branch of depth 2
|   |   |--- feature_9 >  0.38
|   |   |   |--- feature_15 <= -0.22
|   |   |   |   |--- truncated branch of depth 5
|   |   |   |--- feature_15 >  -0.22
|   |   |   |   |--- truncated branch of depth 3
|   |--- feature_14 >  -0.67
|   |   |--- feature_0 <= 3.41
|   |   |   |--- feature_11 <= 1.84
|   |   |   |   |--- truncated branch of depth 5
|   |   |   |--- feature_11 >  1.84
|   |   |   |   |--- class: 25
|   |   |--- feature_0 >  3.41
|   |   |   |--- class: 22

[S-REINFORCE] symbolic-policy agreement=0.298
[S-REINFORCE] symbolic-policy agreement=0.296
[S-REINFORCE] symbolic tree refit at rollout 294 | imitation_acc=0.416
|--- feature_17 <= -0.47
|   |--- feature_9 <= 0.60
|   |   |--- feature_17 <= -0.58
|   |   |   |--- feature_11 <= -0.26
|   |   |   |   |--- truncated branch of depth 4
|   |   |   |--- feature_11 >  -0.26
|   |   |   |   |--- truncated branch of depth 3
|   |   |--- feature_17 >  -0.58
|   |   |   |--- feature_4 <= 0.07
|   |   |   |   |--- truncated branch of depth 4
|   |   |   |--- feature_4 >  0.07
|   |   |   |   |--- class: 34
|   |--- feature_9 >  0.60
|   |   |--- feature_0 <= -0.15
|   |   |   |--- feature_16 <= -0.06
|   |   |   |   |--- class: 34
|   |   |   |--- feature_16 >  -0.06
|   |   |   |   |--- class: 48
|   |   |--- feature_0 >  -0.15
|   |   |   |--- feature_16 <= -0.06
|   |   |   |   |--- truncated branch of depth 2
|   |   |   |--- feature_16 >  -0.06
|   |   |   |   |--- truncated branch of depth 4
|--- feature_17 >  -0.47
|   |--- feature_5 <= 0.18
|   |   |--- feature_6 <= -1.00
|   |   |   |--- feature_9 <= 1.31
|   |   |   |   |--- truncated branch of depth 3
|   |   |   |--- feature_9 >  1.31
|   |   |   |   |--- class: 48
|   |   |--- feature_6 >  -1.00
|   |   |   |--- feature_14 <= -0.79
|   |   |   |   |--- truncated branch of depth 5
|   |   |   |--- feature_14 >  -0.79
|   |   |   |   |--- truncated branch of depth 5
|   |--- feature_5 >  0.18
|   |   |--- feature_9 <= 0.31
|   |   |   |--- feature_0 <= 3.20
|   |   |   |   |--- truncated branch of depth 5
|   |   |   |--- feature_0 >  3.20
|   |   |   |   |--- class: 22
|   |   |--- feature_9 >  0.31
|   |   |   |--- feature_9 <= 0.73
|   |   |   |   |--- truncated branch of depth 5
|   |   |   |--- feature_9 >  0.73
|   |   |   |   |--- truncated branch of depth 2

[S-REINFORCE] symbolic-policy agreement=0.328
[S-REINFORCE] symbolic-policy agreement=0.433
[S-REINFORCE] symbolic tree refit at rollout 296 | imitation_acc=0.499
|--- feature_11 <= -0.09
|   |--- feature_9 <= 0.40
|   |   |--- feature_5 <= -0.96
|   |   |   |--- feature_8 <= -0.10
|   |   |   |   |--- class: 48
|   |   |   |--- feature_8 >  -0.10
|   |   |   |   |--- truncated branch of depth 2
|   |   |--- feature_5 >  -0.96
|   |   |   |--- feature_11 <= -0.17
|   |   |   |   |--- truncated branch of depth 3
|   |   |   |--- feature_11 >  -0.17
|   |   |   |   |--- class: 48
|   |--- feature_9 >  0.40
|   |   |--- feature_0 <= 1.22
|   |   |   |--- feature_8 <= -0.10
|   |   |   |   |--- truncated branch of depth 4
|   |   |   |--- feature_8 >  -0.10
|   |   |   |   |--- truncated branch of depth 5
|   |   |--- feature_0 >  1.22
|   |   |   |--- feature_1 <= 0.19
|   |   |   |   |--- truncated branch of depth 5
|   |   |   |--- feature_1 >  0.19
|   |   |   |   |--- truncated branch of depth 3
|--- feature_11 >  -0.09
|   |--- feature_2 <= 0.31
|   |   |--- feature_9 <= 2.28
|   |   |   |--- feature_7 <= -0.04
|   |   |   |   |--- truncated branch of depth 5
|   |   |   |--- feature_7 >  -0.04
|   |   |   |   |--- truncated branch of depth 5
|   |   |--- feature_9 >  2.28
|   |   |   |--- class: 48
|   |--- feature_2 >  0.31
|   |   |--- feature_9 <= 0.39
|   |   |   |--- feature_0 <= 2.86
|   |   |   |   |--- truncated branch of depth 5
|   |   |   |--- feature_0 >  2.86
|   |   |   |   |--- class: 22
|   |   |--- feature_9 >  0.39
|   |   |   |--- feature_9 <= 0.66
|   |   |   |   |--- truncated branch of depth 5
|   |   |   |--- feature_9 >  0.66
|   |   |   |   |--- class: 48

[S-REINFORCE] symbolic-policy agreement=0.433
[S-REINFORCE] symbolic-policy agreement=0.507
[S-REINFORCE] symbolic tree refit at rollout 298 | imitation_acc=0.531
|--- feature_5 <= 0.06
|   |--- feature_11 <= 0.17
|   |   |--- feature_0 <= 1.04
|   |   |   |--- feature_2 <= -0.13
|   |   |   |   |--- truncated branch of depth 5
|   |   |   |--- feature_2 >  -0.13
|   |   |   |   |--- truncated branch of depth 5
|   |   |--- feature_0 >  1.04
|   |   |   |--- feature_10 <= -0.20
|   |   |   |   |--- truncated branch of depth 5
|   |   |   |--- feature_10 >  -0.20
|   |   |   |   |--- truncated branch of depth 5
|   |--- feature_11 >  0.17
|   |   |--- feature_17 <= 0.06
|   |   |   |--- feature_6 <= 0.29
|   |   |   |   |--- truncated branch of depth 3
|   |   |   |--- feature_6 >  0.29
|   |   |   |   |--- truncated branch of depth 2
|   |   |--- feature_17 >  0.06
|   |   |   |--- feature_15 <= -0.23
|   |   |   |   |--- truncated branch of depth 2
|   |   |   |--- feature_15 >  -0.23
|   |   |   |   |--- class: 48
|--- feature_5 >  0.06
|   |--- feature_9 <= 0.38
|   |   |--- feature_14 <= -0.64
|   |   |   |--- feature_1 <= 0.19
|   |   |   |   |--- class: 1
|   |   |   |--- feature_1 >  0.19
|   |   |   |   |--- truncated branch of depth 4
|   |   |--- feature_14 >  -0.64
|   |   |   |--- feature_0 <= 2.33
|   |   |   |   |--- truncated branch of depth 5
|   |   |   |--- feature_0 >  2.33
|   |   |   |   |--- class: 22
|   |--- feature_9 >  0.38
|   |   |--- feature_9 <= 1.95
|   |   |   |--- feature_5 <= 0.64
|   |   |   |   |--- truncated branch of depth 5
|   |   |   |--- feature_5 >  0.64
|   |   |   |   |--- class: 48
|   |   |--- feature_9 >  1.95
|   |   |   |--- class: 48

[S-REINFORCE] symbolic-policy agreement=0.461
[S-REINFORCE] symbolic-policy agreement=0.537
Eval at step 300000, survival=1.438%, return=[-1.164100761253697, 63.940294297536234, -5.275759471580386, -8.982456140350871]
SPS=4
[S-REINFORCE] symbolic tree refit at rollout 300 | imitation_acc=0.582
|--- feature_11 <= -0.07
|   |--- feature_17 <= -2.10
|   |   |--- feature_18 <= -0.04
|   |   |   |--- feature_4 <= -1.74
|   |   |   |   |--- truncated branch of depth 2
|   |   |   |--- feature_4 >  -1.74
|   |   |   |   |--- class: 48
|   |   |--- feature_18 >  -0.04
|   |   |   |--- feature_19 <= -0.01
|   |   |   |   |--- truncated branch of depth 2
|   |   |   |--- feature_19 >  -0.01
|   |   |   |   |--- truncated branch of depth 5
|   |--- feature_17 >  -2.10
|   |   |--- feature_9 <= 0.46
|   |   |   |--- feature_18 <= -0.04
|   |   |   |   |--- class: 0
|   |   |   |--- feature_18 >  -0.04
|   |   |   |   |--- truncated branch of depth 5
|   |   |--- feature_9 >  0.46
|   |   |   |--- feature_0 <= 0.09
|   |   |   |   |--- truncated branch of depth 3
|   |   |   |--- feature_0 >  0.09
|   |   |   |   |--- truncated branch of depth 5
|--- feature_11 >  -0.07
|   |--- feature_2 <= 0.16
|   |   |--- feature_12 <= -0.18
|   |   |   |--- class: 11
|   |   |--- feature_12 >  -0.18
|   |   |   |--- feature_9 <= 2.25
|   |   |   |   |--- truncated branch of depth 5
|   |   |   |--- feature_9 >  2.25
|   |   |   |   |--- class: 48
|   |--- feature_2 >  0.16
|   |   |--- feature_14 <= -0.59
|   |   |   |--- feature_12 <= -0.18
|   |   |   |   |--- truncated branch of depth 3
|   |   |   |--- feature_12 >  -0.18
|   |   |   |   |--- truncated branch of depth 5
|   |   |--- feature_14 >  -0.59
|   |   |   |--- feature_18 <= -0.04
|   |   |   |   |--- truncated branch of depth 2
|   |   |   |--- feature_18 >  -0.04
|   |   |   |   |--- truncated branch of depth 5

[S-REINFORCE] symbolic-policy agreement=0.497
[S-REINFORCE] symbolic-policy agreement=0.504
[S-REINFORCE] symbolic tree refit at rollout 302 | imitation_acc=0.611
|--- feature_11 <= -0.21
|   |--- feature_12 <= -0.18
|   |   |--- feature_6 <= -0.51
|   |   |   |--- feature_17 <= -1.91
|   |   |   |   |--- class: 48
|   |   |   |--- feature_17 >  -1.91
|   |   |   |   |--- class: 48
|   |   |--- feature_6 >  -0.51
|   |   |   |--- feature_3 <= -0.19
|   |   |   |   |--- truncated branch of depth 5
|   |   |   |--- feature_3 >  -0.19
|   |   |   |   |--- truncated branch of depth 5
|   |--- feature_12 >  -0.18
|   |   |--- feature_0 <= 1.47
|   |   |   |--- feature_3 <= -0.19
|   |   |   |   |--- class: 49
|   |   |   |--- feature_3 >  -0.19
|   |   |   |   |--- truncated branch of depth 2
|   |   |--- feature_0 >  1.47
|   |   |   |--- feature_1 <= 0.19
|   |   |   |   |--- truncated branch of depth 5
|   |   |   |--- feature_1 >  0.19
|   |   |   |   |--- truncated branch of depth 3
|--- feature_11 >  -0.21
|   |--- feature_2 <= 0.27
|   |   |--- feature_8 <= -0.10
|   |   |   |--- feature_17 <= -0.60
|   |   |   |   |--- class: 1
|   |   |   |--- feature_17 >  -0.60
|   |   |   |   |--- class: 14
|   |   |--- feature_8 >  -0.10
|   |   |   |--- feature_11 <= 0.32
|   |   |   |   |--- truncated branch of depth 5
|   |   |   |--- feature_11 >  0.32
|   |   |   |   |--- truncated branch of depth 2
|   |--- feature_2 >  0.27
|   |   |--- feature_9 <= 0.39
|   |   |   |--- feature_9 <= 0.38
|   |   |   |   |--- truncated branch of depth 4
|   |   |   |--- feature_9 >  0.38
|   |   |   |   |--- truncated branch of depth 3
|   |   |--- feature_9 >  0.39
|   |   |   |--- feature_18 <= -0.05
|   |   |   |   |--- truncated branch of depth 2
|   |   |   |--- feature_18 >  -0.05
|   |   |   |   |--- truncated branch of depth 4

[S-REINFORCE] symbolic-policy agreement=0.650
[S-REINFORCE] symbolic-policy agreement=0.697
[S-REINFORCE] symbolic tree refit at rollout 304 | imitation_acc=0.616
|--- feature_11 <= -1.46
|   |--- feature_14 <= 1.32
|   |   |--- feature_9 <= 2.58
|   |   |   |--- feature_17 <= 0.09
|   |   |   |   |--- truncated branch of depth 5
|   |   |   |--- feature_17 >  0.09
|   |   |   |   |--- class: 48
|   |   |--- feature_9 >  2.58
|   |   |   |--- feature_9 <= 2.67
|   |   |   |   |--- class: 10
|   |   |   |--- feature_9 >  2.67
|   |   |   |   |--- truncated branch of depth 3
|   |--- feature_14 >  1.32
|   |   |--- class: 48
|--- feature_11 >  -1.46
|   |--- feature_6 <= -0.24
|   |   |--- feature_6 <= -0.58
|   |   |   |--- feature_11 <= -1.00
|   |   |   |   |--- class: 49
|   |   |   |--- feature_11 >  -1.00
|   |   |   |   |--- truncated branch of depth 5
|   |   |--- feature_6 >  -0.58
|   |   |   |--- feature_4 <= 0.00
|   |   |   |   |--- truncated branch of depth 5
|   |   |   |--- feature_4 >  0.00
|   |   |   |   |--- truncated branch of depth 3
|   |--- feature_6 >  -0.24
|   |   |--- feature_6 <= -0.15
|   |   |   |--- feature_6 <= -0.17
|   |   |   |   |--- class: 48
|   |   |   |--- feature_6 >  -0.17
|   |   |   |   |--- truncated branch of depth 5
|   |   |--- feature_6 >  -0.15
|   |   |   |--- feature_2 <= 0.50
|   |   |   |   |--- truncated branch of depth 5
|   |   |   |--- feature_2 >  0.50
|   |   |   |   |--- truncated branch of depth 2

[S-REINFORCE] symbolic-policy agreement=0.480
[S-REINFORCE] symbolic-policy agreement=0.521
[S-REINFORCE] symbolic tree refit at rollout 306 | imitation_acc=0.500
|--- feature_2 <= -0.40
|   |--- feature_11 <= 1.03
|   |   |--- feature_0 <= -0.43
|   |   |   |--- feature_3 <= -0.19
|   |   |   |   |--- truncated branch of depth 2
|   |   |   |--- feature_3 >  -0.19
|   |   |   |   |--- truncated branch of depth 5
|   |   |--- feature_0 >  -0.43
|   |   |   |--- feature_17 <= 0.15
|   |   |   |   |--- truncated branch of depth 5
|   |   |   |--- feature_17 >  0.15
|   |   |   |   |--- truncated branch of depth 4
|   |--- feature_11 >  1.03
|   |   |--- feature_8 <= -0.10
|   |   |   |--- class: 25
|   |   |--- feature_8 >  -0.10
|   |   |   |--- feature_8 <= -0.10
|   |   |   |   |--- truncated branch of depth 3
|   |   |   |--- feature_8 >  -0.10
|   |   |   |   |--- class: 25
|--- feature_2 >  -0.40
|   |--- feature_17 <= 0.23
|   |   |--- feature_14 <= -0.67
|   |   |   |--- feature_2 <= 0.27
|   |   |   |   |--- truncated branch of depth 5
|   |   |   |--- feature_2 >  0.27
|   |   |   |   |--- truncated branch of depth 5
|   |   |--- feature_14 >  -0.67
|   |   |   |--- feature_1 <= 0.19
|   |   |   |   |--- class: 1
|   |   |   |--- feature_1 >  0.19
|   |   |   |   |--- truncated branch of depth 5
|   |--- feature_17 >  0.23
|   |   |--- feature_10 <= -0.20
|   |   |   |--- feature_14 <= -0.72
|   |   |   |   |--- class: 34
|   |   |   |--- feature_14 >  -0.72
|   |   |   |   |--- class: 48
|   |   |--- feature_10 >  -0.20
|   |   |   |--- feature_2 <= 0.55
|   |   |   |   |--- class: 34
|   |   |   |--- feature_2 >  0.55
|   |   |   |   |--- truncated branch of depth 4

[S-REINFORCE] symbolic-policy agreement=0.352
[S-REINFORCE] symbolic-policy agreement=0.647
[S-REINFORCE] symbolic tree refit at rollout 308 | imitation_acc=0.497
|--- feature_12 <= -0.18
|   |--- feature_17 <= -1.02
|   |   |--- feature_10 <= -0.20
|   |   |   |--- feature_4 <= -1.15
|   |   |   |   |--- class: 48
|   |   |   |--- feature_4 >  -1.15
|   |   |   |   |--- class: 48
|   |   |--- feature_10 >  -0.20
|   |   |   |--- feature_8 <= -0.10
|   |   |   |   |--- class: 48
|   |   |   |--- feature_8 >  -0.10
|   |   |   |   |--- class: 48
|   |--- feature_17 >  -1.02
|   |   |--- feature_15 <= -0.24
|   |   |   |--- feature_1 <= 0.19
|   |   |   |   |--- class: 48
|   |   |   |--- feature_1 >  0.19
|   |   |   |   |--- truncated branch of depth 3
|   |   |--- feature_15 >  -0.24
|   |   |   |--- feature_15 <= -0.24
|   |   |   |   |--- class: 37
|   |   |   |--- feature_15 >  -0.24
|   |   |   |   |--- class: 48
|--- feature_12 >  -0.18
|   |--- feature_18 <= -0.05
|   |   |--- feature_8 <= -0.10
|   |   |   |--- feature_10 <= -0.20
|   |   |   |   |--- truncated branch of depth 5
|   |   |   |--- feature_10 >  -0.20
|   |   |   |   |--- truncated branch of depth 5
|   |   |--- feature_8 >  -0.10
|   |   |   |--- feature_14 <= -0.64
|   |   |   |   |--- class: 37
|   |   |   |--- feature_14 >  -0.64
|   |   |   |   |--- truncated branch of depth 3
|   |--- feature_18 >  -0.05
|   |   |--- feature_16 <= -0.06
|   |   |   |--- feature_8 <= -0.10
|   |   |   |   |--- class: 37
|   |   |   |--- feature_8 >  -0.10
|   |   |   |   |--- truncated branch of depth 5
|   |   |--- feature_16 >  -0.06
|   |   |   |--- feature_17 <= 0.04
|   |   |   |   |--- truncated branch of depth 5
|   |   |   |--- feature_17 >  0.04
|   |   |   |   |--- truncated branch of depth 5

[S-REINFORCE] symbolic-policy agreement=0.230
[S-REINFORCE] symbolic-policy agreement=0.174
Eval at step 310000, survival=0.397%, return=[-1.0506245153956115, 15.824174127578736, -6.386937994509935, -3.684210526315789]
SPS=4
[S-REINFORCE] symbolic tree refit at rollout 310 | imitation_acc=0.354
|--- feature_17 <= -1.20
|   |--- feature_18 <= -0.05
|   |   |--- feature_10 <= -0.20
|   |   |   |--- feature_1 <= 0.19
|   |   |   |   |--- class: 48
|   |   |   |--- feature_1 >  0.19
|   |   |   |   |--- class: 48
|   |   |--- feature_10 >  -0.20
|   |   |   |--- class: 48
|   |--- feature_18 >  -0.05
|   |   |--- feature_19 <= -0.01
|   |   |   |--- feature_12 <= -0.18
|   |   |   |   |--- truncated branch of depth 5
|   |   |   |--- feature_12 >  -0.18
|   |   |   |   |--- class: 20
|   |   |--- feature_19 >  -0.01
|   |   |   |--- feature_19 <= -0.01
|   |   |   |   |--- truncated branch of depth 3
|   |   |   |--- feature_19 >  -0.01
|   |   |   |   |--- class: 48
|--- feature_17 >  -1.20
|   |--- feature_2 <= 0.18
|   |   |--- feature_19 <= -0.01
|   |   |   |--- feature_11 <= -1.87
|   |   |   |   |--- class: 48
|   |   |   |--- feature_11 >  -1.87
|   |   |   |   |--- class: 48
|   |   |--- feature_19 >  -0.01
|   |   |   |--- feature_19 <= -0.01
|   |   |   |   |--- truncated branch of depth 5
|   |   |   |--- feature_19 >  -0.01
|   |   |   |   |--- truncated branch of depth 2
|   |--- feature_2 >  0.18
|   |   |--- feature_17 <= -0.11
|   |   |   |--- feature_14 <= -0.56
|   |   |   |   |--- truncated branch of depth 5
|   |   |   |--- feature_14 >  -0.56
|   |   |   |   |--- truncated branch of depth 3
|   |   |--- feature_17 >  -0.11
|   |   |   |--- feature_19 <= -0.01
|   |   |   |   |--- truncated branch of depth 5
|   |   |   |--- feature_19 >  -0.01
|   |   |   |   |--- class: 48

[S-REINFORCE] symbolic-policy agreement=0.301
[S-REINFORCE] symbolic-policy agreement=0.248
[S-REINFORCE] symbolic tree refit at rollout 312 | imitation_acc=0.506
|--- feature_17 <= -0.89
|   |--- feature_0 <= -1.41
|   |   |--- feature_14 <= -0.59
|   |   |   |--- feature_15 <= -0.24
|   |   |   |   |--- class: 48
|   |   |   |--- feature_15 >  -0.24
|   |   |   |   |--- truncated branch of depth 3
|   |   |--- feature_14 >  -0.59
|   |   |   |--- feature_6 <= -0.78
|   |   |   |   |--- truncated branch of depth 2
|   |   |   |--- feature_6 >  -0.78
|   |   |   |   |--- truncated branch of depth 4
|   |--- feature_0 >  -1.41
|   |   |--- feature_14 <= -0.20
|   |   |   |--- feature_8 <= -0.10
|   |   |   |   |--- truncated branch of depth 5
|   |   |   |--- feature_8 >  -0.10
|   |   |   |   |--- truncated branch of depth 5
|   |   |--- feature_14 >  -0.20
|   |   |   |--- feature_7 <= -0.04
|   |   |   |   |--- class: 48
|   |   |   |--- feature_7 >  -0.04
|   |   |   |   |--- truncated branch of depth 2
|--- feature_17 >  -0.89
|   |--- feature_8 <= -0.10
|   |   |--- feature_1 <= 0.19
|   |   |   |--- feature_2 <= 0.37
|   |   |   |   |--- truncated branch of depth 5
|   |   |   |--- feature_2 >  0.37
|   |   |   |   |--- truncated branch of depth 4
|   |   |--- feature_1 >  0.19
|   |   |   |--- feature_15 <= -0.24
|   |   |   |   |--- truncated branch of depth 3
|   |   |   |--- feature_15 >  -0.24
|   |   |   |   |--- truncated branch of depth 2
|   |--- feature_8 >  -0.10
|   |   |--- feature_14 <= -0.66
|   |   |   |--- feature_0 <= 0.10
|   |   |   |   |--- truncated branch of depth 2
|   |   |   |--- feature_0 >  0.10
|   |   |   |   |--- truncated branch of depth 2
|   |   |--- feature_14 >  -0.66
|   |   |   |--- feature_9 <= 1.20
|   |   |   |   |--- truncated branch of depth 5
|   |   |   |--- feature_9 >  1.20
|   |   |   |   |--- class: 31

[S-REINFORCE] symbolic-policy agreement=0.546
[S-REINFORCE] symbolic-policy agreement=0.633
[S-REINFORCE] symbolic tree refit at rollout 314 | imitation_acc=0.631
|--- feature_17 <= -1.42
|   |--- feature_2 <= -2.06
|   |   |--- class: 48
|   |--- feature_2 >  -2.06
|   |   |--- feature_15 <= -0.24
|   |   |   |--- feature_1 <= 0.19
|   |   |   |   |--- class: 48
|   |   |   |--- feature_1 >  0.19
|   |   |   |   |--- truncated branch of depth 2
|   |   |--- feature_15 >  -0.24
|   |   |   |--- feature_3 <= -0.19
|   |   |   |   |--- truncated branch of depth 4
|   |   |   |--- feature_3 >  -0.19
|   |   |   |   |--- truncated branch of depth 5
|--- feature_17 >  -1.42
|   |--- feature_16 <= -0.06
|   |   |--- feature_7 <= -0.04
|   |   |   |--- feature_10 <= -0.20
|   |   |   |   |--- truncated branch of depth 2
|   |   |   |--- feature_10 >  -0.20
|   |   |   |   |--- truncated branch of depth 5
|   |   |--- feature_7 >  -0.04
|   |   |   |--- feature_2 <= -0.07
|   |   |   |   |--- truncated branch of depth 4
|   |   |   |--- feature_2 >  -0.07
|   |   |   |   |--- truncated branch of depth 5
|   |--- feature_16 >  -0.06
|   |   |--- feature_15 <= -0.24
|   |   |   |--- class: 33
|   |   |--- feature_15 >  -0.24
|   |   |   |--- feature_14 <= -0.59
|   |   |   |   |--- truncated branch of depth 2
|   |   |   |--- feature_14 >  -0.59
|   |   |   |   |--- truncated branch of depth 2

[S-REINFORCE] symbolic-policy agreement=0.554
[S-REINFORCE] symbolic-policy agreement=0.498
[S-REINFORCE] symbolic tree refit at rollout 316 | imitation_acc=0.593
|--- feature_17 <= -1.19
|   |--- feature_0 <= 0.06
|   |   |--- feature_16 <= -0.06
|   |   |   |--- feature_1 <= 0.19
|   |   |   |   |--- truncated branch of depth 3
|   |   |   |--- feature_1 >  0.19
|   |   |   |   |--- class: 48
|   |   |--- feature_16 >  -0.06
|   |   |   |--- feature_12 <= -0.18
|   |   |   |   |--- truncated branch of depth 5
|   |   |   |--- feature_12 >  -0.18
|   |   |   |   |--- class: 48
|   |--- feature_0 >  0.06
|   |   |--- feature_8 <= -0.10
|   |   |   |--- feature_14 <= -0.33
|   |   |   |   |--- class: 48
|   |   |   |--- feature_14 >  -0.33
|   |   |   |   |--- class: 48
|   |   |--- feature_8 >  -0.10
|   |   |   |--- feature_15 <= -0.24
|   |   |   |   |--- truncated branch of depth 5
|   |   |   |--- feature_15 >  -0.24
|   |   |   |   |--- truncated branch of depth 2
|--- feature_17 >  -1.19
|   |--- feature_3 <= -0.19
|   |   |--- feature_10 <= -0.20
|   |   |   |--- feature_11 <= 0.12
|   |   |   |   |--- class: 26
|   |   |   |--- feature_11 >  0.12
|   |   |   |   |--- truncated branch of depth 2
|   |   |--- feature_10 >  -0.20
|   |   |   |--- class: 36
|   |--- feature_3 >  -0.19
|   |   |--- feature_0 <= 3.50
|   |   |   |--- feature_6 <= -1.00
|   |   |   |   |--- truncated branch of depth 3
|   |   |   |--- feature_6 >  -1.00
|   |   |   |   |--- truncated branch of depth 5
|   |   |--- feature_0 >  3.50
|   |   |   |--- class: 22

[S-REINFORCE] symbolic-policy agreement=0.564
[S-REINFORCE] symbolic-policy agreement=0.474
[S-REINFORCE] symbolic tree refit at rollout 318 | imitation_acc=0.518
|--- feature_17 <= -1.29
|   |--- feature_12 <= -0.18
|   |   |--- feature_1 <= 1.63
|   |   |   |--- feature_0 <= -0.05
|   |   |   |   |--- truncated branch of depth 2
|   |   |   |--- feature_0 >  -0.05
|   |   |   |   |--- truncated branch of depth 5
|   |   |--- feature_1 >  1.63
|   |   |   |--- class: 17
|   |--- feature_12 >  -0.18
|   |   |--- feature_10 <= -0.20
|   |   |   |--- feature_1 <= 0.19
|   |   |   |   |--- truncated branch of depth 3
|   |   |   |--- feature_1 >  0.19
|   |   |   |   |--- class: 48
|   |   |--- feature_10 >  -0.20
|   |   |   |--- feature_18 <= -0.05
|   |   |   |   |--- class: 48
|   |   |   |--- feature_18 >  -0.05
|   |   |   |   |--- class: 48
|--- feature_17 >  -1.29
|   |--- feature_0 <= -1.41
|   |   |--- feature_5 <= 0.70
|   |   |   |--- class: 48
|   |   |--- feature_5 >  0.70
|   |   |   |--- feature_14 <= 0.02
|   |   |   |   |--- class: 48
|   |   |   |--- feature_14 >  0.02
|   |   |   |   |--- class: 48
|   |--- feature_0 >  -1.41
|   |   |--- feature_18 <= -0.05
|   |   |   |--- feature_17 <= -0.22
|   |   |   |   |--- truncated branch of depth 2
|   |   |   |--- feature_17 >  -0.22
|   |   |   |   |--- truncated branch of depth 5
|   |   |--- feature_18 >  -0.05
|   |   |   |--- feature_4 <= 0.26
|   |   |   |   |--- truncated branch of depth 5
|   |   |   |--- feature_4 >  0.26
|   |   |   |   |--- truncated branch of depth 5

[S-REINFORCE] symbolic-policy agreement=0.442
[S-REINFORCE] symbolic-policy agreement=0.358
Eval at step 320000, survival=0.397%, return=[-1.0459272313164547, 16.077031660079957, -5.111209042370319, -3.1929824561403506]
SPS=4
[S-REINFORCE] symbolic tree refit at rollout 320 | imitation_acc=0.495
|--- feature_11 <= -0.87
|   |--- feature_1 <= 0.19
|   |   |--- feature_0 <= 0.21
|   |   |   |--- feature_17 <= 0.30
|   |   |   |   |--- truncated branch of depth 5
|   |   |   |--- feature_17 >  0.30
|   |   |   |   |--- truncated branch of depth 2
|   |   |--- feature_0 >  0.21
|   |   |   |--- feature_0 <= 0.88
|   |   |   |   |--- truncated branch of depth 4
|   |   |   |--- feature_0 >  0.88
|   |   |   |   |--- class: 48
|   |--- feature_1 >  0.19
|   |   |--- feature_1 <= 0.19
|   |   |   |--- feature_4 <= -0.89
|   |   |   |   |--- truncated branch of depth 4
|   |   |   |--- feature_4 >  -0.89
|   |   |   |   |--- class: 48
|   |   |--- feature_1 >  0.19
|   |   |   |--- feature_10 <= -0.20
|   |   |   |   |--- class: 48
|   |   |   |--- feature_10 >  -0.20
|   |   |   |   |--- truncated branch of depth 2
|--- feature_11 >  -0.87
|   |--- feature_0 <= -1.41
|   |   |--- feature_9 <= -0.05
|   |   |   |--- class: 48
|   |   |--- feature_9 >  -0.05
|   |   |   |--- feature_12 <= -0.18
|   |   |   |   |--- truncated branch of depth 3
|   |   |   |--- feature_12 >  -0.18
|   |   |   |   |--- truncated branch of depth 3
|   |--- feature_0 >  -1.41
|   |   |--- feature_18 <= -0.05
|   |   |   |--- feature_16 <= -0.06
|   |   |   |   |--- class: 26
|   |   |   |--- feature_16 >  -0.06
|   |   |   |   |--- truncated branch of depth 5
|   |   |--- feature_18 >  -0.05
|   |   |   |--- feature_15 <= -0.24
|   |   |   |   |--- truncated branch of depth 3
|   |   |   |--- feature_15 >  -0.24
|   |   |   |   |--- truncated branch of depth 5

[S-REINFORCE] symbolic-policy agreement=0.379
[S-REINFORCE] symbolic-policy agreement=0.433
[S-REINFORCE] symbolic tree refit at rollout 322 | imitation_acc=0.490
|--- feature_2 <= 0.32
|   |--- feature_1 <= 0.19
|   |   |--- feature_16 <= -0.06
|   |   |   |--- feature_4 <= 0.17
|   |   |   |   |--- truncated branch of depth 5
|   |   |   |--- feature_4 >  0.17
|   |   |   |   |--- truncated branch of depth 5
|   |   |--- feature_16 >  -0.06
|   |   |   |--- feature_6 <= 0.59
|   |   |   |   |--- class: 48
|   |   |   |--- feature_6 >  0.59
|   |   |   |   |--- truncated branch of depth 2
|   |--- feature_1 >  0.19
|   |   |--- feature_19 <= -0.01
|   |   |   |--- feature_8 <= -0.10
|   |   |   |   |--- truncated branch of depth 3
|   |   |   |--- feature_8 >  -0.10
|   |   |   |   |--- class: 12
|   |   |--- feature_19 >  -0.01
|   |   |   |--- feature_9 <= 0.49
|   |   |   |   |--- truncated branch of depth 3
|   |   |   |--- feature_9 >  0.49
|   |   |   |   |--- class: 3
|--- feature_2 >  0.32
|   |--- feature_2 <= 0.39
|   |   |--- feature_2 <= 0.39
|   |   |   |--- feature_14 <= -0.22
|   |   |   |   |--- truncated branch of depth 2
|   |   |   |--- feature_14 >  -0.22
|   |   |   |   |--- class: 48
|   |   |--- feature_2 >  0.39
|   |   |   |--- feature_19 <= -0.01
|   |   |   |   |--- truncated branch of depth 5
|   |   |   |--- feature_19 >  -0.01
|   |   |   |   |--- class: 26
|   |--- feature_2 >  0.39
|   |   |--- feature_18 <= -0.05
|   |   |   |--- feature_10 <= -0.20
|   |   |   |   |--- truncated branch of depth 2
|   |   |   |--- feature_10 >  -0.20
|   |   |   |   |--- truncated branch of depth 2
|   |   |--- feature_18 >  -0.05
|   |   |   |--- feature_8 <= -0.10
|   |   |   |   |--- truncated branch of depth 4
|   |   |   |--- feature_8 >  -0.10
|   |   |   |   |--- class: 42

[S-REINFORCE] symbolic-policy agreement=0.380
[S-REINFORCE] symbolic-policy agreement=0.425
[S-REINFORCE] symbolic tree refit at rollout 324 | imitation_acc=0.526
|--- feature_9 <= 1.86
|   |--- feature_13 <= -0.04
|   |   |--- feature_0 <= -0.08
|   |   |   |--- feature_14 <= -0.76
|   |   |   |   |--- truncated branch of depth 3
|   |   |   |--- feature_14 >  -0.76
|   |   |   |   |--- truncated branch of depth 5
|   |   |--- feature_0 >  -0.08
|   |   |   |--- feature_0 <= 0.11
|   |   |   |   |--- truncated branch of depth 5
|   |   |   |--- feature_0 >  0.11
|   |   |   |   |--- truncated branch of depth 5
|   |--- feature_13 >  -0.04
|   |   |--- feature_1 <= 0.19
|   |   |   |--- feature_1 <= 0.19
|   |   |   |   |--- class: 48
|   |   |   |--- feature_1 >  0.19
|   |   |   |   |--- truncated branch of depth 3
|   |   |--- feature_1 >  0.19
|   |   |   |--- feature_2 <= 0.39
|   |   |   |   |--- truncated branch of depth 4
|   |   |   |--- feature_2 >  0.39
|   |   |   |   |--- class: 48
|--- feature_9 >  1.86
|   |--- feature_13 <= -0.04
|   |   |--- feature_14 <= -0.69
|   |   |   |--- feature_10 <= -0.20
|   |   |   |   |--- class: 48
|   |   |   |--- feature_10 >  -0.20
|   |   |   |   |--- truncated branch of depth 3
|   |   |--- feature_14 >  -0.69
|   |   |   |--- feature_12 <= -0.18
|   |   |   |   |--- truncated branch of depth 5
|   |   |   |--- feature_12 >  -0.18
|   |   |   |   |--- class: 48
|   |--- feature_13 >  -0.04
|   |   |--- feature_15 <= -0.24
|   |   |   |--- class: 48
|   |   |--- feature_15 >  -0.24
|   |   |   |--- feature_0 <= 0.95
|   |   |   |   |--- class: 48
|   |   |   |--- feature_0 >  0.95
|   |   |   |   |--- class: 48

[S-REINFORCE] symbolic-policy agreement=0.456
[S-REINFORCE] symbolic-policy agreement=0.378
[S-REINFORCE] symbolic tree refit at rollout 326 | imitation_acc=0.576
|--- feature_0 <= -1.40
|   |--- feature_14 <= -0.36
|   |   |--- feature_11 <= 0.20
|   |   |   |--- feature_1 <= 0.19
|   |   |   |   |--- truncated branch of depth 4
|   |   |   |--- feature_1 >  0.19
|   |   |   |   |--- truncated branch of depth 2
|   |   |--- feature_11 >  0.20
|   |   |   |--- feature_8 <= -0.10
|   |   |   |   |--- truncated branch of depth 2
|   |   |   |--- feature_8 >  -0.10
|   |   |   |   |--- truncated branch of depth 4
|   |--- feature_14 >  -0.36
|   |   |--- feature_1 <= 0.19
|   |   |   |--- feature_2 <= 0.26
|   |   |   |   |--- truncated branch of depth 4
|   |   |   |--- feature_2 >  0.26
|   |   |   |   |--- truncated branch of depth 3
|   |   |--- feature_1 >  0.19
|   |   |   |--- feature_9 <= -1.43
|   |   |   |   |--- class: 28
|   |   |   |--- feature_9 >  -1.43
|   |   |   |   |--- truncated branch of depth 5
|--- feature_0 >  -1.40
|   |--- feature_2 <= 0.39
|   |   |--- feature_0 <= 0.45
|   |   |   |--- feature_15 <= -0.24
|   |   |   |   |--- truncated branch of depth 2
|   |   |   |--- feature_15 >  -0.24
|   |   |   |   |--- truncated branch of depth 5
|   |   |--- feature_0 >  0.45
|   |   |   |--- feature_17 <= 0.01
|   |   |   |   |--- truncated branch of depth 5
|   |   |   |--- feature_17 >  0.01
|   |   |   |   |--- truncated branch of depth 2
|   |--- feature_2 >  0.39
|   |   |--- feature_2 <= 0.39
|   |   |   |--- feature_2 <= 0.39
|   |   |   |   |--- truncated branch of depth 3
|   |   |   |--- feature_2 >  0.39
|   |   |   |   |--- class: 36
|   |   |--- feature_2 >  0.39
|   |   |   |--- feature_10 <= -0.20
|   |   |   |   |--- truncated branch of depth 4
|   |   |   |--- feature_10 >  -0.20
|   |   |   |   |--- class: 19

[S-REINFORCE] symbolic-policy agreement=0.598
[S-REINFORCE] symbolic-policy agreement=0.065
[S-REINFORCE] symbolic tree refit at rollout 328 | imitation_acc=0.626
|--- feature_0 <= -1.40
|   |--- feature_7 <= -0.04
|   |   |--- feature_9 <= -0.09
|   |   |   |--- class: 48
|   |   |--- feature_9 >  -0.09
|   |   |   |--- feature_6 <= -0.77
|   |   |   |   |--- class: 48
|   |   |   |--- feature_6 >  -0.77
|   |   |   |   |--- truncated branch of depth 5
|   |--- feature_7 >  -0.04
|   |   |--- feature_2 <= 0.15
|   |   |   |--- class: 48
|   |   |--- feature_2 >  0.15
|   |   |   |--- feature_6 <= 0.20
|   |   |   |   |--- truncated branch of depth 2
|   |   |   |--- feature_6 >  0.20
|   |   |   |   |--- class: 48
|--- feature_0 >  -1.40
|   |--- feature_6 <= -0.11
|   |   |--- feature_6 <= -0.17
|   |   |   |--- feature_15 <= -0.24
|   |   |   |   |--- truncated branch of depth 5
|   |   |   |--- feature_15 >  -0.24
|   |   |   |   |--- truncated branch of depth 3
|   |   |--- feature_6 >  -0.17
|   |   |   |--- feature_6 <= -0.15
|   |   |   |   |--- truncated branch of depth 4
|   |   |   |--- feature_6 >  -0.15
|   |   |   |   |--- class: 48
|   |--- feature_6 >  -0.11
|   |   |--- feature_7 <= -0.04
|   |   |   |--- feature_10 <= -0.20
|   |   |   |   |--- truncated branch of depth 3
|   |   |   |--- feature_10 >  -0.20
|   |   |   |   |--- truncated branch of depth 5
|   |   |--- feature_7 >  -0.04
|   |   |   |--- feature_17 <= 0.06
|   |   |   |   |--- truncated branch of depth 5
|   |   |   |--- feature_17 >  0.06
|   |   |   |   |--- truncated branch of depth 2

[S-REINFORCE] symbolic-policy agreement=0.563
[S-REINFORCE] symbolic-policy agreement=0.558
Eval at step 330000, survival=0.347%, return=[-1.0403266296489164, 14.419554805755615, -5.412676081061363, -2.1929824561403506]
SPS=4
[S-REINFORCE] symbolic tree refit at rollout 330 | imitation_acc=0.532
|--- feature_0 <= -0.92
|   |--- feature_6 <= -0.15
|   |   |--- feature_0 <= -1.39
|   |   |   |--- feature_14 <= -0.15
|   |   |   |   |--- truncated branch of depth 5
|   |   |   |--- feature_14 >  -0.15
|   |   |   |   |--- class: 48
|   |   |--- feature_0 >  -1.39
|   |   |   |--- class: 31
|   |--- feature_6 >  -0.15
|   |   |--- feature_12 <= -0.18
|   |   |   |--- feature_9 <= -0.84
|   |   |   |   |--- class: 48
|   |   |   |--- feature_9 >  -0.84
|   |   |   |   |--- truncated branch of depth 5
|   |   |--- feature_12 >  -0.18
|   |   |   |--- feature_0 <= -1.39
|   |   |   |   |--- truncated branch of depth 2
|   |   |   |--- feature_0 >  -1.39
|   |   |   |   |--- truncated branch of depth 3
|--- feature_0 >  -0.92
|   |--- feature_2 <= 0.38
|   |   |--- feature_1 <= -1.26
|   |   |   |--- feature_16 <= -0.06
|   |   |   |   |--- class: 1
|   |   |   |--- feature_16 >  -0.06
|   |   |   |   |--- truncated branch of depth 2
|   |   |--- feature_1 >  -1.26
|   |   |   |--- feature_7 <= -0.04
|   |   |   |   |--- class: 36
|   |   |   |--- feature_7 >  -0.04
|   |   |   |   |--- truncated branch of depth 5
|   |--- feature_2 >  0.38
|   |   |--- feature_2 <= 0.39
|   |   |   |--- feature_13 <= -0.04
|   |   |   |   |--- truncated branch of depth 4
|   |   |   |--- feature_13 >  -0.04
|   |   |   |   |--- truncated branch of depth 2
|   |   |--- feature_2 >  0.39
|   |   |   |--- feature_8 <= -0.10
|   |   |   |   |--- class: 13
|   |   |   |--- feature_8 >  -0.10
|   |   |   |   |--- truncated branch of depth 5

[S-REINFORCE] symbolic-policy agreement=0.401
